filename,class,split,sobel_density,prewitt_density,scharr_density,canny_density,circularity,aspect_ratio,convexity_defects,avg_sobel_gradient,latency_ms
IMG20200713141604.jpg,unripe,train,0.13660750359266172,0.066833287919018,0.7018105967292579,0.016217384359373692,0.762473394479177,0.5383177570093458,0.0,22.61815293283498,8.352994918823242
IMG20200713141623.jpg,unripe,train,0.14496328701511918,0.06796238123621613,0.7153346566640778,0.0132687082039231,0.7551805763732434,0.5816135084427767,0.0,23.311198107262438,7.141351699829102
IMG20200713141640.jpg,unripe,train,0.13220653531174376,0.06196232829140105,0.7108453586728976,0.010146385458493943,0.7912855361327545,0.6026365348399246,0.0,22.404929040541415,7.5054168701171875
IMG20200713141737.jpg,unripe,train,0.17432801082003213,0.09002425735398338,0.7417309625050689,0.02011622371160109,0.8021280728196355,0.584070796460177,0.0,25.604196778866054,6.910085678100586
IMG20200713141824.jpg,unripe,train,0.13448434896353187,0.06653921685263524,0.6887943346770947,0.01328552725531655,0.7672848229552768,0.5378151260504201,0.0,22.37363438500676,7.163286209106445
IMG20200713141846.jpg,unripe,train,0.19080649977485437,0.10919847708089137,0.7299183795306206,0.028007266211939434,0.7802634022825997,0.57166392092257,0.0,26.942087811216947,6.969928741455078
IMG20200713142056.jpg,unripe,train,0.1285419744201428,0.05705077060363025,0.7143827662694675,0.009526894121846869,0.7865179350382306,0.5875,0.0,21.989891481141907,6.963253021240234
IMG20200713142139.jpg,unripe,train,0.1537668715364276,0.07413245625280113,0.7429842443844172,0.013550279265999634,0.7656164012849004,0.5540540540540541,0.0,24.15841771249876,6.877660751342773
IMG20200713142211.jpg,unripe,train,0.09527515927147631,0.036601420238532856,0.6874513534483799,0.003276735180188948,0.7818112585255155,0.5491329479768786,0.0,19.919938546057537,6.576299667358398
IMG20200713142220.jpg,unripe,train,0.10274623809168681,0.040544493810537506,0.6905545499360928,0.004232717166691965,0.752773587386607,0.5242369838420108,0.0,20.21706186915066,6.725788116455078
IMG20200713142228.jpg,unripe,train,0.1108316256653993,0.043916983110667336,0.7115192245990316,0.008381326055839432,0.8043272759065992,0.5934291581108829,0.0,21.047432870402236,6.515741348266602
IMG20200713142241.jpg,unripe,train,0.09791123876170062,0.04466516686041433,0.6944664277586101,0.007718368471996743,0.7212610538975563,0.49914236706689535,0.0,20.515744351461823,6.576299667358398
IMG20200713142258.jpg,unripe,train,0.10200753671103632,0.0418574784118673,0.7034912212455559,0.006674890582433421,0.7342064593158802,0.5300171526586621,0.0,20.702584756503065,6.461858749389648
IMG20200713142856.jpg,unripe,train,0.11530590216212336,0.053400112257213424,0.697983679455136,0.012054747204248048,0.8052688584937794,0.5862068965517241,0.0,21.618333621356634,6.7348480224609375
IMG20200713142909.jpg,unripe,train,0.09019640979335478,0.03599594411863456,0.6850777377132616,0.003661559260893969,0.8079292378950899,0.6295546558704453,0.0,19.703198900177483,6.7005157470703125
IMG20200713142917.jpg,unripe,train,0.1115567108131241,0.047926723604011005,0.711152370336996,0.008350868506759493,0.7829494468062979,0.5259391771019678,0.0,21.279361109564274,7.100105285644531
IMG20200713142946.jpg,unripe,train,0.14334692967244886,0.062177706337051324,0.7195313443585761,0.008938277569671754,0.7697259964707689,0.5571955719557196,0.0,23.309085991951438,6.958961486816406
IMG20200713143028.jpg,unripe,train,0.14922697736814497,0.07766076629999856,0.726291732012312,0.01796101277151727,0.7675799357279703,0.5287569573283859,0.0,24.548157216655717,6.430387496948242
IMG20200713143043.jpg,unripe,train,0.13739671339580917,0.06112710054719964,0.7184105468320638,0.005607650171705435,0.7666661972953208,0.551789077212806,0.0,23.030537914410836,6.096839904785156
IMG20200713143050.jpg,unripe,train,0.11779908071362834,0.049264035197098495,0.7071879527059254,0.006939352207832353,0.7534050968219217,0.5117117117117117,0.0,21.387757038675314,6.489276885986328
IMG20200713143109.jpg,unripe,train,0.0957093733418669,0.04093032008587301,0.6944382666356351,0.005859408413547129,0.7624666148181496,0.5232974910394266,0.0,20.810499086725073,6.642580032348633
IMG20200713143206.jpg,unripe,train,0.10199288982853914,0.03879962499847958,0.6990801332860027,0.004344072846719723,0.8164192390005819,0.608433734939759,0.0,20.37006753556011,6.2408447265625
IMG20200713143223.jpg,unripe,train,0.10456824948965124,0.04437979940404737,0.6992438489196517,0.008345086976881121,0.7558372660536806,0.5217391304347826,0.0,20.71772941389201,6.603479385375977
IMG20200713143259.jpg,unripe,train,0.1652679087621434,0.0754023760227214,0.7429455976356987,0.01226244428269585,0.7740688982131918,0.5466666666666666,0.0,24.619407263116116,6.8817138671875
IMG20200713143317.jpg,unripe,train,0.18479482855374513,0.10183916526048835,0.7525822090996296,0.028641441820996337,0.7709080213020874,0.5757575757575758,0.0,27.580747661002547,6.577491760253906
IMG20200713143325.jpg,unripe,train,0.16849262644361931,0.08502060323346161,0.7270227214004235,0.020968129510942693,0.7377583620690858,0.5071428571428571,0.0,24.76906513729278,6.289482116699219
IMG20200713143333.jpg,unripe,train,0.12033098213567212,0.055153320319665654,0.7146523365447934,0.00965883020826632,0.7607444217193656,0.5739750445632799,0.0,22.215263774212307,6.392478942871094
IMG20200713143359.jpg,unripe,train,0.14404905995203704,0.0729444040984996,0.729201968847501,0.018147341240876726,0.7507836413748972,0.5391304347826087,0.0,23.803014155021415,6.4601898193359375
IMG20200713143438.jpg,unripe,train,0.1150439170237802,0.051653896467467264,0.6872734068334212,0.00830685853103806,0.7825697903945168,0.5498084291187739,0.0,21.194566200925895,6.722211837768555
IMG20200713143447.jpg,unripe,train,0.165482084209936,0.08489779912666147,0.7220136267759226,0.01566589873030081,0.7859442597365546,0.5314285714285715,0.0,24.41107022504501,6.0577392578125
IMG20200713143503.jpg,unripe,train,0.10418758966908011,0.04650286944004212,0.6940728120454263,0.007747489239528807,0.7452295703124272,0.4903339191564148,0.0,20.693385948147444,6.189107894897461
IMG20200713143508.jpg,unripe,train,0.10264004061521993,0.04409298604559999,0.6898952291520647,0.006261634794333285,0.7691992813482699,0.5457685664939551,0.0,20.819947246643988,6.012201309204102
IMG20200713143524.jpg,unripe,train,0.15908607947488856,0.07712286611460115,0.7426194542548414,0.012002487072636672,0.776426682548077,0.5539823008849557,0.0,24.338680664876094,6.103277206420898
IMG20200713143542.jpg,unripe,train,0.18431918688310392,0.09329163510719139,0.7341412364441339,0.019497178039861736,0.8043115803659331,0.6048237476808905,0.0,25.415693997943837,6.626129150390625
IMG20200713143556.jpg,unripe,train,0.1954293998050836,0.10644183023872396,0.7342703369152676,0.0281517645880282,0.7500782845053188,0.5,0.0,26.57495377737249,6.390094757080078
IMG20200713143602.jpg,unripe,train,0.22838225776821283,0.12833745415820375,0.7542521945409767,0.035170834508444895,0.7910630542263416,0.5955473098330241,0.0,28.863205574858423,6.373167037963867
IMG20200713143616.jpg,unripe,train,0.09330907542441685,0.03988038786807943,0.6808020593349643,0.00953219656638152,0.7915479799879762,0.5546875,0.0,19.65794877116174,6.353139877319336
IMG20200713143625.jpg,unripe,train,0.13029306755220962,0.05964975083078529,0.7293529151250615,0.009335581660345581,0.7475219477913642,0.5145985401459854,0.0,22.680178548768406,6.802082061767578
IMG20200713143701.jpg,unripe,train,0.13972509757181148,0.07942756943176167,0.7030488149702693,0.024130324113081848,0.789193085247806,0.5414937759336099,0.0,23.83151000906942,6.458759307861328
IMG20200713143721.jpg,unripe,train,0.1502622041498592,0.06739587509046334,0.7248942593184746,0.010635425785093753,0.766605641596483,0.5340314136125655,0.0,23.660894114343986,6.694316864013672
IMG20200713143750.jpg,unripe,train,0.13808522736944426,0.06485964881993987,0.7138696948226538,0.011734702669069886,0.7739143004376201,0.5473098330241187,0.0,22.885427651199976,6.538152694702148
IMG20200713143812.jpg,unripe,train,0.10577614371553584,0.04504791459966467,0.6888144662897008,0.005578660939312008,0.7862268924777571,0.5411985018726592,0.0,20.446765843248777,6.4544677734375
IMG20200713143821.jpg,unripe,train,0.10838187880756772,0.05149893186776056,0.7144737775549282,0.011461724618968905,0.7672670307831253,0.5353356890459364,0.0,21.43676200994053,6.535053253173828
IMG20200713143830.jpg,unripe,train,0.10538200664851237,0.04747064852348976,0.691969902753148,0.009949088000183742,0.7473975418104657,0.5034602076124568,0.0,20.733084509879202,6.528139114379883
IMG20200713143842.jpg,unripe,train,0.09977752023804677,0.040926124875936436,0.6957187449714015,0.008408550666945187,0.7823063699170836,0.5796296296296296,0.0,20.478400094728745,6.421089172363281
IMG20200713143852.jpg,unripe,train,0.12081079096084922,0.06102964576806426,0.6863325907554952,0.014288395472640797,0.7786135147486762,0.5409252669039146,0.0,21.92748300755952,6.5975189208984375
IMG20200713143859.jpg,unripe,train,0.14598359714895887,0.08034571345262909,0.7052519135124412,0.02388918806755459,0.7722474730430859,0.5553470919324578,0.0,23.74925759003167,6.426811218261719
IMG20200713143908.jpg,unripe,train,0.16438689129021553,0.08460313469043163,0.7297963288850072,0.022831279858998986,0.7525970705163496,0.5193661971830986,0.0,24.82930282168795,6.96253776550293
IMG20200713143919.jpg,unripe,train,0.13379067690856555,0.05974345147007308,0.7290416117760458,0.009839369855902832,0.7581539382457744,0.5466417910447762,0.0,23.08509150458817,6.652593612670898
IMG20200713143938.jpg,unripe,train,0.12487458856137791,0.059933465931565545,0.7291729005621146,0.013474028831310846,0.7656354116544427,0.5117540687160941,0.0,22.730186348446626,6.417989730834961
IMG20200713143943.jpg,unripe,train,0.10510428568902652,0.04738475706424796,0.7081194467596559,0.00885106673253363,0.7553528317194911,0.547576301615799,0.0,21.89713613616644,6.446599960327148
IMG20200713143947.jpg,unripe,train,0.1339760802991055,0.05645009462791243,0.701241565177701,0.0069063921284281135,0.7373518010578649,0.5082872928176796,0.0,22.12991654363065,6.422281265258789
IMG20200713143957.jpg,unripe,train,0.13812491532195736,0.06234758162797769,0.7076107573439608,0.010415255385360934,0.8083153541597661,0.6068702290076335,0.0,22.633005375246466,6.662130355834961
IMG20200713144008.jpg,unripe,train,0.1421536387242087,0.06848301489634251,0.7141800124904291,0.014814693018392461,0.8033814236551974,0.5885608856088561,0.0,23.047088406834064,6.462812423706055
IMG20200713144013.jpg,unripe,train,0.10717106233689006,0.04373106997453956,0.6958612130777001,0.0054761470835353165,0.7877145712065251,0.5817490494296578,0.0,20.542732065846213,6.673574447631836
IMG20200713144109.jpg,unripe,train,0.10956890088934976,0.04746238891320909,0.6926408186683991,0.008006230302795585,0.7531164672076983,0.5375816993464052,0.0,21.024461050433196,6.638288497924805
IMG20200713144113.jpg,unripe,train,0.09883973961229506,0.05454520200358104,0.5885520357773719,0.010741436944937443,0.734765612420936,0.6,0.0,20.17401224396917,7.205963134765625
IMG20200713144123.jpg,unripe,train,0.09013505834966445,0.03492285501958195,0.6955636172848851,0.0050089601817823425,0.7889190889440352,0.573055028462998,0.0,19.990935524281703,5.951404571533203
IMG20200713144137.jpg,unripe,train,0.11679940925031068,0.04982330291629492,0.7034864707980012,0.010686217627399271,0.7921497037283337,0.5925925925925926,0.0,21.532570973803814,6.083250045776367
IMG20200713144142.jpg,unripe,train,0.13154126784744685,0.05660599403678992,0.7047603169552726,0.009846226266967616,0.8046280515476709,0.6268041237113402,0.0,21.982268241603556,6.141185760498047
IMG20200713144151.jpg,unripe,train,0.09641598574820494,0.03602408705382775,0.6958815784310898,0.003601440576195626,0.7303718206746582,0.49547920433996384,0.0,20.142100965987307,6.81757926940918
IMG20200713144202.jpg,unripe,train,0.13484499482116985,0.05840958559562975,0.7076562202752726,0.009699710487841554,0.8011591469267878,0.563265306122449,0.0,22.366409198798276,6.874322891235352
IMG20200713144211.jpg,unripe,train,0.1805384480009467,0.09894318452247733,0.7157156017356646,0.026829243046580315,0.7811627404742932,0.5597609561752988,0.0,25.75273020711452,6.473779678344727
IMG20200713144221.jpg,unripe,train,0.129459107099366,0.06583310235732569,0.7019699629340851,0.016989518852545456,0.7919569403782558,0.562992125984252,0.0,22.448991631554804,6.351470947265625
IMG20200713144228.jpg,unripe,train,0.13640312771369886,0.06510215835702124,0.717919932831071,0.01225119339302169,0.7434718167335937,0.5073260073260073,0.0,23.278803672939624,6.38890266418457
IMG20200713144234.jpg,unripe,train,0.12702586118227077,0.05535813322869012,0.6989503522718511,0.00972618778619101,0.789936851095719,0.5634920634920635,0.0,21.803599139354247,6.053686141967773
IMG20200713144248.jpg,unripe,train,0.1380192480495549,0.058852943733811246,0.7151491433985915,0.006029509812403763,0.7746206680150058,0.5772495755517827,0.0,22.569706640016097,6.723880767822266
IMG20200713144253.jpg,unripe,train,0.12485658153143532,0.053445972494668405,0.7001100196408636,0.008251473477341835,0.7412341199367234,0.5074875207986689,0.0,21.759882405320123,6.22105598449707
IMG20200713144302.jpg,unripe,train,0.14517737878288678,0.07051782461567556,0.7056480758615545,0.016704253042930117,0.7941514654229165,0.5975395430579965,0.0,23.24490792384464,6.403207778930664
IMG20200713144324.jpg,unripe,train,0.1333286162399009,0.05853911648813621,0.7079805341265283,0.009701486670206833,0.7773820288793503,0.5347222222222222,0.0,22.62490088957296,6.2007904052734375
IMG20200713144332.jpg,unripe,train,0.18365643644385232,0.09921992496653925,0.7241063017442271,0.025559026228159067,0.757674203997724,0.5357766143106457,0.0,26.560848755248458,6.386756896972656
IMG20200713144338.jpg,unripe,train,0.151653175564591,0.07444447194862289,0.7235520789437867,0.01489384525241236,0.7394212495631197,0.5077452667814114,0.0,23.78206615012351,6.33549690246582
IMG20200713144423.jpg,unripe,train,0.16822598056746885,0.08194108877755396,0.7227741222387114,0.017336657584836934,0.8102546704108713,0.6286201022146508,0.0,24.32292954368947,6.509542465209961
IMG20200713144429.jpg,unripe,train,0.17971132343858182,0.09732033949928008,0.7274598495582978,0.024681083553411,0.7810649082992255,0.5827814569536424,0.0,25.896783594816537,6.647348403930664
IMG20200713144442.jpg,unripe,train,0.11675233557110454,0.0495328856035003,0.6920871946820839,0.00970247251709224,0.7884194897325557,0.5827338129496403,0.0,20.974193019634953,6.631374359130859
IMG20200713144457.jpg,unripe,train,0.1710674420772671,0.07953444017071934,0.7348200606514803,0.014789106712825649,0.7460851826309405,0.5273037542662116,0.0,24.781451331719865,6.314992904663086
IMG20200713144509.jpg,unripe,train,0.13664858232716057,0.0704426509204758,0.7103119069003863,0.017675363763417794,0.7739417175064169,0.525830258302583,0.0,23.189616168136336,6.029367446899414
IMG20200713144515.jpg,unripe,train,0.13124534746101454,0.05852344878860486,0.6984827253941139,0.010235582607060522,0.7646709849523369,0.5173745173745173,0.0,21.933917908971114,6.231546401977539
IMG20200713144534.jpg,unripe,train,0.15609804211514428,0.08059377619884013,0.7189229175842687,0.020012822409429278,0.7591379584357516,0.5261194029850746,0.0,24.27064453700492,6.30497932434082
IMG20200713144550.jpg,unripe,train,0.1617282174820946,0.07343845517572155,0.7166924376935823,0.013754539897031947,0.7508763356170887,0.538878842676311,0.0,23.755641652814038,6.037473678588867
IMG20200713144556.jpg,unripe,train,0.15717102443071437,0.07429918559730563,0.7244749249830735,0.0146249464207919,0.7606026270975849,0.5313059033989267,0.0,23.85714787478302,6.435632705688477
IMG20200713144605.jpg,unripe,train,0.11188237417653817,0.050731058927364,0.7032360229023841,0.007712630663387054,0.7429790159245406,0.4804088586030664,0.0,21.360072209168607,6.50477409362793
IMG20200713144630.jpg,unripe,train,0.12030718062063424,0.0571296339870952,0.6962865345641245,0.010056321676706859,0.7691871502009193,0.5701754385964912,0.0,21.83396868502044,6.720304489135742
IMG20200713144639.jpg,unripe,train,0.1660120817654528,0.079793899267989,0.7210159157575323,0.020853204660449483,0.7853928916223544,0.5632183908045977,0.0,24.465748920400323,6.5174102783203125
IMG20200713144657.jpg,unripe,train,0.18112674093140674,0.0896176168992263,0.7301715298237895,0.02128443289608374,0.7846580769279381,0.5473887814313346,0.0,25.124577443362423,6.345987319946289
IMG20200713144704.jpg,unripe,train,0.12334747333204278,0.057971253242799135,0.6925991515943116,0.00993369301091443,0.786236708397497,0.5761467889908257,0.0,21.937303231353955,6.776332855224609
IMG20200713144717.jpg,unripe,train,0.2044032103657528,0.10931939228735146,0.7370018571637091,0.031858233315891826,0.7720419607952892,0.5543478260869565,0.0,27.38669117151897,6.469249725341797
IMG20200713144725.jpg,unripe,train,0.18927262733428663,0.09805789666454692,0.7248809087511462,0.024093074386001348,0.7518300605159034,0.5192660550458715,0.0,25.917304740738707,6.545543670654297
IMG20200713144739.jpg,unripe,train,0.13889234908576953,0.06275691970350734,0.7117682719158278,0.006851192107369797,0.7632683333934693,0.5103806228373703,0.0,22.789011252253164,6.586313247680664
IMG20200713144806.jpg,unripe,train,0.13611205833629644,0.06526243999628167,0.7103148580409874,0.012311028337990968,0.7749331402352525,0.5619223659889094,0.0,22.713684996942625,6.684064865112305
IMG20200713144816.jpg,unripe,train,0.11832733812843231,0.05206834532327277,0.7117535971159016,0.009226618704953,0.7447367496337156,0.5061728395061729,0.0,21.545336975408667,6.699085235595703
IMG20200713144823.jpg,unripe,train,0.12628166348576572,0.0569128391265538,0.7267982068288675,0.01011370158367759,0.7842006452512348,0.6309090909090909,0.0,22.34552569867815,6.7615509033203125
IMG20200713144832.jpg,unripe,train,0.13696781171384545,0.069623591035642,0.6982918130317567,0.01585726672194491,0.7774220842991748,0.5457875457875457,0.0,22.890763203400166,6.257295608520508
IMG20200713144845.jpg,unripe,train,0.11276742682413918,0.04961355354377561,0.7153667567832713,0.008000764076583984,0.7913721798796286,0.5784832451499118,0.0,21.454453074667136,6.432771682739258
IMG20200713144855.jpg,unripe,train,0.11674051529847722,0.049814259499247976,0.7279983290760118,0.00782497128102892,0.789119000978821,0.5876106194690266,0.0,22.012695126758878,6.723642349243164
IMG20200713144905.jpg,unripe,train,0.10685922362002521,0.043168786660159754,0.7137184472359314,0.005305476833805893,0.7962933942531564,0.5834862385321101,0.0,21.017564248707423,6.148576736450195
IMG20200713144909.jpg,unripe,train,0.12796306628873844,0.05401465109114622,0.7267499414970865,0.007811515685957168,0.810254225443846,0.5925925925925926,0.0,22.38668266409267,6.22105598449707
IMG20200713144918.jpg,unripe,train,0.08911816345325457,0.03871132171611026,0.6860427797326168,0.007768694896941903,0.783082696348324,0.5579150579150579,0.0,19.76361722961194,6.303548812866211
IMG20200713144926.jpg,unripe,train,0.10654221169580805,0.04671686802672837,0.6932690706516932,0.008362781920032168,0.7983307913959385,0.5689655172413793,0.0,20.524015946558453,6.318092346191406
IMG20200713144933.jpg,unripe,train,0.11427842001456581,0.048474984641755224,0.7029351459538791,0.007060625643178633,0.7877264618626356,0.5800711743772242,0.0,21.123965025856158,6.381034851074219
IMG20200713144941.jpg,unripe,train,0.12117479702899543,0.05420338630166016,0.7127975157803692,0.010590868086786215,0.768648326977698,0.5362318840579711,0.0,21.734896234778248,6.227970123291016
IMG20200713144956.jpg,unripe,train,0.13805231918981709,0.0632578588695251,0.7331897120181738,0.013242470872602836,0.7849526876694535,0.5827067669172933,0.0,23.237926409369255,6.195545196533203
IMG20200713145006.jpg,unripe,train,0.16680559327751165,0.08525723276839912,0.7391613827655529,0.024323083983250855,0.776016413646541,0.5363128491620112,0.0,25.071844025348,6.921052932739258
IMG20200713145011.jpg,unripe,train,0.151674436095475,0.07827737302816869,0.7276647104548164,0.018427980443614683,0.7971266393910401,0.5803402646502835,0.0,24.175406643077775,6.835222244262695
IMG20200713145018.jpg,unripe,train,0.1306277196145739,0.06831243806756872,0.7081900822824679,0.01833613372953913,0.7510509972843821,0.5149911816578483,0.0,22.750001583435584,6.452798843383789
IMG20200713145026.jpg,unripe,train,0.1391584632795613,0.06504922031479181,0.7273542991486424,0.013694572697850906,0.7955925976680613,0.5858778625954199,0.0,23.15724198989797,6.3934326171875
IMG20200713145036.jpg,unripe,train,0.1471518353934275,0.06977302750020242,0.7172551138793758,0.014571074016106531,0.7967469505231137,0.5866935483870968,0.0,23.26749137894777,6.426334381103516
IMG20200713145100.jpg,unripe,train,0.1333105201394866,0.05971842002288113,0.7252835353859476,0.007078607743380147,0.7796050196957914,0.5736738703339882,0.0,22.59420222197723,6.290912628173828
IMG20200713145109.jpg,unripe,train,0.06710289828484452,0.024107536833689127,0.65882454232639,0.0029811552245231645,0.817057001171078,0.6268343815513627,0.0,18.154964640308872,6.536006927490234
IMG20200713145136.jpg,unripe,train,0.07493996832294549,0.02874367751465035,0.6762172380250732,0.004424462269407608,0.7813917123075225,0.5386100386100386,0.0,18.71406424448871,6.522178649902344
IMG20200713145141.jpg,unripe,train,0.06732332240800531,0.023899691588328695,0.674586368383216,0.003418007363183773,0.7984238897296576,0.5786516853932584,0.0,18.45877893424529,6.50334358215332
IMG20200713145148.jpg,unripe,train,0.17477886997903755,0.0845217191518739,0.744974317731879,0.0170914222884529,0.7958316322559418,0.5596330275229358,0.0,25.273842271804508,6.438732147216797
IMG20200713145208.jpg,unripe,train,0.13183219239335658,0.05561628615411978,0.7316942045022429,0.007947743808394433,0.7390449851853564,0.4869109947643979,0.0,22.588857732788973,6.367206573486328
IMG20200713145224.jpg,unripe,train,0.16030190040734202,0.07483361398369384,0.7336420495476141,0.015145136717032064,0.7709637478433131,0.5374280230326296,0.0,24.16240250039997,6.306648254394531
IMG20200713145237.jpg,unripe,train,0.1393710470824019,0.05973295853777466,0.7340565706189911,0.006052354181253932,0.7679392935878432,0.5415896487985212,0.0,23.117020808158223,6.242513656616211
IMG20200713145248.jpg,unripe,train,0.08955334895227088,0.03573022425493947,0.7023782959509244,0.006015471010394442,0.7783881867083727,0.5365853658536586,0.0,20.203820602422542,6.2198638916015625
IMG20200713145253.jpg,unripe,train,0.14616513699431297,0.07460520987924649,0.7314583614461174,0.017116007558230565,0.7431496692637772,0.5202108963093146,0.0,24.275147204941984,6.160497665405273
IMG20200713145258.jpg,unripe,train,0.13473706227767743,0.05576859388841254,0.7377159191861942,0.008279444318486,0.7482776658756786,0.484375,0.0,22.779998561081268,6.293058395385742
IMG20200713145308.jpg,unripe,train,0.14161120036602137,0.06233476993121045,0.7159615433596345,0.00889160907514607,0.7605589706846463,0.5573192239858906,0.0,22.72807033505534,6.185293197631836
IMG20200713145312.jpg,unripe,train,0.16028213332248864,0.07430748289633628,0.7327688309786918,0.011835104032139202,0.7717798900498944,0.5235507246376812,0.0,24.076721021271318,6.206274032592773
IMG20200713145316.jpg,unripe,train,0.18330920533488815,0.09057100999427369,0.7506956664896739,0.02142912870461759,0.7787839356605162,0.565377532228361,0.0,25.836564161209505,6.172895431518555
IMG20200713145330.jpg,unripe,train,0.12843060657838298,0.053061156639683985,0.7223930714570009,0.006308492777180474,0.7791715052304523,0.556350626118068,0.0,22.187274874462442,6.863594055175781
IMG20200713145338.jpg,unripe,train,0.16113839428460647,0.08369685496553453,0.724025350483104,0.02377751561520867,0.7863184569350822,0.5566037735849056,0.0,24.477641132064292,7.28154182434082
IMG20200713145343.jpg,unripe,train,0.13933221867440737,0.06570569657609476,0.7323639188602425,0.015351877184852885,0.7365437927036096,0.5042735042735043,0.0,23.468127559343312,6.679058074951172
IMG20200713145350.jpg,unripe,train,0.11990981142286221,0.05255875922338277,0.7146676004311743,0.009522752117983715,0.7770451767315412,0.5685920577617328,0.0,21.712523781822636,6.3686370849609375
IMG20200713145355.jpg,unripe,train,0.10533011741538048,0.045561769460754666,0.6972443831827221,0.009241343970515684,0.7745883258984989,0.5280289330922242,0.0,20.786607644050072,6.47425651550293
IMG20200713145423.jpg,unripe,train,0.13674878860792877,0.0677442155546191,0.71716896454208,0.013182658161979931,0.7753347071662238,0.5545454545454546,0.0,23.41766994557073,6.702661514282227
IMG20200713145428.jpg,unripe,train,0.14156967806981802,0.0636479423772353,0.7236681452788997,0.011269708814517373,0.7221312733961653,0.4880546075085324,0.0,23.108037116266836,6.253957748413086
IMG20200713145435.jpg,unripe,train,0.0930680773503454,0.03569182136319459,0.7139815815306196,0.004467525764846318,0.7499422497241286,0.5404929577464789,0.0,20.429764082625713,6.577730178833008
IMG20200713145443.jpg,unripe,train,0.135444595437108,0.05513828185206653,0.7440041135569104,0.009466705843377285,0.7309731463273831,0.4772727272727273,0.0,22.930143223855968,6.586313247680664
IMG20200713145452.jpg,unripe,train,0.2084793519396982,0.11472219776248374,0.7683807343420941,0.029858237210268045,0.7660099556750068,0.5398550724637681,0.0,28.587821261614682,6.605386734008789
IMG20200713145505.jpg,unripe,train,0.14648567007895744,0.06268879392854668,0.7439125469613947,0.007072865247116768,0.8137763537155279,0.6153846153846154,0.0,23.466629746889552,6.237506866455078
IMG20200713145512.jpg,unripe,train,0.12355519035767777,0.05456952433073524,0.730521318353597,0.008792111750125153,0.8091799114716454,0.59765625,0.0,22.59786607012429,6.760597229003906
IMG20200713145518.jpg,unripe,train,0.12144074432203547,0.05361337570767249,0.7210169959861727,0.009700151996594353,0.81519923611342,0.6176470588235294,0.0,22.36810851837931,6.7691802978515625
IMG20200713145532.jpg,unripe,train,0.1327202072527399,0.055405872192958505,0.735725388594683,0.009015544041372923,0.7836749159626611,0.6283018867924528,0.0,22.588650385403806,7.354021072387695
IMG20200713145541.jpg,unripe,train,0.10702396804171918,0.047303595205997806,0.7018392143749848,0.00828062583215479,0.7858687697698581,0.5774134790528234,0.0,21.061783930698777,7.625341415405273
IMG20200713145548.jpg,unripe,train,0.1092302468827567,0.04750125301088502,0.7252995101071503,0.008124363389370226,0.7335609841646142,0.49658703071672355,0.0,21.58697669362024,6.70170783996582
IMG20200713145553.jpg,unripe,train,0.0909946248260605,0.039229181004475866,0.6870638661112577,0.00791030343150435,0.7736761741219578,0.5519125683060109,0.0,20.227316218577194,7.705211639404297
IMG20200713145601.jpg,unripe,train,0.11208742374548453,0.04699430372028649,0.7108229305466931,0.0075748394133279325,0.7780426733198867,0.5426356589147286,0.0,21.334778221849852,7.25245475769043
IMG20200713145605.jpg,unripe,train,0.13769371313758302,0.06192193727280375,0.7283424687292007,0.01033767856625924,0.75808002319557,0.5183823529411765,0.0,23.112756896393876,6.685495376586914
IMG20200713145615.jpg,unripe,train,0.1357021148628275,0.05999799538879425,0.7257492232061167,0.00821890347791702,0.7759130345603297,0.545631067961165,0.0,22.714027613376835,7.210016250610352
IMG20200713145630.jpg,unripe,train,0.17404599721513545,0.08742584047382054,0.7456053614521937,0.02429868893261281,0.7649710164037667,0.5360443622920518,0.0,25.505356506064665,6.758451461791992
IMG20200713145642.jpg,unripe,train,0.14017460055868136,0.06626488513311825,0.7199317875655729,0.011617429050242548,0.7756015159550242,0.5436893203883495,0.0,23.004838391786496,6.955862045288086
IMG20200713145648.jpg,unripe,train,0.15524551278314522,0.07027324853784696,0.7381445994589367,0.011047608374787103,0.7418735460928753,0.5008976660682226,0.0,23.858152184314044,6.836652755737305
IMG20200713145702.jpg,unripe,train,0.12193551025290925,0.055319279448184114,0.7171570531752393,0.00930337170538672,0.7942947061473954,0.5674044265593562,0.0,22.24701377372743,6.989002227783203
IMG20200713145706.jpg,unripe,train,0.16573985112561274,0.08510204675726069,0.7440048136106598,0.016837957705992394,0.7685722873405684,0.5601577909270217,0.0,25.449534716225134,7.033586502075195
IMG20200713145721.jpg,unripe,train,0.15336239925878925,0.0736865283826689,0.7381159994650275,0.014797199101468296,0.8030452934613489,0.5977011494252874,0.0,24.02970002694113,6.9675445556640625
IMG20200713145729.jpg,unripe,train,0.09384707709603708,0.043049279864065156,0.6902887602311293,0.008834015814663638,0.8140924756429401,0.5859375,0.0,20.540641758952134,6.594419479370117
IMG20200713145734.jpg,unripe,train,0.09739669838500421,0.041724400561203516,0.7034144819484532,0.006762894922719814,0.7285686035506187,0.479646017699115,0.0,20.356903273515265,6.372928619384766
IMG20200713145845.jpg,unripe,train,0.13197427556814761,0.058939405225511395,0.725473642384679,0.007374667891578522,0.7560262596093501,0.5283687943262412,0.0,22.442008284105743,6.395101547241211
IMG20200713145901.jpg,unripe,train,0.14896090826340305,0.06926301185092905,0.7279797555351984,0.01870072008501597,0.705804947659393,0.44991212653778556,0.0,23.688395879608343,6.816625595092773
IMG20200713145921.jpg,unripe,train,0.10393946928938062,0.044770464044560046,0.7008868838205762,0.011355428463034405,0.7229109205044216,0.46332046332046334,0.0,20.74991175063942,6.326198577880859
IMG20200713145929.jpg,unripe,train,0.12933273185977576,0.06467855792949759,0.7082942173259495,0.0165445434703729,0.7558218223896431,0.5280665280665281,0.0,22.345735368279104,7.6446533203125
IMG20200713145941.jpg,unripe,train,0.19490162440183972,0.1024589431538943,0.7637734770031294,0.025599099340359917,0.7015497914407012,0.47368421052631576,0.0,27.551821446753202,6.11114501953125
IMG20200713145947.jpg,unripe,train,0.17969664970548435,0.09201305558133807,0.7599020831260449,0.022991264279322347,0.7237975468807525,0.48312611012433393,0.0,26.81867091788228,5.668878555297852
IMG20200713145951.jpg,unripe,train,0.19773521890938023,0.10712310180966318,0.7459896675807964,0.023190523404235344,0.7333024662717208,0.47992700729927007,0.0,28.605615602579782,5.707979202270508
IMG20200713145957.jpg,unripe,train,0.18019571101244894,0.09213408286410882,0.7537539038038413,0.021736414740605985,0.724661460820877,0.4915254237288136,0.0,26.654123131140548,5.752801895141602
IMG20200713150008.jpg,unripe,train,0.10723590078564205,0.04405719909649199,0.7006475837541609,0.006475837599503141,0.8137489427776428,0.6469465648854962,0.0,20.692625899371215,5.894184112548828
IMG20200713150018.jpg,unripe,train,0.101942056669039,0.04547914676818307,0.7068688315766726,0.009590894619471579,0.799713268420846,0.5989010989010989,0.0,20.770098732469638,5.99980354309082
IMG20200713150024.jpg,unripe,train,0.1221897554534443,0.053757593075172534,0.7051720482573473,0.008194530220135183,0.7963809898419745,0.5953307392996109,0.0,21.617530934771167,5.998134613037109
IMG20200713150048.jpg,unripe,train,0.13226248308959357,0.05797224750884411,0.7265843677355892,0.009460689643357008,0.7546825050842543,0.5078534031413613,0.0,22.492623592190995,5.929708480834961
IMG20200713150059.jpg,unripe,train,0.18260479227151102,0.10100767754240444,0.7290570243272162,0.026298681196007225,0.7921548260313394,0.591726618705036,0.0,26.847300075162504,6.020784378051758
IMG20200713150105.jpg,unripe,train,0.1064423585280737,0.04244346793518255,0.7041438068184808,0.00826854572394612,0.7899488082182369,0.5668549905838042,0.0,20.907772333984056,6.0710906982421875
IMG20200713150120.jpg,unripe,train,0.11658498839172059,0.05053110418024092,0.7219147888395209,0.009355874973510965,0.7716839820384137,0.5527950310559007,0.0,21.919551785664982,6.074428558349609
IMG20200713150129.jpg,unripe,train,0.11681632747267603,0.04881600388252706,0.7156675796471049,0.005628170902175824,0.765502581052344,0.5383064516129032,0.0,21.906620704260785,6.190061569213867
IMG20200713150134.jpg,unripe,train,0.18051566649916306,0.0941825563055326,0.7439914487384311,0.022328273121614284,0.7719943815247926,0.5390781563126252,0.0,26.28807593646134,6.635189056396484
IMG20200713150138.jpg,unripe,train,0.18496267592798132,0.08828963900615251,0.7589509138245932,0.013852667588623786,0.7590426290394128,0.5429141716566867,0.0,26.356242377116057,6.081581115722656
IMG20200713150142.jpg,unripe,train,0.1837914485145747,0.09025959860285494,0.7533267888224987,0.020866055846194744,0.7526704367714114,0.5,0.0,26.05756857042844,6.686687469482422
IMG20200713150150.jpg,unripe,train,0.14436716487173787,0.07228928397699629,0.717861446412301,0.017165930279082028,0.811724142939232,0.5966386554621849,0.0,23.66832996090262,6.288051605224609
IMG20200713150224.jpg,unripe,train,0.21315715263897872,0.1156669218054573,0.7713330379021768,0.02741812029144408,0.8183860490397608,0.6089385474860335,0.0,28.28888580243337,6.82377815246582
IMG20200713150231.jpg,unripe,train,0.1683295083933782,0.09186294640985737,0.7367234368020557,0.021854491282990263,0.7485250961539514,0.5068027210884354,0.0,25.599891647001982,6.292819976806641
IMG20200713150242.jpg,unripe,train,0.21814390653303084,0.13568535069250795,0.7390550015460359,0.0415595578225278,0.8015148141873479,0.5767857142857142,0.0,29.764165422874502,6.6432952880859375
IMG20200713150301.jpg,unripe,train,0.22451883175730533,0.13268782357718303,0.7474923922005494,0.03772675176826679,0.7901155064462481,0.5580985915492958,0.0,29.57465370684269,7.0590972900390625
IMG20200713150319.jpg,unripe,train,0.16446555733028934,0.08234631594170227,0.7392003342470281,0.018601947391198574,0.755058085497461,0.50177304964539,0.0,24.918046808126498,6.598472595214844
IMG20200713150330.jpg,unripe,train,0.1212895081796253,0.05334757488902901,0.7120163130483855,0.011166674758351541,0.7342706892829308,0.478494623655914,0.0,21.691965825575547,6.728887557983398
IMG20200713150335.jpg,unripe,train,0.15182333000066797,0.07115004016938893,0.7315266592133373,0.016842043383527894,0.7497045829410992,0.49458483754512633,0.0,23.613678816039265,6.567478179931641
IMG20200713150343.jpg,unripe,train,0.16867511480811545,0.07903732605850076,0.7471945029457961,0.012870757225122832,0.7917506292210753,0.5722326454033771,0.0,24.909329296334583,6.711483001708984
IMG20200713150353.jpg,unripe,train,0.15723178939671484,0.080652694931119,0.7445040850804804,0.017833487752262046,0.7599344080034344,0.5356521739130434,0.0,24.918021738942485,6.34002685546875
IMG20200713150357.jpg,unripe,train,0.1747948347110161,0.0892971751791566,0.7458175376678692,0.02201836432544034,0.741555778478473,0.484375,0.0,25.6956399744767,6.206035614013672
IMG20200713150406.jpg,unripe,train,0.12317178391671572,0.05425198341658861,0.7147982912023108,0.010153833203453842,0.7921031801592224,0.6094069529652352,0.0,22.408006172163773,6.323337554931641
IMG20200713150430.jpg,unripe,train,0.15553305659455774,0.0746886706482263,0.7428672673813621,0.016229624379708114,0.7556545150464564,0.5324427480916031,0.0,25.09215379756538,6.138324737548828
IMG20200713150444.jpg,unripe,train,0.17703752785799012,0.08564745095590981,0.7503965624485434,0.018422584984655318,0.7897704465032024,0.5393700787401575,0.0,25.83971512950841,6.333112716674805
IMG20200713150450.jpg,unripe,train,0.12225333552822432,0.05283039587050096,0.7190138911687365,0.0063690770328186565,0.7416126077390751,0.501937984496124,0.0,21.948743799001893,6.018638610839844
IMG20200713150506.jpg,unripe,train,0.15768746061605612,0.08212869268614359,0.7422254345904016,0.016679639719627493,0.742184649031749,0.5044883303411131,0.0,25.369295767394533,6.045341491699219
IMG20200713150510.jpg,unripe,train,0.14718700682322314,0.07124716505814899,0.7313050657838933,0.013043341938179543,0.7677848903424013,0.541015625,0.0,23.644192490931292,5.972862243652344
IMG20200713150521.jpg,unripe,train,0.09939697403618883,0.03727687437516067,0.6989444036458524,0.002672091091793887,0.7862999881493329,0.5352697095435685,0.0,20.36559438977163,6.225109100341797
IMG20200713150538.jpg,unripe,train,0.10586289471440598,0.03930919717469652,0.704186622283625,0.004708174364754565,0.7874127082214891,0.5436893203883495,0.0,20.63284952510803,6.3533782958984375
IMG20200713150542.jpg,unripe,train,0.0955263436860434,0.03550302130779707,0.6909466765536845,0.002660871408855498,0.7774750294968235,0.5524752475247525,0.0,19.860208426210967,6.417036056518555
IMG20200714165830.jpg,unripe,train,0.15634457232040294,0.07375656732622593,0.7269454475825831,0.016672854297966264,0.7840795700674409,0.5373443983402489,0.0,23.855768658658196,6.871223449707031
IMG20200714170119.jpg,unripe,train,0.15443116240566335,0.07459810387392211,0.7355626545678529,0.01375721352005609,0.7724915517746715,0.5047801147227533,0.0,24.4272951833925,6.668806076049805
IMG20200717083337.jpg,fully_ripe,train,0.06354482247484204,0.02505394389807269,0.6522743619292052,0.0026045639807043817,0.7502430444890578,0.5127701375245579,0.0,17.54277519828762,6.559133529663086
IMG20200717083346.jpg,fully_ripe,train,0.06487511150685911,0.025055753790978418,0.6522301516430394,0.0033786797501853404,0.7411082894638881,0.501953125,0.0,17.67037188446283,6.528615951538086
IMG20200717083356.jpg,fully_ripe,train,0.06102579988426533,0.023244235960268575,0.639188830368642,0.0037615612691534106,0.7389635732621264,0.5029013539651838,0.0,17.203593810908615,6.385564804077148
IMG20200717083401.jpg,fully_ripe,train,0.07587629315906548,0.041872189968550876,0.616951852976811,0.01104369461771527,0.7592527369287341,0.5,0.0,18.00938772060685,8.09335708618164
IMG20200717083408.jpg,fully_ripe,train,0.1573192312003793,0.0918752493265154,0.7165901209995951,0.025347012673247068,0.7381726065181939,0.5093283582089553,0.0,25.057823068412,6.650447845458984
IMG20200717083420.jpg,fully_ripe,train,0.08752104616120564,0.037330468644706384,0.6764830442751704,0.006538513185417582,0.7572453772568276,0.5241779497098646,0.0,19.180305805811326,7.095813751220703
IMG20200717083440.jpg,fully_ripe,train,0.11435289843256144,0.05861456483066956,0.7015178427185783,0.013563700952551635,0.7619442457637033,0.4943609022556391,0.0,22.39576333270596,9.763956069946289
IMG20200717083454.jpg,fully_ripe,train,0.06436925274457227,0.023368449245342288,0.678957235953498,0.002086867243972783,0.7435564027680722,0.48443579766536965,0.0,18.10694805715761,8.936643600463867
IMG20200717083502.jpg,fully_ripe,train,0.06983291581358929,0.02589000482606824,0.6749902323472802,0.0036657396979652766,0.7396830297265784,0.490272373540856,0.0,18.26920282806651,9.981393814086914
IMG20200717083511.jpg,fully_ripe,train,0.10707652695003297,0.06008610864821994,0.6850702798458796,0.018044827149360045,0.7769459100060194,0.5357142857142857,0.0,21.617047855619475,6.916999816894531
IMG20200717083519.jpg,fully_ripe,train,0.15388979277108786,0.0891419763648619,0.715758263393606,0.023762630587175003,0.7131884428834939,0.47697974217311234,0.0,24.92385879623715,8.023738861083984
IMG20200717083535.jpg,fully_ripe,train,0.03413666543889327,0.01092753382177516,0.5978905108551046,0.002042973714505791,0.7338507310495899,0.5421686746987951,0.0,14.81538196170734,6.665229797363281
IMG20200717083623.jpg,fully_ripe,train,0.12122973583800266,0.062121897133822886,0.6932549678066993,0.013530969450219263,0.7036887460229492,0.453382084095064,0.0,22.280052415635932,6.5212249755859375
IMG20200717083656.jpg,fully_ripe,train,0.11427635562235823,0.06159984912640973,0.6590171419430949,0.017002987681846576,0.7377321905206242,0.4963235294117647,0.0,21.115140596642828,5.977630615234375
IMG20200717083701.jpg,fully_ripe,train,0.1237469463385167,0.07143458849221386,0.6779230898757695,0.019101170920530063,0.7168743576809059,0.4652014652014652,0.0,22.633841506007748,6.26373291015625
IMG20200717083707.jpg,fully_ripe,train,0.05688094709990727,0.028345425550715023,0.6324282651561172,0.007540474606263236,0.7471506825784372,0.5233463035019456,0.0,17.006426330488893,6.304025650024414
IMG20200717083744.jpg,fully_ripe,train,0.07899127485464032,0.031755148928752565,0.6793304340597998,0.005689122288699857,0.7543947677164299,0.5657015590200446,0.0,18.996282168881834,6.141185760498047
IMG20200717083802.jpg,fully_ripe,train,0.08241902317058725,0.036972632798727936,0.668184766548418,0.007852716708651062,0.7695063455123106,0.5530474040632054,0.0,19.453920335590922,6.1168670654296875
IMG20200717083842.jpg,fully_ripe,train,0.07176478243816142,0.02508567957978954,0.6891458071158612,0.003936922476205622,0.7090565380690868,0.46382189239332094,0.0,18.633258300720094,6.6051483154296875
IMG20200717083846.jpg,fully_ripe,train,0.0560799497691913,0.02089786521535268,0.6574403516046732,0.002344077019648974,0.7506402531737786,0.5222437137330754,0.0,17.237222319310003,6.460666656494141
IMG20200717083900.jpg,fully_ripe,train,0.24895212759733812,0.1683190450091283,0.7320352755682874,0.05306984698209318,0.7163758030942792,0.4849056603773585,0.0,32.82197628803862,6.451606750488281
IMG20200717083943.jpg,fully_ripe,train,0.11724660296842294,0.05027331380394162,0.723793358331063,0.00879714549047009,0.7315467827980422,0.5133689839572193,0.0,21.697006764203284,6.567239761352539
IMG20200717083947.jpg,fully_ripe,train,0.11056309480039224,0.04788332721996909,0.7042738837451087,0.007798776132581137,0.7422384435223439,0.5146520146520146,0.0,21.278939599349712,6.4182281494140625
IMG20200717084008.jpg,fully_ripe,train,0.08643747787351574,0.04058333005506251,0.6793356409483604,0.00948943869714934,0.7514133190021745,0.5406427221172023,0.0,19.76710864602953,6.539106369018555
IMG20200717084015.jpg,fully_ripe,train,0.08950457620285014,0.04205133306762782,0.6739753282861722,0.009789096697077308,0.7351282590137491,0.4835766423357664,0.0,19.618841074935762,6.327629089355469
IMG20200717084021.jpg,fully_ripe,train,0.1523860259056021,0.1041047496205153,0.675134114650039,0.028308940353760737,0.7782011034924147,0.573076923076923,0.0,26.051771428700363,6.38127326965332
IMG20200717084028.jpg,fully_ripe,train,0.08890134529057378,0.04133713819770345,0.673848348953589,0.008836119037822707,0.7463614446173579,0.5103189493433395,0.0,19.574394914467604,6.145715713500977
IMG20200717084032.jpg,fully_ripe,train,0.0842519528918251,0.04043578254450578,0.6740850152595852,0.009486894801444478,0.7585729998755647,0.5634615384615385,0.0,19.650417809972705,6.599187850952148
IMG20200717084053.jpg,fully_ripe,train,0.060603148159366495,0.027370197133472482,0.629578607882899,0.0054996689519072675,0.7688276381282327,0.5343811394891945,0.0,17.05722263031648,6.659030914306641
IMG20200717084058.jpg,fully_ripe,train,0.10526865586498578,0.052306698827635695,0.6850772065042917,0.012763290345741172,0.7550948965236008,0.5286506469500925,0.0,20.874136427326608,6.403207778930664
IMG20200717084102.jpg,fully_ripe,train,0.11059848223429977,0.055751983442085616,0.6826923076864204,0.014039323904673688,0.7478505289767252,0.5105263157894737,0.0,21.03467295834408,6.130218505859375
IMG20200717084106.jpg,fully_ripe,train,0.12315389194988234,0.059421152700652784,0.701866753723887,0.014039063550154229,0.6831934753777592,0.44594594594594594,0.0,21.70988357278442,6.848573684692383
IMG20200717084113.jpg,fully_ripe,train,0.061496392831612214,0.02904157939619656,0.6388080831525986,0.005352571561502671,0.7397918242694497,0.5191956124314442,0.0,17.60951667566747,7.496118545532227
IMG20200717084205.jpg,fully_ripe,train,0.05658556347190876,0.020708719586055472,0.6596168052729832,0.0037413912255589285,0.7530242954035049,0.5181451612903226,0.0,17.3572438494624,6.493091583251953
IMG20200717084209.jpg,fully_ripe,train,0.10320334100596705,0.054036857509121405,0.675721012011942,0.014067398572273952,0.7603824862667327,0.5303643724696356,0.0,20.46965767567223,6.720542907714844
IMG20200717084214.jpg,fully_ripe,train,0.1319045166430316,0.06886910455376069,0.6937889569705394,0.01798459064277847,0.7354478510409173,0.5018939393939394,0.0,22.833369046072463,6.1244964599609375
IMG20200717084220.jpg,fully_ripe,train,0.07905756854360556,0.028078991448160992,0.6946244379717158,0.003217843603949376,0.7664748276569537,0.5364372469635628,0.0,19.1353127902029,6.35838508605957
IMG20200717084242.jpg,fully_ripe,train,0.10404191616646659,0.049884845692654486,0.6838093044601128,0.008889912482624484,0.7901842707070453,0.5701943844492441,0.0,20.48419624776277,6.101846694946289
IMG20200717084253.jpg,fully_ripe,train,0.059455731125414406,0.019601203912470517,0.6629922247220593,0.0030223225482440145,0.6752465136753253,0.4274952919020716,0.0,17.45040610550539,6.417036056518555
IMG20200717084319.jpg,fully_ripe,train,0.09993572874986437,0.048276196596676375,0.6913161053964649,0.01375162193936976,0.763248988712636,0.5296610169491526,0.0,21.185051358440038,6.4544677734375
IMG20200717084327.jpg,fully_ripe,train,0.09165766914141953,0.045737775291119935,0.6698450691312966,0.011785672472626468,0.7606772633280376,0.5,0.0,19.921108666556965,6.168842315673828
IMG20200717084342.jpg,fully_ripe,train,0.061430447519330945,0.025891504192081107,0.6345489443314017,0.004273158904896725,0.7560983629216478,0.5544933078393881,0.0,17.157288219813335,6.247997283935547
IMG20200717084347.jpg,fully_ripe,train,0.06683955930707904,0.031837995916498024,0.650269455014344,0.0063915098676967435,0.7429496110285133,0.5356489945155393,0.0,17.95647826440096,6.434917449951172
IMG20200717084352.jpg,fully_ripe,train,0.07545433200210891,0.034073726226493795,0.6595538858825118,0.006161070673809241,0.678981659875259,0.45666666666666667,0.0,18.342319790833944,6.299257278442383
IMG20200717084358.jpg,fully_ripe,train,0.08222051524381332,0.03773733553890198,0.6626290081081834,0.009582053100039569,0.735758601611694,0.48713235294117646,0.0,19.004764820119927,6.742954254150391
IMG20200717084402.jpg,fully_ripe,train,0.10733902888536836,0.05342154266468207,0.6810053617984878,0.012969391860789867,0.7573879289907544,0.5091911764705882,0.0,21.252688119457464,6.362438201904297
IMG20200717084410.jpg,fully_ripe,train,0.08942427142853365,0.04681994990075128,0.657006700194927,0.011730444168261304,0.7559366852341914,0.5103578154425612,0.0,19.676138584476977,6.282329559326172
IMG20200717084423.jpg,fully_ripe,train,0.1555612611671402,0.08514943000836861,0.7110403615003488,0.02933141624700286,0.7756111452246461,0.5166994106090373,0.0,24.2797179733784,6.490468978881836
IMG20200717084433.jpg,fully_ripe,train,0.043708779043514084,0.012666340394641378,0.6674590412190047,0.0017362324919977601,0.6941762561487942,0.4576271186440678,0.0,16.844868703347082,6.312131881713867
IMG20200717084442.jpg,fully_ripe,train,0.0653967772668999,0.031111929307468686,0.6454452915116798,0.007493719137058243,0.7668028562226619,0.5524193548387096,0.0,17.901181579871874,6.048917770385742
IMG20200717084451.jpg,fully_ripe,train,0.07458763069620743,0.03323820913863379,0.6645392002384278,0.00831251258116171,0.7583306808153284,0.5244897959183673,0.0,18.5988462376883,6.095647811889648
IMG20200717084524.jpg,fully_ripe,train,0.10466450688957048,0.04734581128654935,0.6963754354179942,0.007007423806889543,0.7440547095366775,0.5265151515151515,0.0,20.67008475785448,6.345987319946289
IMG20200717084527.jpg,fully_ripe,train,0.12981072555068549,0.06119873816970349,0.7066035751765868,0.014584647739068512,0.7218500422411965,0.48411214953271026,0.0,22.345195861658965,6.432771682739258
IMG20200717084536.jpg,fully_ripe,train,0.1386389409966971,0.06440706707720574,0.7172850889667813,0.011245005458106845,0.6522256983099797,0.4091680814940577,0.0,22.85426394289865,6.678104400634766
IMG20200717084540.jpg,fully_ripe,train,0.11073548274767121,0.049383655455253785,0.7168510989769241,0.01018544687685952,0.6823051585905867,0.43416370106761565,0.0,21.594468048898733,6.519079208374023
IMG20200717084543.jpg,fully_ripe,train,0.11168772783581389,0.04704801555841863,0.7142228867904514,0.007427605281345691,0.7422478505622092,0.5155963302752293,0.0,21.234902385773687,6.078481674194336
IMG20200717084601.jpg,fully_ripe,train,0.15821887165864038,0.09728052390514406,0.6924241126179843,0.02522440199105986,0.7598185652716914,0.5231053604436229,0.0,25.062958585692247,6.236076354980469
IMG20200717084608.jpg,fully_ripe,train,0.19025020656140496,0.10879006800588134,0.7296349653531744,0.032679392385408366,0.671433652964684,0.42807625649913345,0.0,26.831522282160854,6.069660186767578
IMG20200717084620.jpg,fully_ripe,train,0.07512056979127724,0.038901723641911426,0.6353522341275288,0.013052411928019543,0.7577896115453042,0.5117647058823529,0.0,18.458209424967016,7.805109024047852
IMG20200717084648.jpg,fully_ripe,train,0.18677163722808546,0.12174858859354899,0.7016833272833514,0.03533433469689404,0.7316033372253987,0.4821092278719397,0.0,27.304562766662812,6.90913200378418
IMG20200717084659.jpg,fully_ripe,train,0.12112782755742561,0.06462991678525787,0.6828636024587439,0.014145192409960285,0.78171705305374,0.5464135021097046,0.0,22.08995832192346,6.528377532958984
IMG20200717084705.jpg,fully_ripe,train,0.1742630651045546,0.1009086089763551,0.7128203863657759,0.024607646123006085,0.7844794391751165,0.5612903225806452,0.0,26.00534676114923,6.173849105834961
IMG20200717084709.jpg,fully_ripe,train,0.21267190034720146,0.13916442547294602,0.7268431310555543,0.03808756437715086,0.7588915000585219,0.5384615384615384,0.0,29.661902594280313,6.556034088134766
IMG20200717084715.jpg,fully_ripe,train,0.08754802966571858,0.040289071574923056,0.6602850504796234,0.00822089178795214,0.7308706559315009,0.5057915057915058,0.0,19.216326624048705,6.23011589050293
IMG20200717084719.jpg,fully_ripe,train,0.06678987406985441,0.02884987321067553,0.654328018216204,0.007714789186318447,0.7648783843926652,0.544,0.0,17.92376805491725,6.289243698120117
IMG20200717084723.jpg,fully_ripe,train,0.13433326291418055,0.07328122432606529,0.6894350163053138,0.01976386639415342,0.7843456201002768,0.5674518201284796,0.0,22.897221484952777,6.825685501098633
IMG20200717090609.jpg,fully_ripe,train,0.09542629064849276,0.05811686187190844,0.6489301838559324,0.016057056860353896,0.7603369259139979,0.5226781857451404,0.0,20.334255166845505,6.417751312255859
IMG20200717090617.jpg,fully_ripe,train,0.09160100917431394,0.05608253816042394,0.624927765005498,0.019337834218673446,0.7486015051718193,0.5120350109409191,0.0,19.394054146919135,6.233692169189453
IMG20200717090624.jpg,fully_ripe,train,0.08085117659422235,0.04238658045311657,0.6360504557897493,0.016416684333045148,0.7553107405586655,0.5356371490280778,0.0,18.47772542577841,6.387233734130859
IMG20200717090635.jpg,fully_ripe,train,0.07741729467266041,0.0325073444880252,0.6641716694256716,0.006884659598839129,0.7552284126604735,0.5431034482758621,0.0,18.7120967329767,6.003379821777344
IMG20200717090643.jpg,fully_ripe,train,0.1088920227146283,0.05005653593462088,0.6870831268731552,0.010341629505274466,0.7236156862841002,0.4838709677419355,0.0,20.66061431143294,6.627798080444336
IMG20200717090654.jpg,fully_ripe,train,0.12434124014918971,0.07071283676954657,0.6924903925475532,0.02042792632062438,0.755037017868028,0.5564053537284895,0.0,22.39694319766347,6.224632263183594
IMG20200717090706.jpg,fully_ripe,train,0.15374248287112155,0.09166556058021845,0.6930867953739105,0.028016295191815484,0.7331204768019411,0.4844606946983547,0.0,24.49390562247317,6.191015243530273
IMG20200717090711.jpg,fully_ripe,train,0.14367793590682149,0.0824931973446891,0.6973259205538308,0.0236282129081727,0.7671241201626128,0.5248091603053435,0.0,23.646015051749064,6.250858306884766
IMG20200717090721.jpg,fully_ripe,train,0.17105314309984204,0.09656727442272901,0.7169167670886277,0.031372701473084665,0.7088054277051784,0.44521739130434784,0.0,25.46674221434354,5.943059921264648
IMG20200717090728.jpg,fully_ripe,train,0.11156926256272909,0.0625161456981647,0.6758043041881863,0.018202412415613118,0.7560241121144039,0.538899430740038,0.0,21.26066668604376,6.494998931884766
IMG20200717090742.jpg,fully_ripe,train,0.14927011713341395,0.07550961547337245,0.7135826130577526,0.015602467366787285,0.782353935527675,0.5384615384615384,0.0,23.826398123415977,6.428956985473633
IMG20200717090752.jpg,fully_ripe,train,0.1879314965925015,0.1020896681105917,0.7368922078694176,0.02571188273435326,0.7910203825573445,0.5606060606060606,0.0,26.559105015281162,6.373882293701172
IMG20200717090759.jpg,fully_ripe,train,0.1510596451779014,0.07497792405800978,0.7318876936588676,0.013727221642312283,0.7049936188014874,0.45080500894454384,0.0,24.26205744712586,6.231069564819336
IMG20200717090812.jpg,fully_ripe,train,0.11175624293380171,0.05057034220480351,0.6920563148628912,0.011242421128237156,0.739793234033654,0.5122873345935728,0.0,21.045056914547533,6.233930587768555
IMG20200717090824.jpg,fully_ripe,train,0.10054258380211574,0.052081674258039674,0.6679195999037162,0.011796685035816937,0.7392388601115927,0.5096153846153846,0.0,20.53719028412486,6.103277206420898
IMG20200717090830.jpg,fully_ripe,train,0.08544629090194615,0.04203786191491737,0.6525719547642992,0.01061118725361261,0.7309277011025204,0.4933837429111531,0.0,18.97769405670169,6.228923797607422
IMG20200717090837.jpg,fully_ripe,train,0.06540537593298724,0.034305653998862595,0.6193882558135393,0.008701815604288734,0.7330213007223781,0.4857685009487666,0.0,17.496622026430604,6.355762481689453
IMG20200717090840.jpg,fully_ripe,train,0.1003671844369457,0.061668420074863665,0.6600552839422814,0.016162303772756542,0.7399432382674914,0.4896030245746692,0.0,20.962425255894885,6.129026412963867
IMG20200717090844.jpg,fully_ripe,train,0.14691185463311862,0.08879182318433833,0.7028566436559548,0.02445182143771773,0.7514481781946304,0.5420393559928444,0.0,24.88421197313518,6.589412689208984
IMG20200717090849.jpg,fully_ripe,train,0.16020074101507323,0.08691262668750944,0.7312050342011409,0.019740840210741403,0.6950050148173319,0.42955326460481097,0.0,25.15968382644331,6.240367889404297
IMG20200717090904.jpg,fully_ripe,train,0.11312658474625434,0.05529036165547422,0.6863765616428364,0.011641156724342325,0.7264174508986209,0.5195530726256983,0.0,21.196804233529956,6.562948226928711
IMG20200717090939.jpg,fully_ripe,train,0.14261399836040217,0.07745517429619136,0.7074087557958733,0.020260307636113042,0.7308150263316117,0.4851657940663176,0.0,23.662415031277998,6.145238876342773
IMG20200717090948.jpg,fully_ripe,train,0.0426904637047467,0.01596561540175326,0.6316858940685475,0.0028841111693489766,0.7513843859177193,0.5181818181818182,0.0,16.35014006183834,6.176948547363281
IMG20200717091002.jpg,fully_ripe,train,0.10992017352623995,0.054725590392930665,0.6855403675663622,0.014206571760635812,0.7253959357706506,0.4875444839857651,0.0,21.165311995368157,6.214380264282227
IMG20200717091035.jpg,fully_ripe,train,0.07447254101704776,0.036763561948316044,0.6506743576471001,0.010710738262937128,0.7235030037971628,0.5120481927710844,0.0,18.554669544910087,6.202459335327148
IMG20200717091047.jpg,fully_ripe,train,0.09956692325310462,0.05545826036118522,0.6754368101565942,0.014105540395415285,0.7181141564277654,0.4609053497942387,0.0,21.78440835370479,6.317615509033203
IMG20200717091112.jpg,fully_ripe,train,0.1379431569250393,0.09639254712003581,0.6546012601658429,0.02824576110727378,0.7389888481654588,0.4957446808510638,0.0,24.674888898135297,6.394863128662109
IMG20200717091115.jpg,fully_ripe,train,0.10842614264630746,0.06746572699828358,0.652357313708527,0.01972787365904823,0.7481401730991,0.5073375262054507,0.0,21.19240655042982,6.06846809387207
IMG20200717091135.jpg,fully_ripe,train,0.09225341100031029,0.05205441964060309,0.6624281637215839,0.012686187888378298,0.7461033983250797,0.49256505576208176,0.0,20.53832255810309,6.3991546630859375
IMG20200717091159.jpg,fully_ripe,train,0.1432107531321242,0.06925830596659607,0.732256442109876,0.016833821484405456,0.747924831417737,0.5083487940630798,0.0,23.64396934304995,5.993366241455078
IMG20200717091212.jpg,fully_ripe,train,0.073794038807828,0.03620286419081577,0.6460449171750442,0.008885186727657438,0.7344748613215122,0.4868421052631579,0.0,18.346218292392464,6.029605865478516
IMG20200717091217.jpg,fully_ripe,train,0.08535828082125806,0.04826280374163201,0.6627915262624292,0.013579957855164967,0.754971554057535,0.5463320463320464,0.0,20.2210520831069,6.515026092529297
IMG20200717091236.jpg,fully_ripe,train,0.24085927403106924,0.14867353895787408,0.7469191708397672,0.04545685821525144,0.7486602729374645,0.5152671755725191,0.0,30.35386082715741,6.451845169067383
IMG20200717091245.jpg,fully_ripe,train,0.15365028884127083,0.08440852639757243,0.7172460296620716,0.023016847486735204,0.7558503391943829,0.5057034220532319,0.0,23.95440154316581,6.552934646606445
IMG20200717091251.jpg,fully_ripe,train,0.12293756419367843,0.06527677615261177,0.6980593981435559,0.018815970628523176,0.7462460482173394,0.5057471264367817,0.0,22.01042104480829,6.420135498046875
IMG20200717091256.jpg,fully_ripe,train,0.12964374166370693,0.07664952054278434,0.6881099045247973,0.021760758662795445,0.7352319416403292,0.5093632958801498,0.0,23.25107659642119,6.51240348815918
IMG20200717091304.jpg,fully_ripe,train,0.13212504321070548,0.07718899698674317,0.6929922465238482,0.019092300854174606,0.7682807003591213,0.5482625482625483,0.0,22.981978957199882,6.415843963623047
IMG20200717091309.jpg,fully_ripe,train,0.1567188720335767,0.08601553828990406,0.7167139392370955,0.01993669585214025,0.689823477393692,0.4458041958041958,0.0,24.59198436733072,6.696462631225586
IMG20200717091335.jpg,fully_ripe,train,0.1413385325311674,0.07145306514278413,0.721467271491065,0.015078330900143256,0.7529736882134952,0.5028248587570622,0.0,23.19776823295542,6.488323211669922
IMG20200717091351.jpg,fully_ripe,train,0.17418572095031093,0.09251516565475955,0.7398600093258063,0.024162389173829565,0.7516676503423452,0.5119705340699816,0.0,25.741152731529947,6.704568862915039
IMG20200717091402.jpg,fully_ripe,train,0.1449060088105332,0.07770205847147443,0.7211176570880183,0.015305559179669144,0.7172499661728208,0.48473967684021546,0.0,24.167455306597528,6.3686370849609375
IMG20200717091414.jpg,fully_ripe,train,0.10303598779308461,0.052182895407998024,0.6863683316827189,0.011647649691751095,0.7872624932749533,0.6043010752688172,0.0,21.074646792001463,6.613016128540039
IMG20200717091422.jpg,fully_ripe,train,0.10914544642148007,0.06025911034449858,0.6779756206435896,0.016286935988049183,0.7468425577713177,0.5271966527196653,0.0,21.69396667865344,6.515979766845703
IMG20200717091428.jpg,fully_ripe,train,0.13380589937341872,0.07408263015740484,0.6943681151582525,0.02164238990319721,0.734062990467292,0.4930966469428008,0.0,23.558743755000897,6.822347640991211
IMG20200717091432.jpg,fully_ripe,train,0.1394165911035737,0.07717230245176403,0.6933454231738799,0.02027998319193799,0.785461828492341,0.5663900414937759,0.0,23.624786800849773,6.238698959350586
IMG20200717091452.jpg,fully_ripe,train,0.10318421088285772,0.0585018838659598,0.6647533290623546,0.016879990206383658,0.7212599556764459,0.504149377593361,0.0,20.600776798298337,6.58869743347168
IMG20200717091524.jpg,fully_ripe,train,0.16589609607739592,0.09549147812634406,0.7224167646879543,0.026386343117850982,0.6887118137901452,0.46464646464646464,0.0,25.767528344291918,6.844758987426758
IMG20200717091549.jpg,fully_ripe,train,0.07382390336877127,0.03390019071810315,0.6449380165238006,0.006563890654747585,0.7539578641079793,0.5561403508771929,0.0,17.976976255634835,6.493806838989258
IMG20200717091600.jpg,fully_ripe,train,0.11312939417680942,0.04513496889490463,0.7271113464132056,0.006415596751664898,0.7410777460352832,0.5067340067340067,0.0,21.54620476961626,6.115913391113281
IMG20200717091605.jpg,fully_ripe,train,0.14050290992322143,0.06098485816729309,0.741072113289015,0.010259294289984754,0.7055675514260006,0.4596375617792422,0.0,23.274596565264023,6.013393402099609
IMG20200717091613.jpg,fully_ripe,train,0.13210988259324788,0.0614954975487983,0.7133331162111566,0.011455602416411918,0.7838942255710338,0.5858951175406871,0.0,22.376447206166596,6.101131439208984
IMG20200717091626.jpg,fully_ripe,train,0.1608224100059816,0.08360503027410669,0.7241832457189086,0.018530840375120344,0.7579693763809487,0.512998266897747,0.0,24.55715642395192,6.144285202026367
IMG20200717091647.jpg,fully_ripe,train,0.10283363342718928,0.054670918289814505,0.6730105720512105,0.017301560157954178,0.7315795176123557,0.4917431192660551,0.0,20.584304997773476,6.33549690246582
IMG20200717091702.jpg,fully_ripe,train,0.15815984228235955,0.09370064923574105,0.6997409246131959,0.026413302643121982,0.7247719945724813,0.5101289134438306,0.0,25.416293534867272,6.244421005249023
IMG20200717091707.jpg,fully_ripe,train,0.15241069685582267,0.08632637126599331,0.7041284403601002,0.02422408744852407,0.736088982179792,0.49635036496350365,0.0,24.249774192872497,6.45136833190918
IMG20200717091712.jpg,fully_ripe,train,0.16091964214322266,0.08308876337672266,0.7360949788466694,0.021341868898492312,0.7358620022593295,0.4802065404475043,0.0,24.91856691518751,6.676673889160156
IMG20200717091718.jpg,fully_ripe,train,0.13945825135017423,0.07582761848291442,0.6873197195678302,0.022426407381015624,0.6832735719121998,0.448566610455312,0.0,23.050768589867612,6.497859954833984
IMG20200717091725.jpg,fully_ripe,train,0.07408279610968098,0.03655078351106777,0.6488377341394245,0.010499151236736245,0.7462655468636684,0.5093283582089553,0.0,18.4316863806091,6.844997406005859
IMG20200717091728.jpg,fully_ripe,train,0.1014947896475978,0.05254195811272568,0.6752554193703199,0.014254542488179799,0.7167528282731361,0.4927797833935018,0.0,20.53539752987222,6.806373596191406
IMG20200717091739.jpg,fully_ripe,train,0.057779824175676155,0.02247588045677247,0.6599064129537751,0.0028804248894100976,0.7307463133928168,0.5076628352490421,0.0,17.764689275511998,7.713079452514648
IMG20200717091745.jpg,fully_ripe,train,0.060403263176528374,0.021865873503153624,0.6612891058521517,0.004127466511438067,0.7221792542255143,0.4943820224719101,0.0,17.77924538541798,7.422447204589844
IMG20200717091748.jpg,fully_ripe,train,0.08933853573093312,0.03669302395132888,0.6885927051242638,0.0061001576832510375,0.7473636806200634,0.5375494071146245,0.0,19.878576598654366,6.806612014770508
IMG20200717091754.jpg,fully_ripe,train,0.11086670680768687,0.047458126988615235,0.6978998979970029,0.007385379161097296,0.7101172559407619,0.46511627906976744,0.0,20.85083484658115,5.9413909912109375
IMG20200717091801.jpg,fully_ripe,train,0.06275876851499015,0.029365643437806822,0.6466082286904863,0.0059453300390795985,0.7420624385667106,0.5148514851485149,0.0,17.853443821706783,6.191015243530273
IMG20200717092037.jpg,fully_ripe,train,0.057422412991378,0.024807563940948473,0.632685824364537,0.0058132166183149005,0.7592666282345446,0.5380530973451327,0.0,16.983207223499747,6.467103958129883
IMG20200717092040.jpg,fully_ripe,train,0.07244378009140169,0.033802142261070124,0.6552561381431925,0.009282581945136287,0.7711737387759375,0.5734767025089605,0.0,18.248897550281104,6.613731384277344
IMG20200717092046.jpg,fully_ripe,train,0.09385456265355838,0.043603174324723624,0.6830054482010143,0.008969395441646643,0.7275537618198448,0.5200698080279232,0.0,19.977833536417744,6.386280059814453
IMG20200717092052.jpg,fully_ripe,train,0.10091727105227907,0.05488789394169187,0.6776110805585874,0.015072570017061832,0.7026023083318638,0.4660033167495854,0.0,20.77381497545404,6.245136260986328
IMG20200717092106.jpg,fully_ripe,train,0.09221830985834316,0.05007042253477051,0.6735211267546345,0.012667253521015253,0.7761480831977392,0.5730337078651685,0.0,20.244175584970712,6.8378448486328125
IMG20200717092152.jpg,fully_ripe,train,0.1610050684764489,0.10377799345646528,0.6972812346394278,0.027535137855092623,0.7727361696019255,0.5754310344827587,0.0,25.725696118528717,6.6242218017578125
IMG20200717092159.jpg,fully_ripe,train,0.12621128508269466,0.06329047078310023,0.7033770760079295,0.011353734850535294,0.6614859556070857,0.43486590038314177,0.0,22.294694145269254,6.183385848999023
IMG20200717092206.jpg,fully_ripe,train,0.08726471288912004,0.03442935430028081,0.6955444364939773,0.005408625208417815,0.7307861763055143,0.5130260521042084,0.0,19.63791479819051,6.194829940795898
IMG20200717092228.jpg,fully_ripe,train,0.1613476753468709,0.10299328194121392,0.6932552734758233,0.025589576215973617,0.7400567628916326,0.49369747899159666,0.0,25.610830094991606,6.335020065307617
IMG20200717092238.jpg,fully_ripe,train,0.16281482541305556,0.10630127838072051,0.6920792787553416,0.028286586528950983,0.7719715293275572,0.567741935483871,0.0,25.81207009623635,6.017923355102539
IMG20200717092255.jpg,fully_ripe,train,0.07900943396122892,0.04576781970589927,0.6251834381469448,0.014295073375074751,0.7444633478924958,0.5106837606837606,0.0,18.345819432343646,6.145954132080078
IMG20200717092258.jpg,fully_ripe,train,0.06523525289305195,0.03127038979203898,0.6445349314825097,0.008578816364894774,0.7739281221768319,0.5529661016949152,0.0,17.674929190752557,6.726980209350586
IMG20200717092304.jpg,fully_ripe,train,0.07395514462330287,0.036671456237437734,0.6333229212140524,0.008196414068742471,0.7216112049081298,0.4691848906560636,0.0,18.032920586542623,6.904125213623047
IMG20200717092310.jpg,fully_ripe,train,0.06450172092083102,0.027994535088042952,0.6408528414828716,0.005845878983659837,0.7028044492837433,0.46586345381526106,0.0,17.43859096066657,8.454084396362305
IMG20200717092316.jpg,fully_ripe,train,0.07932256793909254,0.044728895890183425,0.6203886044292979,0.01529473545995412,0.746926758640693,0.5316455696202531,0.0,17.99496879498645,8.675575256347656
IMG20200717092323.jpg,fully_ripe,train,0.09940376250843586,0.06262476699061852,0.6331883502249681,0.02198543118121144,0.7127609179963925,0.4824742268041237,0.0,20.152372147457363,8.382081985473633
IMG20200717092329.jpg,fully_ripe,train,0.07691830069322193,0.04057024352030288,0.6432252536336481,0.012269176797691841,0.76370011136575,0.5376344086021505,0.0,18.300503122721775,7.807254791259766
IMG20200717092335.jpg,fully_ripe,train,0.06828044561142946,0.033218799414649815,0.6249747351576529,0.008096636507292958,0.7102938610165239,0.4616858237547893,0.0,17.624301021816027,8.048295974731445
IMG20200717092348.jpg,fully_ripe,train,0.10530750953051186,0.06042437973061248,0.6510333204308583,0.013745372160941795,0.7413583519237484,0.5138004246284501,0.0,20.917013654570656,7.270097732543945
IMG20200717092355.jpg,fully_ripe,train,0.05664219002382017,0.021109461820101812,0.6594637907620232,0.0029818592614580656,0.7474429316408855,0.5219206680584552,0.0,17.486339291948706,7.332801818847656
IMG20200717092414.jpg,fully_ripe,train,0.14380934988878963,0.07658418553601416,0.7121416179611928,0.020350164353310468,0.740681066005943,0.4970873786407767,0.0,23.936139612606567,8.69441032409668
IMG20200717092418.jpg,fully_ripe,train,0.1719184713979248,0.10251130639283118,0.6970131509517348,0.033606647791624,0.748437975466377,0.4909819639278557,0.0,25.32070689598457,8.441686630249023
IMG20200717092424.jpg,fully_ripe,train,0.09996363979018863,0.05335523923598644,0.6822656449805101,0.011769934147463945,0.7455107729834343,0.5147679324894515,0.0,20.751470369742577,7.743120193481445
IMG20200717092429.jpg,fully_ripe,train,0.09118092603449673,0.03871435157691215,0.7058815780714499,0.005176842521172669,0.7143639631640345,0.4869215291750503,0.0,20.458937746939203,8.907556533813477
IMG20200717092448.jpg,fully_ripe,train,0.23726490045345508,0.15529292026965394,0.7347152841889031,0.05126234564642626,0.7426078581206625,0.4962686567164179,0.0,31.631865764413448,9.740352630615234
IMG20200717092454.jpg,fully_ripe,train,0.13149379130069305,0.07478703288490238,0.6740092399396284,0.01926938146923654,0.7561960520575544,0.5289719626168224,0.0,23.076060457825804,6.858348846435547
IMG20200717092458.jpg,fully_ripe,train,0.10462102028660314,0.052175392591032446,0.6788005564773474,0.012961276310260315,0.6956047674800554,0.459412780656304,0.0,21.078566794217405,6.936788558959961
IMG20200717092504.jpg,fully_ripe,train,0.1949875614198998,0.11045662945259507,0.7355928370162258,0.028762926869088976,0.7052158437141738,0.45454545454545453,0.0,27.33291520731109,6.950616836547852
IMG20200717092509.jpg,fully_ripe,train,0.16129681257569725,0.08897383573238896,0.731488134579451,0.024114045928547757,0.7477806195831667,0.5413669064748201,0.0,25.405757731352708,6.333827972412109
IMG20200717092518.jpg,fully_ripe,train,0.16776763058822772,0.09698831943195628,0.7158870700007935,0.026069826450691416,0.6990438179275507,0.45087719298245615,0.0,25.661079457226023,6.533384323120117
IMG20200717092542.jpg,fully_ripe,train,0.13390485826181228,0.06941408155459526,0.6980794594238552,0.014896384758397656,0.7710804122704461,0.5547169811320755,0.0,23.077313263372734,6.542682647705078
IMG20200717092548.jpg,fully_ripe,train,0.1152413605969657,0.053608281327926395,0.6977956471991499,0.009907665490820753,0.7501063808209608,0.5278745644599303,0.0,21.389184282855297,6.697416305541992
IMG20200717092555.jpg,fully_ripe,train,0.1161375255843743,0.049619938143696564,0.7179427066831561,0.01017105037726508,0.7161195955863622,0.47952218430034127,0.0,21.659133424043098,6.316184997558594
IMG20200717092609.jpg,fully_ripe,train,0.16948018766972195,0.11082826218134596,0.7006085381084164,0.03448692339820238,0.7163777554379968,0.4896907216494845,0.0,26.6249377042928,7.164239883422852
IMG20200717092613.jpg,fully_ripe,train,0.13785918363507618,0.07381121362601399,0.7058106312832724,0.020181616348927393,0.746893564848438,0.5290909090909091,0.0,23.607061052291574,6.475687026977539
IMG20200717092630.jpg,fully_ripe,train,0.07436478213008943,0.02965845125664755,0.6737458231406143,0.006301720077971994,0.732956212388521,0.4894837476099426,0.0,18.6154271611598,6.613016128540039
IMG20200717092703.jpg,fully_ripe,train,0.09648715054013672,0.03927883657569915,0.6928414901311194,0.005046815857570813,0.6708606290652783,0.42857142857142855,0.0,19.982950305165858,6.4983367919921875
IMG20200717092708.jpg,fully_ripe,train,0.07952488188193221,0.03374619154817696,0.6659491323280573,0.007716253808366272,0.7382156419542731,0.4932821497120921,0.0,18.747174819439056,8.692741394042969
IMG20200717092723.jpg,fully_ripe,train,0.1470054229658257,0.07033135048531582,0.7346209895036359,0.017797845146589768,0.7451799825732783,0.5360824742268041,0.0,23.862042466513476,7.439374923706055
IMG20200717092728.jpg,fully_ripe,train,0.12356634394689076,0.059306245085892224,0.7128057120011114,0.01334309745077546,0.7535208322748277,0.5531496062992126,0.0,22.255317470135083,8.268594741821289
IMG20200717092746.jpg,fully_ripe,train,0.13476859884405926,0.06572005240530057,0.7124747707150069,0.017917212563083023,0.7633231214704128,0.5358649789029536,0.0,22.78871567755659,7.6580047607421875
IMG20200717092801.jpg,fully_ripe,train,0.12370071785905817,0.05670418261218887,0.7145542244988049,0.013055096356200831,0.7193237701047402,0.4667931688804554,0.0,22.05595829087625,6.846189498901367
IMG20200717092805.jpg,fully_ripe,train,0.13352402995683643,0.06081184356987563,0.7275039849692393,0.012566325305013797,0.7183196861363326,0.46629213483146065,0.0,22.770958376260687,8.053302764892578
IMG20200717092809.jpg,fully_ripe,train,0.1433899803854185,0.0684412801697321,0.7294432414578271,0.016835398550944538,0.7229879946664409,0.5116731517509727,0.0,23.751046324559866,6.276607513427734
IMG20200717092830.jpg,fully_ripe,train,0.05727813324784293,0.025480912423865573,0.6351125124463616,0.0053817001652984925,0.7874523561677046,0.5691382765531062,0.0,16.93525761539424,6.102800369262695
IMG20200717092838.jpg,fully_ripe,train,0.08982937775350919,0.036944567985718026,0.6744834835980827,0.008521004326117729,0.7156398074738289,0.4664246823956443,0.0,19.510591811837045,7.5016021728515625
IMG20200717092844.jpg,fully_ripe,train,0.17094743346943972,0.10619520296525632,0.714524352084561,0.030599436097190152,0.7618195676643998,0.5499058380414312,0.0,26.33415362550981,6.576061248779297
IMG20200717092856.jpg,fully_ripe,train,0.06865244938892122,0.03360183897355894,0.6347454025591607,0.008084144645262671,0.7199106834038903,0.47942754919499103,0.0,17.651694342178068,6.018400192260742
IMG20200717092859.jpg,fully_ripe,train,0.0512140771471952,0.022370139849178097,0.6352677885293216,0.005129091747299744,0.7650271568871851,0.5400763358778626,0.0,16.657710171358648,6.313085556030273
IMG20200717092916.jpg,fully_ripe,train,0.11890517962742522,0.061250426210581924,0.6889743033312775,0.016046206461712842,0.7613176134453585,0.5185185185185185,0.0,21.528806171964263,6.274700164794922
IMG20200717092923.jpg,fully_ripe,train,0.13181583517030257,0.07294316421764732,0.7059557891706392,0.01978692448472533,0.7630694455454814,0.5355805243445693,0.0,23.174772860983275,6.300687789916992
IMG20200717092937.jpg,fully_ripe,train,0.12497129683094091,0.06126404158917947,0.6900333415935078,0.015017497451020755,0.7473066479995621,0.49910873440285203,0.0,21.61160037640827,6.112098693847656
IMG20200717092941.jpg,fully_ripe,train,0.1260165399769304,0.06844128897693606,0.6850619019924178,0.016530144650895046,0.7613080885212171,0.5277246653919694,0.0,22.01449817735392,6.278753280639648
IMG20200717092951.jpg,fully_ripe,train,0.09969785456361584,0.05380824917818664,0.6577949466616195,0.014681429208595111,0.7370866218079816,0.5055350553505535,0.0,20.079074733094494,6.16002082824707
IMG20200717093009.jpg,fully_ripe,train,0.16967754033942942,0.11450845217475414,0.6788709000412664,0.037237795022126235,0.7629779388477395,0.5643382352941176,0.0,26.425213691289727,5.955696105957031
IMG20200717093015.jpg,fully_ripe,train,0.20213055821502351,0.13743155230030474,0.7040862067388213,0.044729417348186924,0.749784419624819,0.5231316725978647,0.0,29.04659636139184,6.134748458862305
IMG20200717093036.jpg,fully_ripe,train,0.15071948289442694,0.08511529681268552,0.7126172419333903,0.02223001222631666,0.7167155261808497,0.4940577249575552,0.0,24.356656754221373,6.374359130859375
IMG20200717093050.jpg,fully_ripe,train,0.12633331474491702,0.07938948324281751,0.6799486987431198,0.026383500752579933,0.7683612569446594,0.5530434782608695,0.0,22.829949244712996,6.088018417358398
IMG20200717093116.jpg,fully_ripe,train,0.11293109406205454,0.052407610358575406,0.7111854901542097,0.01357582220102509,0.7088735222796662,0.4725663716814159,0.0,21.77987642115821,6.273984909057617
image_0_1014.jpg,overripe,train,0.3302379609919893,0.21579522990974875,0.7721199111414918,0.06674184322924046,0.807563917657427,0.6836734693877551,0.0,37.0386411759988,7.072210311889648
image_0_107.jpg,overripe,train,0.2223727119684624,0.13499368819515314,0.7386124552816825,0.028219019566218456,0.8092918979065886,0.6611374407582938,0.0,30.43046178105252,6.543636322021484
image_0_1113.jpg,overripe,train,0.2508933862458842,0.15758615116492553,0.7508574712163445,0.041077809901403584,0.7850690075217025,0.6504854368932039,0.0,31.63021083358145,7.046222686767578
image_0_1156.jpg,overripe,train,0.27529374654798305,0.18615537919875721,0.7405925830287216,0.04986701650966824,0.7923929370208239,0.7966101694915254,0.0,34.57182582874142,7.025480270385742
image_0_116.jpg,overripe,train,0.146198692695629,0.09058949783487269,0.4561804254273088,0.028120826366670407,0.7719739501148678,0.75,0.0,19.970613186403604,7.529258728027344
image_0_1338.jpg,overripe,train,0.25216820544378993,0.18616885216537643,0.6067065960713772,0.05082070859390817,0.7379644117457519,0.728125,0.0,33.35246729857806,7.080316543579102
image_0_1358.jpg,overripe,train,0.22845828091297857,0.1262824033867296,0.7445735953297964,0.028846324219671083,0.7538079093925156,0.5166959578207382,0.0,29.044390741437784,6.137371063232422
image_0_1390.jpg,overripe,train,0.3413916575891889,0.22146955356163134,0.784571572150258,0.07088114582386632,0.7670890513932874,0.5185909980430529,0.0,37.85139799844507,6.175041198730469
image_0_1450.jpg,overripe,train,0.1441930116456551,0.07816971713723606,0.6852579034865751,0.01669439822499507,0.8028259112506555,1.1694915254237288,0.0,22.89120720530962,6.295919418334961
image_0_1519.jpg,overripe,train,0.3443003178378846,0.23055211260408962,0.7638519027481212,0.07623301876279366,0.7858571302867678,0.5255319148936171,0.0,37.88634031627193,6.372928619384766
image_0_1524.jpg,overripe,train,0.29557658116186825,0.18697901310508655,0.7579225745284166,0.05567914801562019,0.7576482477566066,0.7120622568093385,0.0,33.520082667318846,6.2694549560546875
image_0_1538.jpg,overripe,train,0.18555379373009048,0.10017374582419475,0.7246128673060575,0.027554738368918436,0.8089330799095951,1.4069767441860466,0.0,26.51826919607954,6.3323974609375
image_0_1542.jpg,overripe,train,0.1858475940073577,0.11402448729293367,0.629077040063729,0.030617959313420744,0.6759625104553355,0.690625,0.0,26.94553470687541,6.702661514282227
image_0_1550.jpg,overripe,train,0.31403199764924383,0.202957581093476,0.7641274034877137,0.06376779685847814,0.8007946414446394,0.8478260869565217,0.0,35.89526844248592,6.474018096923828
image_0_156.jpg,overripe,train,0.34616573328668815,0.2540271235875457,0.7541260245475025,0.07089344657449781,0.8178482102014455,0.7439446366782007,0.0,41.707202657006036,6.672143936157227
image_0_1585.jpg,overripe,train,0.27367121401981875,0.16851192162724657,0.7610310488527605,0.048364571104234665,0.7984512783582226,0.6517094017094017,0.0,33.63399243826812,6.147146224975586
image_0_1589.jpg,overripe,train,0.24012154222154827,0.151612577853196,0.7396046095173664,0.036891343268062496,0.8005200495894206,0.8825065274151436,0.0,31.897234276559622,6.143808364868164
image_0_1592.jpg,overripe,train,0.14493547468126317,0.07737560526634632,0.6853377445642588,0.01775815604371335,0.7934001001207351,1.2692307692307692,0.0,22.928835571388138,6.021976470947266
image_0_1787.jpg,overripe,train,0.20062488998239197,0.11332511881611226,0.742140468220893,0.03263509945403419,0.786297381233829,0.8836206896551724,0.0,27.666578597557745,6.037473678588867
image_0_1788.jpg,overripe,train,0.12342130476367667,0.055035856342043166,0.6902708823233151,0.009186191678952552,0.7861347707402437,0.6296296296296297,0.0,21.52794132432068,6.407737731933594
image_0_1796.jpg,overripe,train,0.28347394026979733,0.16891810292627266,0.7638148473960646,0.04534789434600221,0.7987877030151243,0.6793893129770993,0.0,32.543359857128614,5.998849868774414
image_0_1830.jpg,overripe,train,0.2865368613714258,0.1777444943675848,0.7637099905612281,0.05368613745988034,0.7804247861458096,0.5773195876288659,0.0,33.59640760345534,5.897283554077148
image_0_1839.jpg,overripe,train,0.3060199155076492,0.23191762220706155,0.7336828605858955,0.06274140012022675,0.8138732955506641,0.7622641509433963,0.0,40.08604897304626,6.686210632324219
image_0_1856.jpg,overripe,train,0.29523886118442944,0.1863081514826166,0.7551248369099501,0.051257305237866986,0.7562079125540268,0.7333333333333333,0.0,33.43854001768061,6.561517715454102
image_0_1863.jpg,overripe,train,0.2531407537783754,0.1656897655420732,0.7391774025692249,0.04648115547684963,0.7857769432433126,0.6565040650406504,0.0,33.45945999616598,6.010293960571289
image_0_1886.jpg,overripe,train,0.2429112895926098,0.1521162349954687,0.7481815720535315,0.039824925547876325,0.7816210188495293,0.66015625,0.0,31.053890346817806,6.309986114501953
image_0_1895.jpg,overripe,train,0.18530879217571733,0.10127133305687769,0.7242691788156816,0.02602940027429062,0.7804774489252205,1.5608108108108107,0.0,26.302977062945274,6.203174591064453
image_0_1912.jpg,overripe,train,0.14526818742133535,0.07900299453849963,0.6827549762123178,0.014532323410091903,0.7786554014556968,1.1530054644808743,0.0,22.868004576762903,7.010936737060547
image_0_1934.jpg,overripe,train,0.33105351733200233,0.2147223157171678,0.7735442611863107,0.06544597778481692,0.8114521828446468,0.6168067226890757,0.0,37.16484225257229,6.604671478271484
image_0_1952.jpg,overripe,train,0.38196137715324835,0.2613381449300042,0.7852945479276152,0.09444796644769278,0.7852601250621757,0.8160377358490566,0.0,42.22376034163305,6.281852722167969
image_0_2070.jpg,overripe,train,0.2290741654298923,0.12635481604212295,0.7260020032481799,0.024368001674001466,0.7503097416520905,0.6763285024154589,0.0,28.419379858021504,6.511688232421875
image_0_2095.jpg,overripe,train,0.215711124139674,0.1468496415519431,0.690468534239786,0.03345186978612885,0.8000944104623141,0.8140043763676149,0.0,29.431601808773653,6.271839141845703
image_0_2116.jpg,overripe,train,0.2659143464107372,0.20048504446146675,0.6426134120403705,0.05358989302676397,0.7154544915096517,0.6875,0.0,35.3480126772085,7.040977478027344
image_0_214.jpg,overripe,train,0.12597781943986752,0.05618604869816345,0.6963955121646533,0.010120541407765426,0.7991499830954698,0.75,0.0,21.75730025652598,8.063077926635742
image_0_2154.jpg,overripe,train,0.3371572231341408,0.22098280305677756,0.7819326488276722,0.07226306671660686,0.7487169400768805,0.6217303822937625,0.0,37.4182495228592,6.550312042236328
image_0_2156.jpg,overripe,train,0.27219486633938095,0.16785722541886974,0.756779249595389,0.045310585569616396,0.8095293965946013,0.798828125,0.0,32.43282114571089,6.520986557006836
image_0_216.jpg,overripe,train,0.33689491777100933,0.25891733463752997,0.7390977507053703,0.07166808848435577,0.8011573599256622,0.6847195357833655,0.0,42.378909726534744,6.436824798583984
image_0_2168.jpg,overripe,train,0.18851062025532278,0.10243778352395441,0.7250688938760753,0.02836308135813488,0.8027851313196241,0.9750566893424036,0.0,26.716522656624893,6.363391876220703
image_0_2178.jpg,overripe,train,0.2295617119621109,0.15995158127575693,0.6117464699211731,0.04897192371285631,0.7227199282883611,0.6234375,0.0,32.063599173356195,6.940603256225586
image_0_2198.jpg,overripe,train,0.17719675428008605,0.11168596989927616,0.6949996532256745,0.02754698661450105,0.7776059323371981,0.7331670822942643,0.0,26.36908176825696,6.282329559326172
image_0_220.jpg,overripe,train,0.3305658035818451,0.2129266795698778,0.7743058131561689,0.06728402139338299,0.8069239398034219,0.7917448405253283,0.0,36.931915689757766,6.557703018188477
image_0_2210.jpg,overripe,train,0.15964869223663808,0.08392936446670447,0.6789554262167277,0.01931842086798893,0.8022896569383997,1.544529262086514,0.0,23.865673503778076,6.392717361450195
image_0_2216.jpg,overripe,train,0.14327067550595615,0.07966545133556961,0.6305359713330958,0.02105113845302212,0.6871264293596372,1.3882863340563991,0.0,23.634555732852796,6.593942642211914
image_0_2273.jpg,overripe,train,0.20628502430288068,0.10026316604167149,0.7681104678115848,0.019009876466645963,0.8067335242383543,0.6026058631921825,0.0,27.15314972185976,6.480932235717773
image_0_2351.jpg,overripe,train,0.2770337997646743,0.17155486949028154,0.7592518343214061,0.05043903612475002,0.7853809198720079,0.5791505791505791,0.0,33.804342695642326,6.754398345947266
image_0_2402.jpg,overripe,train,0.3803352550702445,0.26151833728669255,0.7862264425077974,0.08988178867194078,0.7833555822463582,0.8268292682926829,0.0,42.51194001422474,6.379365921020508
image_0_2415.jpg,overripe,train,0.21558510252016932,0.14835768883649303,0.603568798677628,0.041262614214826625,0.7253466638330924,0.6734375,0.0,29.83259838688487,7.079601287841797
image_0_2457.jpg,overripe,train,0.25362342389047604,0.1681831968447063,0.6234563889216199,0.05489839247771297,0.7284925560557762,0.6265625,0.0,31.624812484969663,7.234811782836914
image_0_2528.jpg,overripe,train,0.25164940166405464,0.16641135698276324,0.616170961427428,0.053220693734279644,0.7301278772765258,0.6625,0.0,32.41091838262781,7.301568984985352
image_0_2537.jpg,overripe,train,0.16647119813653402,0.11096833409783295,0.5321571227014357,0.030921421651009053,0.771307891975972,0.75,0.0,24.280217875856703,7.137060165405273
image_0_2554.jpg,overripe,train,0.15087076501982027,0.07443823481611175,0.7079130239801814,0.016124419296615695,0.7800249456528923,1.2647058823529411,0.0,23.53904652116022,7.014989852905273
image_0_26.jpg,overripe,train,0.2702437346347546,0.18130675017965622,0.7344790270628258,0.04595913628610362,0.7922977534090372,0.6749555950266429,0.0,34.20264462062239,6.750583648681641
image_0_2600.jpg,overripe,train,0.19415186604825183,0.12423047589551804,0.6310272118645985,0.03597509608129178,0.7291264788317782,0.6546875,0.0,26.81217782297389,7.102012634277344
image_0_2670.jpg,overripe,train,0.24773936785369302,0.1400990328091064,0.7673469387684081,0.0349946781430423,0.7810126777178208,0.6216216216216216,0.0,30.50560678426288,6.948947906494141
image_0_2678.jpg,overripe,train,0.2723407270895822,0.16743776385021375,0.7631229942115764,0.04955607074471227,0.7981521371700238,0.6446808510638298,0.0,33.55677451737398,6.300210952758789
image_0_2722.jpg,overripe,train,0.3370694830012656,0.22043595707754526,0.7757559840851678,0.07413521422606237,0.8076144578507543,1.5936507936507935,0.0,38.56328944715535,6.474494934082031
image_0_2777.jpg,overripe,train,0.29107384672112513,0.21889149381547032,0.6850522874606424,0.05944007969850779,0.8501123020000023,0.7623239436619719,0.0,37.48064364318168,6.667375564575195
image_0_281.jpg,overripe,train,0.14663172388301693,0.08733818915125206,0.5920907829848844,0.0274611372441228,0.715439321667249,0.6921875,0.0,22.810059096857454,6.613254547119141
image_0_2832.jpg,overripe,train,0.1314553376319008,0.06340525193233713,0.7069567834106563,0.013803660913870343,0.7948828048350216,1.2806451612903227,0.0,22.55452789296848,6.287336349487305
image_0_2839.jpg,overripe,train,0.24691259101724833,0.16339980568941218,0.7340271030865674,0.04554241243531673,0.7967589960640113,0.6542443064182195,0.0,33.39376573327065,6.48188591003418
image_0_2858.jpg,overripe,train,0.19564324613699097,0.11114186233272796,0.7267386840395792,0.024426390500630068,0.8056369960139104,0.746268656716418,0.0,27.401777981580302,6.42848014831543
image_0_2876.jpg,overripe,train,0.22655516024847824,0.1262301898977925,0.7301051918136717,0.021562013891765437,0.7489549953915879,0.6460807600950119,0.0,28.21991691404082,6.304740905761719
image_0_2886.jpg,overripe,train,0.13075338917572235,0.06515559261563438,0.7004257792176727,0.017865039355925344,0.8136901855466534,0.7107843137254902,0.0,22.43440239213919,6.409645080566406
image_0_2893.jpg,overripe,train,0.19602986447581447,0.10937334135284162,0.7311400870392843,0.021982590849386235,0.7932050846382122,0.5796296296296296,0.0,27.50171612434836,6.828546524047852
image_0_2965.jpg,overripe,train,0.1229326592112842,0.05428450774263286,0.6851799360162137,0.008833380575767304,0.7908536652682269,0.6151368760064412,0.0,21.459409954822725,6.861686706542969
image_0_299.jpg,overripe,train,0.2564902364576425,0.15993716458848867,0.7432993100074914,0.04203057589072929,0.7857006664439375,0.7071823204419889,0.0,31.999570922566424,7.007598876953125
image_0_301.jpg,overripe,train,0.18417038504591546,0.11761016151627854,0.7029523714385084,0.02720002280885569,0.7841118715892856,0.8826666666666667,0.0,27.110622450633265,6.44230842590332
image_0_3066.jpg,overripe,train,0.2629888659927935,0.15773334493980545,0.7573541503355935,0.04696402487935456,0.7959487198133399,0.7124463519313304,0.0,32.130147886621174,6.673336029052734
image_0_3069.jpg,overripe,train,0.15152351586748333,0.09587109022574739,0.4659985996833605,0.0287131912371625,0.771888493598934,0.75,0.0,20.569392086934442,7.39598274230957
image_0_3083.jpg,overripe,train,0.44272011043673726,0.3107371527823443,0.79445647774743,0.12311665436742061,0.7815553895085589,0.5810526315789474,0.0,44.836777113103125,6.960153579711914
image_0_3102.jpg,overripe,train,0.3359107653726283,0.21860799969876202,0.7743796398379268,0.07167567365342413,0.8097750900978434,1.5936507936507935,0.0,38.455700067549714,6.919622421264648
image_0_3153.jpg,overripe,train,0.22993976877445693,0.13313525749723973,0.7471400274805245,0.03392553965524774,0.7936315238493039,0.5449101796407185,0.0,30.568783715434556,6.726503372192383
image_0_3157.jpg,overripe,train,0.2645303944951534,0.17693855585090001,0.6461111891019343,0.056278955495950446,0.6652022820508774,0.7140625,0.0,32.9056550040095,6.815671920776367
image_0_3178.jpg,overripe,train,0.2513388218342725,0.16641355606899516,0.739659099984617,0.04642914235426396,0.792546846771054,0.7100840336134454,0.0,33.46587136825111,6.5364837646484375
image_0_3180.jpg,overripe,train,0.23077653144011687,0.15871113931915606,0.6254130013072171,0.054056458835979565,0.7197374421736991,0.56875,0.0,31.78858600300469,7.019758224487305
image_0_3190.jpg,overripe,train,0.23019049143384213,0.1286839905365359,0.7483769987305162,0.029569749034829434,0.7377218284645641,0.6524163568773235,0.0,29.42273593977019,6.723642349243164
image_0_3193.jpg,overripe,train,0.2437879326873657,0.1836615892102257,0.6146254433307751,0.049637247609231924,0.7029656241717868,0.7078125,0.0,33.71867508829888,7.056951522827148
image_0_3295.jpg,overripe,train,0.15284898535479655,0.07592945077152911,0.7074417462261119,0.016524422067229573,0.7869299218418886,1.5314285714285714,0.0,23.461568979743216,6.537675857543945
image_0_3299.jpg,overripe,train,0.2921498317394809,0.1810448502214261,0.7621228002343232,0.05244110994591007,0.7856313592007838,0.5356415478615071,0.0,33.83581091435373,6.955146789550781
image_0_3315.jpg,overripe,train,0.25112937790895423,0.1671680534438011,0.7405097040905061,0.046644062339179164,0.8063592074623324,0.8600917431192661,0.0,33.64330638256948,6.541013717651367
image_0_3328.jpg,overripe,train,0.1318449714132054,0.06599189772371504,0.6955588929326507,0.018362633617901202,0.8040234665303231,0.8337595907928389,0.0,22.331555063406324,6.565332412719727
image_0_334.jpg,overripe,train,0.2539573584663283,0.16925188973665672,0.7421166740547784,0.04774780053701419,0.7890431151448722,0.5960144927536232,0.0,33.67099092165782,6.178140640258789
image_0_3342.jpg,overripe,train,0.2678523727023253,0.20159587760168898,0.711992348053736,0.053666985497042914,0.7973970332462804,0.6425855513307985,0.0,36.59724104548733,6.365776062011719
image_0_3436.jpg,overripe,train,0.1976357095538307,0.11178028743658136,0.7253235015058676,0.02378608630265257,0.8076078471192307,0.7629310344827587,0.0,27.379743854397958,6.513118743896484
image_0_3503.jpg,overripe,train,0.2282913089682225,0.16356317683598592,0.6182194907401528,0.03839658121482123,0.7304488868935968,0.60625,0.0,29.681967046888836,6.96253776550293
image_0_3513.jpg,overripe,train,0.255362486217068,0.15635466428519762,0.7514620189957325,0.04532521392151478,0.7872616150701337,0.8663594470046083,0.0,33.033580453554634,6.934404373168945
image_0_3601.jpg,overripe,train,0.1801244826237255,0.10346445364113281,0.6942981953074607,0.030067662666367095,0.7807809873943048,0.6260504201680672,0.0,26.294618385451496,6.791591644287109
image_0_3615.jpg,overripe,train,0.18349383796826893,0.11613239948778997,0.5365613846032171,0.03418412014265545,0.772009138092017,0.75,0.0,24.548612940012095,7.300376892089844
image_0_3622.jpg,overripe,train,0.1909270393952174,0.10990756528663818,0.7170510634414695,0.031095755182346804,0.7906519525797948,0.5708955223880597,0.0,26.877454431901093,6.733417510986328
image_0_3660.jpg,overripe,train,0.24109432886563628,0.1518703458169444,0.7473081640905088,0.0372210588915804,0.8232871801804342,0.6900726392251816,0.0,32.12035046286536,6.944894790649414
image_0_3687.jpg,overripe,train,0.1812436837167077,0.09548297962037734,0.7280065497341981,0.017500095943284593,0.7634945889386316,0.680365296803653,0.0,25.800158863652825,6.869077682495117
image_0_3715.jpg,overripe,train,0.43015113660071314,0.30441309924930915,0.7742586015575893,0.11766023953171562,0.7943549368697657,0.5732217573221757,0.0,44.11299436101251,6.801128387451172
image_0_3759.jpg,overripe,train,0.23508240196772634,0.1424512218208946,0.7410095612133378,0.029511171373869542,0.7954805364790449,0.8542141230068337,0.0,30.51628812024537,7.076740264892578
image_0_3761.jpg,overripe,train,0.20410715229042334,0.1148928300946222,0.7468870533053868,0.0348544356184958,0.8013267651807559,0.5782442748091603,0.0,28.116534040573676,6.839752197265625
image_0_3763.jpg,overripe,train,0.2739879982663787,0.2030086816643484,0.6473666302319543,0.054337739467271884,0.732460835455053,0.6484375,0.0,35.41842068761739,7.274389266967773
image_0_3797.jpg,overripe,train,0.16054418272926044,0.08267440889446712,0.6986311928682089,0.020220576427611103,0.7749537660077408,1.5851063829787233,0.0,24.001660126375246,7.311582565307617
image_0_3799.jpg,overripe,train,0.34697458152295735,0.2532238065700358,0.7533292002433147,0.0711035337875319,0.8155947223471047,0.7135506003430532,0.0,41.784737848740875,7.551908493041992
image_0_3857.jpg,overripe,train,0.18535300551120118,0.10352447489895847,0.7208767661355676,0.02485435592927776,0.7915696148895052,1.6795774647887325,0.0,26.330032602628645,7.179021835327148
image_0_387 (2).jpg,overripe,train,0.13160826877277115,0.06307758857914092,0.7070274096411312,0.01219080577277661,0.8111908287660897,1.6875,0.0,22.571991895691852,7.463932037353516
image_0_3891.jpg,overripe,train,0.25717599938436686,0.19200927982630955,0.7149297994034326,0.055941607116841124,0.7912645567990849,0.6203319502074689,0.0,36.62390158482432,7.324934005737305
image_0_3905.jpg,overripe,train,0.12769688190735057,0.06152321414879516,0.6946202129463722,0.013989479301491838,0.8129688415223547,0.6078886310904872,0.0,22.218136405300566,7.282495498657227
image_0_3939.jpg,overripe,train,0.2699285987487573,0.16141144969934074,0.7498342470945439,0.042228739002663336,0.7784687482663476,0.5279106858054227,0.0,31.649457021960334,7.491588592529297
image_0_3989.jpg,overripe,train,0.2801958742561551,0.2097261700379381,0.6678186474507201,0.05558213491652502,0.8423253696484161,0.7174280879864636,0.0,36.42366420121005,7.452249526977539
image_0_4051.jpg,overripe,train,0.23681809709496054,0.14434122367156496,0.7442293920801242,0.03256849684583361,0.7939137391611124,0.927570093457944,0.0,30.608089912972222,6.877422332763672
image_0_4057.jpg,overripe,train,0.21453721793788205,0.1274019365767718,0.7408806921791777,0.03429804409865064,0.7420576940736937,0.6412371134020619,0.0,29.28638891896942,6.5822601318359375
image_0_410.jpg,overripe,train,0.24630386913814026,0.1548914753047513,0.7508147216011223,0.0374079899334708,0.801186516868941,0.6351351351351351,0.0,32.01754390746469,6.815671920776367
image_0_4103.jpg,overripe,train,0.2502381148993848,0.17147025628226129,0.6277589671559569,0.04718804195200711,0.7058148495192912,0.6515625,0.0,32.681464054797864,7.088422775268555
image_0_4106.jpg,overripe,train,0.2663359799827446,0.2010789304498056,0.7169327796730465,0.05356429278755352,0.8097733887597655,0.7345309381237525,0.0,36.59588429400289,6.995439529418945
image_0_4135.jpg,overripe,train,0.14789937479738904,0.09377694836661307,0.4693125471580612,0.028572006036337944,0.7717075268593095,0.75,0.0,21.03647843580366,7.682085037231445
image_0_4152.jpg,overripe,train,0.1524911199607378,0.09614996501770576,0.47570771217750757,0.03144004628373258,0.7718708996103594,0.75,0.0,20.820889528953174,7.8029632568359375
image_0_4156.jpg,overripe,train,0.33780462184519117,0.21931722688845257,0.7844957983110873,0.07032563025136213,0.7560052949331371,0.5531496062992126,0.0,37.431020535490994,7.287025451660156
image_0_4231.jpg,overripe,train,0.2940962380442027,0.18108325704821737,0.7628900089249828,0.05243131762027075,0.778745826832269,0.5551020408163265,0.0,33.84031545356232,7.323503494262695
image_0_4254 (2).jpg,overripe,train,0.24181066563625447,0.1517974837903477,0.7461732291870642,0.038146650286161335,0.7795013638056929,0.6111111111111112,0.0,31.04492000735943,7.169246673583984
image_0_4254.jpg,overripe,train,0.20616691488661168,0.13381322742493346,0.6337194550133283,0.0340118042912791,0.7159927740430448,0.6203125,0.0,29.15738350000245,7.786035537719727
image_0_4324.jpg,overripe,train,0.23037702102463606,0.12747706462722813,0.7446009556709355,0.02727329352802277,0.7566126586572,0.5302491103202847,0.0,29.189679133675007,7.00688362121582
image_0_438.jpg,overripe,train,0.17850292316852737,0.09952563086386267,0.709463262227244,0.02980600254953533,0.7729128824518233,0.7209821428571429,0.0,25.805812132997893,7.163524627685547
image_0_4405 (2).jpg,overripe,train,0.18712322769518808,0.10293671909117523,0.7266022294755784,0.029417707877029794,0.8026452351520784,1.598802395209581,0.0,26.610637649899846,7.617712020874023
image_0_4408.jpg,overripe,train,0.18248861594817942,0.13376723617774366,0.488113736023189,0.03691769440509049,0.7719488158454756,0.75,0.0,25.588666503953743,8.907556533813477
image_0_4427.jpg,overripe,train,0.192464470090133,0.12359724132370788,0.6182004823665102,0.03415455759515759,0.7270801605171968,0.7109375,0.0,26.65307483063688,10.792016983032227
image_0_4460.jpg,overripe,train,0.20099517490774682,0.11209465692088187,0.7416004399281416,0.03284431987482399,0.7895357782045788,0.8850325379609545,0.0,27.611210138213522,12.211799621582031
image_0_4463.jpg,overripe,train,0.24329141085865594,0.15990939977254628,0.5925612445574742,0.05314418549172591,0.6655198228522367,1.4446952595936795,0.0,29.370843530643647,14.458894729614258
image_0_4520.jpg,overripe,train,0.2507732721267828,0.15685096692496034,0.7487874196402264,0.04027290902697467,0.7927126407318515,0.5877862595419847,0.0,31.614534460704114,8.794784545898438
image_0_4526.jpg,overripe,train,0.24844160269138282,0.1645086288091589,0.7322763624628463,0.04479765889594519,0.7896424233826508,0.7301927194860813,0.0,33.39873823458593,9.321212768554688
image_0_4570.jpg,overripe,train,0.25310151530237346,0.1857224213583815,0.6118332160809139,0.05102006632915134,0.6858393307081364,0.715625,0.0,34.89858367521432,6.888151168823242
image_0_4602.jpg,overripe,train,0.25585452007919574,0.19193449914753027,0.7190157428729775,0.057651214512476005,0.7978586014547046,0.7,0.0,36.33459130527931,7.447957992553711
image_0_4675.jpg,overripe,train,0.23855271938058836,0.15524188413321968,0.6402683469732505,0.04551914544607072,0.7399187008588067,0.6421875,0.0,31.051546630160423,7.678031921386719
image_0_4687.jpg,overripe,train,0.21424994093820696,0.14832978974582256,0.6858209307754707,0.03294117647027696,0.8069249849123159,0.5841584158415841,0.0,29.25998234364411,6.6738128662109375
image_0_4698.jpg,overripe,train,0.18850882547810854,0.13231983090701693,0.6000932107113547,0.03119933308369141,0.6448457834377128,0.6421875,0.0,26.930550890270943,6.911039352416992
image_0_4706.jpg,overripe,train,0.17689391177413857,0.1011447320444685,0.7231498359407718,0.031549398468599714,0.7805404699960233,0.6910714285714286,0.0,26.396411828285107,6.577014923095703
image_0_4710.jpg,overripe,train,0.26675757487580626,0.1572035086686086,0.7580390905237083,0.0477751665840004,0.7925830050597161,0.7051546391752578,0.0,31.953178708678283,6.380319595336914
image_0_4725.jpg,overripe,train,0.276775850440632,0.18606436247158448,0.7386404395992866,0.04792034318965896,0.7926006811321377,0.7875939849624061,0.0,34.53621804842962,7.081031799316406
image_0_4730.jpg,overripe,train,0.2650982434792266,0.15701594466960853,0.758524563274604,0.049078334345679334,0.7958571966565203,0.7301255230125523,0.0,31.870199432072635,6.552219390869141
image_0_474.jpg,overripe,train,0.2119696265565426,0.1304900611145822,0.6112129209860355,0.03687076380774211,0.757105051215383,0.74375,0.0,26.981110903075365,6.605386734008789
image_0_4756.jpg,overripe,train,0.3120621613604503,0.2016564819944039,0.7614406198766192,0.061526474131454206,0.8024733108510487,0.7161172161172161,0.0,35.74202596563186,6.494045257568359
image_0_4783.jpg,overripe,train,0.33189310180877774,0.2158108933038336,0.7710642338684727,0.06503425354361368,0.8079998281317186,0.6610455311973018,0.0,36.99347156784134,6.485939025878906
image_0_4892.jpg,overripe,train,0.23075946737918698,0.16113585489026183,0.6419876306703782,0.05277155978092463,0.713984726556512,0.5765625,0.0,32.56138594832986,6.492853164672852
image_0_4937.jpg,overripe,train,0.1820290889599354,0.09501714489547328,0.7264209868739383,0.016239850093484432,0.7770580598802129,0.5440528634361234,0.0,25.762828977219176,6.26826286315918
image_0_4949.jpg,overripe,train,0.24094972654479938,0.1570835086234903,0.6561106436650394,0.049069204879842926,0.7431531011999132,0.653125,0.0,31.438563275637033,6.6013336181640625
image_0_4953.jpg,overripe,train,0.23323112079986222,0.1600869778115631,0.6180146673004348,0.04994228683994251,0.6894538501325984,0.6734375,0.0,31.148024967972514,6.569147109985352
image_0_4967.jpg,overripe,train,0.23263867027273438,0.12806144934634417,0.7479380469566842,0.0242869734932902,0.755565650408547,0.6560975609756098,0.0,28.978038581796355,6.080389022827148
image_0_497.jpg,overripe,train,0.3330159308985662,0.21679261465172314,0.7704099893922053,0.06653970569321002,0.8073542943378516,0.6521008403361345,0.0,37.06901056099068,6.7386627197265625
image_0_501.jpg,overripe,train,0.18441948576721698,0.10042444750014409,0.7234424970615791,0.025745314622547654,0.8137356463665975,1.5403726708074534,0.0,26.479626880614514,6.404399871826172
image_0_5013.jpg,overripe,train,0.23265393082641603,0.1370336928166929,0.747339373210635,0.03697992228598842,0.791621157092198,0.8761467889908257,0.0,30.747223030663214,6.274938583374023
image_0_5022.jpg,overripe,train,0.26830173053133854,0.20081436877619685,0.7094497834615034,0.0549095049944365,0.797966162161783,0.8701298701298701,0.0,36.46050623365922,6.027460098266602
image_0_506.jpg,overripe,train,0.22676476926043215,0.12672782686133166,0.7318905273415034,0.02156512637346358,0.7500036983021512,0.6335697399527187,0.0,28.244881812889208,6.347179412841797
image_0_5084.jpg,overripe,train,0.2859423849901079,0.1757481018292123,0.7652970075841303,0.053338543992258396,0.7728981827866731,0.78125,0.0,33.21433445769715,6.914615631103516
image_0_5085.jpg,overripe,train,0.260661979640973,0.16421322460114665,0.7493291759676405,0.04141869912574451,0.7953509213833674,0.5782073813708261,0.0,32.548082103737976,6.22248649597168
image_0_5146.jpg,overripe,train,0.1672945118540309,0.11277182650450061,0.5302127227478627,0.03266148821298451,0.7714712647270219,0.75,0.0,24.68554870645198,6.375312805175781
image_0_5180.jpg,overripe,train,0.23454780373700573,0.15256522083823848,0.6510562674012367,0.04322556871431931,0.7648883330608592,0.6984375,0.0,31.13222457719844,6.776571273803711
image_0_5209.jpg,overripe,train,0.15007133105163395,0.0748362453782476,0.7056865422026286,0.014396600653374062,0.7868858643297122,1.6094674556213018,0.0,23.380018923625656,6.072282791137695
image_0_5228.jpg,overripe,train,0.2669555663104061,0.16232164672673383,0.7532597253858788,0.04406487948394483,0.8018078121931707,0.6068222621184919,0.0,32.0494179906656,6.370067596435547
image_0_5238.jpg,overripe,train,0.2874245702900422,0.18310726412111764,0.7545081895044554,0.048213437483082516,0.7671090233694012,0.5072992700729927,0.0,33.48644434140189,6.169319152832031
image_0_5323.jpg,overripe,train,0.18329394961487197,0.11643839593051179,0.6096947810249267,0.03213014625178022,0.6962627789649396,0.6578125,0.0,26.412148518632513,6.48808479309082
image_0_5363.jpg,overripe,train,0.25372376545987013,0.17420304755266453,0.6545894179651163,0.05908522615451589,0.6802971412768075,0.5984375,0.0,34.586694321590635,6.22868537902832
image_0_5376.jpg,overripe,train,0.3412407401466565,0.22055713207473185,0.7823762607660579,0.07422759302283766,0.7616206424906881,0.8558758314855875,0.0,37.60713365289253,5.970001220703125
image_0_538.jpg,overripe,train,0.2770668991921292,0.17091841907640057,0.7619086244929136,0.05264331920535515,0.8006571398250224,0.5853658536585366,0.0,33.7483586493319,6.742000579833984
image_0_5431.jpg,overripe,train,0.18449414506704598,0.1014928686375327,0.7235029690801543,0.02615017481518231,0.7919360223719263,1.5098039215686274,0.0,26.2934860120512,6.245136260986328
image_0_5507.jpg,overripe,train,0.13328885574698418,0.06674254019247358,0.7027196734730098,0.01421974543105033,0.7931965783576925,1.56,0.0,22.535111884272343,6.669044494628906
image_0_5556.jpg,overripe,train,0.33565596361593353,0.25706263349878505,0.7442120857098445,0.0706693998478031,0.8106552531846011,0.7876288659793814,0.0,42.36922021793296,5.828142166137695
image_0_5560.jpg,overripe,train,0.34364784820282096,0.22793521271870704,0.7650846707699624,0.07404084842733502,0.7699752019797342,0.6415929203539823,0.0,37.747049664229635,6.048679351806641
image_0_557.jpg,overripe,train,0.24823279815221347,0.13984750646068755,0.7649320449442284,0.038493964183117374,0.790575576069952,0.5833333333333334,0.0,30.625153286481186,6.168842315673828
image_0_561.jpg,overripe,train,0.12971267862407884,0.06454596128427402,0.6896599776947191,0.015797608188712408,0.8207148315452768,0.602803738317757,0.0,22.346639946421277,6.123781204223633
image_0_5612.jpg,overripe,train,0.23460717552358365,0.14651895517688263,0.7333062303005051,0.04248399227520598,0.7667455297609013,1.8571428571428572,0.0,30.411805697940483,5.92350959777832
image_0_5640.jpg,overripe,train,0.12404490382135037,0.058532616295326134,0.6913180009320046,0.016743582897685603,0.8099243028140203,0.6194895591647331,0.0,21.851884133837206,6.0558319091796875
image_0_568.jpg,overripe,train,0.24879383557476187,0.16497009354714096,0.6240729535332233,0.053156911147833955,0.7319606178042678,0.6203125,0.0,31.410526510459732,6.658077239990234
image_0_5787.jpg,overripe,train,0.16752076338329033,0.09838310655447985,0.6969429227676129,0.02537256287881586,0.7941477737459952,0.5710843373493976,0.0,25.639424965679346,5.991220474243164
image_0_5789.jpg,overripe,train,0.13892542310091496,0.07519646952602532,0.6792139044915791,0.014391460776591144,0.779495867336263,1.58,0.0,22.79543603051764,6.176233291625977
image_0_5799.jpg,overripe,train,0.29539205588379036,0.20660964578203744,0.7504724374121134,0.0621736599340632,0.80503803830118,0.6122840690978887,0.0,37.08467968795965,6.342172622680664
image_0_5818.jpg,overripe,train,0.149298259067802,0.07347956131548831,0.7075159137916442,0.016826443745556974,0.7770763669597408,1.716923076923077,0.0,23.424056686963226,6.309986114501953
image_0_5862.jpg,overripe,train,0.2574722740720603,0.19192928516315003,0.7130119688073678,0.05626441199015852,0.7944586755723335,0.6045548654244306,0.0,36.55727741881285,6.290674209594727
image_0_5906.jpg,overripe,train,0.20536265527248312,0.10306719679881049,0.7661015484110457,0.021590151384056563,0.7843368938715922,0.6518151815181518,0.0,27.331657814482252,6.419181823730469
image_0_5915.jpg,overripe,train,0.1483764249726239,0.07088522241112076,0.7131192447825072,0.014823945887700193,0.7970958147327742,0.5966386554621849,0.0,23.469227248404923,6.043672561645508
image_0_5970.jpg,overripe,train,0.18072169058753815,0.11498917748754003,0.6989205969369601,0.023894964684098102,0.7869957278646604,0.7339901477832512,0.0,26.776088874366422,6.239175796508789
image_0_5976.jpg,overripe,train,0.1474160489564381,0.07002783598588364,0.7129244466611108,0.015575641947731153,0.775422161993894,0.5717171717171717,0.0,23.400044133834168,6.430625915527344
image_0_6013.jpg,overripe,train,0.207004991041287,0.13541010370994203,0.5810428046229815,0.0408432725019266,0.7160192827590465,0.6609375,0.0,28.795101093870166,6.517171859741211
image_0_6016.jpg,overripe,train,0.18957328105913787,0.11616656614248887,0.7149050060223802,0.027857358262617395,0.7622527461780307,0.7186046511627907,0.0,26.446653427533537,6.240367889404297
image_0_6036.jpg,overripe,train,0.140774029817693,0.06417468541753014,0.7101829332694282,0.012805329385504861,0.7645960510833151,0.7002053388090349,0.0,22.907297311903505,6.131887435913086
image_0_604.jpg,overripe,train,0.17814859051012735,0.09774226839874135,0.715122279291776,0.030729269338790437,0.7942764783719524,0.5576519916142557,0.0,25.856444453188843,6.205320358276367
image_0_6060.jpg,overripe,train,0.18463057846200584,0.10118258784913199,0.7244595632551599,0.02590551114615718,0.7985803007804733,1.2899728997289972,0.0,26.480232837778235,6.050348281860352
image_0_6148.jpg,overripe,train,0.24861020657905744,0.1635814207926455,0.6327089900193674,0.05205929090550416,0.6941929801191453,0.725,0.0,30.97113314159432,6.737947463989258
image_0_6160.jpg,overripe,train,0.30253539033028914,0.20551249765526913,0.7596309788614816,0.06407341303746385,0.7972132511225164,0.6043956043956044,0.0,37.36194572421834,6.70170783996582
image_0_6236.jpg,overripe,train,0.28894239187279863,0.17228156189658309,0.7706268604380089,0.0495272281557562,0.8139757155518454,0.7464503042596349,0.0,32.996009254862955,6.148815155029297
image_0_6249.jpg,overripe,train,0.24812736553588158,0.16318709452560884,0.6368699159062449,0.049139828651707726,0.6862279892022669,0.7390625,0.0,30.916515006337573,6.798982620239258
image_0_6277.jpg,overripe,train,0.1843243484250293,0.10152052259490424,0.7250685572790553,0.023610460838476687,0.7871236211783851,1.493421052631579,0.0,26.272697762651255,6.333827972412109
image_0_6280.jpg,overripe,train,0.265596427062728,0.17540558915825358,0.6542117972484749,0.05722792704050483,0.6661709925913436,0.7328125,0.0,32.99662686105538,6.988048553466797
image_0_6304.jpg,overripe,train,0.29438662882238864,0.20735685002384396,0.6794927242389535,0.058557462719923604,0.7798735439656764,0.66875,0.0,36.32959612200011,6.604671478271484
image_0_6337.jpg,overripe,train,0.3363801004979434,0.2568212157004292,0.7459931468931819,0.06793582232896637,0.8044015116939633,0.7123287671232876,0.0,42.430545195511144,6.369113922119141
image_0_6339.jpg,overripe,train,0.27281555853279976,0.20326749449835224,0.6415164006947648,0.054712829720772294,0.7339694438311707,0.65,0.0,35.42294015986202,6.737709045410156
image_0_6382.jpg,overripe,train,0.25046016695105355,0.16335180634022156,0.7358591938796715,0.04720069248861074,0.7848276394345294,0.5886939571150097,0.0,33.57655741819127,6.210803985595703
image_0_6383.jpg,overripe,train,0.28890024268498404,0.201098480008506,0.7378805296484193,0.05965853450794347,0.8098850553273595,0.5873320537428023,0.0,36.587879832282134,6.381988525390625
image_0_6414.jpg,overripe,train,0.22963582670876978,0.1610216581018972,0.5977736294298108,0.05064587222374434,0.6517530819271662,0.6875,0.0,30.30123056461805,6.497859954833984
image_0_6449.jpg,overripe,train,0.13469952386935724,0.08113498906102674,0.6778514133672431,0.01829451379039276,0.7878291094600941,0.6877729257641921,0.0,24.280570104556112,6.32929801940918
IMG20200713141551.jpg,unripe,test,0.1776659440963181,0.09656318337554252,0.726133748405484,0.023500988359099105,0.7560613776682874,0.5351851851851852,0.0,25.500091192372082,6.229639053344727
IMG20200713141858.jpg,unripe,test,0.1860501369584811,0.10391133611877343,0.7386776135524294,0.028884055496367154,0.7518927467586525,0.5057660626029654,0.0,26.716725719725506,7.044076919555664
IMG20200713142120.jpg,unripe,test,0.18216573121277166,0.09032130318492775,0.7341842524066576,0.01746262632403367,0.7668077477182191,0.5487179487179488,0.0,25.39516059502473,6.767511367797852
IMG20200713142151.jpg,unripe,test,0.12533632286895152,0.054620435617756084,0.7143898142159322,0.007695387572007564,0.7761973901603264,0.548951048951049,0.0,21.880701949662505,6.843090057373047
IMG20200713142827.jpg,unripe,test,0.14237176470454238,0.07174588235226592,0.7340235294048563,0.016574117646902833,0.7559327656348082,0.5445920303605313,0.0,24.018202267098456,6.594419479370117
IMG20200713143213.jpg,unripe,test,0.11033285669414093,0.05190515151707177,0.6988614205808448,0.012502198398705413,0.7995537780548309,0.5959409594095941,0.0,21.222534410464302,6.905317306518555
IMG20200713143248.jpg,unripe,test,0.17156657062508449,0.08593247363482492,0.7326265536496813,0.020513394313868796,0.787863843566651,0.5776031434184676,0.0,25.198817513942824,6.600379943847656
IMG20200713143640.jpg,unripe,test,0.15864089505713433,0.08838507973250109,0.7235582122350556,0.02195371335291156,0.7806133551632437,0.5654761904761905,0.0,25.532215147645005,6.371498107910156
IMG20200713143728.jpg,unripe,test,0.16320270022975905,0.07968508388274874,0.7357298438659884,0.01553796784317761,0.7067182868409471,0.47906197654941374,0.0,24.973302895913047,6.204128265380859
IMG20200713143800.jpg,unripe,test,0.0916632518317929,0.03481309474994479,0.6849883895580295,0.0040158448299046955,0.7822944488638928,0.551789077212806,0.0,19.540093564217045,6.174564361572266
IMG20200713144046.jpg,unripe,test,0.13530016980371815,0.06000050188575396,0.6881780692378173,0.011451371404098309,0.7898558756171303,0.5802919708029197,0.0,21.991556771555807,6.505012512207031
IMG20200713144053.jpg,unripe,test,0.13094540046627623,0.05980029742885235,0.7015763756048305,0.007971106862052508,0.7872961125492773,0.5580110497237569,0.0,22.153941828839315,6.124734878540039
IMG20200713144100.jpg,unripe,test,0.11457357611116512,0.04859381782421699,0.6989711605042991,0.006853853007646966,0.7672196060961114,0.5559380378657487,0.0,21.400161025230737,6.62684440612793
IMG20200713144130.jpg,unripe,test,0.12269682661554084,0.05320083452231031,0.7039310420478322,0.008180520478662781,0.7805339077817842,0.5387755102040817,0.0,21.790824859484296,5.995273590087891
IMG20200713144243.jpg,unripe,test,0.12290588864823061,0.05604839363571749,0.6901607174657388,0.00960088224315531,0.7846407107776627,0.55,0.0,21.46227281426248,6.41179084777832
IMG20200713144314.jpg,unripe,test,0.11813327774654353,0.04750986114190817,0.7022656575641996,0.0066221979924428204,0.767668795224568,0.5472027972027972,0.0,21.698846142381726,6.208896636962891
IMG20200713144349.jpg,unripe,test,0.10968787310157183,0.044439706634449606,0.6934078116945812,0.007282960941435418,0.8109133352869885,0.5863377609108159,0.0,20.722723918604014,6.27589225769043
IMG20200713144359.jpg,unripe,test,0.12067589026327895,0.05249028363832774,0.6968846231394429,0.008939929638551891,0.7834136219136077,0.5605214152700186,0.0,21.56738674408065,6.496429443359375
IMG20200713144452.jpg,unripe,test,0.16124879759971955,0.07563090590112297,0.7263693204271603,0.0119744808464043,0.79409580915686,0.5824742268041238,0.0,23.950009606490966,6.771087646484375
IMG20200713144539.jpg,unripe,test,0.14166477463006213,0.06507519487890895,0.7007232979717306,0.014714627052698966,0.7527370840205201,0.525,0.0,22.541092522383067,6.608724594116211
IMG20200713144615.jpg,unripe,test,0.15050134463525175,0.07728543696167978,0.712790966885316,0.019439348875140792,0.7602421766515526,0.5247706422018349,0.0,23.83316108112668,6.435871124267578
IMG20200713144744.jpg,unripe,test,0.12772745639329477,0.056737827462651214,0.7325998383667873,0.007003838642273858,0.7432864105294595,0.5357766143106457,0.0,22.94086368790146,6.454229354858398
IMG20200713144751.jpg,unripe,test,0.152941569783171,0.07348282865367721,0.7393749947701207,0.01345625047002051,0.718654233395641,0.5008635578583766,0.0,24.411713363104354,6.258726119995117
IMG20200713145049.jpg,unripe,test,0.16495813293831116,0.08182758818829804,0.7371955776050778,0.017561171894292273,0.7844773702434427,0.5861386138613861,0.0,24.384984553069913,6.427764892578125
IMG20200713145117.jpg,unripe,test,0.08035745823107311,0.034597859488938947,0.6722828582470394,0.008088728762600327,0.8181461455604603,0.6262230919765166,0.0,19.14887686006078,6.592035293579102
IMG20200713145155.jpg,unripe,test,0.14034916704708833,0.05925702086951313,0.7366332966093498,0.006384824587848511,0.72249809779155,0.4645390070921986,0.0,23.074003353204425,6.846189498901367
IMG20200713145321.jpg,unripe,test,0.1780947959297844,0.08744354872673411,0.7400329211096947,0.018511796733056078,0.7517829585526616,0.5587188612099644,0.0,25.33343023590727,6.393909454345703
IMG20200713145327.jpg,unripe,test,0.15075715271038698,0.06572118385124888,0.7370988404498809,0.009443878724095491,0.7635477376097433,0.5334507042253521,0.0,23.611278978046336,6.556272506713867
IMG20200713145347.jpg,unripe,test,0.12467762881015605,0.05522835768976252,0.7150787408710417,0.010800577981720405,0.7385145118970863,0.4831858407079646,0.0,21.947753959871115,6.226778030395508
IMG20200713145359.jpg,unripe,test,0.1514343073820974,0.0762346642866274,0.7299397724672769,0.020334597367652602,0.7948706317698339,0.5401869158878505,0.0,24.083204368502383,6.584405899047852
IMG20200713145525.jpg,unripe,test,0.17989570566746052,0.09609977651137787,0.7567026329852314,0.020226051153724188,0.7636391091541492,0.5454545454545454,0.0,26.955892836720373,6.531000137329102
IMG20200713145611.jpg,unripe,test,0.1810840849388608,0.08909128463289344,0.7441256602104424,0.018923783576251598,0.7509573819324101,0.5196261682242991,0.0,25.40976228140841,7.078647613525391
IMG20200713145619.jpg,unripe,test,0.0883987220976941,0.03271722741759838,0.6977953038105312,0.004249127505411584,0.7741026073591389,0.5575396825396826,0.0,19.891278493126297,6.621599197387695
IMG20200713145638.jpg,unripe,test,0.16511404724585238,0.09125718550886247,0.7289330063229682,0.024573716301781002,0.7716658821970243,0.5372848948374761,0.0,25.284085070769486,7.229328155517578
IMG20200713145725.jpg,unripe,test,0.16163881723896642,0.07717468505778126,0.7317390004043612,0.016401256027658767,0.781134686774473,0.5515267175572519,0.0,24.211834609697576,8.10098648071289
IMG20200713145739.jpg,unripe,test,0.13807143095895003,0.06605524529256217,0.7253118416151781,0.015240945724381828,0.7956016120743495,0.5817843866171004,0.0,22.962300349428613,6.597042083740234
IMG20200713145849.jpg,unripe,test,0.0964180241964712,0.03737258264230378,0.7002953224664162,0.003372392111999882,0.764035614279845,0.5348399246704332,0.0,20.11136915327537,6.660223007202148
IMG20200713145905.jpg,unripe,test,0.11744831469607837,0.05065293754814887,0.7045736912136812,0.008124849167331449,0.7645523261612914,0.5404411764705882,0.0,21.350465534962957,6.653070449829102
IMG20200713145912.jpg,unripe,test,0.14796158605197096,0.07076138018560067,0.743520110371727,0.016578881089600653,0.7713646768640808,0.5496957403651116,0.0,23.97320235200698,6.026268005371094
IMG20200713150014.jpg,unripe,test,0.10317535009690583,0.04356459870460431,0.7080729558734747,0.00757604276457258,0.7579127710562803,0.5065176908752328,0.0,20.759493616441258,6.124734878540039
IMG20200713150053.jpg,unripe,test,0.12807280696882642,0.057193263334158244,0.7193885084929595,0.009225221304205168,0.7885528783053475,0.5543672014260249,0.0,22.12794713422375,6.109952926635742
IMG20200713150237.jpg,unripe,test,0.16309667626798086,0.09075209862705796,0.7324985286316908,0.024517547935256036,0.8041210387006035,0.6065573770491803,0.0,25.865940532921883,6.342172622680664
IMG20200713150310.jpg,unripe,test,0.14578770986673148,0.07367774902055813,0.7413232463937445,0.01695533877482783,0.7820702699188897,0.538878842676311,0.0,24.413634919618644,6.753683090209961
IMG20200713150324.jpg,unripe,test,0.1445846824806281,0.07336851346562037,0.7087160510076492,0.018644211798070028,0.7869617126013106,0.5553435114503816,0.0,23.473983202403826,6.8378448486328125
IMG20200713150416.jpg,unripe,test,0.17326113243075275,0.09275011828933548,0.7315177961123862,0.027674675358522954,0.7339709569108922,0.4944029850746269,0.0,25.333525411347225,6.274223327636719
IMG20200713150438.jpg,unripe,test,0.17332970504166623,0.08447604737184279,0.7323032145770602,0.020207995645813374,0.7893055093864226,0.5583333333333333,0.0,25.12680919217784,5.756378173828125
IMG20200713150459.jpg,unripe,test,0.11070466343821103,0.045572032505579355,0.6982783168609042,0.005333713008944279,0.7879599714672446,0.5490981963927856,0.0,21.1811271473832,6.080389022827148
IMG20200713150533.jpg,unripe,test,0.12349437058266227,0.050710102709873806,0.7201519992670152,0.006319863724724881,0.756309840400848,0.5206766917293233,0.0,21.901345598463347,5.882978439331055
IMG20200717083546.jpg,fully_ripe,test,0.025281030444668843,0.00803278688515184,0.5927283372295934,0.0015456674472886925,0.739372058837754,0.5138888888888888,0.0,14.413930042477977,6.490230560302734
IMG20200717083603.jpg,fully_ripe,test,0.10150250078522151,0.05330276253128973,0.6563524028786297,0.01589749312648097,0.7650085462299862,0.5105973025048169,0.0,19.974473998567003,6.198644638061523
IMG20200717083647.jpg,fully_ripe,test,0.08599944220799635,0.043955934498944624,0.667905095813898,0.009143790589175428,0.7783756142716944,0.5325443786982249,0.0,19.537752483887335,6.204843521118164
IMG20200717083724.jpg,fully_ripe,test,0.067573045928041,0.035269689029166267,0.6325011123682949,0.00785089237150491,0.715369017331328,0.4838709677419355,0.0,17.81709782293451,6.337404251098633
IMG20200717083850.jpg,fully_ripe,test,0.051989972490327566,0.01780326559568503,0.6426701570609341,0.0017525956162730435,0.715445441759369,0.4820415879017013,0.0,16.69533437038522,6.891727447509766
IMG20200717083853.jpg,fully_ripe,test,0.12337378157824376,0.06058285259537913,0.7115973741723534,0.013815396856834939,0.7126573085429376,0.4990990990990991,0.0,22.030343593133033,6.502866744995117
IMG20200717083923.jpg,fully_ripe,test,0.10592111905473277,0.04330466548528849,0.7098826056162987,0.006883954877907242,0.7498482221864742,0.5471014492753623,0.0,20.83202473270492,6.483316421508789
IMG20200717084049.jpg,fully_ripe,test,0.06287273435916126,0.02927304618954129,0.6367277333791004,0.005934515688891693,0.7395875997404635,0.5549348230912476,0.0,17.813475661107773,6.426095962524414
IMG20200717084246.jpg,fully_ripe,test,0.066210928063358,0.02268225518113578,0.6713730131809342,0.003514662544041806,0.7376778898335756,0.513184584178499,0.0,18.016108466733524,6.363391876220703
IMG20200717084258.jpg,fully_ripe,test,0.0757251290827834,0.029159825825907634,0.6746020415366955,0.004021224450900359,0.6909454606585531,0.4696969696969697,0.0,18.536813846225083,6.039619445800781
IMG20200717084305.jpg,fully_ripe,test,0.06674725450094371,0.028658098506897583,0.674805277735237,0.007389752420401764,0.7716402293468816,0.5553235908141962,0.0,18.31783428973466,6.208181381225586
IMG20200717084454.jpg,fully_ripe,test,0.0862706286358119,0.041984641800510536,0.6618453686842765,0.008227606601065683,0.7636726500261418,0.534446764091858,0.0,19.08644902786122,6.08062744140625
IMG20200717084517.jpg,fully_ripe,test,0.0730871991657322,0.027326463033172137,0.6835638906870964,0.0056839868370244795,0.7323302064661164,0.4851301115241636,0.0,18.725445521586895,6.733417510986328
IMG20200717084615.jpg,fully_ripe,test,0.09502608066317224,0.042080824932490976,0.6819666529243312,0.008462396606916027,0.7787383822334586,0.546875,0.0,19.88934133915622,6.313800811767578
IMG20200717090701.jpg,fully_ripe,test,0.1369214968188221,0.08163625234636392,0.6972850162287217,0.026838605263698495,0.7408198027964011,0.5,0.0,23.518313353316337,6.208181381225586
IMG20200717090725.jpg,fully_ripe,test,0.11713463482813706,0.058508983432580416,0.706123123583397,0.017451582795194723,0.704761998585079,0.4614035087719298,0.0,21.735345797566232,6.383657455444336
IMG20200717090916.jpg,fully_ripe,test,0.04419963341946503,0.016820681227882803,0.6394149992301874,0.0027970826332404434,0.7369871125927574,0.5161870503597122,0.0,16.614239274423497,5.992412567138672
IMG20200717090924.jpg,fully_ripe,test,0.06266022717392716,0.025319494185970876,0.656108075923378,0.00541531843795509,0.736178228492154,0.48566308243727596,0.0,17.9426865007738,6.515979766845703
IMG20200717090932.jpg,fully_ripe,test,0.15199686840477764,0.08914539951604326,0.719789190266092,0.025912028947899905,0.7345772592220677,0.5054545454545455,0.0,26.079230464532127,5.952358245849609
IMG20200717090956.jpg,fully_ripe,test,0.06523946191779184,0.02792908881442503,0.6580077705474726,0.005183623264753474,0.751450989620031,0.5119705340699816,0.0,18.30117309470945,6.030082702636719
IMG20200717091029.jpg,fully_ripe,test,0.10516447285499253,0.06595273450197629,0.6518511061252379,0.021342460926417055,0.7502347389755789,0.5042016806722689,0.0,21.004812655053765,5.875825881958008
IMG20200717091054.jpg,fully_ripe,test,0.13537908204603075,0.08929819135551702,0.6864139834749503,0.025119411703777426,0.7441440843057155,0.5250501002004008,0.0,24.975521039614303,5.9814453125
IMG20200717091100.jpg,fully_ripe,test,0.1584667571213234,0.10654002713559649,0.6672184531795493,0.030366350067430582,0.7228880878566593,0.505307855626327,0.0,25.062082586023763,5.85627555847168
IMG20200717091145.jpg,fully_ripe,test,0.05702356600389476,0.023463259263191424,0.6703001092772317,0.005837793407442134,0.7312383302984548,0.5089605734767025,0.0,17.876864497572026,6.155967712402344
IMG20200717091151.jpg,fully_ripe,test,0.06311103965854013,0.02191453231894221,0.6774514433781392,0.0031751454437348643,0.7204699330997372,0.4606946983546618,0.0,17.957569305372655,6.145954132080078
IMG20200717091203.jpg,fully_ripe,test,0.13198581488902075,0.07224158889229322,0.7099486643623236,0.020343376096077562,0.7431587588762417,0.5095057034220533,0.0,23.325535656961378,6.284952163696289
IMG20200717091436.jpg,fully_ripe,test,0.1756771488867734,0.09860159958673749,0.7224011654916959,0.021486407468494007,0.7631475538764202,0.5347490347490348,0.0,26.031943819994453,6.333351135253906
IMG20200717091528.jpg,fully_ripe,test,0.14285902087418023,0.08391176315817543,0.699597728339123,0.022308986695820727,0.7052221375060369,0.49897750511247446,0.0,24.218490170908975,6.48808479309082
IMG20200717091630.jpg,fully_ripe,test,0.06578407548785162,0.030248998011564294,0.6420061854968757,0.005199293085451453,0.7744481116347417,0.5531914893617021,0.0,17.625310706289113,6.712198257446289
IMG20200717091644.jpg,fully_ripe,test,0.07282132488706444,0.0356611243068286,0.6572921615132511,0.011126946423741072,0.7578602120185541,0.53125,0.0,18.644769622411545,6.258964538574219
IMG20200717092110.jpg,fully_ripe,test,0.11894889558389393,0.0655180406391656,0.6649068136301484,0.017143543914624436,0.7528030697259814,0.5319148936170213,0.0,21.323308457872354,6.340742111206055
IMG20200717092128.jpg,fully_ripe,test,0.06363085603653434,0.025191923393176736,0.6443833584953171,0.004105216518486087,0.7436126266514855,0.5232142857142857,0.0,17.517337421959542,6.664276123046875
IMG20200717092132.jpg,fully_ripe,test,0.06243260359736378,0.028148160826830634,0.6401502832733671,0.0073087653834336755,0.7700472520860078,0.5543478260869565,0.0,17.468860862892864,6.701231002807617
IMG20200717092138.jpg,fully_ripe,test,0.07693102598487349,0.0352143464675542,0.666369901664801,0.009809143011503811,0.7632426037218946,0.5438898450946644,0.0,18.80590279159898,6.547451019287109
IMG20200717092210.jpg,fully_ripe,test,0.10888937466908986,0.05086990625778454,0.7267478493354926,0.010917227101329393,0.7253090642637785,0.5155925155925156,0.0,21.780134707197746,6.253242492675781
IMG20200717092401.jpg,fully_ripe,test,0.059355912002044056,0.020993693201308616,0.664113323724188,0.002594726126004436,0.7496696206688336,0.49899396378269617,0.0,17.63652176167236,6.650209426879883
IMG20200717092405.jpg,fully_ripe,test,0.09878739094180013,0.04762152056440043,0.6866820731111514,0.010866742833261495,0.6904268060631912,0.4596153846153846,0.0,20.461682084662456,6.38127326965332
IMG20200717092558.jpg,fully_ripe,test,0.11964479792304816,0.061250452848430406,0.692475546151058,0.012738746177005059,0.7626825482094804,0.5413669064748201,0.0,21.766815702778786,6.458759307861328
IMG20200717092639.jpg,fully_ripe,test,0.07750763240478843,0.031547276668824974,0.6806336002756446,0.0063492765806120385,0.7106500441345168,0.4677716390423573,0.0,18.935895763227876,6.654500961303711
IMG20200717092651.jpg,fully_ripe,test,0.15999200216223855,0.09437446337938707,0.6944944309105243,0.02813356385886015,0.7293123428561137,0.4816955684007707,0.0,24.785257996874552,6.256341934204102
IMG20200717092658.jpg,fully_ripe,test,0.15742972707798017,0.09870893936816975,0.6981226507527974,0.028252165386212495,0.7126888790434684,0.5,0.0,25.32294966284684,6.229639053344727
IMG20200717092756.jpg,fully_ripe,test,0.14196770662126018,0.06866903849584167,0.7253352490338746,0.01672824302115572,0.7741236878190458,0.5508474576271186,0.0,23.435145532938837,6.310462951660156
IMG20200717092834.jpg,fully_ripe,test,0.05431478434970393,0.022861383305710775,0.6404853014748544,0.004237894285063319,0.7472722217971561,0.532258064516129,0.0,16.818023365292337,6.396770477294922
IMG20200717092848.jpg,fully_ripe,test,0.14479178084777639,0.0903329314098481,0.6865601737831556,0.027493497822368554,0.7675854715749596,0.5722772277227722,0.0,24.06974118447245,6.369113922119141
IMG20200717092927.jpg,fully_ripe,test,0.15441062427147723,0.0879313687467242,0.704081039155641,0.0207638619617995,0.6928705378551578,0.46366782006920415,0.0,24.615509764056544,6.2770843505859375
IMG20200717092932.jpg,fully_ripe,test,0.17950179173214303,0.10223024987586105,0.7346591841986009,0.027305831103463643,0.6902267903139095,0.4497444633730835,0.0,26.277896434926273,6.212472915649414
IMG20200717093022.jpg,fully_ripe,test,0.18488427259323525,0.11641363651668632,0.7123419973507037,0.036005964281778394,0.7789473048118449,0.5716911764705882,0.0,27.61251213217662,6.243467330932617
IMG20200717093101.jpg,fully_ripe,test,0.07445434080381273,0.034002153273622375,0.6593422726763303,0.009503768229328535,0.7435228028666602,0.5206766917293233,0.0,18.772535135041544,6.337881088256836
image_0_1034.jpg,overripe,test,0.2947686385602861,0.18683560996741574,0.7572865709610229,0.05237598795252145,0.7570099584113136,0.6365348399246704,0.0,33.50060450409307,7.735967636108398
image_0_1191.jpg,overripe,test,0.1940997128266209,0.11999190354953393,0.7167887459268943,0.02931167533202637,0.770993724116741,0.8964646464646465,0.0,26.72258457027124,6.474971771240234
image_0_1198.jpg,overripe,test,0.14355369507335622,0.0793038991123434,0.6301503304076552,0.019945765210647153,0.6833083989245948,1.3530655391120507,0.0,23.551832443888156,6.586551666259766
image_0_1224.jpg,overripe,test,0.2027388710212702,0.13330441773795434,0.5603524881486948,0.039157709884694705,0.7270970342877109,0.628125,0.0,27.6603317113585,6.891965866088867
image_0_1656.jpg,overripe,test,0.2566982922173305,0.16329628625466744,0.7514990512252481,0.05295744104035829,0.7618803833268715,1.270949720670391,0.0,32.431293953732734,6.8645477294921875
image_0_1685.jpg,overripe,test,0.2362494337489013,0.16437800450183987,0.6153357267897518,0.05577980162636471,0.6758979694887715,0.55625,0.0,32.420241732052936,6.860017776489258
image_0_1796 (2).jpg,overripe,test,0.19129648042970004,0.11001227235575492,0.7200469395186008,0.03142439959482031,0.7873218191663203,0.5869158878504673,0.0,27.034574888290233,6.864070892333984
image_0_1803.jpg,overripe,test,0.16128457109126365,0.1075335354011397,0.669669732653679,0.023556063640979202,0.7865818342530274,0.5688622754491018,0.0,26.59961177786322,6.6509246826171875
image_0_1899.jpg,overripe,test,0.15567748535147702,0.07644378312957832,0.7343718032108772,0.01848786385177636,0.764552106582295,0.5163043478260869,0.0,24.984299804963914,6.941318511962891
image_0_1955.jpg,overripe,test,0.14018496321475105,0.07727327710307935,0.6788765848809739,0.01251415815330928,0.794467565297383,1.50814332247557,0.0,22.69520426930171,6.70623779296875
image_0_2019.jpg,overripe,test,0.19290026693247014,0.10926387072404321,0.7276554578125043,0.023871799924542973,0.8023194130276073,0.8314855875831486,0.0,27.15296279000804,6.815910339355469
image_0_2186.jpg,overripe,test,0.33567335108419666,0.21940960034423285,0.7762428599586303,0.07115096878550115,0.8138239099715526,1.6084142394822007,0.0,38.32767090140065,6.707668304443359
image_0_2243.jpg,overripe,test,0.2661397935529831,0.19892042666219928,0.7089456511384683,0.05453825425885192,0.8110575747086779,0.590566037735849,0.0,36.30428026117539,6.614208221435547
image_0_2260.jpg,overripe,test,0.2768861085453884,0.1695343154633066,0.7632542152839099,0.053959788702572675,0.7986688065214721,0.5850202429149798,0.0,33.66365641199593,6.171226501464844
image_0_2266.jpg,overripe,test,0.11188460332342479,0.054096671594077425,0.5943555973632829,0.008923531783322476,0.767375050095887,0.7109375,0.0,19.71593427785301,6.886482238769531
image_0_2335.jpg,overripe,test,0.4330250278100603,0.3058630494116063,0.7715916881045214,0.12424000629208214,0.775063010497144,0.6803455723542117,0.0,44.44455812730727,6.212711334228516
image_0_2409.jpg,overripe,test,0.2252492043608362,0.1401469899546981,0.6267238825197274,0.04005428497682349,0.7420943139814167,0.7140625,0.0,27.58313893471071,6.6890716552734375
image_0_2609.jpg,overripe,test,0.3362219558114727,0.25791231375014634,0.7419249871489817,0.07122794999082696,0.820376578373553,1.056338028169014,0.0,42.32864020985775,6.556987762451172
image_0_2661.jpg,overripe,test,0.18211696716586867,0.09777116882595371,0.7271498335496785,0.02556650163043,0.8106149311698367,1.3411458333333333,0.0,26.212687910602387,6.319999694824219
image_0_3016.jpg,overripe,test,0.246668157838481,0.14083207515386278,0.7661838990403719,0.034557960073491045,0.7805416563054361,0.8177966101694916,0.0,30.434732303109623,6.540536880493164
image_0_3044.jpg,overripe,test,0.1519910480000618,0.07569841024791096,0.7087667849922151,0.014276894582387121,0.7894606268349946,1.4613259668508287,0.0,23.515840145401228,6.391048431396484
image_0_3540.jpg,overripe,test,0.23323025689605845,0.13163287711216762,0.7508233916347908,0.02950486715921188,0.793213086504242,0.8976034858387799,0.0,29.305007100337257,6.617069244384766
image_0_3580.jpg,overripe,test,0.22802614963751697,0.12355545609827605,0.7480459696506234,0.022185636877672336,0.7658040815951889,0.7435897435897436,0.0,28.35773046843358,6.261587142944336
image_0_3703.jpg,overripe,test,0.19010216065122554,0.11785727815583154,0.7168924976863341,0.029259114270551983,0.7664521816104041,0.8337408312958435,0.0,26.582456154546414,7.409095764160156
image_0_4097.jpg,overripe,test,0.2574565152224053,0.17211313256794883,0.6251096138228579,0.053741300269434994,0.7145763751030116,0.640625,0.0,31.958989279004413,6.922006607055664
image_0_4273.jpg,overripe,test,0.23190352497079575,0.13922112810853224,0.7428715345263374,0.029965728056277438,0.7949891521225102,0.5557692307692308,0.0,30.25997885118362,6.616115570068359
image_0_4405.jpg,overripe,test,0.21621334585294621,0.1563649372273291,0.6114129523392057,0.04487372975123322,0.6886311633281671,0.6859375,0.0,30.102489065057615,6.7882537841796875
image_0_454.jpg,overripe,test,0.1510591811517901,0.07219530730433937,0.7357271777264585,0.01810582312132511,0.7966856541043038,0.5622568093385214,0.0,24.521855688004845,6.2408447265625
image_0_4546.jpg,overripe,test,0.311278939665553,0.2006627076326085,0.7602633617296363,0.05989471268281912,0.813882301635106,0.6020761245674741,0.0,35.709293612810086,6.501197814941406
image_0_4649.jpg,overripe,test,0.17863466171046594,0.10682669143315784,0.696601166796845,0.027312570748159633,0.7940556112375629,0.7429305912596401,0.0,26.41141699438096,6.057024002075195
image_0_4752.jpg,overripe,test,0.2515258444217395,0.14362849971619177,0.7656080686767469,0.03849110425718938,0.7859635129457593,0.7612244897959184,0.0,30.68071112794494,6.193399429321289
image_0_4829.jpg,overripe,test,0.3432772148042656,0.251439029063432,0.7544469243991663,0.06764518582135856,0.8154764508764784,0.6916524701873935,0.0,41.56259843397158,6.425142288208008
image_0_4982.jpg,overripe,test,0.23636638348985312,0.1524128418449191,0.6627334005904152,0.04038055689569105,0.7347840809620011,0.725,0.0,31.592423794675916,6.339788436889648
image_0_5062.jpg,overripe,test,0.2853049274253562,0.18007315054435688,0.7535930088656897,0.048962810689155006,0.7601906205080555,0.5658627087198516,0.0,33.02633414072097,6.186246871948242
image_0_5084 (2).jpg,overripe,test,0.23228688055616845,0.1391216895728824,0.7431918124199564,0.03188657293257985,0.7877220409375113,0.6185770750988142,0.0,30.066977029470944,6.249666213989258
image_0_5167.jpg,overripe,test,0.28357592820168614,0.19857002501466658,0.7307651026598958,0.06012169648483647,0.8044605353698695,0.640625,0.0,36.2971823712798,6.1798095703125
image_0_5250.jpg,overripe,test,0.24092212971216034,0.1686140068553235,0.6227873784326398,0.05606940460325985,0.6596336077410295,0.5578125,0.0,32.78627643227996,6.513833999633789
image_0_5270.jpg,overripe,test,0.1998774934617188,0.13225657715343184,0.5772514783221409,0.03779528619062625,0.7720015978111993,0.75,0.0,27.799738430948498,6.294012069702148
image_0_5393.jpg,overripe,test,0.18506690997410563,0.09991720735249462,0.7242413490071283,0.02861415247339979,0.8100073710167167,1.4222873900293256,0.0,26.454159597992863,5.941867828369141
image_0_5402.jpg,overripe,test,0.33461900281933965,0.25624732745868256,0.741956726240127,0.0686564611300038,0.8091472041406427,0.6323809523809524,0.0,42.25309585282363,5.897283554077148
image_0_5744.jpg,overripe,test,0.12709237065824147,0.0671703061045317,0.5950849202228078,0.018650589417330523,0.6333065690846278,0.7015625,0.0,22.060211552882464,6.27446174621582
image_0_6084.jpg,overripe,test,0.18639232008384363,0.10225340135940014,0.7228674364401756,0.025711600429357866,0.7910261826182683,1.5032679738562091,0.0,26.359923828467643,6.066560745239258
image_0_6087.jpg,overripe,test,0.287800874793412,0.17230511345132046,0.7719244637224058,0.050514662871369076,0.8127897687312258,0.7560975609756098,0.0,33.07905426982306,6.250858306884766
image_0_6221.jpg,overripe,test,0.2498793925230607,0.18511317805433553,0.6024777599785681,0.05044287065065107,0.7356923864401171,0.7359375,0.0,33.14269127638093,6.763219833374023
image_0_6267.jpg,overripe,test,0.2035157132386745,0.1348032336890524,0.548608021245735,0.042505493301791035,0.7711595997865576,0.75,0.0,26.798069864891104,6.891489028930664
image_0_6295.jpg,overripe,test,0.13614906832120108,0.06776070611222282,0.7020202680522784,0.014004576658855777,0.7934637416161937,1.5693430656934306,0.0,22.626535376920735,6.211042404174805
image_0_6387.jpg,overripe,test,0.2484894141267977,0.16513646279556404,0.6259292391845926,0.055516319558592334,0.7311475479486929,0.6125,0.0,32.089041954851766,6.452322006225586
image_0_6393.jpg,overripe,test,0.28361463745387006,0.17461253462794857,0.761468196121881,0.05074600295896989,0.7759513665362157,0.6179540709812108,0.0,33.29798706381618,6.579399108886719
