filename,class,train_or_test,glcm_contrast,glcm_correlation,glcm_energy,glcm_homogeneity,lbp_mean,lbp_variance,lbp_entropy
IMG20200717083337.jpg,fully_ripe,train,30.273334310478234,0.991043908400517,0.029249667573797992,0.41707890265320147,4.913547155635426,4.01316696648732,2.866218124336407
IMG20200717083346.jpg,fully_ripe,train,34.22853562095368,0.9886688506437511,0.03070505980377538,0.41278198623314444,4.917243792255369,4.056191018217456,2.875663048718031
IMG20200717083356.jpg,fully_ripe,train,33.376251784247735,0.9886625689797572,0.03112596634663092,0.416586202555834,4.91327780499755,4.036146580835162,2.878698922122223
IMG20200717083401.jpg,fully_ripe,train,49.99215741450544,0.9862887177644806,0.02897469654832666,0.4165306959306582,4.907311561084375,3.8889138221665522,2.8364360963537942
IMG20200717083408.jpg,fully_ripe,train,52.77950166312351,0.9855747297043066,0.026049664705136106,0.35684551926991526,4.739321979766478,3.5350697864912553,2.7549629251753345
IMG20200717083420.jpg,fully_ripe,train,27.561140674609856,0.9889611785774399,0.03196167474540186,0.4020421851281354,4.880535674345784,4.018951640287767,2.8666011707546284
IMG20200717083440.jpg,fully_ripe,train,49.712219009525654,0.9837917762440685,0.028428590185085954,0.3765081326037948,4.803447233141821,3.824667080397797,2.8251674199346444
IMG20200717083454.jpg,fully_ripe,train,35.111562690933944,0.9899318247556794,0.029306699139067048,0.4067237597175193,4.894852350014124,4.1662977884382855,2.905578807868812
IMG20200717083502.jpg,fully_ripe,train,33.3199140449203,0.9902480505919028,0.031099283090393656,0.405805268017726,4.892016244005703,4.0492329287550115,2.8779895128819963
IMG20200717083511.jpg,fully_ripe,train,40.12590935968961,0.9862997381005664,0.02953558447603611,0.39178596511663805,4.869713810217243,4.074756813297841,2.8808058008076363
IMG20200717083519.jpg,fully_ripe,train,53.918316551734954,0.9821614285534912,0.02631869933918485,0.35599620401662113,4.7714342689067255,3.8389586637461264,2.817781509073998
IMG20200717083535.jpg,fully_ripe,train,38.31512663851338,0.9913611710110609,0.032694305429566334,0.4448523028540601,4.985667203188473,4.165054236540132,2.906549893760963
IMG20200717083623.jpg,fully_ripe,train,45.15869119845287,0.9849756718216949,0.028554098149929635,0.37726662867148275,4.805466254350244,3.8026493603397533,2.818269832523227
IMG20200717083656.jpg,fully_ripe,train,37.1997858783094,0.9868409564362932,0.030539332820536096,0.39710151801617793,4.885276437219541,4.072944676355302,2.8731196817999827
IMG20200717083701.jpg,fully_ripe,train,43.98778290180085,0.9871655550305087,0.028010093752146824,0.381515240191738,4.831995300567848,3.8793718362810283,2.8309568489004864
IMG20200717083707.jpg,fully_ripe,train,32.551539920285386,0.9896115105416171,0.03121351288162963,0.42982607183057003,4.932680183335669,3.97354181687748,2.864713299628221
IMG20200717083744.jpg,fully_ripe,train,48.416046640085035,0.9851135490082809,0.029124131157079625,0.3957591090982636,4.847940659769666,3.9060454370409086,2.843784286851901
IMG20200717083802.jpg,fully_ripe,train,56.59962865701759,0.980326371734204,0.030018766109995043,0.3867363191588792,4.85216483571109,4.035906855962857,2.8734524276385205
IMG20200717083842.jpg,fully_ripe,train,38.8758755399255,0.9851409808913927,0.030449309815205244,0.3933070383195848,4.868932622550002,4.116073176309211,2.893481663159616
IMG20200717083846.jpg,fully_ripe,train,32.46347976348194,0.9864816791877398,0.035392511728118935,0.4170437504910916,4.931359013747643,4.160357347668135,2.9023623569182977
IMG20200717083900.jpg,fully_ripe,train,74.5420069846015,0.9773171569060717,0.023475301211403152,0.3195433612154617,4.703007367446355,3.7701230061456488,2.802330665108677
IMG20200717083943.jpg,fully_ripe,train,28.929023935587978,0.9893695128617603,0.028526429440380016,0.36489659136866337,4.7828644955938,3.87172052850681,2.8391972161158323
IMG20200717083947.jpg,fully_ripe,train,35.89991455452429,0.9876345023569937,0.027762022298047154,0.3783439115317321,4.806454724841044,3.8403301848061124,2.836796143578751
IMG20200717084008.jpg,fully_ripe,train,34.97248059609426,0.9872508125090771,0.029032235286036344,0.3979458159121545,4.871730907045729,4.073299119402982,2.8840717280141814
IMG20200717084015.jpg,fully_ripe,train,37.75047707588896,0.98434645626905,0.030809957612797974,0.39796707480878524,4.8618798467719335,4.009354104221521,2.865168935010457
IMG20200717084021.jpg,fully_ripe,train,52.1698820492569,0.9821587911907097,0.028160886121186564,0.3744300175315744,4.813495989541005,3.9167639025756973,2.8522530071074486
IMG20200717084028.jpg,fully_ripe,train,40.726599637813656,0.9850298839450502,0.028808947320926048,0.3918730263120376,4.877047604398985,4.167455960742357,2.901051631657713
IMG20200717084032.jpg,fully_ripe,train,36.19840858713614,0.987579236476187,0.02884687643065905,0.39863942183994244,4.869298830483124,4.059431359225382,2.8847850736477905
IMG20200717084053.jpg,fully_ripe,train,35.551176378841944,0.9883096143929145,0.03327227724746111,0.4207003390313356,4.954356372497692,4.275500355117193,2.9237531233690843
IMG20200717084058.jpg,fully_ripe,train,36.886576851381754,0.9873234083329827,0.02856977138054667,0.37910188861080346,4.837470204404687,4.013839180262539,2.8681814492948385
IMG20200717084102.jpg,fully_ripe,train,36.63723638165678,0.9873164430183272,0.03120224094472571,0.38182399011928636,4.841677908505661,3.99773939530934,2.8637563682218423
IMG20200717084106.jpg,fully_ripe,train,39.582466434660894,0.9854906822723918,0.029130156586933586,0.37696992507672605,4.7980090612082815,3.742533896490159,2.8056798707572668
IMG20200717084113.jpg,fully_ripe,train,31.016032779926782,0.9918872510612441,0.029089992048896673,0.41648778556106514,4.939712263073761,4.142681899395176,2.8973324157909466
IMG20200717084205.jpg,fully_ripe,train,34.455705090621564,0.9875566930688272,0.031946284282074924,0.4107717568606837,4.905794017177968,4.139462549588888,2.9028251173352064
IMG20200717084209.jpg,fully_ripe,train,47.75072874450142,0.9827656887738594,0.02831254084082939,0.3818284599346256,4.827446562005081,3.9449704774353003,2.85040161409362
IMG20200717084214.jpg,fully_ripe,train,53.13080640856476,0.9829980896471201,0.0275098524644458,0.37187803294035254,4.805925268160765,3.8629717226116385,2.8286692801792275
IMG20200717084220.jpg,fully_ripe,train,32.027991086511065,0.9856698405129571,0.031077312820211436,0.38624006700282304,4.843009027906307,4.059586873939103,2.883621854618901
IMG20200717084242.jpg,fully_ripe,train,45.24896207675794,0.9860412546879391,0.02870505490769086,0.38754314764286113,4.816746427059934,3.790239898793948,2.8143832947513867
IMG20200717084253.jpg,fully_ripe,train,36.87860204778364,0.9867496580044529,0.03019847044474562,0.4128534454886804,4.901001303065633,3.94236303278069,2.8433187860558227
IMG20200717084319.jpg,fully_ripe,train,47.29872866992084,0.9838186890329477,0.028791988240968326,0.3797329626468199,4.812259921340198,3.8621175275149127,2.835488621902293
IMG20200717084327.jpg,fully_ripe,train,47.82742642149013,0.980790045242705,0.03125396866022189,0.3929395132193193,4.848257587120644,3.914552361227497,2.8527568783638175
IMG20200717084342.jpg,fully_ripe,train,34.7173359245986,0.9896829834078601,0.031002433470560767,0.4247056862608733,4.9222445002436,3.973763324097006,2.8646826563647254
IMG20200717084347.jpg,fully_ripe,train,30.87854440456315,0.9908604491714641,0.03226964084010581,0.4261980356746058,4.925903391354955,3.9468138034809064,2.8513300796020404
IMG20200717084352.jpg,fully_ripe,train,28.097450151366303,0.9901245635283185,0.03299289713696126,0.4158408295163132,4.896775286710543,3.917510959599001,2.8503660388072487
IMG20200717084358.jpg,fully_ripe,train,35.62695668997972,0.987006281096084,0.029868085844286518,0.4028624287995243,4.868952165257255,3.984652915667673,2.8622127598906317
IMG20200717084402.jpg,fully_ripe,train,37.32492579165765,0.9839273614203099,0.031822521602445204,0.3849198436181639,4.855945945945946,4.094206491020378,2.8854188325278343
IMG20200717084410.jpg,fully_ripe,train,38.30735233960771,0.9876133362782401,0.029297836363498368,0.407501382040709,4.89271625878362,3.983285449658114,2.861337790071893
IMG20200717084423.jpg,fully_ripe,train,42.98882485557472,0.983796384139749,0.028225041774153536,0.35493467079123586,4.776469408224674,3.9949488187732705,2.8614278864918794
IMG20200717084433.jpg,fully_ripe,train,32.29493549270022,0.9904406179715803,0.03143169528908597,0.41142802330968303,4.892285998141205,3.9926601044692047,2.868011370073523
IMG20200717084442.jpg,fully_ripe,train,36.91966338547097,0.9866260170429981,0.032074653713275426,0.41618642860723676,4.911246565076193,4.055315433335066,2.8855570103348613
IMG20200717084451.jpg,fully_ripe,train,37.76021366094503,0.9866949989318451,0.0313468438533286,0.40103639963112364,4.872063116542047,3.944140906170729,2.863247549082263
IMG20200717084524.jpg,fully_ripe,train,37.54398010099057,0.9839683098797574,0.02993664150617667,0.383102710739094,4.832782816407271,4.012394103430324,2.8695236455544784
IMG20200717084527.jpg,fully_ripe,train,41.42097078872982,0.9848387184089732,0.030059252530685796,0.369220295972515,4.801033689931024,3.8990370678029858,2.835899818565523
IMG20200717084536.jpg,fully_ripe,train,40.87737664732112,0.9849344331685824,0.027879303373556364,0.35995881905663407,4.795103993385371,3.920219746698197,2.8409847977408207
IMG20200717084540.jpg,fully_ripe,train,33.44314125188002,0.9873456692523781,0.02902859725365131,0.3727294738916428,4.803111837867301,3.8391499220346827,2.8351549703446586
IMG20200717084543.jpg,fully_ripe,train,31.90904297355676,0.9873752611670289,0.02914971788320681,0.3723176490067872,4.797257644822559,3.9126667371513584,2.8502420025451847
IMG20200717084601.jpg,fully_ripe,train,50.81468101588507,0.984768803843836,0.028133081323765248,0.36321138688539756,4.782359470820519,3.8320750326827175,2.825139560547614
IMG20200717084608.jpg,fully_ripe,train,46.4623292276291,0.9833433139934307,0.02571309467126688,0.34044775830842877,4.749396052243936,3.8810550707769123,2.8292207759057373
IMG20200717084620.jpg,fully_ripe,train,35.87775249658577,0.9869173055874727,0.031417014001084174,0.4114145836116927,4.933362840562604,4.230584570126996,2.9169696672316388
IMG20200717084648.jpg,fully_ripe,train,53.00331129650919,0.9861921990642445,0.025416157918842965,0.35740278367966444,4.777699845892441,3.795971269136184,2.8103370346331005
IMG20200717084659.jpg,fully_ripe,train,45.90852111032683,0.987419910639962,0.0272491454947719,0.37963429286806916,4.820966441814093,3.803147018983305,2.8095628269908706
IMG20200717084705.jpg,fully_ripe,train,64.90698534709077,0.9847140612138197,0.024301886155659005,0.3511236732654329,4.733432313484278,3.4663720730870224,2.725749227611289
IMG20200717084709.jpg,fully_ripe,train,56.47799912629149,0.9879580678520834,0.02247218105120556,0.33928420252999736,4.687242627610028,3.341953797003304,2.701255177314747
IMG20200717084715.jpg,fully_ripe,train,37.699504401059215,0.9859472000236446,0.033214690639247514,0.3985570072806808,4.893583610648919,4.186751675205599,2.8976812977310953
IMG20200717084719.jpg,fully_ripe,train,36.257948446848104,0.9880523719453383,0.03376944389393441,0.4118210081268661,4.9056963912913805,4.038686111619347,2.8768394808734152
IMG20200717084723.jpg,fully_ripe,train,48.99193668349673,0.9857168430058898,0.026491223337598433,0.37275903643185654,4.795021283474325,3.7618632451421425,2.802724063768515
IMG20200717090609.jpg,fully_ripe,train,47.269403521720946,0.9830365080701113,0.030765161995209706,0.3964961584341664,4.892014660818362,4.137903547943446,2.8971647111384464
IMG20200717090617.jpg,fully_ripe,train,53.411836836663795,0.9820529180608957,0.028609374123495172,0.4018818655857015,4.912142391679337,4.163319717940625,2.887817954417516
IMG20200717090624.jpg,fully_ripe,train,47.6924568763968,0.9815523316531951,0.031182767966941666,0.40347819837839793,4.909500297737197,4.1903136744739085,2.9046127848590624
IMG20200717090635.jpg,fully_ripe,train,38.93963636992205,0.9845979204191135,0.0339618339311848,0.396434310861887,4.86461872404681,4.0568181917369905,2.87867862785354
IMG20200717090643.jpg,fully_ripe,train,40.196635988337746,0.9849419625185406,0.02959634338443105,0.38060450877815555,4.836959294486353,3.9796371324003728,2.8537701896147123
IMG20200717090654.jpg,fully_ripe,train,42.25236067609442,0.9865032789660183,0.02750029284877578,0.37967389662398854,4.804457308248915,3.842997980931876,2.8316568843104077
IMG20200717090706.jpg,fully_ripe,train,53.66639840443837,0.984293744734289,0.02638640645348686,0.36595259324511276,4.78923475376124,3.820629276364806,2.8156213409408477
IMG20200717090711.jpg,fully_ripe,train,51.82246841345582,0.9824539405551995,0.02711173115663705,0.3674173620122673,4.790856250705391,3.7715122686029097,2.806659430420225
IMG20200717090721.jpg,fully_ripe,train,50.32546175805522,0.9810800814849648,0.027164492756882427,0.34980811275179485,4.749236968528986,3.6977334909417863,2.7899378938393946
IMG20200717090728.jpg,fully_ripe,train,35.1512831634538,0.9868603053867266,0.02892858150215353,0.38441690409739715,4.847037888336917,4.072899025998298,2.8842457524979723
IMG20200717090742.jpg,fully_ripe,train,47.81307960748706,0.9789628375956362,0.028242845066336106,0.3445748777990597,4.7428958051420835,3.8247530241626397,2.8212459769543585
IMG20200717090752.jpg,fully_ripe,train,58.48089742163772,0.9766159280861187,0.026586482037110407,0.331370853556213,4.712736695941344,3.7864601332322856,2.81397680959893
IMG20200717090759.jpg,fully_ripe,train,38.87517553554479,0.9847889757139253,0.026770169078388563,0.3511242109546243,4.738544675997344,3.6526276597973597,2.782870476838666
IMG20200717090812.jpg,fully_ripe,train,41.111432148506715,0.9889623417519812,0.026246453976047288,0.3742250898275385,4.810558767599547,3.8712882166199365,2.8353569326615133
IMG20200717090824.jpg,fully_ripe,train,42.870696765042496,0.9854331688758652,0.02899165824069684,0.39025547890509743,4.876018944170299,4.073322761359597,2.8751862817457847
IMG20200717090830.jpg,fully_ripe,train,32.45328219876146,0.9874718809808594,0.031220646439607688,0.40947840497556853,4.907946490965359,4.1170028411020425,2.890459605205223
IMG20200717090837.jpg,fully_ripe,train,33.50029891594653,0.9889751302608885,0.030343804346371083,0.4244065145149456,4.937141157221479,4.040344467208359,2.877481612132704
IMG20200717090840.jpg,fully_ripe,train,38.18924129718323,0.9863429875066116,0.030798853284618476,0.40186618150631825,4.87321741000303,3.9468913099057685,2.8525340940474866
IMG20200717090844.jpg,fully_ripe,train,49.42912929446828,0.9803073026847204,0.029830576289802964,0.36430773437399433,4.799372721013846,3.897615776379383,2.8355335035515563
IMG20200717090849.jpg,fully_ripe,train,41.91342699312556,0.9827979211773613,0.027633484294594977,0.34719757713115323,4.741282891691203,3.7289193919090353,2.793172634986625
IMG20200717090904.jpg,fully_ripe,train,44.7321741039885,0.9850822562041388,0.02839021196603029,0.3793105260998733,4.844910145369911,4.056234442878109,2.8693517516467497
IMG20200717090939.jpg,fully_ripe,train,40.522541777367586,0.9868353345737785,0.027426318322023763,0.36898463152841743,4.788416672470228,3.8369007871751943,2.8337429589191
IMG20200717090948.jpg,fully_ripe,train,28.93405228866575,0.9895442896712401,0.03146073133418262,0.43065904350424555,4.947044237862844,4.142797748010155,2.9015278477019266
IMG20200717091002.jpg,fully_ripe,train,42.11037777090206,0.9858043047275846,0.028301698438838677,0.38415906692656965,4.844096584649284,3.9919354030841854,2.8613600765831975
IMG20200717091035.jpg,fully_ripe,train,33.562605060982044,0.9864258763386291,0.03345831702303413,0.4051298903309184,4.909883062140235,4.197392693572965,2.907053476926508
IMG20200717091047.jpg,fully_ripe,train,50.15402786737617,0.9834389624673809,0.030032338660745037,0.3889081515238661,4.8516273209233765,3.959988733801269,2.83776860982584
IMG20200717091112.jpg,fully_ripe,train,70.97665530273667,0.9776193367901811,0.027960488313461568,0.37838181816287514,4.859755287410468,4.113087396481779,2.872360746827294
IMG20200717091115.jpg,fully_ripe,train,59.50271106879704,0.9816204608657506,0.02832817497963084,0.3909313600479317,4.871042435102336,4.012261188325276,2.8562119056081845
IMG20200717091135.jpg,fully_ripe,train,38.64907673118837,0.9858979941567723,0.030111090452609974,0.40035024032691513,4.893305639572725,4.144642577858237,2.898456869963684
IMG20200717091159.jpg,fully_ripe,train,36.33642641262377,0.982950474630713,0.02986960840000749,0.35606153140266283,4.787116112840432,4.016980359244194,2.8666406938680473
IMG20200717091212.jpg,fully_ripe,train,33.63977320302939,0.9884777704202711,0.030344038457853557,0.410360413789215,4.910318074507998,4.052486329478176,2.876732121403269
IMG20200717091217.jpg,fully_ripe,train,45.66183921102483,0.9836548755302592,0.030369304951719158,0.4036533956191198,4.898717936969053,4.165418486261874,2.897675278147766
IMG20200717091236.jpg,fully_ripe,train,66.62474737618945,0.9811082541690375,0.022289591549612523,0.3065723404908787,4.655233796679085,3.5583927653443657,2.7491554673828102
IMG20200717091245.jpg,fully_ripe,train,41.48127586593846,0.986887385031152,0.02550617400034537,0.3531643700292443,4.7578092748039085,3.7332011689945577,2.799756967798375
IMG20200717091251.jpg,fully_ripe,train,45.40633393578485,0.9856777696261123,0.027722155128114843,0.37444739886009615,4.810440621564608,3.8870154152850476,2.8398542529547557
IMG20200717091256.jpg,fully_ripe,train,36.85773272278844,0.988755988764675,0.027278821010673467,0.3802015002275368,4.8171948752528655,3.808264205256465,2.8210000624026486
IMG20200717091304.jpg,fully_ripe,train,36.71488598530326,0.9887427324874257,0.028172505128277486,0.3760897557179162,4.805660748097603,3.8119964650946354,2.8200789905956007
IMG20200717091309.jpg,fully_ripe,train,40.27482092894256,0.9860477389900343,0.027531325004459657,0.35851706481996337,4.758680095414789,3.6640016503777275,2.7796671732502025
IMG20200717091335.jpg,fully_ripe,train,44.76607102246997,0.9832495663051208,0.0282509906023913,0.3536893508486556,4.751329689000517,3.7626441283591627,2.814610141880359
IMG20200717091351.jpg,fully_ripe,train,40.386102897606534,0.98152393650911,0.02846020436519965,0.3406487989826099,4.712472849788784,3.687367986705359,2.7959165926165483
IMG20200717091402.jpg,fully_ripe,train,55.76373950110133,0.9831527121542036,0.026301289803586425,0.35109863030571875,4.759002671097651,3.8670848860379436,2.8282247141814785
IMG20200717091414.jpg,fully_ripe,train,40.414956836316414,0.9873861378883022,0.02732823657628832,0.3776265404693106,4.826620405840247,3.9815083712640953,2.8582095146182893
IMG20200717091422.jpg,fully_ripe,train,41.18078616574065,0.9878030135871109,0.026684496782850814,0.37992860631246694,4.836546914376136,4.057476958576748,2.872903598347797
IMG20200717091428.jpg,fully_ripe,train,50.300356344844445,0.9831218137868625,0.026916774874294648,0.36175054940413315,4.7927025597387365,3.9657787199513606,2.849453537656794
IMG20200717091432.jpg,fully_ripe,train,54.698902020590495,0.9793333254930597,0.029118473098956037,0.3588919453106887,4.794795638366751,4.039646100441599,2.865480674252481
IMG20200717091452.jpg,fully_ripe,train,49.78411925875365,0.9858443501396228,0.0283217336728633,0.39363229050526966,4.859729012085267,3.8730580003675703,2.8357343668095147
IMG20200717091524.jpg,fully_ripe,train,56.42672324287274,0.980508237466831,0.026579195875499277,0.3485001101899943,4.733960512471374,3.5774002517055736,2.758598017170489
IMG20200717091549.jpg,fully_ripe,train,30.886481978919196,0.9893052356676326,0.02999034698026934,0.41473414767142425,4.9080498355852935,3.982099904772787,2.865929127025115
IMG20200717091600.jpg,fully_ripe,train,27.54401826632504,0.9868807501966617,0.029943842705279104,0.3711236615241845,4.779951678328395,3.698547548702011,2.797181946129533
IMG20200717091605.jpg,fully_ripe,train,44.45449068677814,0.9833741488317393,0.026662056272404346,0.3515416196009403,4.732995758544382,3.557896404088231,2.7629246245011894
IMG20200717091613.jpg,fully_ripe,train,38.883130371010154,0.9870636488399431,0.02618649700563748,0.36114661311878815,4.778144634166337,3.845356601739764,2.8362345921602614
IMG20200717091626.jpg,fully_ripe,train,46.79096275446177,0.9829565722332252,0.027695470894219247,0.3509294395162069,4.745968120752826,3.727798621975603,2.805355762232842
IMG20200717091647.jpg,fully_ripe,train,42.45861442009147,0.9874285894187911,0.027375185770360605,0.3856357528793525,4.8629289168649725,4.144612531448301,2.895696406289845
IMG20200717091702.jpg,fully_ripe,train,55.11897838988108,0.9848161844160195,0.02579753188682775,0.3542824097429648,4.789362632349307,3.9998085298356236,2.8607149165555734
IMG20200717091707.jpg,fully_ripe,train,47.83053197405913,0.9874207749917231,0.025050083597101577,0.35394470958737934,4.781004229198827,3.9557585282300565,2.8527588796204624
IMG20200717091712.jpg,fully_ripe,train,44.74426096066114,0.9861208653288868,0.02625808162605724,0.3415207460932119,4.73743547245386,3.8697176959147517,2.8371305980112176
IMG20200717091718.jpg,fully_ripe,train,39.1066116630556,0.9872632592081089,0.0279422106956479,0.37177290877281627,4.818038349966248,3.944385351177471,2.8534586991145745
IMG20200717091725.jpg,fully_ripe,train,38.334001214950405,0.9869803601330652,0.030685798589039973,0.40967345986136805,4.907518993974326,4.1372830435647705,2.900995794926564
IMG20200717091728.jpg,fully_ripe,train,40.463189067271024,0.9887091461414552,0.027308328320658416,0.38422632614727015,4.852201613511272,4.0731379184864265,2.8838613220241043
IMG20200717091739.jpg,fully_ripe,train,36.98654523452625,0.9862980643668781,0.032845002916156635,0.4110824302619816,4.909998841141581,4.14399469137359,2.900225749547543
IMG20200717091745.jpg,fully_ripe,train,35.504523320719905,0.9854401320246469,0.034678431686576305,0.40191190498775103,4.890870089824373,4.1078839944571,2.8899871260090872
IMG20200717091748.jpg,fully_ripe,train,43.824878854417015,0.9811787809855363,0.031002469174768534,0.39229220058049696,4.856456191774364,4.020984549229723,2.8696774223041714
IMG20200717091754.jpg,fully_ripe,train,43.89047793409068,0.9806139961860247,0.02952396509197523,0.37733143805109015,4.823651317217134,3.9439781786677015,2.8497912128183684
IMG20200717091801.jpg,fully_ripe,train,32.273047610283655,0.9890052186389798,0.032071730226338226,0.41563638419787374,4.917436878265608,4.066407748328953,2.8855764042688823
IMG20200717092037.jpg,fully_ripe,train,30.41584673314444,0.9874324460815281,0.03229655847562311,0.42147624440582815,4.9600981999370095,4.313011049155601,2.935046790689096
IMG20200717092040.jpg,fully_ripe,train,29.775139388835484,0.9880167528548851,0.03281546946938495,0.41187228377767815,4.9243087127109675,4.258758279984499,2.927101602298681
IMG20200717092046.jpg,fully_ripe,train,33.83187071504206,0.9845488710593371,0.03170591361946607,0.3921486699490183,4.872341459857563,4.1023035580201075,2.8869882942381944
IMG20200717092052.jpg,fully_ripe,train,33.750800988658966,0.9877218211279531,0.02982013001812938,0.39373024346203356,4.854715851788686,3.930163824319608,2.854541581439809
IMG20200717092106.jpg,fully_ripe,train,35.445105222829525,0.9882930448174364,0.02870803169767181,0.39502758927996773,4.874832734556838,4.085673712158679,2.8811078046571743
IMG20200717092152.jpg,fully_ripe,train,54.76690627984048,0.9863599356359612,0.024489390317276018,0.3628316425910385,4.777941370368743,3.7182151265234507,2.7951590132644326
IMG20200717092159.jpg,fully_ripe,train,48.027600830063946,0.9843192335617957,0.027111324700571315,0.3680984478166801,4.7929208710152515,3.732000472005824,2.783228555024354
IMG20200717092206.jpg,fully_ripe,train,34.47310977442572,0.9843810086979694,0.03221507084842274,0.38627717925628513,4.847561983015938,4.0274725231018556,2.8704541661265655
IMG20200717092228.jpg,fully_ripe,train,49.53678969564142,0.9874143830179716,0.024915276579718124,0.36277139621598653,4.7772529417392136,3.7066857665954305,2.794727829443296
IMG20200717092238.jpg,fully_ripe,train,58.53275446722042,0.9865368119325363,0.024486835188041227,0.36307702049941776,4.7898703781932985,3.78651455064377,2.805053411110287
IMG20200717092255.jpg,fully_ripe,train,44.5850903395722,0.9818367650291652,0.03192560366638285,0.41849331306396353,4.926942207484604,4.117672980553914,2.8891767987371537
IMG20200717092258.jpg,fully_ripe,train,36.868554396537,0.9846804489866137,0.03369943386817669,0.41745406516171857,4.925845026917306,4.125380927002671,2.8904841725065453
IMG20200717092304.jpg,fully_ripe,train,39.02960293165269,0.9857436504557522,0.031683402129495906,0.413571548491313,4.910342206199104,4.046327459807805,2.883692014447384
IMG20200717092310.jpg,fully_ripe,train,40.801881615355256,0.9845912903564602,0.03177397827800239,0.4177043706204984,4.933573249362723,4.136618895037659,2.895826766908029
IMG20200717092316.jpg,fully_ripe,train,58.817138559572015,0.9809390547641545,0.030101899716157808,0.4148050190726981,4.922001813911304,4.0459383289658035,2.874225339377022
IMG20200717092323.jpg,fully_ripe,train,56.04253340722707,0.9823029864971619,0.028766597018810538,0.40579088371330096,4.912317103709799,4.163801949266962,2.899143269094999
IMG20200717092329.jpg,fully_ripe,train,47.20326242995138,0.9810526966128879,0.03192759687812149,0.41143955399646126,4.921170167803251,4.170693205944624,2.8994965506226515
IMG20200717092335.jpg,fully_ripe,train,41.08837647634569,0.9860964813759211,0.03255014729349504,0.4160992176087248,4.918969492431583,4.041606832820304,2.8728485930070606
IMG20200717092348.jpg,fully_ripe,train,46.019618051247704,0.9864243960648913,0.027647238909869927,0.39391500814027414,4.862537745579263,3.988684310782471,2.8587602476658565
IMG20200717092355.jpg,fully_ripe,train,42.31494923649319,0.9851412551048108,0.031067811644280244,0.40726519782350484,4.895396298054106,4.0446584452259735,2.8774910854045936
IMG20200717092414.jpg,fully_ripe,train,50.77954388442361,0.9823030351729081,0.02750994283790874,0.3534564265839596,4.778826626124644,3.9325207484731366,2.845953530137487
IMG20200717092418.jpg,fully_ripe,train,62.50113551085062,0.9787600399637817,0.02541211274823191,0.34826157822267634,4.7549093700891305,3.7679676748154534,2.806339788867022
IMG20200717092424.jpg,fully_ripe,train,50.574158294622286,0.9846552273596088,0.027631733176715138,0.3854383647132548,4.839785877159824,3.9427861166457694,2.8548245349785706
IMG20200717092429.jpg,fully_ripe,train,56.97450939480046,0.9792657117331056,0.03001403626994837,0.38429097862453143,4.824564486463056,3.8400151499523694,2.821227970515792
IMG20200717092448.jpg,fully_ripe,train,78.45910901941505,0.9782673668419873,0.022793284086602653,0.3126320131221489,4.687401504564241,3.8771763754913775,2.824378511647887
IMG20200717092454.jpg,fully_ripe,train,51.634691506312265,0.9860320770113113,0.02955001475452206,0.37473238187340385,4.831093502959885,3.981811809362135,2.856767979075842
IMG20200717092458.jpg,fully_ripe,train,34.04949318150458,0.987898117049933,0.030087426233004796,0.3867419813073885,4.849083834729441,3.983660384275238,2.859721636582017
IMG20200717092504.jpg,fully_ripe,train,54.2901203866262,0.9819918022652667,0.025086989258519,0.33747142045887146,4.728759843470699,3.714901650571616,2.7862750798432576
IMG20200717092509.jpg,fully_ripe,train,49.425622970858875,0.9839793896310609,0.026065277428174247,0.34339497155431137,4.731224652375435,3.7828257163331647,2.8187943111552305
IMG20200717092518.jpg,fully_ripe,train,62.21776072024962,0.9838636030701242,0.0242967937007945,0.34266859370106895,4.74186897173842,3.844945608343345,2.8309416104953664
IMG20200717092542.jpg,fully_ripe,train,53.790209544415276,0.9853543855522211,0.026006464682191477,0.36961100734435065,4.800155144801815,3.871487697803839,2.835936484138231
IMG20200717092548.jpg,fully_ripe,train,38.2590071294093,0.9860256337457876,0.029148025802032414,0.3791226386964818,4.809602014561778,3.841373363727886,2.829479913336037
IMG20200717092555.jpg,fully_ripe,train,32.00256442923045,0.9870026700313966,0.029004192002919378,0.3699642284718625,4.796088367779544,3.8847250276972294,2.8442855697746854
IMG20200717092609.jpg,fully_ripe,train,58.84153941001935,0.9799272598340997,0.02584944253501032,0.3563960088426983,4.777568084715997,3.8774460110324753,2.829206106472479
IMG20200717092613.jpg,fully_ripe,train,56.681996549197535,0.9852278016646949,0.025357123252933773,0.3650899876393714,4.777190862146195,3.8123670582462967,2.8228060793650718
IMG20200717092630.jpg,fully_ripe,train,32.43705869358031,0.9872919276909209,0.029920690681966736,0.39753030883442947,4.888461136102102,4.124184251837228,2.8958968522008237
IMG20200717092703.jpg,fully_ripe,train,34.1287316813025,0.9873765905519115,0.02916607469424705,0.38298238574437315,4.823426628967183,3.835158111334189,2.8245281943845386
IMG20200717092708.jpg,fully_ripe,train,31.32438227207992,0.986659921001327,0.03180541363716285,0.4007322383687415,4.9067043660416685,4.183614333055226,2.902127049989757
IMG20200717092723.jpg,fully_ripe,train,47.42841411600307,0.9848178618777887,0.026123308636019978,0.34688236230412367,4.73296180953942,3.693057102131064,2.797716271897629
IMG20200717092728.jpg,fully_ripe,train,36.7051011739219,0.9860648074023466,0.02922521538528584,0.36442034990833766,4.779266878434932,3.8250327504871904,2.8279940556975807
IMG20200717092746.jpg,fully_ripe,train,41.8474838754251,0.9851857588235606,0.027554155247274045,0.3617907314939268,4.78181111878453,3.8319688883570358,2.823179635017228
IMG20200717092801.jpg,fully_ripe,train,37.39284944300118,0.9838182884766402,0.03099828429861193,0.3696756887213631,4.7966162936513,3.882012823098244,2.8323143994131055
IMG20200717092805.jpg,fully_ripe,train,41.98440620114309,0.9813427682274045,0.030307156731988173,0.36357522035409967,4.772760467380721,3.8307867323028,2.822224508309031
IMG20200717092809.jpg,fully_ripe,train,46.654150768048346,0.9813524475195696,0.027930762951330103,0.3497122205260941,4.7471725647573875,3.7711020019616455,2.810690644760295
IMG20200717092830.jpg,fully_ripe,train,33.441397621104045,0.9865754097308659,0.03514215717540632,0.42354357738383197,4.942515677962188,4.144728765062727,2.896355236088412
IMG20200717092838.jpg,fully_ripe,train,32.415492815257835,0.9884212514254737,0.030427319945298584,0.39841220700423907,4.84989923879927,3.794800688012467,2.819144579668982
IMG20200717092844.jpg,fully_ripe,train,53.90032433072445,0.9808882136743617,0.027588539172620476,0.3556887725955044,4.7565910969625556,3.6851195540815254,2.7907437824391375
IMG20200717092856.jpg,fully_ripe,train,35.34612359169594,0.9889776190400671,0.03140401605074292,0.4195102155077559,4.9346317333734575,4.104975033654443,2.8916253586111917
IMG20200717092859.jpg,fully_ripe,train,32.29266291749825,0.9882981358064697,0.03437101389413864,0.4271783267948139,4.948634060062867,4.165480749517979,2.899246153355503
IMG20200717092916.jpg,fully_ripe,train,40.8037508918943,0.9865481991890022,0.028145313223029197,0.3813862848428999,4.822572769578779,3.854968143440027,2.829857205921784
IMG20200717092923.jpg,fully_ripe,train,38.76802685676755,0.9856918920690954,0.028860135094011717,0.37082868418671605,4.792858313156505,3.781826988699483,2.8149484623054533
IMG20200717092937.jpg,fully_ripe,train,30.251094045292767,0.9886766427794732,0.02924699443567655,0.3731494542005078,4.797334903136037,3.779059578196306,2.817709190053554
IMG20200717092941.jpg,fully_ripe,train,38.69399637759388,0.9854045831919277,0.028250506617821317,0.3764869641960489,4.789839184725842,3.6905860333643883,2.8043299288132997
IMG20200717092951.jpg,fully_ripe,train,39.61814010970258,0.9873940937814789,0.028754716371059273,0.39423858276742973,4.8570548782248055,3.88918072589784,2.84024415670493
IMG20200717093009.jpg,fully_ripe,train,46.063528010187945,0.9862892572477902,0.02614174946883529,0.36963671290719446,4.828515792934274,4.056786256106533,2.8733788222209635
IMG20200717093015.jpg,fully_ripe,train,51.04495361079746,0.9858408610466454,0.024460257504774624,0.34423795021382886,4.755587961896965,3.8283244300148134,2.823539609784503
IMG20200717093036.jpg,fully_ripe,train,41.10174681608807,0.9845678130626669,0.027760875356847934,0.36017618455742895,4.7746489028464305,3.7732637333517642,2.8082567374620506
IMG20200717093050.jpg,fully_ripe,train,35.407926834736955,0.9874443714203861,0.029957883984870055,0.38057845359879017,4.840374444845498,4.029391702354733,2.874685254320723
IMG20200717093116.jpg,fully_ripe,train,36.023101268689445,0.9869016804025694,0.02951012576670472,0.3749594271155465,4.7926720368239355,3.7482694309902125,2.8072091844832063
image_0_1014.jpg,overripe,train,57.438786693178365,0.9872697426100677,0.019549542523988578,0.2786680528102827,4.614809140203248,3.8094820407663184,2.8069436246708146
image_0_107.jpg,overripe,train,66.3247995691208,0.9793527060372185,0.02377824867185883,0.32179503651203223,4.7185333923243595,3.9823200716622957,2.846962451330091
image_0_1113.jpg,overripe,train,46.568318422467684,0.9899824539559352,0.021970927549085428,0.31452025912769227,4.659943759532283,3.5334228234765623,2.7502775395986263
image_0_1156.jpg,overripe,train,54.922102665991986,0.986737560747101,0.021496453619834682,0.3107495771098528,4.679297394267129,3.7690830369260864,2.7917074187652005
image_0_116.jpg,overripe,train,56.05878795037982,0.9820857175869521,0.02206574354953318,0.2887550041068818,4.652753170731708,3.9859952493192154,2.8478074575375203
image_0_1338.jpg,overripe,train,69.70620776904249,0.985244244338424,0.020552278420156767,0.3109931244868218,4.678724578609944,3.63135640715705,2.758194731227452
image_0_1358.jpg,overripe,train,42.56599891951646,0.982647203026708,0.025702954251042638,0.32365175001197133,4.6858974865790115,3.6150357393348487,2.7581621504646834
image_0_1390.jpg,overripe,train,56.93626729418745,0.9862421907426532,0.019676554408549617,0.27116560858957806,4.596521031943253,3.6569218867509887,2.7722192181303984
image_0_1450.jpg,overripe,train,44.093676970140805,0.9845818292125053,0.027516030901217056,0.37385588055635943,4.777955873123159,3.524490641223774,2.7419616104925093
image_0_1519.jpg,overripe,train,65.29903550409185,0.9857600094187458,0.02000521404034381,0.281404264296239,4.6181447968501645,3.695126152337148,2.7669547134321175
image_0_1524.jpg,overripe,train,47.86060863485145,0.986729894653261,0.021738047164710894,0.30156718744050026,4.623252848958005,3.354291830356897,2.6873976994568247
image_0_1538.jpg,overripe,train,41.90518485233446,0.9837159012584723,0.027292870766409284,0.3414613728749812,4.785701863823674,4.113495612449364,2.8741044867080157
image_0_1542.jpg,overripe,train,64.21371311735655,0.9857125792909426,0.022781878017889626,0.3179405491188389,4.69203100291766,3.8678602795795887,2.819872482311512
image_0_1550.jpg,overripe,train,55.57799690018581,0.9862632414866555,0.02057406477176521,0.2892664567592882,4.6396180615917535,3.7895649568510916,2.8023486762099603
image_0_156.jpg,overripe,train,69.02911618523316,0.9848454073149129,0.01973098733753738,0.28405968284296074,4.6251620627065435,3.683900543782629,2.7682157687127265
image_0_1585.jpg,overripe,train,55.640596647715896,0.9830846848015091,0.02195675421988332,0.29697204193575116,4.674274556105535,3.988648859544697,2.850175761519529
image_0_1589.jpg,overripe,train,70.78660651726764,0.9799721466881139,0.022682381860847006,0.31418874058989305,4.702124477959476,3.9437408269478,2.829441337361849
image_0_1592.jpg,overripe,train,45.33458183127349,0.9831389646916203,0.028103015321211903,0.3759899591353726,4.7846103445617825,3.513635817104121,2.7368732778092064
image_0_1787.jpg,overripe,train,50.34726577960372,0.9744443124412823,0.02747302664522414,0.3249601025334426,4.747328699106256,4.2120261312816245,2.9003374045326127
image_0_1788.jpg,overripe,train,30.84181481960146,0.986127422694974,0.03202128558718515,0.3735660215655209,4.852654749199573,4.2736357840391666,2.9195905169396985
image_0_1796.jpg,overripe,train,50.00448815725712,0.9831389911473218,0.023100408249351945,0.2948913745978585,4.644097580355574,3.876305496998967,2.828974171783556
image_0_1830.jpg,overripe,train,58.398434091456764,0.9880448822481416,0.0201926756062336,0.29425737922643863,4.649360606548222,3.761592040559338,2.7847093209882976
image_0_1839.jpg,overripe,train,74.93232656861552,0.9827345115417664,0.020760905169532155,0.30530025425069907,4.6675003210696016,3.723886958448421,2.782400726667298
image_0_1856.jpg,overripe,train,48.481195096359556,0.9866176640215918,0.0216633334665301,0.3002731671660236,4.624002453080896,3.3835301195187766,2.6890475660545943
image_0_1863.jpg,overripe,train,59.836806887309336,0.9785153988913482,0.025034389041073576,0.31158757344802224,4.717426306663364,4.086249634285843,2.86746033435316
image_0_1886.jpg,overripe,train,49.88463805608783,0.9891053693446279,0.021531828216433686,0.31409709496832755,4.660790649054452,3.579859250068092,2.7535845086818185
image_0_1895.jpg,overripe,train,49.8085808474483,0.9833375290237992,0.02575729595076935,0.3430787459470547,4.727911567311488,3.6085379598069793,2.7686315668379375
image_0_1912.jpg,overripe,train,38.45936267178,0.9863116443892801,0.027469066438078123,0.37596468793637233,4.782135880815169,3.556224279887214,2.7578737663200568
image_0_1934.jpg,overripe,train,57.29735553826008,0.9881202974842972,0.019303573674823736,0.27958714219697345,4.6229581682236285,3.8014182584988583,2.8062687662955206
image_0_1952.jpg,overripe,train,81.0047596334853,0.9801371764235538,0.018566255306158724,0.2512675879362637,4.565457178362723,3.8613014272890256,2.820327705611234
image_0_2070.jpg,overripe,train,45.75182165079842,0.9886448872648158,0.024661679133451027,0.3182529166499715,4.6346329535683575,3.1627370374609236,2.629200037191457
image_0_2095.jpg,overripe,train,41.39957523236945,0.9857745857141287,0.026749430084493316,0.3575540800667303,4.747840314690947,3.4024921142464417,2.7097457362429265
image_0_2116.jpg,overripe,train,72.77714282789128,0.9831513075848617,0.020759088218226678,0.2957273195999693,4.61048376343105,3.246390613559038,2.6495673860666247
image_0_214.jpg,overripe,train,32.34365133491801,0.9853560771054682,0.03184298128516057,0.3720585807522018,4.841253892740767,4.2723688268248425,2.9193122759162264
image_0_2154.jpg,overripe,train,61.123310309553396,0.9844786049456743,0.019835565846161723,0.2703958041382025,4.605374262951794,3.763908642616175,2.7911355535255677
image_0_2156.jpg,overripe,train,54.6214790731305,0.9823458935182006,0.02332101211330146,0.3076469766313809,4.634939298013705,3.4029744658251313,2.712656197768009
image_0_216.jpg,overripe,train,71.74842721286487,0.9841151338811003,0.019952998966872415,0.2914832240310855,4.635702290133823,3.5870790256797247,2.740572069322933
image_0_2168.jpg,overripe,train,41.02038543663403,0.9843174197087841,0.02689434272478147,0.33669628587875366,4.771934074752629,4.198794100961647,2.8954547460434927
image_0_2178.jpg,overripe,train,66.33435759742284,0.9851261339633529,0.020577803491827338,0.29410187043547836,4.647410204211016,3.830386305827503,2.8041290511698045
image_0_2198.jpg,overripe,train,51.523364585103636,0.9839036256553433,0.025475688645625192,0.35370980039136823,4.730215350501922,3.452806438241122,2.7177518876212914
image_0_220.jpg,overripe,train,62.52224502791428,0.9862899250789553,0.019518303068669217,0.27670962718527614,4.615838257720168,3.774193488136042,2.7970143856275955
image_0_2210.jpg,overripe,train,38.96355547571547,0.986721538788799,0.027026210598266577,0.3487154621974554,4.815661938909673,4.30324214960103,2.916814313756386
image_0_2216.jpg,overripe,train,35.120838340353245,0.9878144152761698,0.027064393000670456,0.3509197782927422,4.8175375925305,4.331445289364702,2.927192770245791
image_0_2273.jpg,overripe,train,41.2914959901365,0.9830629528005734,0.02708596504493799,0.3178494255405281,4.689422697487259,3.805177438879899,2.8159914592571966
image_0_2351.jpg,overripe,train,64.39884452923518,0.9799743569604226,0.02218028056842332,0.2943470995214831,4.680089019966165,4.100593538127899,2.873880504171897
image_0_2402.jpg,overripe,train,79.71026144586574,0.9805186279412438,0.018564020986171645,0.2514135904058923,4.567903398779079,3.82334656120112,2.806042541057028
image_0_2415.jpg,overripe,train,54.836867580109775,0.9872454243106613,0.02128680165459772,0.31085554880216953,4.683145414014796,3.8027208012952385,2.800033995327952
image_0_2457.jpg,overripe,train,60.87744217150579,0.9871394971517163,0.01923399409371586,0.27170914415666975,4.60127669831199,3.797175016259143,2.8076583359897245
image_0_2528.jpg,overripe,train,59.51456866506596,0.9877801263763342,0.019068220653300157,0.2755159080887468,4.592366061493622,3.7285287193001553,2.7865428106435846
image_0_2537.jpg,overripe,train,71.63000043505357,0.9785798319160839,0.024181865644937416,0.33007424333763247,4.696855663766374,3.551073830077434,2.747281224083635
image_0_2554.jpg,overripe,train,37.55765751025481,0.9865134621636444,0.02780208081864041,0.3594258872242652,4.807446239435113,4.135862673414142,2.8898843526929694
image_0_26.jpg,overripe,train,51.21392289706301,0.9875204106211866,0.021610458963856105,0.3130766370264272,4.683034904511414,3.7549916548413775,2.7884110129190773
image_0_2600.jpg,overripe,train,55.848305186925884,0.9821168609420214,0.024275179658533076,0.33200002645730536,4.72927100723428,3.7862494963936992,2.8076723143670663
image_0_2670.jpg,overripe,train,42.91532560907555,0.9815362371370198,0.0254923052155974,0.30833977600913676,4.669234511839118,3.7564878019617067,2.8007725055912465
image_0_2678.jpg,overripe,train,55.16332200049784,0.9831396600199487,0.022026414371154164,0.2973599591214678,4.670616350601085,3.9383665036477518,2.8406115698872614
image_0_2722.jpg,overripe,train,69.62143182596182,0.9830811857331823,0.019561583198276125,0.2694523954843641,4.6046192976698395,3.8321299584461097,2.8139628578779834
image_0_2777.jpg,overripe,train,68.05236636491989,0.9853196796431293,0.02089583051939127,0.31206235037673147,4.675418872851236,3.638064804236548,2.7622209035523535
image_0_281.jpg,overripe,train,45.3734894400948,0.9728038392992394,0.030683461490430303,0.3418506875903768,4.790018608702538,4.301204828678013,2.922381693535772
image_0_2832.jpg,overripe,train,34.58970934560635,0.9878361801232015,0.02822784243715032,0.36482252189337483,4.828421855498544,4.191438765873745,2.8948304031852827
image_0_2839.jpg,overripe,train,73.7837231729125,0.9724277672030663,0.025270043090774144,0.3126804403283704,4.728797094473373,4.087749469746951,2.8624811962925656
image_0_2858.jpg,overripe,train,59.936523600005984,0.983598223341171,0.02391342028774345,0.33919361686593963,4.713511534819318,3.5978062656870375,2.7585607195184294
image_0_2876.jpg,overripe,train,41.455967996295485,0.9902046583986133,0.024895708631755525,0.32174580720889157,4.64017014128771,3.2153836911315943,2.6505043139954845
image_0_2886.jpg,overripe,train,45.54700651519473,0.9880060376180467,0.025413544300842077,0.37319544464121884,4.826021684737281,4.042803550266497,2.871431485252024
image_0_2893.jpg,overripe,train,48.68875332115105,0.9875278545642601,0.02349348024231954,0.33866567235562606,4.710609155352637,3.568485707667391,2.758756081693408
image_0_2965.jpg,overripe,train,30.702320648576496,0.9859713505616783,0.032116466756968054,0.37343090866930434,4.854392505709063,4.292194058155274,2.921997978158416
image_0_299.jpg,overripe,train,48.78965470688105,0.9892666737867057,0.021897559211239415,0.31208669450720694,4.683505236748835,3.8289258838382128,2.805915227591634
image_0_301.jpg,overripe,train,54.732782889810636,0.9818939038803594,0.02502112454154101,0.3491016611529022,4.720494135443053,3.4567696851193332,2.719865575115935
image_0_3066.jpg,overripe,train,53.0238276838524,0.9789913059228081,0.02438786474381963,0.3000004461678233,4.701767388328436,4.124172778125067,2.8833524656365577
image_0_3069.jpg,overripe,train,54.46842127637758,0.9828143235250731,0.0219247747997197,0.2881209900360072,4.646223672187106,3.942024016155608,2.8391657665610457
image_0_3083.jpg,overripe,train,81.38614852796023,0.9734621832703628,0.019652661788355896,0.23124204652033184,4.515513794067981,3.582277684931503,2.752812965439899
image_0_3102.jpg,overripe,train,71.93670067364098,0.9825360088735122,0.0195229340379764,0.26907221285459254,4.610990451993607,3.8489584215373243,2.817614436182015
image_0_3153.jpg,overripe,train,49.228009570385396,0.9820277840175806,0.025301038515286086,0.31917740236323483,4.704523718011745,3.8732307851150307,2.8266279295981627
image_0_3157.jpg,overripe,train,66.83216376740442,0.9841410392591596,0.01985019644428857,0.2824006633004801,4.6240943244331145,3.6946670148517273,2.786503295291437
image_0_3178.jpg,overripe,train,59.89209733717492,0.977661173653431,0.025511890530297888,0.31228607781594414,4.715507341119101,4.08452621436244,2.861895074357163
image_0_3180.jpg,overripe,train,78.53852101533771,0.9775131759115456,0.02059192116804864,0.2782547789874983,4.643603588372658,3.9314036013928866,2.8252200259116598
image_0_3190.jpg,overripe,train,40.24218824800016,0.9837710539542414,0.025643888588523497,0.3217908695216816,4.681266750186333,3.5904277012321013,2.7479085851991667
image_0_3193.jpg,overripe,train,73.99962749389607,0.9830084526583801,0.020620428477618295,0.30167699887495325,4.661388550548112,3.6844490666492593,2.776457752433457
image_0_3295.jpg,overripe,train,38.914320529657516,0.9863626462007754,0.02762248776673949,0.3595313980142851,4.8109803474306245,4.1541893822864395,2.892889019633186
image_0_3299.jpg,overripe,train,57.82819517472801,0.9883352865120533,0.020119423602390003,0.29421692964854956,4.650045408105346,3.789903600314462,2.792328702026485
image_0_3315.jpg,overripe,train,61.14847648407752,0.9773453826851572,0.024878453912315673,0.3135645912922489,4.70908078683657,4.048847215350089,2.860866439849194
image_0_3328.jpg,overripe,train,44.68544156947018,0.9884859473705028,0.02544113829395806,0.37323787553951215,4.829633333333334,4.09138631,2.8771854820625773
image_0_334.jpg,overripe,train,58.984257996037286,0.9766998609280153,0.02638652902590912,0.3155007170920029,4.715868853430523,4.014014443176594,2.8461854388562813
image_0_3342.jpg,overripe,train,63.498281092743376,0.9834910318543719,0.022552914273323503,0.3250203723907725,4.717960250315997,3.8598364746717353,2.8216810793607254
image_0_3436.jpg,overripe,train,49.60838360006406,0.9865350481959956,0.023986220971653795,0.34013070417443564,4.724988773415448,3.644610357200112,2.772857805433496
image_0_3503.jpg,overripe,train,58.80286913012748,0.9838450945477076,0.023261892693419085,0.3157339900471042,4.617797205280143,3.02779804656633,2.6030097870527364
image_0_3513.jpg,overripe,train,72.1781924052049,0.9777839135139895,0.023556039287575915,0.30645908638912595,4.692957489509213,3.9693264293185653,2.8405807453170095
image_0_3601.jpg,overripe,train,43.62358452881944,0.9844456031082918,0.026733534717718013,0.34497947521167366,4.766531810168248,4.05536838010124,2.8770856541093055
image_0_3615.jpg,overripe,train,49.47659968585235,0.987406778700357,0.021537300244452027,0.3080718534008697,4.666718104349913,3.7726282915091294,2.7966008720739275
image_0_3622.jpg,overripe,train,43.30349325909462,0.9811227040929043,0.027693368239432036,0.343850056280241,4.7784810126582276,4.113745387187884,2.8860521489229445
image_0_3660.jpg,overripe,train,71.6788405488183,0.9805120960747803,0.02271744212057648,0.3119339861385155,4.683732593501574,3.855830446980667,2.8152491579601184
image_0_3687.jpg,overripe,train,49.16691925477721,0.9857012628055855,0.025137120763296675,0.34692062833681103,4.755102933298348,3.8647414445196957,2.806387577009053
image_0_3715.jpg,overripe,train,83.0781151730504,0.9736205135594692,0.019817834420112354,0.23076932541030765,4.517157902359793,3.591963600820769,2.751635153433455
image_0_3759.jpg,overripe,train,56.992823253751574,0.983377985404668,0.02323535894461522,0.3202557607646585,4.675769505776139,3.630671142468591,2.7683020450391567
image_0_3761.jpg,overripe,train,44.538092881423026,0.9785521134094144,0.02698573045777091,0.3249996435727608,4.756137714979861,4.243468977646054,2.908028989911014
image_0_3763.jpg,overripe,train,71.41167482518239,0.9831112134018776,0.02131883581203052,0.29821710117549693,4.621089158390405,3.2498581198653556,2.6471107855451947
image_0_3797.jpg,overripe,train,40.431773781145665,0.9864128527921818,0.026831108625807065,0.3480580321674229,4.806518398089698,4.32408701474769,2.92338955903154
image_0_3799.jpg,overripe,train,68.1051315568513,0.9850071337929618,0.019587806743490924,0.28340035084899157,4.622338368379761,3.660352940413523,2.7615321972669093
image_0_3857.jpg,overripe,train,48.05084379542737,0.9851960297849324,0.02544274845331875,0.3462792274776671,4.723347495306788,3.56784635775704,2.7664929743080373
image_0_387 (2).jpg,overripe,train,35.352552498392654,0.9876820850348421,0.028238586032479165,0.3648253082752383,4.824455387312168,4.1581292298232775,2.890784712892801
image_0_3891.jpg,overripe,train,67.00133775135636,0.9796525727776944,0.02357771319915238,0.3271025148485981,4.7368905243790245,3.870714332517098,2.824915865614405
image_0_3905.jpg,overripe,train,48.208973987905836,0.987046417085268,0.025786021551760973,0.374683403330786,4.847007341426303,4.112148629209628,2.8800627307916526
image_0_3939.jpg,overripe,train,46.47001651499727,0.9882128593603924,0.021685844872114838,0.30777804033904216,4.6695188207785066,3.7377688024402396,2.7912403896197517
image_0_3989.jpg,overripe,train,71.20315844413496,0.9848984835678604,0.02076862053407854,0.3131563547001913,4.692033165104542,3.670429199572991,2.7619786299093136
image_0_4051.jpg,overripe,train,50.858387581167214,0.9848634208697721,0.02331269183217061,0.3185143820277733,4.6690107301526815,3.6232661675056095,2.7673068473341886
image_0_4057.jpg,overripe,train,47.53322353146815,0.9840410672388915,0.025150349184343702,0.32760785010043125,4.725141985647052,3.9616360018560384,2.8447437819365593
image_0_410.jpg,overripe,train,70.66647077962298,0.9803073199970314,0.022684822941762647,0.30948259814689044,4.681709350549403,3.8579240352372923,2.8120950865849066
image_0_4103.jpg,overripe,train,84.77630306113687,0.97433675409634,0.022552648815576858,0.2881406734501553,4.62082487145141,3.589957803793976,2.7494735789034013
image_0_4106.jpg,overripe,train,61.30465402341318,0.9840406628542088,0.02252270986818288,0.32312085822063596,4.722345734674523,3.900940166905867,2.8262496507924855
image_0_4135.jpg,overripe,train,55.16250809507035,0.9823319681623236,0.022226080017937078,0.2878868276417555,4.652459521973785,3.9346666569968414,2.838642230578123
image_0_4152.jpg,overripe,train,52.90183596851909,0.9847710168882062,0.022854651209840145,0.30446778732276303,4.697833381966735,4.018171553213045,2.853974414994126
image_0_4156.jpg,overripe,train,63.18341440097858,0.983025364162409,0.020117557127586227,0.2707886505190152,4.595542689669433,3.7045019919047233,2.7819861399539136
image_0_4231.jpg,overripe,train,51.310494607363296,0.9895543404250235,0.020310613423996794,0.2941080208719536,4.650770150613558,3.771460676311607,2.782427901283092
image_0_4254 (2).jpg,overripe,train,58.75291475680245,0.9873236432719392,0.02125603660263311,0.315114400355318,4.675341600189559,3.6187656304856786,2.7585142447836066
image_0_4254.jpg,overripe,train,50.41050389599164,0.9858191997540958,0.022833780503548055,0.3158176914513483,4.691381394607866,3.827471052362182,2.811463765491787
image_0_4324.jpg,overripe,train,41.18940559246536,0.983127279280849,0.025717950446783808,0.3224976677120046,4.687410937648437,3.6288389505133836,2.760543360553119
image_0_438.jpg,overripe,train,46.59063515021387,0.9822179200120578,0.026580789387837308,0.3478846257763849,4.797430206275836,4.199817460995581,2.8980132200966584
image_0_4405 (2).jpg,overripe,train,41.93472084918402,0.983248493492417,0.026834066061609818,0.3375370200728057,4.7746918220084185,4.13171517862825,2.884513591192625
image_0_4408.jpg,overripe,train,65.72189006829188,0.9860891682767847,0.020907274988426174,0.312594068265157,4.68634229752837,3.6314742786042036,2.754968421315671
image_0_4427.jpg,overripe,train,56.85999060784475,0.9827781167437852,0.02399511661585826,0.33248355437089827,4.726107997075514,3.777930286286011,2.80765262718241
image_0_4460.jpg,overripe,train,42.913758964363424,0.9781319755589244,0.02757272883443502,0.32647687723815727,4.753892363857135,4.192552511528992,2.901996105098051
image_0_4463.jpg,overripe,train,67.26005540861604,0.9837640442983423,0.019415916494230637,0.2678630373422126,4.6080602750809065,3.893932469937573,2.8250163551207867
image_0_4520.jpg,overripe,train,46.51108810873708,0.9906522185909069,0.021377586282667022,0.3143728201409109,4.664530746909409,3.543420947866092,2.7433522428893005
image_0_4526.jpg,overripe,train,62.750885591171325,0.9771981110616688,0.025019434209695407,0.3129000918515501,4.717410099869428,4.084495208639921,2.863880983398536
image_0_4570.jpg,overripe,train,91.6639011075938,0.9785119414729124,0.020447134472990975,0.28368242334892313,4.620925083605844,3.5804816661987005,2.7454961869399956
image_0_4602.jpg,overripe,train,67.82078782072384,0.9793829979397417,0.02368792863821291,0.3271990260186527,4.737326074975102,3.908840565772654,2.83110962238978
image_0_4675.jpg,overripe,train,67.8477170869397,0.9793292304965266,0.022364416688957126,0.2954284885141755,4.639596413577388,3.6616351547259374,2.7713352979399732
image_0_4687.jpg,overripe,train,40.4741130673832,0.9864145271442256,0.02665667297083771,0.360708128083208,4.757647119051885,3.3548878317552737,2.70231784499535
image_0_4698.jpg,overripe,train,51.49505019984399,0.9815582194538635,0.026564126633326968,0.35310444082809805,4.7309690267361555,3.4341262971212467,2.7109871656073032
image_0_4706.jpg,overripe,train,42.26811114370774,0.9743394505780821,0.03166595323479943,0.34382723951636907,4.809508678555825,4.359960954668431,2.92790722695246
image_0_4710.jpg,overripe,train,49.547137220702325,0.9812174635508016,0.024046058355534455,0.2981025598426473,4.689627988052171,4.120210475378648,2.884236580603839
image_0_4725.jpg,overripe,train,51.57914817568033,0.9873387611182622,0.021731758293817988,0.3131573257060714,4.683656753624314,3.7572788537636748,2.7923787163534826
image_0_4730.jpg,overripe,train,50.12692283735611,0.9806977688575903,0.024099187444021272,0.29735932380234337,4.689760856049528,4.1520463171216795,2.8893553972588197
image_0_474.jpg,overripe,train,48.855764474757706,0.9878392756941544,0.021398799158524565,0.30841319246153714,4.667113833437038,3.7501502827599946,2.7909844866602413
image_0_4756.jpg,overripe,train,50.726161439128916,0.9875448569673738,0.02065987211255094,0.2912252923395994,4.646910360764519,3.8193443344942257,2.8097187503412386
image_0_4783.jpg,overripe,train,57.39063137711667,0.9874191945471393,0.019448245210581493,0.2791127590974094,4.623224803420337,3.8025257563519324,2.8056119441064165
image_0_4892.jpg,overripe,train,78.71989947465129,0.9780075387226048,0.02062249813837659,0.28091856620333994,4.628151127103397,3.8447107418976083,2.8087710982440557
image_0_4937.jpg,overripe,train,61.29825951280518,0.9828766492745997,0.02458477486464506,0.34542075916600357,4.760111074812153,3.8086081549279855,2.792702134629081
image_0_4949.jpg,overripe,train,68.71351636713617,0.9809866575376949,0.021933426868924088,0.29301378352124896,4.633417269723161,3.667088635327687,2.7732230704274063
image_0_4953.jpg,overripe,train,68.98410776679707,0.9842025488626821,0.020560329299872802,0.29114690230525414,4.642525438525703,3.7716976651801564,2.7934512103410536
image_0_4967.jpg,overripe,train,45.10247114716022,0.9889289081403647,0.024648377574686103,0.31692654066577924,4.626533565988989,3.186173108752397,2.640791055885377
image_0_497.jpg,overripe,train,60.724088582140425,0.9867137163514763,0.019423725531469593,0.2782080891482145,4.622305193056778,3.8155999371814424,2.808441655430365
image_0_501.jpg,overripe,train,44.568186655678886,0.9828738696695817,0.0268278437011612,0.3388693768373193,4.780143452070532,4.165170871802219,2.8880886238133634
image_0_5013.jpg,overripe,train,63.47873798561774,0.9792749195232826,0.02477861160848242,0.3159770311554287,4.706993242047907,3.98514976420441,2.846749741048782
image_0_5022.jpg,overripe,train,62.622740021300956,0.9822672389946125,0.023115350645008307,0.32435146249773705,4.733197808848404,3.939632686139734,2.8313473762513595
image_0_506.jpg,overripe,train,42.54110920607113,0.9898969351892943,0.02488736552300788,0.3213387226323112,4.634531693472091,3.1660274567262983,2.6409212181301456
image_0_5084.jpg,overripe,train,49.144899662002175,0.9902782635676385,0.020439421995646016,0.2949076930656155,4.641979648649419,3.7491622608850026,2.7829259903076426
image_0_5085.jpg,overripe,train,51.55604704504137,0.9890739100274439,0.021616268447165386,0.31058029927102204,4.685066267692348,3.823069713391637,2.809746405849435
image_0_5146.jpg,overripe,train,73.32143607214809,0.9783118114189955,0.024119479276531127,0.3282065507989038,4.705366086334367,3.6036886253075653,2.751568597585365
image_0_5180.jpg,overripe,train,59.74471392253612,0.9840869422638212,0.021520659017983213,0.29650066523931823,4.622849445907059,3.5039951378673537,2.727631837463393
image_0_5209.jpg,overripe,train,49.98437470332145,0.9823859564101296,0.027476569016157353,0.3573569123690648,4.81273243746768,4.164906775074172,2.8893883688188153
image_0_5228.jpg,overripe,train,52.753578179071575,0.9824444865377953,0.0236270268803116,0.3113166811704429,4.637369147349493,3.375078087186835,2.7068913073031386
image_0_5238.jpg,overripe,train,44.92492799085938,0.987202386907438,0.022048891907040086,0.30520961683460857,4.627912477823773,3.3668849976621633,2.6959989752913103
image_0_5323.jpg,overripe,train,65.78655873833168,0.9855591560997798,0.022742845514178645,0.3167740876431283,4.689970952792745,3.8733491621088745,2.8198241128777486
image_0_5363.jpg,overripe,train,81.48627138119573,0.9793496221026443,0.019221573479761105,0.26222993961832913,4.556436281975742,3.508457395854968,2.72586522115188
image_0_5376.jpg,overripe,train,55.13788099473965,0.986987014145039,0.01953449532835924,0.27030096207531984,4.588618415696491,3.709341725154273,2.7847091582768533
image_0_538.jpg,overripe,train,55.49600006901083,0.9829805499491229,0.022125964511138754,0.29524726003632584,4.66479766632437,3.967627763470349,2.853222369075142
image_0_5431.jpg,overripe,train,44.5019240237166,0.9855913414617766,0.02557453506325933,0.3459653587897878,4.7247737310122195,3.5659037993360823,2.7660910808773136
image_0_5507.jpg,overripe,train,45.37547118140631,0.9840816386023761,0.028705631407940285,0.3651062726191453,4.8235780670212645,4.136152749379594,2.883664929229034
image_0_5556.jpg,overripe,train,70.4247298467612,0.9839768822863095,0.019937601433598462,0.29175131665651477,4.630774681864785,3.5804946293475335,2.741986945221513
image_0_5560.jpg,overripe,train,60.39903358739036,0.9869539376655779,0.019886270143168717,0.28078259776932124,4.597482505814014,3.587220977139229,2.7489977531276493
image_0_557.jpg,overripe,train,45.32281193059683,0.9798183927003263,0.0256252640970503,0.3086432264775886,4.669072557453806,3.779378616872851,2.8060573520380077
image_0_561.jpg,overripe,train,40.70690591344804,0.9895330888772923,0.02565095919506749,0.37829785823223644,4.844725832543092,4.000567793131419,2.8594864261554425
image_0_5612.jpg,overripe,train,56.06344501776256,0.9789647088904724,0.024485542664841476,0.32398357814152723,4.737551331331156,3.9804688212428094,2.8426359265964596
image_0_5640.jpg,overripe,train,47.17858178174599,0.9867809873247679,0.026231704298920522,0.376585094645011,4.852896087449177,4.108134484103202,2.8775102787309916
image_0_568.jpg,overripe,train,59.757466973423064,0.9877663191545325,0.019221489037621768,0.2770253721188407,4.610724670518485,3.775672904859059,2.8022812207591423
image_0_5787.jpg,overripe,train,60.991237810182994,0.9812018918173061,0.025620890082684436,0.3589453453015636,4.788108783994998,3.8330139600322504,2.814759781730403
image_0_5789.jpg,overripe,train,51.47075350331552,0.9819797705147425,0.027257361902136384,0.3737228254883469,4.791243435930852,3.5398370793414236,2.739695675061036
image_0_5799.jpg,overripe,train,66.35386833710918,0.9834245828146334,0.021963674286071308,0.3011251909685205,4.65550283107535,3.763417536897211,2.7914898618710464
image_0_5818.jpg,overripe,train,46.098486405201974,0.9835438720030781,0.028393363162846633,0.359391419964556,4.819122143632455,4.178099265549444,2.893749812687131
image_0_5862.jpg,overripe,train,74.29734498581627,0.9773175703709058,0.023690733585165272,0.32591188134462956,4.737309095108408,3.95650521464277,2.842325790004093
image_0_5906.jpg,overripe,train,44.40458407545499,0.9809362262308664,0.027393651717611302,0.31838480472168723,4.686480671225052,3.8212074244476946,2.821827283284145
image_0_5915.jpg,overripe,train,45.115787068523076,0.9887474430760496,0.026863088271740335,0.35437425850019033,4.737929715515181,3.588503005339794,2.7615696605647653
image_0_5970.jpg,overripe,train,51.20997127670874,0.9838831820015754,0.024994289714292885,0.35238830624714185,4.732624062145666,3.466349966967273,2.7213377565872223
image_0_5976.jpg,overripe,train,47.95753403872459,0.987993536058712,0.0268388232614359,0.3526599930062412,4.741590068271101,3.6390197227222165,2.772401745472712
image_0_6013.jpg,overripe,train,59.100172365147984,0.9867467479200794,0.02163766658297272,0.31576659727103296,4.7090399943818255,3.883011434862405,2.8329733388915948
image_0_6016.jpg,overripe,train,52.274323429120955,0.9813804944644003,0.026614721254260558,0.3515074550371347,4.728470802090434,3.462340537090698,2.7264174331735256
image_0_6036.jpg,overripe,train,44.15446261585042,0.9887479507450486,0.02689488223517486,0.3562105744461199,4.742373922558599,3.5972367211367873,2.764760449255667
image_0_604.jpg,overripe,train,40.69612428654338,0.9846784266855795,0.026649636842370934,0.3461802319173109,4.7752611279910795,4.055355414988471,2.872635177737645
image_0_6060.jpg,overripe,train,41.67196133485755,0.9837811102709632,0.027221934921539695,0.33868957507943565,4.77649464693853,4.133763629737976,2.878696430585367
image_0_6148.jpg,overripe,train,58.4489421693999,0.9851522559959298,0.020942884455234206,0.2887329963412888,4.641457861699938,3.8152181154295497,2.8092084905161565
image_0_6160.jpg,overripe,train,67.07052512744932,0.9841674304251204,0.021118156690046724,0.2918733692410743,4.640750404831103,3.8246228074915973,2.80171835144752
image_0_6236.jpg,overripe,train,48.21137414641895,0.9839316860775353,0.022877081035118117,0.29285268841045997,4.646392139156521,3.867913352980382,2.8243068237488744
image_0_6249.jpg,overripe,train,52.84943596983523,0.9865142310275196,0.021138240451056542,0.2913089026808081,4.6330972578929615,3.7812902305855234,2.8069650114408504
image_0_6277.jpg,overripe,train,53.642080792543254,0.9827912356892243,0.025455522851786823,0.34282144831507405,4.71888445745496,3.5686783288373896,2.759500612411432
image_0_6280.jpg,overripe,train,66.19402154940437,0.9840380505394349,0.0201716683289503,0.2839706157163495,4.61713250388544,3.6439311762409767,2.775665005093862
image_0_6304.jpg,overripe,train,75.05739774324981,0.9856912283033961,0.019126152956067302,0.2827702325741446,4.609293672378167,3.55233411520228,2.734126120930689
image_0_6337.jpg,overripe,train,73.41300404436844,0.9835014732740084,0.020149065168600357,0.2882762806640856,4.621441982726249,3.6023866551957684,2.746910805363681
image_0_6339.jpg,overripe,train,71.21027382276564,0.9829270785684402,0.02137499505743274,0.2987302058840101,4.607184981324946,3.205289441504339,2.643463644258708
image_0_6382.jpg,overripe,train,62.197362614377326,0.9779578837579689,0.02486148148578358,0.3142252228783755,4.71548653402512,4.0428754169169645,2.8583434796053386
image_0_6383.jpg,overripe,train,66.92671728575777,0.9830978373751011,0.02172838745538824,0.3032289865372311,4.652031264339686,3.6889226536158293,2.776084596935805
image_0_6414.jpg,overripe,train,66.13806320503173,0.9844949015451392,0.021510629469154854,0.29758941825752994,4.6542855979477995,3.7380164681304615,2.787773688926813
image_0_6449.jpg,overripe,train,43.077108220746055,0.9846584331364912,0.027558824291775738,0.3746590259800576,4.859533646768296,4.268201957563341,2.906075187071542
IMG20200713141604.jpg,unripe,train,38.905089138663236,0.9787182966475949,0.029662131921310356,0.36456073494911534,4.818537188427752,4.136275764780035,2.898062942147067
IMG20200713141623.jpg,unripe,train,53.77499938251795,0.9759451116814035,0.027586288742177285,0.3514502460965082,4.782944178405397,4.121688545976893,2.888154415410907
IMG20200713141640.jpg,unripe,train,38.13837407105508,0.9790079774641198,0.03200837668057606,0.3666616711780521,4.818332391046416,4.142994841332151,2.8991275518779545
IMG20200713141737.jpg,unripe,train,44.34224317253914,0.979697867757897,0.027417256391142928,0.33831439730541024,4.743076104891386,4.010817734065955,2.869362150106558
IMG20200713141824.jpg,unripe,train,34.370876802490976,0.9787536618615925,0.03132254833054199,0.36998061272052357,4.839654314411276,4.2093933102323975,2.908371510731496
IMG20200713141846.jpg,unripe,train,42.451905269610194,0.9796522412077391,0.02783467607526381,0.32975452992681475,4.755381454384853,4.225745294098009,2.9139426945885125
IMG20200713142056.jpg,unripe,train,35.54673242746007,0.9840090888762029,0.029011604641072258,0.37026235655287887,4.81081765608071,4.0220693042818265,2.8738710468392323
IMG20200713142139.jpg,unripe,train,32.326949201747645,0.979468854667469,0.031654757103152874,0.3463345163470053,4.763469365154074,4.072095286521015,2.890347663776012
IMG20200713142211.jpg,unripe,train,30.087319157171795,0.9841126310458523,0.030783893302770364,0.3850209592422278,4.845359290610037,4.001279048555371,2.8709436462297573
IMG20200713142220.jpg,unripe,train,31.834694474518628,0.9840908145633689,0.030321843739218354,0.37807260768190715,4.827659387880383,3.9859612583585484,2.868117453404656
IMG20200713142228.jpg,unripe,train,34.56478684213369,0.9816100511730443,0.031114001442249278,0.3738606024700341,4.829547607157003,4.017786809065767,2.876962239314567
IMG20200713142241.jpg,unripe,train,36.16077308640455,0.983724773340628,0.029680707537090317,0.3842135703534527,4.826102875368168,3.853581572545228,2.835099027018796
IMG20200713142258.jpg,unripe,train,32.72794499719764,0.9847721814094398,0.02950895792097132,0.3760327489888977,4.805499425492294,3.85779930582597,2.843525854202868
IMG20200713142856.jpg,unripe,train,36.78000471428502,0.976326163666545,0.032935017760633505,0.37888093348295815,4.843458261126506,4.123539309806034,2.889818094349718
IMG20200713142909.jpg,unripe,train,38.504002163439594,0.9761388061013759,0.03267903914528901,0.38895413895584435,4.8681878278671045,4.137553687073233,2.88766928143738
IMG20200713142917.jpg,unripe,train,32.556538985487165,0.9777504155984732,0.03251345878148357,0.3758282459196226,4.837720740570226,4.1306502162033905,2.8920239539123864
IMG20200713142946.jpg,unripe,train,41.35852737916943,0.973307656338728,0.030828969491179695,0.3575568941292383,4.81752981968311,4.275049058052876,2.9156428537226478
IMG20200713143028.jpg,unripe,train,48.86054608242397,0.9718221175299815,0.03001144714608397,0.3513177715438167,4.801764266686331,4.240975806496227,2.9131215477963486
IMG20200713143043.jpg,unripe,train,38.634758834966334,0.9697469237495816,0.03280655102228983,0.35892089500146945,4.810503996370109,4.200688591054149,2.9110081718625587
IMG20200713143050.jpg,unripe,train,32.711767341104945,0.9758412642948516,0.03286336313273135,0.3709357286199895,4.841337706454258,4.240752747933299,2.9160513724145893
IMG20200713143109.jpg,unripe,train,39.02335498642514,0.9756939118472715,0.031975849725567405,0.38443264698476975,4.860423775222208,4.17189132384773,2.90019722669903
IMG20200713143206.jpg,unripe,train,33.98601197859203,0.976118526746603,0.033125364783103566,0.38299357445242355,4.847992527230572,4.06771790129693,2.880966122273153
IMG20200713143223.jpg,unripe,train,30.71107258918076,0.9765567995155588,0.03431848005797836,0.3780236639800578,4.836662175969042,4.066676029700818,2.878825071889481
IMG20200713143259.jpg,unripe,train,40.56274373337894,0.9747752350733048,0.029380419471078775,0.33270497389611564,4.741531354382229,4.062741697062997,2.879082455148439
IMG20200713143317.jpg,unripe,train,43.75970775624681,0.9771003308851057,0.027644824195435295,0.3331190214567908,4.718474268772955,3.7995432095573833,2.8136974151990737
IMG20200713143325.jpg,unripe,train,41.0725349308328,0.9754785279615329,0.028733758651661397,0.33927368852053547,4.74759257240452,3.8789119520302986,2.8302169702290167
IMG20200713143333.jpg,unripe,train,31.85490721237064,0.982261295739722,0.03140013681596025,0.3770460072309845,4.829609221955997,4.052275663852393,2.8770699696490105
IMG20200713143359.jpg,unripe,train,37.48651968976786,0.978219917762645,0.030766793637298444,0.35732666369545485,4.793795358481538,4.046769062835143,2.872378519457485
IMG20200713143438.jpg,unripe,train,36.846040071622305,0.9704654622170846,0.03500692036717183,0.38452736426473016,4.856436788501238,4.115466285561282,2.894150632414186
IMG20200713143447.jpg,unripe,train,40.358400627787525,0.9738541215770355,0.030159079679803046,0.3452150303039272,4.784210000998104,4.150496622269841,2.894439711252211
IMG20200713143503.jpg,unripe,train,34.561918493799745,0.9725690942641311,0.033843413812833754,0.37876401325109044,4.867413570765604,4.3078826571438995,2.9260467323241466
IMG20200713143508.jpg,unripe,train,27.382489000695802,0.9760120877453504,0.036216203572277006,0.39221397650628037,4.889932162603066,4.269502539115931,2.9229351904948104
IMG20200713143524.jpg,unripe,train,39.90335657199312,0.9715014534304496,0.031036221428109682,0.3381392582153686,4.767645842610853,4.1941268836698145,2.905654035991805
IMG20200713143542.jpg,unripe,train,38.92201987567374,0.966567643418055,0.03200539286660092,0.3360663526247468,4.742040445556349,4.02078859331293,2.8720614589817663
IMG20200713143556.jpg,unripe,train,37.73352558504569,0.9704948173307388,0.03046938194521692,0.3293488237618045,4.749586673737405,4.124179025592757,2.8868852896057784
IMG20200713143602.jpg,unripe,train,41.14037529838663,0.969272671304564,0.029660348875219254,0.3174142254669702,4.708513332340235,3.9647673861249446,2.8583379959543
IMG20200713143616.jpg,unripe,train,40.34114376435589,0.977607055345242,0.03204726035458606,0.386848007879781,4.8668626481785,4.087887668231783,2.87514660108772
IMG20200713143625.jpg,unripe,train,37.4635801910538,0.9725700617120403,0.03233723175014405,0.36162799408813834,4.784476546683595,3.9359639429612483,2.8509928845377432
IMG20200713143701.jpg,unripe,train,48.14848257725993,0.9744952644670806,0.030329792802256367,0.3647144937816389,4.816100208254255,4.083254637844474,2.869545929299428
IMG20200713143721.jpg,unripe,train,45.94169646772415,0.9771856167402856,0.028596368327454706,0.3474080693827144,4.767542895269579,3.9156886946499005,2.8455616387261786
IMG20200713143750.jpg,unripe,train,30.116643533515983,0.9783257617756639,0.032175556830417,0.3683822640488912,4.820628863378327,4.148237878783406,2.900534223216162
IMG20200713143812.jpg,unripe,train,29.820233684024334,0.9843849989181888,0.0310983533230032,0.38478653551249925,4.869685697251636,4.200779688599686,2.9056284539446002
IMG20200713143821.jpg,unripe,train,34.14617027386804,0.9798716013014387,0.03148837734097235,0.37706961209189843,4.83357542564591,3.9977900222210403,2.8634311129258156
IMG20200713143830.jpg,unripe,train,30.352572224678603,0.9731910606476484,0.035422246138210656,0.3836798660833661,4.851878382060964,4.036143841945948,2.8684997770487914
IMG20200713143842.jpg,unripe,train,27.53603772642078,0.9851638988051787,0.03153366814777096,0.3847499139460618,4.861746739054886,4.176226108586658,2.9035262173805756
IMG20200713143852.jpg,unripe,train,31.46418525173881,0.9819263376477462,0.03127295546475591,0.3785258744548099,4.844321292943566,4.0889187811654395,2.8858282297053144
IMG20200713143859.jpg,unripe,train,48.52028050136417,0.9768978313119613,0.02904884700114289,0.3677711972848488,4.806303143110961,3.9075384251312015,2.840539118608982
IMG20200713143908.jpg,unripe,train,35.015977858627394,0.9762051439680299,0.03101850619821064,0.35077203595681994,4.790497741039199,4.103637800542512,2.8847951209635965
IMG20200713143919.jpg,unripe,train,36.64267633309325,0.9779442782334014,0.03082363552105908,0.3619897997725814,4.806118367275952,4.058985505111259,2.876652448199091
IMG20200713143938.jpg,unripe,train,48.408242061572686,0.972597504649361,0.029551880802460146,0.35621586113336695,4.794111687648111,4.073358859796005,2.877032056888534
IMG20200713143943.jpg,unripe,train,40.37605274634954,0.9703716068766373,0.03622921424268502,0.3766703481744922,4.846100449508588,4.200070314419543,2.903334702253159
IMG20200713143947.jpg,unripe,train,36.050730976363425,0.9723851438862618,0.03361891428492651,0.36821414620908977,4.883516405891287,4.630429029302068,2.975527668396047
IMG20200713143957.jpg,unripe,train,33.6986043899428,0.9773087708783263,0.032153964519755496,0.3632532611617922,4.844285352935315,4.420162474762047,2.9461186765988856
IMG20200713144008.jpg,unripe,train,34.325414072886275,0.9735574989480594,0.032819973219880276,0.36089273490168006,4.8457526699120725,4.445983979131235,2.9443205540276445
IMG20200713144013.jpg,unripe,train,32.25076885234366,0.9769998696663644,0.03371234993180648,0.3838780267211924,4.895577789536133,4.412019984196035,2.9436597529747712
IMG20200713144109.jpg,unripe,train,33.49469590311809,0.9812133974549235,0.031144838724712506,0.3851474942518324,4.910590102538756,4.610732941720729,2.975640448100362
IMG20200713144113.jpg,unripe,train,26.337439302673907,0.9828232506051509,0.03232185907287395,0.38101112609888904,4.885577374265929,4.559233880738804,2.969839605725226
IMG20200713144123.jpg,unripe,train,31.154518568266536,0.9786352383525313,0.0356405460340548,0.3922070737317023,4.919370335420777,4.506263719504331,2.9587592768174753
IMG20200713144137.jpg,unripe,train,41.36809997757225,0.9708696717774797,0.03283247917527108,0.36868708751831225,4.871376485629054,4.52524300798157,2.9633921940401122
IMG20200713144142.jpg,unripe,train,41.935450173018815,0.9753238456508949,0.02994478929395393,0.3643295768153134,4.8589340858268555,4.554613239292847,2.968370850523098
IMG20200713144151.jpg,unripe,train,31.48793793932479,0.9843231874480874,0.030508934152157455,0.38312619641047035,4.9012625267037695,4.5516031077234445,2.9650125640375693
IMG20200713144202.jpg,unripe,train,34.741787721233344,0.9743841004882517,0.032262857123095956,0.3624585279083854,4.866648735362773,4.673296296330545,2.984411464787164
IMG20200713144211.jpg,unripe,train,42.14971650243125,0.9758530760036286,0.028827598801552716,0.3437749994553831,4.839032726161836,4.696614071827765,2.9850962060057578
IMG20200713144221.jpg,unripe,train,44.75242999039,0.9798998770119398,0.028850024800906184,0.3668599072565515,4.85597763430943,4.514007000960079,2.9645792764911914
IMG20200713144228.jpg,unripe,train,40.68389596198629,0.9727514335584417,0.0316247855637484,0.3638753208219453,4.846328414709518,4.464246215073321,2.9460349547161684
IMG20200713144234.jpg,unripe,train,38.25723834381676,0.9735948728225309,0.03222945489733327,0.370267639117711,4.877728888930585,4.6058620390974125,2.9746527360817225
IMG20200713144248.jpg,unripe,train,33.141774499746745,0.9733295870874468,0.032662383262718815,0.3600282126863942,4.859569919600593,4.640523843897624,2.987595436524442
IMG20200713144253.jpg,unripe,train,33.132057509054874,0.9756891347360849,0.032466586326297904,0.36980460124030057,4.88026736827135,4.622541007942494,2.9750448242236023
IMG20200713144302.jpg,unripe,train,36.31663267503643,0.9776037589772408,0.03054858400637792,0.36702615099138725,4.868231046931408,4.537024613098848,2.9651883582204692
IMG20200713144324.jpg,unripe,train,39.231238349136476,0.9780997200246091,0.029941217478054668,0.3658970062985013,4.861997420916511,4.560932090823194,2.9684002501039473
IMG20200713144332.jpg,unripe,train,41.86565115032087,0.9768941353835521,0.029508657366221186,0.3464933820791147,4.807470760122376,4.456291053182536,2.9492771725755222
IMG20200713144338.jpg,unripe,train,39.0864927105406,0.9768869483207003,0.029717417428669853,0.3547986716274555,4.836212614092158,4.495707880386632,2.957754612559143
IMG20200713144423.jpg,unripe,train,33.623919998077064,0.9753962207457034,0.03141448294767141,0.3486912869690099,4.826413628212792,4.606335195319352,2.977303966589689
IMG20200713144429.jpg,unripe,train,39.890162747846645,0.97276042965571,0.03284970987762581,0.34471212817659913,4.833988688735973,4.61162241205656,2.9688199856786257
IMG20200713144442.jpg,unripe,train,42.210992608730635,0.9703735587565419,0.03213121029880606,0.37133669890326815,4.869617811940525,4.486819600660981,2.953391566981015
IMG20200713144457.jpg,unripe,train,40.18620112483657,0.9714859392739077,0.030542049270271064,0.34437507858470007,4.79783587797071,4.340117119255501,2.923972750834842
IMG20200713144509.jpg,unripe,train,40.52421652264665,0.9786950455446796,0.029807459904057143,0.36442691701966956,4.88802070710498,4.682903329886379,2.9835697648903325
IMG20200713144515.jpg,unripe,train,37.555630518218244,0.9751976646791137,0.031148231523179467,0.36357338097175285,4.876258528768531,4.7264112374774,2.997325030678533
IMG20200713144534.jpg,unripe,train,44.68806744517883,0.9732576857240823,0.029650309582185036,0.3523436748422035,4.858369914296031,4.742060144257231,2.9973460228607096
IMG20200713144550.jpg,unripe,train,44.06797216955928,0.9679882445356793,0.030898523442311334,0.3465028373654907,4.85309261337382,4.764856268470753,2.9952244289520724
IMG20200713144556.jpg,unripe,train,39.651791327836236,0.9708282258597538,0.031255933883100606,0.3468218496366473,4.83817433876089,4.719217801586351,2.9904656890840897
IMG20200713144605.jpg,unripe,train,33.29017028490715,0.9787313514327963,0.03241624516656076,0.3787315847644983,4.901668677957638,4.6039799877663805,2.9736128315936754
IMG20200713144630.jpg,unripe,train,39.00841812718008,0.9699587741564732,0.034924738636823785,0.37519654639121913,4.904387057358367,4.677349224249622,2.9824931475026606
IMG20200713144639.jpg,unripe,train,42.066489545626894,0.9741945093211666,0.029494793847594493,0.34689003187270506,4.839138007926557,4.660426967944833,2.9823063303828055
IMG20200713144657.jpg,unripe,train,54.705154241966085,0.9681924484920641,0.028654381115102923,0.3321211358208209,4.810451869204664,4.666575358535235,2.9812163915808143
IMG20200713144704.jpg,unripe,train,37.90666339060017,0.9720125905366237,0.0341923487930179,0.372013648914965,4.8806953100385,4.688784165622941,2.9903694404398813
IMG20200713144717.jpg,unripe,train,39.90031777276664,0.9752699152885037,0.02901729049596708,0.33164892213541375,4.820985294691266,4.786497246614507,3.002540891382384
IMG20200713144725.jpg,unripe,train,39.40037239405437,0.9703098402367079,0.030511099028675256,0.33788575152107697,4.826170839957605,4.776892922324043,3.004207618110878
IMG20200713144739.jpg,unripe,train,41.55622781082179,0.969093786117302,0.032142767423049126,0.36100184965879795,4.868932193914224,4.68761317973266,2.9894426599117176
IMG20200713144806.jpg,unripe,train,40.55300675135063,0.977791966980216,0.029658822137575144,0.3644644371029474,4.801584325489828,3.9845367230617064,2.863598075579045
IMG20200713144816.jpg,unripe,train,29.46103765719294,0.98076166204127,0.03170212275865977,0.3726504930795995,4.827337017114118,4.094494750955073,2.880622085932644
IMG20200713144823.jpg,unripe,train,25.500364919215137,0.9840240672407832,0.0310385993916519,0.3651251847990713,4.803506570205227,4.056614014315314,2.8910864083194774
IMG20200713144832.jpg,unripe,train,35.9878474531781,0.9779663808742614,0.030788535545327296,0.36868707482010393,4.834971124235221,4.221913900580163,2.9117845620781035
IMG20200713144845.jpg,unripe,train,27.484295687853244,0.9822303215961823,0.03290487890316409,0.37721564375863575,4.82890868630034,4.020295717363464,2.875611956336257
IMG20200713144855.jpg,unripe,train,30.08243195166633,0.9808729235896225,0.03162854944307272,0.36955010891542556,4.819210038620962,4.0606914240038,2.8849651811830426
IMG20200713144905.jpg,unripe,train,33.58853363430255,0.9766807151509791,0.03274078548468785,0.3733081568904469,4.835455878215285,4.108977890843773,2.8883631846315128
IMG20200713144909.jpg,unripe,train,33.96501544569527,0.9751138396685985,0.03236949444282397,0.363650761152875,4.790751943279019,3.9747292521244804,2.864399686630713
IMG20200713144918.jpg,unripe,train,29.469907021629787,0.976355581836239,0.03466648550324031,0.39388439751616805,4.883935907970419,4.130017211997388,2.896713671493821
IMG20200713144926.jpg,unripe,train,38.48030816580704,0.9731185276092029,0.03316070071753911,0.3811247654985754,4.8448031502745454,4.110233429310374,2.8946032865392493
IMG20200713144933.jpg,unripe,train,33.28970481282903,0.9724643731162,0.03424085532180634,0.37627989336056217,4.8484855250427925,4.256369106231645,2.923376036563501
IMG20200713144941.jpg,unripe,train,39.81089649247208,0.9739392825798051,0.031423031785357367,0.36990342670573817,4.8321688918664565,4.163845926780126,2.899429367916702
IMG20200713144956.jpg,unripe,train,33.59844304893987,0.9768338365562032,0.031511951670449546,0.3587763272828176,4.801757406153369,4.1297665885166035,2.8994462717802976
IMG20200713145006.jpg,unripe,train,40.59250413731479,0.9758907928289787,0.029118546704985336,0.3428058241592227,4.767539569813824,4.07758653071733,2.8856409159757783
IMG20200713145011.jpg,unripe,train,48.66732212962806,0.9728198556497597,0.029214566023426987,0.3493880445968871,4.775818173028892,4.00484329963848,2.862205858641411
IMG20200713145018.jpg,unripe,train,43.63377561302087,0.9703690298587252,0.03167404689794183,0.36738305398990534,4.809492735392163,4.0156992457960206,2.8670168818856165
IMG20200713145026.jpg,unripe,train,31.84099280042426,0.9769533601277507,0.031901991223092764,0.3577166384159967,4.797107929638531,4.142004587166259,2.8999555233567267
IMG20200713145036.jpg,unripe,train,38.769753740676144,0.9778552758933738,0.030092818472194013,0.3549956572189673,4.802833175631414,4.095259823759994,2.883146874181599
IMG20200713145100.jpg,unripe,train,33.620445791069066,0.9800702170752441,0.030499188675223374,0.36090653608327095,4.805566093978646,4.1514625239182195,2.902264435456566
IMG20200713145109.jpg,unripe,train,30.81753412402177,0.9871007055416428,0.03072353147990155,0.41239107850221957,4.928411519799021,4.214746033716783,2.9177719004187086
IMG20200713145136.jpg,unripe,train,38.893741924914245,0.9795191441911552,0.032047687844943426,0.40036622566337743,4.8940982653357885,4.071099000325511,2.8814086209209173
IMG20200713145141.jpg,unripe,train,36.222101582014545,0.9798594737860205,0.0330503239685677,0.4042672326356351,4.913354291734252,4.197246622341115,2.904916103253571
IMG20200713145148.jpg,unripe,train,40.14818197340913,0.97489196598846,0.029574112360451148,0.33561744252489184,4.762618055064886,4.085111771599244,2.875889218856662
IMG20200713145208.jpg,unripe,train,34.45576975631678,0.9765023348323527,0.03179085994352021,0.35699832166595746,4.792628646178414,4.076656330285184,2.8831323530846618
IMG20200713145224.jpg,unripe,train,44.68620341680492,0.969207866903772,0.030538436719032138,0.34105031211305536,4.783099821543836,4.140295315737144,2.8910270217457392
IMG20200713145237.jpg,unripe,train,32.43698614311163,0.9781364955386076,0.03122512352209059,0.3542919014561896,4.802985293279835,4.195491661805867,2.9112836736186463
IMG20200713145248.jpg,unripe,train,36.30485607609523,0.9790823667641594,0.03122048586225768,0.3784834016274596,4.841210589308582,4.104833881270871,2.891402673381364
IMG20200713145253.jpg,unripe,train,42.94874753463999,0.9796563873428281,0.02798094070690008,0.34884436681778175,4.774221005724586,4.050030237919826,2.874865765626372
IMG20200713145258.jpg,unripe,train,31.58127239019066,0.9778980270502712,0.031023338971074215,0.3520189369214608,4.794930351250752,4.139041314249226,2.8940619652520736
IMG20200713145308.jpg,unripe,train,31.70900807360603,0.9765628267008726,0.03225569520807346,0.36238106036176,4.811367342184952,4.133110941929042,2.896522604932429
IMG20200713145312.jpg,unripe,train,36.633922816854046,0.9750549146519275,0.03044297683684932,0.34616419419545574,4.758688819039066,3.976213948029046,2.8660074336355743
IMG20200713145316.jpg,unripe,train,43.310583966223916,0.9620158630077666,0.03139476638433192,0.32924621929333275,4.741957891206975,4.0296800489106985,2.86717475504286
IMG20200713145330.jpg,unripe,train,27.50689966068709,0.976262852337676,0.0345215237385304,0.36226921360139813,4.808030209027475,4.16591727083845,2.9066137271524717
IMG20200713145338.jpg,unripe,train,39.48743087967486,0.9749771130693665,0.03067565427498236,0.3509334693745083,4.781416931503144,4.028249233092186,2.8687963266123053
IMG20200713145343.jpg,unripe,train,38.08495848437059,0.9785444180935771,0.029457844110229524,0.35254814631759546,4.770227735604518,3.9583701106667823,2.857992762573547
IMG20200713145350.jpg,unripe,train,31.458608502050573,0.979244382991215,0.03189320479477449,0.3686230527910551,4.807181691743583,4.030765846492472,2.8789762416857343
IMG20200713145355.jpg,unripe,train,33.71984872340041,0.9784687003463599,0.03265594040229383,0.38448800259374266,4.84256306894216,3.9864396366284645,2.863203641362402
IMG20200713145423.jpg,unripe,train,37.89965183094404,0.9799056985449024,0.02972441832345079,0.36293040587568476,4.799847026778118,4.0441599116636215,2.8738800246845355
IMG20200713145428.jpg,unripe,train,35.94889399385279,0.9741126166424727,0.03150242531151283,0.35278561303252837,4.790944255570001,4.081561174228164,2.8805257171155363
IMG20200713145435.jpg,unripe,train,39.237949771643265,0.9730987226976483,0.03297505528136922,0.380239102252105,4.838749613122872,4.00994018989948,2.8674868568590854
IMG20200713145443.jpg,unripe,train,30.094978365525016,0.972793811325038,0.03302023762824343,0.3488608365130504,4.783821156948606,4.116915952821357,2.8842170502609594
IMG20200713145452.jpg,unripe,train,47.21013891112547,0.9761931446090004,0.026932796474267273,0.3197363914078871,4.693661626881756,3.8738118316878736,2.844013230050992
IMG20200713145505.jpg,unripe,train,40.99507516762046,0.976074573529,0.029802867756560426,0.3475851659651911,4.768110114185663,4.054179865127374,2.8773941540962786
IMG20200713145512.jpg,unripe,train,36.25840716374209,0.9836975365054302,0.028156961062585036,0.36106901439336936,4.787633896897226,4.015121795260574,2.8796690697505376
IMG20200713145518.jpg,unripe,train,41.40492872626186,0.9800269740064881,0.028911534717668646,0.3626484250288666,4.782477768627353,3.882916250088066,2.8425572854826346
IMG20200713145532.jpg,unripe,train,36.21396289542237,0.9779165923072068,0.030127200699991113,0.3524058295631355,4.778722166832835,4.020652272094208,2.8698081415417254
IMG20200713145541.jpg,unripe,train,33.435780171817555,0.9807603658939498,0.03235531116499821,0.38147826106530525,4.838725888128648,4.056189431569551,2.8837332840718117
IMG20200713145548.jpg,unripe,train,34.090222356222625,0.9786939331496167,0.03228393050365105,0.3721923719331822,4.819166117853671,4.039499376770274,2.881402729403732
IMG20200713145553.jpg,unripe,train,28.67097466832987,0.9858398859032638,0.03172491482319168,0.39151053363025745,4.876655635936641,4.076959823842834,2.888900090448675
IMG20200713145601.jpg,unripe,train,38.46473130896247,0.978369529136934,0.03044199364013981,0.370361249205346,4.81661818044431,4.024620692660252,2.8674787600340883
IMG20200713145605.jpg,unripe,train,38.46040546865832,0.9766948452088487,0.03045746139512539,0.3553053643647844,4.77371677669798,3.9101393356488843,2.8467951125035214
IMG20200713145615.jpg,unripe,train,34.00953484920092,0.9653768056367632,0.035626894141642364,0.3570760591713812,4.812466046141031,4.187387243740474,2.908014295745036
IMG20200713145630.jpg,unripe,train,38.40036123473288,0.971534741313879,0.03126383900860068,0.3344536064683511,4.768281827342963,4.204830370019099,2.9050689885211693
IMG20200713145642.jpg,unripe,train,46.16109516621297,0.9737952218280802,0.03123902984476797,0.3583980310011377,4.7958086953396,4.037189428058613,2.87288091520412
IMG20200713145648.jpg,unripe,train,42.34667036928903,0.974075846487778,0.02976645639655611,0.34502764297328914,4.78008380198155,4.152283728395085,2.897243892662741
IMG20200713145702.jpg,unripe,train,42.25064725673531,0.9765969473771308,0.03018705146694777,0.36413863643333744,4.8021744116702605,3.990994859070913,2.866532406169975
IMG20200713145706.jpg,unripe,train,42.04724212514208,0.9761155527446469,0.028867024816045916,0.34069883714554616,4.756668285400816,4.032212184269279,2.8725618405022137
IMG20200713145721.jpg,unripe,train,36.48203157152174,0.9769644607449829,0.030813487512545333,0.34890280203160884,4.788541191050812,4.096918138003904,2.888107859618965
IMG20200713145729.jpg,unripe,train,43.63025502978482,0.9736711817826276,0.03321302393322012,0.38256955287338346,4.847432551490267,4.035319845696721,2.868471831883571
IMG20200713145734.jpg,unripe,train,27.983891618358452,0.9853966532579953,0.031726311990950856,0.381667306112442,4.829761703565996,3.9629067033973344,2.858576896537569
IMG20200713145845.jpg,unripe,train,29.880235954166658,0.9827885421831265,0.030313035744175536,0.36287863382013247,4.8102736916605675,4.03872022315379,2.8734952774714126
IMG20200713145901.jpg,unripe,train,33.355523652384335,0.9797474452287248,0.030265236554045775,0.3520568048617026,4.787302093577511,4.014855818342639,2.859517357709594
IMG20200713145921.jpg,unripe,train,37.33651994255848,0.9760546041523286,0.034608253417732764,0.37401544987609553,4.848247287793709,4.1939040042687985,2.9033373694716076
IMG20200713145929.jpg,unripe,train,46.52802263638142,0.9720546379017775,0.03018195164218842,0.3601840243578136,4.8016723511937505,4.106270720680147,2.8828975414020035
IMG20200713145941.jpg,unripe,train,45.82471405946262,0.9717718063381711,0.02837693701314808,0.3225940299719834,4.7053151587228985,3.8745733408908793,2.8401600012333845
IMG20200713145947.jpg,unripe,train,51.86209597600027,0.9671861745980805,0.028868518372497324,0.3249935021258019,4.737020383099261,4.125758821900952,2.889602411003021
IMG20200713145951.jpg,unripe,train,62.85574594451614,0.9693657453186855,0.026584153191486992,0.32234573346359685,4.717899956191007,4.0278412069254035,2.869939750963244
IMG20200713145957.jpg,unripe,train,46.79127748397613,0.9775858617597406,0.0271124735925691,0.32966734617611554,4.736278835567921,4.077473072276756,2.8817801272985215
IMG20200713150008.jpg,unripe,train,32.677493804685405,0.9787524216742944,0.03183879087506136,0.3771079725077897,4.842883854350487,4.14890596824017,2.899821131583726
IMG20200713150018.jpg,unripe,train,27.199923932962026,0.9802974013272305,0.03370313606785336,0.3841162014009421,4.842645874514972,4.05365684003917,2.8877715098662278
IMG20200713150024.jpg,unripe,train,40.12848506563282,0.9807289951710723,0.02917474102977589,0.36930753866703625,4.812580906486716,4.00418524033898,2.8682318732020526
IMG20200713150048.jpg,unripe,train,30.574737672038943,0.9776418187897786,0.03281756168575856,0.36140854940303585,4.8148807626215895,4.1957458746782486,2.909972519709006
IMG20200713150059.jpg,unripe,train,42.25917058208218,0.9812976405692305,0.02748310740365373,0.34393245049849475,4.7790216322169305,4.123815871628115,2.8867109583323978
IMG20200713150105.jpg,unripe,train,32.809410301385185,0.9825498224651147,0.03020720228180071,0.3770601770598775,4.845000947089279,4.160113126656508,2.901792864180694
IMG20200713150120.jpg,unripe,train,42.512114614957724,0.970934062938726,0.031327180048965335,0.36035398309071337,4.7900832546376195,4.038288667398667,2.8794314500197484
IMG20200713150129.jpg,unripe,train,39.9572530885991,0.9750798638823388,0.03115963554742594,0.3622682574447387,4.800416286132999,4.072011380769955,2.8877235454961094
IMG20200713150134.jpg,unripe,train,46.592110944782306,0.9703444439099189,0.02909695567758659,0.33311587138351584,4.752475247524752,4.08189880856709,2.8765948914285864
IMG20200713150138.jpg,unripe,train,37.20231331109257,0.9840941372345855,0.026774718003597042,0.3264781480757027,4.719867543103021,3.964147977260005,2.860781938980383
IMG20200713150142.jpg,unripe,train,42.910604862835385,0.9753652768351326,0.028283032626915023,0.3258023782458573,4.713715074021455,3.9093519136284782,2.8463874021510263
IMG20200713150150.jpg,unripe,train,46.380077854588606,0.9766491431708169,0.030165022726069857,0.35442360121292155,4.773775889951874,3.899069130220101,2.84130512739974
IMG20200713150224.jpg,unripe,train,45.72678732823115,0.9741387760506087,0.028082401418978033,0.31565929428174544,4.693469785575049,3.9490718934842777,2.8590071159627666
IMG20200713150231.jpg,unripe,train,35.868225456042715,0.9800732275046034,0.030561041438410652,0.34888387961946665,4.764860383560036,3.9627428452487794,2.855403887037092
IMG20200713150242.jpg,unripe,train,57.02059424917852,0.9794094350628494,0.0247641342796908,0.32480206130575523,4.720188206520118,3.9129139383904574,2.8441123567743687
IMG20200713150301.jpg,unripe,train,51.80516481896538,0.9785902795841266,0.02498623346553438,0.3211008686554107,4.7018135869287345,3.825401462894622,2.8243287058347
IMG20200713150319.jpg,unripe,train,44.83201755409145,0.970250047608649,0.029856967766265043,0.3375119247994485,4.787743688500805,4.312946220601581,2.9270983757852598
IMG20200713150330.jpg,unripe,train,31.84443006075704,0.9755885350171418,0.03297071752794888,0.3675812759037039,4.828893378226711,4.152064835994311,2.9009795363757727
IMG20200713150335.jpg,unripe,train,38.57620505812611,0.9746991011371821,0.030117990744528148,0.34559545984289375,4.796799593599188,4.240541301359101,2.9149009875788483
IMG20200713150343.jpg,unripe,train,39.23507129891844,0.9761774279733402,0.029518637702170576,0.3398883097072993,4.747391556179731,3.956397966993518,2.8586165849455654
IMG20200713150353.jpg,unripe,train,36.75454354197328,0.981592896593033,0.028566954407126144,0.3475979818806486,4.773710469517345,4.076612185683189,2.882128413406793
IMG20200713150357.jpg,unripe,train,35.88525887033427,0.9762131140781237,0.02953224226037052,0.3358021948357576,4.736433041605609,3.97537648800951,2.8596263621660203
IMG20200713150406.jpg,unripe,train,35.25712821652783,0.9787405952728441,0.03076344310444611,0.36640178962126574,4.819020122822603,4.119722047835774,2.895266530537326
IMG20200713150430.jpg,unripe,train,38.63385514011478,0.9783489068257087,0.029387531284205105,0.3470792370906029,4.770416277614176,4.030310840575188,2.8749527331753626
IMG20200713150444.jpg,unripe,train,48.074860435028924,0.9729533215825016,0.02777607870871974,0.32838572250707454,4.733960925303941,4.0514522660354935,2.8751638288749786
IMG20200713150450.jpg,unripe,train,46.65882974810399,0.9760704041724517,0.029316009224511087,0.36023174421117576,4.811603500295701,4.142278076922883,2.8911102360678926
IMG20200713150506.jpg,unripe,train,41.05657015237816,0.9700534260213168,0.032740291174381625,0.3439705295474081,4.784811670341011,4.211923730890587,2.9009985509435228
IMG20200713150510.jpg,unripe,train,34.0155204267012,0.9756990676838031,0.03140018878567659,0.35133549722793134,4.800140363363186,4.236265524057888,2.9120800355290295
IMG20200713150521.jpg,unripe,train,32.565260671287206,0.9831852064328287,0.030272211298037994,0.37761827804192505,4.852773223893406,4.207410944457598,2.906453775443896
IMG20200713150538.jpg,unripe,train,39.61302229482605,0.973452233619533,0.03237131479701533,0.37687566775355075,4.845407611734447,4.137160946724035,2.8963064319718717
IMG20200713150542.jpg,unripe,train,39.190401239356774,0.9656480754332273,0.035148406656811265,0.38408558031513906,4.847913597507765,4.043473211177579,2.8776358811056513
IMG20200714165830.jpg,unripe,train,32.6334456366833,0.9823765951058738,0.0289745186018893,0.3509651684032634,4.777032528599927,3.96336412087325,2.85614363754172
IMG20200714170119.jpg,unripe,train,43.930781408709116,0.9731410550316182,0.029934501081554404,0.34395513426602586,4.774850358644571,4.073443181911199,2.878614986968366
IMG20200717083546.jpg,fully_ripe,test,30.04075143232762,0.9902302855691668,0.03279705549465411,0.4500775890516746,5.010930811566349,4.300275817437124,2.9318635632197876
IMG20200717083603.jpg,fully_ripe,test,40.92374760371271,0.986964464839429,0.03099199762739814,0.3982832295734233,4.877419621541737,4.000279804168069,2.8559190607082066
IMG20200717083647.jpg,fully_ripe,test,40.435581995131784,0.9856768579514046,0.03204968701742139,0.402440379537752,4.88850089723071,4.094178357957873,2.882209216433856
IMG20200717083724.jpg,fully_ripe,test,34.96687310638478,0.9892211406116617,0.030338252660903658,0.4212038232323527,4.936508091818164,4.106720034909376,2.889519428698748
IMG20200717083850.jpg,fully_ripe,test,31.577559213138272,0.986680559328597,0.032206997744781536,0.42176601279090264,4.914943464405905,3.931395229001715,2.8564027589423095
IMG20200717083853.jpg,fully_ripe,test,28.98844921396427,0.9880673677255161,0.030196087904057475,0.3718273266928014,4.795776242781112,3.8839333922759676,2.8422785616836457
IMG20200717083923.jpg,fully_ripe,test,29.080484199941957,0.9891922328911604,0.028828030643606985,0.37694570353369566,4.797167360773994,3.820974287063997,2.835629625504104
IMG20200717084049.jpg,fully_ripe,test,32.24017950279422,0.9916145028678092,0.029183186663878237,0.41787439242329133,4.928844521904171,4.0924449049813285,2.8887100696921424
IMG20200717084246.jpg,fully_ripe,test,41.11063157608076,0.983482015397901,0.03244122350037241,0.40639589887439753,4.877938002641383,3.993110918944168,2.86248962627498
IMG20200717084258.jpg,fully_ripe,test,34.75855285820317,0.9865739892100454,0.03164892552727254,0.40364771181244746,4.89151575398712,3.998820268077438,2.8619292505410057
IMG20200717084305.jpg,fully_ripe,test,33.167721254530946,0.9857590670541474,0.035309343911779874,0.40530498070112453,4.901976070934814,4.158622408799444,2.9001418225023117
IMG20200717084454.jpg,fully_ripe,test,38.90792853210052,0.983799311968735,0.032342536830856104,0.3977444099302551,4.874067563856084,4.002081147865776,2.8730424237277057
IMG20200717084517.jpg,fully_ripe,test,35.94255242773449,0.983889605748802,0.03287499342368137,0.4023710514661374,4.882679189322788,4.015904636081992,2.8668508696447583
IMG20200717084615.jpg,fully_ripe,test,29.313851389755886,0.9880598064881384,0.03190375788173346,0.3944211385137686,4.888907729516024,4.192065429286802,2.909333217365125
IMG20200717090701.jpg,fully_ripe,test,41.60445750322755,0.9852780914791959,0.02748162927927812,0.3716010268621803,4.811862489549009,3.919347797546884,2.839055943792352
IMG20200717090725.jpg,fully_ripe,test,33.06798403302409,0.9870693951588109,0.02979792378991327,0.37661124173476335,4.815518131847862,3.8968237834447996,2.8420646182044784
IMG20200717090916.jpg,fully_ripe,test,30.042928417545006,0.9900717856344888,0.031029231081067553,0.428361131528083,4.942252235149477,4.0532558355990815,2.887649648628478
IMG20200717090924.jpg,fully_ripe,test,27.631866780617692,0.9907214142489875,0.029599864938720882,0.4145008719455846,4.926817843661312,4.123447906192134,2.896356196217617
IMG20200717090932.jpg,fully_ripe,test,49.81863158890313,0.9852698504235393,0.025450769968494397,0.35821354873377087,4.768051100743548,3.7522301061509253,2.79921002736743
IMG20200717090956.jpg,fully_ripe,test,31.242251352672227,0.9898516648131791,0.02933780258951288,0.4121317180707662,4.9182785299806575,4.152558490502507,2.898743443448161
IMG20200717091029.jpg,fully_ripe,test,61.72644703961332,0.9812093271070774,0.028629157861761012,0.3905384263070651,4.869823610516807,4.008252605220131,2.852283145349174
IMG20200717091054.jpg,fully_ripe,test,54.00989610071948,0.9842846267831962,0.028042871108209345,0.376045217987667,4.803684307538844,3.770348893214697,2.805011091404027
IMG20200717091100.jpg,fully_ripe,test,62.416553876269866,0.9829681908287085,0.025399123964666936,0.3706893151345785,4.815851044282477,3.8783449347546823,2.825870255760186
IMG20200717091145.jpg,fully_ripe,test,30.480884954691213,0.9874266902019583,0.035096716623580715,0.4100575411600219,4.9022655965300554,4.0689839257254485,2.883040467278563
IMG20200717091151.jpg,fully_ripe,test,29.62250211371001,0.985989605692941,0.03314976071181183,0.4079931302473993,4.898433447453055,4.0969850681947575,2.883260171255586
IMG20200717091203.jpg,fully_ripe,test,38.335139205789005,0.9857839176252776,0.027641663799580538,0.3681227802675165,4.815613031261302,4.013083507836826,2.870035917636777
IMG20200717091436.jpg,fully_ripe,test,44.34837618706098,0.98439174136307,0.028962550316725153,0.34151450334706857,4.747720573113046,3.9809544894513906,2.849073802966999
IMG20200717091528.jpg,fully_ripe,test,55.98019395015473,0.9841774650870325,0.026442390347707633,0.3648491720447248,4.77048015796571,3.6592619828946775,2.779795688518286
IMG20200717091630.jpg,fully_ripe,test,34.86670702738303,0.9883597480520971,0.03047673285994695,0.41751132218297127,4.91139440433213,3.9403364732057526,2.8550400083202283
IMG20200717091644.jpg,fully_ripe,test,38.334313499568964,0.986786616090314,0.030709448111585387,0.4082619198967674,4.9143660124596,4.158641807296765,2.9032231839517233
IMG20200717092110.jpg,fully_ripe,test,39.26338421269964,0.9867454672527494,0.027679300091193085,0.3900654728791263,4.851479919794701,3.9170534213202917,2.8535201764253375
IMG20200717092128.jpg,fully_ripe,test,34.10937929053111,0.989092552558371,0.02900512185559633,0.4144134730702901,4.925087405133453,4.102659613320521,2.888428125216569
IMG20200717092132.jpg,fully_ripe,test,29.36037937931319,0.9880938131453223,0.032011153183436634,0.42130344463364394,4.9555898505159295,4.274618418237641,2.9277701731541965
IMG20200717092138.jpg,fully_ripe,test,30.825555324287812,0.9877734687953359,0.03313264758061302,0.40249347728175555,4.904050409155326,4.235044929388271,2.919682110968255
IMG20200717092210.jpg,fully_ripe,test,54.78113608917883,0.9797502777158902,0.02836691158872732,0.36136366515922136,4.777925670436001,3.788632505453252,2.8154566696979435
IMG20200717092401.jpg,fully_ripe,test,36.19964461658068,0.9854034604050758,0.03145839472532452,0.40764536128618,4.887535081114382,3.9330928517765944,2.8525552133823453
IMG20200717092405.jpg,fully_ripe,test,51.569714921703124,0.9747606092324955,0.03090379719654654,0.38408182482567965,4.822447275250832,3.7967093830635203,2.8163079381183116
IMG20200717092558.jpg,fully_ripe,test,34.51090166032312,0.9876965638909465,0.027773016205788034,0.37800853206579016,4.824150604377654,3.925716976991631,2.851340161835868
IMG20200717092639.jpg,fully_ripe,test,41.49575980816515,0.9872749112033647,0.02811670563499305,0.3961396193939785,4.86997316179603,3.997651681992499,2.8680973033213055
IMG20200717092651.jpg,fully_ripe,test,60.557022176909584,0.9798181569306942,0.026489194172027157,0.35839084955076406,4.81136387909858,4.07957181280187,2.865823546069478
IMG20200717092658.jpg,fully_ripe,test,49.45748637176284,0.9833571057609267,0.026935912234733118,0.3634664655321466,4.793801557164872,3.867436575025727,2.8340841575273337
IMG20200717092756.jpg,fully_ripe,test,39.40068433940509,0.9881176195980607,0.02823422079959948,0.3567698992140983,4.76722636163291,3.8570453135416063,2.828100206990492
IMG20200717092834.jpg,fully_ripe,test,31.932503853025892,0.9869632835046356,0.036706104354227685,0.4238354051097297,4.9493510908124225,4.117968806937192,2.890304825457704
IMG20200717092848.jpg,fully_ripe,test,46.07381417819154,0.9855886647194355,0.028447410086156904,0.37632702656905037,4.814220580596756,3.862429121156247,2.8307791016823205
IMG20200717092927.jpg,fully_ripe,test,41.29559420924904,0.986863187339849,0.026199211459631076,0.36218326843410503,4.766309657676922,3.7538759291826334,2.8067910999337817
IMG20200717092932.jpg,fully_ripe,test,40.94161818457001,0.9825528838572242,0.027204737086601906,0.34238599300528116,4.7330777034258755,3.6659438470525383,2.784090083307536
IMG20200717093022.jpg,fully_ripe,test,53.920178165357655,0.9800102431064622,0.02644946160767653,0.34646406625103865,4.744843110395489,3.754237603456755,2.806902361106869
IMG20200717093101.jpg,fully_ripe,test,34.71125864034683,0.9881405902589495,0.030076908102900993,0.40684952040813166,4.89711598804807,4.017739830206912,2.8681143768886788
image_0_1034.jpg,overripe,test,49.005985919467555,0.9862236723155275,0.021753524713501546,0.2999220107492907,4.626130344789592,3.4023305134400226,2.697700179325871
image_0_1191.jpg,overripe,test,49.914567198749225,0.9818464595393519,0.02663022137922101,0.3505748680528413,4.722502599202911,3.4789755252488326,2.7356061158777543
image_0_1198.jpg,overripe,test,30.33928265241092,0.9894796962487183,0.02712857003896336,0.35332464938325236,4.816900764356177,4.3593994755511245,2.934859242994955
image_0_1224.jpg,overripe,test,59.895158848635575,0.9864643661469642,0.021928300265786713,0.3181816598177495,4.718801734331888,3.907552157642505,2.8348428806935995
image_0_1656.jpg,overripe,test,66.1402719041916,0.9764523344977993,0.023319507580567177,0.3052987275707316,4.695636478080568,4.029706226264136,2.858092064562183
image_0_1685.jpg,overripe,test,73.69741836354586,0.9792335379208787,0.020808368446056685,0.284237947667624,4.621625583986551,3.7410421959152345,2.789157301171977
image_0_1796 (2).jpg,overripe,test,40.52544398373546,0.9818843832524469,0.028211863553747583,0.34160072533643926,4.7772739875719665,4.144413967254625,2.8905430993286596
image_0_1803.jpg,overripe,test,53.16735135451894,0.985115130587176,0.02601586862930086,0.3726532526382163,4.839581347572205,4.119045193549608,2.87411191470837
image_0_1899.jpg,overripe,test,37.68064856118452,0.9894039180527161,0.025430094450445462,0.3431426496749437,4.788263166893272,4.2065861755265,2.902305944915621
image_0_1955.jpg,overripe,test,39.062528954112224,0.9864799710965555,0.02754107906167405,0.3785154971754036,4.793678529131963,3.516520506515335,2.746201683114454
image_0_2019.jpg,overripe,test,45.565200819175146,0.9874975560065107,0.024170618313331307,0.3413647290244726,4.722374091464591,3.6305040954707684,2.7737522180118845
image_0_2186.jpg,overripe,test,68.09858859992633,0.9840896494277291,0.01955966458835766,0.2718286479661105,4.620682267633487,3.8850073130210943,2.824860207549132
image_0_2243.jpg,overripe,test,64.69332755735182,0.9823140412074263,0.023109696479623406,0.3276967128865595,4.743039240771324,3.9475476532173586,2.832425092695013
image_0_2260.jpg,overripe,test,58.44778713897456,0.9819659711001951,0.022171353417532427,0.2951055083670232,4.675812058121489,4.021673095814233,2.8606094529796553
image_0_2266.jpg,overripe,test,31.464748846944367,0.9858645153189325,0.032057678595540415,0.372794160258383,4.8503695641309,4.267992069534183,2.9197035404414966
image_0_2335.jpg,overripe,test,82.94275225751406,0.9745398795211707,0.019365992973278436,0.22953940767225472,4.5137931034482754,3.57929095564054,2.7483895237588727
image_0_2409.jpg,overripe,test,43.46150034654059,0.9886796621551421,0.021946115344037488,0.3086770476398826,4.660556495039334,3.6765109062104915,2.781154629821734
image_0_2609.jpg,overripe,test,72.4551955315248,0.9834597017641744,0.020104046933569285,0.29248075128909573,4.630240105778766,3.619550722167107,2.7521230978632834
image_0_2661.jpg,overripe,test,41.720228379897435,0.9824312869471958,0.027217350970903796,0.3390159157046543,4.769263157894737,4.12079058488326,2.8827856988976954
image_0_3016.jpg,overripe,test,46.708452705229725,0.979117686007215,0.025831633431939165,0.3088511286801968,4.661159963791543,3.7798272850284227,2.808279667073031
image_0_3044.jpg,overripe,test,39.14848627203135,0.9863840010372165,0.02741967950979882,0.35906600521335813,4.8023705560977,4.1262333308089,2.8847391381653256
image_0_3540.jpg,overripe,test,40.79752311021204,0.9833468179310679,0.025534216052208396,0.3210014716444387,4.685210775437593,3.677322179119571,2.765734619287144
image_0_3580.jpg,overripe,test,42.481220080489464,0.9902312677053539,0.024644019676183786,0.32387658761491434,4.639285521120667,3.2134542139506737,2.650242613371933
image_0_3703.jpg,overripe,test,47.00309997623074,0.983155530922016,0.02663531029346177,0.3525171992670655,4.724638625528079,3.4559368840915345,2.735456067839954
image_0_4097.jpg,overripe,test,60.88324904851738,0.9876124396680813,0.019024665742329812,0.27002309022111487,4.598022205450995,3.7631689625108002,2.7984892976530724
image_0_4273.jpg,overripe,test,53.919561180371645,0.9846645280120379,0.02373621372436445,0.32071821949758317,4.67466775038694,3.5939367070609736,2.759351528679387
image_0_4405.jpg,overripe,test,61.58152244226568,0.9764818735815033,0.02463909247598437,0.31363139629316905,4.716250365176745,4.024065461126803,2.849228286472071
image_0_454.jpg,overripe,test,36.3963827062213,0.9897802029993714,0.02544061620651413,0.3441889264938196,4.790670696838494,4.207860027250956,2.8999519424072706
image_0_4546.jpg,overripe,test,51.636536639589785,0.9871347010180778,0.02095975185861454,0.2934334420700582,4.650730763026295,3.8005533456434084,2.802730717361662
image_0_4649.jpg,overripe,test,48.648161589473105,0.9850363390539795,0.025620241560283825,0.35958937171146976,4.776626584990799,3.841127534588809,2.820469340477338
image_0_4752.jpg,overripe,test,41.79836144162455,0.9829120504984779,0.024779211873524627,0.3066914648998434,4.674596528314159,3.827435073399062,2.8109843777922494
image_0_4829.jpg,overripe,test,67.34326462658586,0.9853034766540334,0.019453789249878166,0.2840063293142691,4.6175082612203395,3.609510553502589,2.7527628511242153
image_0_4982.jpg,overripe,test,57.75999669356282,0.9847115006361591,0.021491768027118115,0.29747449996582653,4.622361821015593,3.4697327825063207,2.723946408081909
image_0_5062.jpg,overripe,test,48.33642476360029,0.9863440934331245,0.02222888363057504,0.3054243236210519,4.629260660004246,3.3867344130008425,2.698160739817196
image_0_5084 (2).jpg,overripe,test,51.49084565896048,0.984249969880655,0.02373248276075804,0.32099740190440945,4.676724137931035,3.592885737360858,2.7608224177287854
image_0_5167.jpg,overripe,test,69.7313650983078,0.983085022831049,0.02151641112217335,0.3016956301379832,4.662016709354799,3.7914875050263226,2.795590249721989
image_0_5250.jpg,overripe,test,72.69122180750676,0.9789829225464737,0.020970850734110584,0.28216027258108506,4.617983001143198,3.7622194815938363,2.7905755715440894
image_0_5270.jpg,overripe,test,56.569323899153375,0.9852205638984601,0.021452562472524826,0.3000237623376326,4.630806896127254,3.4827271372203903,2.7262099532345667
image_0_5393.jpg,overripe,test,45.015663238018405,0.9827535764474287,0.0270743559069113,0.3393144518750747,4.7866679741717455,4.170235328115014,2.885455596972519
image_0_5402.jpg,overripe,test,70.93238576101118,0.9846878321789129,0.01972670596110756,0.2920716549112451,4.6387683747509305,3.6059830088332965,2.7479831049502295
image_0_5744.jpg,overripe,test,39.167137998831386,0.9888945825893206,0.025395254214202197,0.34517324734378274,4.78701659306838,4.300734013775252,2.9222812908442397
image_0_6084.jpg,overripe,test,46.35812350989452,0.9850715162842277,0.02541463642152324,0.34549587959533673,4.725899586977407,3.6193511006013366,2.772322277242284
image_0_6087.jpg,overripe,test,48.84841425550037,0.9839121099820045,0.02267735893122731,0.29151258673155767,4.652093727999021,3.936500483302362,2.8364532710318717
image_0_6221.jpg,overripe,test,68.10652354480305,0.985783966941241,0.02046920085102823,0.31058115864292324,4.671882170808271,3.5893458433823944,2.7491919762109234
image_0_6267.jpg,overripe,test,55.54220502972851,0.987731264646103,0.019633142152767333,0.27809559393518524,4.619411796436256,3.8218406628450152,2.8094643604777465
image_0_6295.jpg,overripe,test,38.50494158001773,0.9867089852407291,0.028510758093616403,0.3649475300337761,4.831648473251645,4.22422539799016,2.8935530674767502
image_0_6387.jpg,overripe,test,61.11581131061723,0.9871375503685472,0.019033989382791484,0.27145871980345504,4.605489677695268,3.8274571306523635,2.8085297842024626
image_0_6393.jpg,overripe,test,56.27349531329388,0.9884597532904414,0.020300321965088894,0.2955147404766795,4.656502140232584,3.7615501120356485,2.785738846862004
IMG20200713141551.jpg,unripe,test,42.09889092233131,0.9796311448985842,0.027486538841768698,0.3409499281298055,4.760773226721245,3.988274371116787,2.8603679508427495
IMG20200713141858.jpg,unripe,test,48.11935179937541,0.977320552775059,0.02689575821668767,0.3328109906054641,4.74295360149257,4.020927126803489,2.86656076442059
IMG20200713142120.jpg,unripe,test,35.95295089726522,0.9794146080797966,0.02915845952965818,0.33892925911954563,4.761843662940305,4.127931406354019,2.8922177707210226
IMG20200713142151.jpg,unripe,test,32.50320452735367,0.9792654407474899,0.03153753585514964,0.3687908955969123,4.836892043757201,4.236692948116136,2.914166683161131
IMG20200713142827.jpg,unripe,test,33.96811580192403,0.981109180756786,0.029691687864406954,0.35642954895803247,4.787829573190538,4.055324303752862,2.8750831680918987
IMG20200713143213.jpg,unripe,test,36.70504410228918,0.980802887250581,0.03237260187672138,0.38184579124786333,4.8444380355340355,4.048029738802384,2.875968528038316
IMG20200713143248.jpg,unripe,test,47.85882577237213,0.9709449293198428,0.02990435870470566,0.3417156630947352,4.76675436964591,4.117007076464659,2.8904305400694805
IMG20200713143640.jpg,unripe,test,40.77097310890801,0.9831746020847119,0.027756038380601526,0.3567488226363862,4.780630126097481,3.907309166838923,2.8429704090904573
IMG20200713143728.jpg,unripe,test,30.52588750034966,0.9773214360331226,0.03164831723690711,0.3471084235409773,4.772433888958516,4.134436876034143,2.8930776040268285
IMG20200713143800.jpg,unripe,test,26.125511839961515,0.9852248796694854,0.03299669321747185,0.3930929082104965,4.870271484180058,4.0628108621848185,2.8786888609798997
IMG20200713144046.jpg,unripe,test,34.88500037854017,0.9769695466863986,0.03151991888705517,0.3726865842108752,4.890483535127632,4.611704763494621,2.973387509531892
IMG20200713144053.jpg,unripe,test,36.768990324254005,0.9756216043812062,0.03186028697169302,0.3677784821155318,4.880712027169458,4.579165390663405,2.9694629951628286
IMG20200713144100.jpg,unripe,test,37.369789415026645,0.9687194889092383,0.0342115686084206,0.37999839368201543,4.897540765517504,4.546208935631494,2.9623632331343965
IMG20200713144130.jpg,unripe,test,48.433107371863194,0.9740137310800063,0.029443189758711585,0.36253995834601205,4.838347600269309,4.358392883694588,2.931155843957749
IMG20200713144243.jpg,unripe,test,44.5482739547784,0.9650112108036843,0.03398075283473634,0.37297805139979423,4.890561732399723,4.628575676790962,2.979981480037441
IMG20200713144314.jpg,unripe,test,33.65252269160868,0.9768753933700648,0.03237060515738693,0.3740230609150518,4.875807934168868,4.53740027043939,2.969125129407975
IMG20200713144349.jpg,unripe,test,33.97833037255604,0.9792235980769859,0.03175031034394863,0.38030491512047926,4.880308758415482,4.406215281026754,2.938603527180292
IMG20200713144359.jpg,unripe,test,36.66104359532139,0.9814762648273105,0.02984168936084647,0.37444474533930483,4.86672649411172,4.4145229512667,2.9418388880021706
IMG20200713144452.jpg,unripe,test,32.75527603831247,0.9724334597731175,0.031880080144503505,0.3484140680681314,4.820244351024698,4.450254906135982,2.949923781029737
IMG20200713144539.jpg,unripe,test,39.96714355124028,0.9743086571450127,0.030295407376068745,0.3552794938878929,4.869824320003101,4.792015619481988,3.0063014928566414
IMG20200713144615.jpg,unripe,test,36.2413876983672,0.9794900846510507,0.029662006385671374,0.3576232370422504,4.843612788427478,4.518202710048581,2.962062197895889
IMG20200713144744.jpg,unripe,test,41.62277970501519,0.9696878015137019,0.032896053576086146,0.35667035616429726,4.816101504790235,4.307937402919986,2.9273533107845773
IMG20200713144751.jpg,unripe,test,37.40911136970382,0.972433106502522,0.03149679441077416,0.34936097795690385,4.785681509106533,4.13482998027623,2.890445625436118
IMG20200713145049.jpg,unripe,test,40.745895640227545,0.9700725077661424,0.03145119699168666,0.34398605799746385,4.77538093089445,4.148723671315937,2.8998064002213275
IMG20200713145117.jpg,unripe,test,40.6504394524606,0.9815637325037777,0.03055364586411554,0.3979451723202154,4.889148943110647,4.092512082330564,2.88781527198412
IMG20200713145155.jpg,unripe,test,35.11189002750304,0.9730413114474985,0.03190695639486044,0.34950685588149816,4.769136480058544,3.946665445332213,2.8506242385956697
IMG20200713145321.jpg,unripe,test,37.74394898929435,0.9746243280585285,0.02996561771960389,0.3380471689376818,4.749654780900945,3.960027344920987,2.855812788557734
IMG20200713145327.jpg,unripe,test,28.646681725751698,0.9774650643003788,0.032288436642054275,0.34946046180809565,4.781529557543521,4.12883769913844,2.8944243156682363
IMG20200713145347.jpg,unripe,test,31.211605370698763,0.9788395934136999,0.032208363435618184,0.365290470359786,4.805339526025177,4.05113002961269,2.878707677018219
IMG20200713145359.jpg,unripe,test,42.7781615234592,0.9763461398411996,0.02959638607842707,0.35145572201323044,4.775017995511708,3.9491036379452047,2.855352438576414
IMG20200713145525.jpg,unripe,test,43.39433283563429,0.9728052566500185,0.029960623528188145,0.3314866113915601,4.72180888350752,3.9137437200383407,2.8474627038850464
IMG20200713145611.jpg,unripe,test,36.65492884337294,0.9738248044038691,0.030485463914841356,0.33624825241140466,4.750048173534837,4.034476764271652,2.8773398914065655
IMG20200713145619.jpg,unripe,test,35.4849395730914,0.9755433301646232,0.03402584085282638,0.3844121589986549,4.863930593395552,4.232600993926757,2.919752343223538
IMG20200713145638.jpg,unripe,test,44.29481229990489,0.9727000303478307,0.03054211182785757,0.34485572544794263,4.77367417677643,4.082069516022935,2.8779125442068105
IMG20200713145725.jpg,unripe,test,32.80292718584678,0.9786640936565923,0.030034940309516922,0.3464395909513005,4.775766233766234,4.062524412885815,2.8822232984141474
IMG20200713145739.jpg,unripe,test,32.837578944039365,0.9790839318598082,0.0320358813923281,0.36043507931725505,4.801144595769342,4.063912853267022,2.8831724769884772
IMG20200713145849.jpg,unripe,test,35.03050470886832,0.9747897916491257,0.03348178214859238,0.3834406807939882,4.84192846410252,4.040530392699579,2.875475098597201
IMG20200713145905.jpg,unripe,test,30.736236262716794,0.9809378215356236,0.03150310324339641,0.37676844917122826,4.834242246734925,4.031060590387944,2.8722742579323333
IMG20200713145912.jpg,unripe,test,43.30301946610247,0.9735297659991764,0.029751430273676695,0.340037418217813,4.765163092430852,4.1134192674429,2.8862764573725874
IMG20200713150014.jpg,unripe,test,29.87610888035644,0.9769303062725502,0.034199133690486556,0.37819153369203024,4.826593882320475,3.979105975264534,2.863466389298985
IMG20200713150053.jpg,unripe,test,29.262502898158836,0.9822344064463546,0.0314922216601266,0.36363325062171925,4.796551219155012,4.036788281644739,2.8781423654511182
IMG20200713150237.jpg,unripe,test,41.92584334109702,0.9824836111038755,0.026734675994745792,0.34791736896057335,4.783546927330231,4.1203179408966,2.8898924001590167
IMG20200713150310.jpg,unripe,test,44.66586214496245,0.9770252936456488,0.02916101929087311,0.34597907814656387,4.7769919045590115,4.146466792861605,2.90196433018268
IMG20200713150324.jpg,unripe,test,40.26291072984189,0.9733340866656968,0.031574595406114576,0.3614679909495303,4.823636097955114,4.235255292359768,2.9162367290515405
IMG20200713150416.jpg,unripe,test,46.39316352899971,0.9721852372166866,0.02888883414555095,0.34137763946456023,4.738199484783482,3.864208083113366,2.835777433607872
IMG20200713150438.jpg,unripe,test,53.76661643744494,0.9681506553662375,0.02933388344064769,0.3356964245155837,4.7519243824742805,4.014723567105635,2.86315137069481
IMG20200713150459.jpg,unripe,test,44.91070218896667,0.9707405604869338,0.03230468559734546,0.3685369247290303,4.835343466146279,4.168566859438387,2.8929328063079924
IMG20200713150533.jpg,unripe,test,33.74361584485161,0.9758397150812796,0.03207162255414758,0.36318498246653286,4.819484002219346,4.143805688989493,2.8964932162713906
