n_blemishes,blemish_area,area_ratio,mean_darkness,max_darkness,mean_brightness,mean_aspect_ratio,mean_solidity,skeleton_length,blemish_dispersion,gran_small,gran_medium,gran_large,gran_coalesced,dark_lesion_peak,pale_patch_energy,max_lesion_ratio,consolidated_ratio,n_large_lesions,n_lesions_split,label,image
167,8729,7.9500537350407114,158.53969526864475,227.0,96.46030473135525,1.5972171438941363,0.6942991275087854,2409,102.99310540149791,0.007746060591124736,0.008526531252221102,0.007637661888194685,0.0062229427372690466,14.0,0.015258715737884435,2.104774221752673,3.474562378185395,2,17,unripe,IMG20200713141604.jpg
218,8534,7.940894583554327,136.534216076869,207.0,118.465783923131,1.4771668507115232,0.7099729078101037,2527,106.25678502758274,0.007937756423694639,0.009879365121068202,0.008546158043933872,0.006756202746291268,15.0,0.015510683518585113,1.558588988452484,2.650066530813537,2,7,unripe,IMG20200713141623.jpg
223,7908,6.648898156166711,153.39415781487102,221.0,101.60584218512898,1.5460906426954357,0.7088353514374389,2579,114.45880616921596,0.0073972264439882245,0.008926689974441897,0.008052244498529211,0.007291255034177758,14.0,0.015226053931666246,0.5927507840285193,0.0,0,0,unripe,IMG20200713141640.jpg
258,11567,8.502583779889886,140.4742802801072,231.0,114.5257197198928,1.5749366991885814,0.6717155013770525,3361,128.64895038334487,0.008151406489191335,0.01035662403390212,0.009870726688364279,0.008369045606349063,15.0,0.017822279932621234,1.0305716658948405,1.0305716658948405,1,5,unripe,IMG20200713141737.jpg
277,10125,7.327452073035701,162.56582716049382,224.0,92.43417283950618,1.5189689491532217,0.7209494648816756,2875,125.60029802198922,0.006864327302650484,0.008919547236896044,0.008805685265588298,0.008260158143834174,13.0,0.01606506706489976,0.8655439683309331,0.0,0,0,unripe,IMG20200713141824.jpg
302,14271,8.694354244216862,142.28554411043373,232.0,112.71445588956625,1.51568682923963,0.6952546939663355,3981,128.0974359269328,0.00849910126289079,0.010901411758494099,0.010953734062453004,0.009075912853977405,16.0,0.018767150337389266,1.5645085627600661,1.5645085627600661,1,8,unripe,IMG20200713141846.jpg
271,7431,5.709478148626221,160.0251648499529,236.0,94.9748351500471,1.5920261153634414,0.7217532200092086,2693,121.81525281738065,0.007187373074498716,0.008831152474512455,0.008114283269396026,0.007160556766809,13.0,0.01524341373404731,0.714549142541029,0.0,0,0,unripe,IMG20200713142056.jpg
334,11688,8.605190502484815,147.00735797399042,221.0,107.99264202600958,1.5440417995533693,0.7101244140504448,3715,127.59286549994546,0.00809643319871663,0.010377078348364929,0.009879725569594672,0.00886867833825965,15.0,0.017185348794404566,0.9836186269096263,0.0,0,0,unripe,IMG20200713142139.jpg
192,3607,3.360569442762244,163.06210146936513,218.0,91.93789853063488,1.6868636253925215,0.7445853591968815,1692,110.70875106405286,0.0065013354992151055,0.007962757648315678,0.007215111921246374,0.006271594193843863,12.0,0.013767306182719237,0.5515545079332544,0.0,0,0,unripe,IMG20200713142211.jpg
215,3911,3.462961979138997,148.23139861927896,220.0,106.76860138072104,1.6809188962036044,0.7476985195874688,1859,102.57773553766698,0.006332539213776499,0.007713654446531308,0.007350901188540374,0.006690153438343227,12.0,0.013267734266137345,0.3196444066656041,0.0,0,0,unripe,IMG20200713142220.jpg
177,4573,4.335994538524264,142.2965230701946,229.0,112.70347692980538,1.6229607298997772,0.7151293733908174,1655,117.72658913278096,0.007167926621087438,0.008042551023785009,0.007352578639784665,0.0060648483313830714,13.0,0.014594946127048472,0.47598278118066484,0.0,0,0,unripe,IMG20200713142228.jpg
127,5489,4.729531785831222,166.85370741482967,232.0,88.14629258517034,1.6618835211426264,0.6914720495686887,1461,128.347959729347,0.005452953036666251,0.006618800133401859,0.00620555172042106,0.005545030054276444,11.0,0.010652516878815495,0.8521601268331352,0.0,0,0,unripe,IMG20200713142241.jpg
170,4957,4.060119583913506,160.43030058503126,229.0,94.56969941496872,1.7504567089372158,0.6970455828300397,1971,116.61672836400285,0.006295420125622532,0.0074425648709807455,0.0068213901991298585,0.006645049698149389,12.0,0.013434480188995903,0.7764763698910639,0.0,0,0,unripe,IMG20200713142258.jpg
168,6746,5.7006684299923105,159.7927660836051,237.0,95.2072339163949,1.705810490550446,0.7225590588312474,2080,124.85772224311928,0.006560923464343359,0.007711608604671238,0.006977049758358771,0.006424423965653427,12.0,0.014068031363402659,1.5227697169946848,1.5227697169946848,1,7,unripe,IMG20200713142856.jpg
127,3630,3.317461913161093,166.63388429752067,230.0,88.36611570247933,1.695307835532463,0.7157194383516983,1241,108.18840746800424,0.006044722748312822,0.007026790390990294,0.00639329547631374,0.00594401440308533,11.0,0.013222360621531766,0.3911497792928232,0.0,0,0,unripe,IMG20200713142909.jpg
194,5430,4.384760735799997,168.19447513812156,230.0,86.80552486187845,1.7867476839405825,0.7092448146010286,2300,116.66722337733756,0.006674817733097858,0.0074949910841773364,0.007227912240818098,0.006291141272801372,12.0,0.01358302070161872,0.3811431063163165,0.0,0,0,unripe,IMG20200713142917.jpg
267,6686,6.0369112973129155,152.89425665569848,228.0,102.10574334430153,1.6162183411277353,0.7066674941131659,2751,111.33672624257154,0.007673848938593062,0.009609457767504576,0.008951425123646682,0.006911502682552362,14.0,0.015680432097716288,0.9137532505056343,0.0,0,0,unripe,IMG20200713142946.jpg
240,9934,8.738871881487736,156.60891886450574,233.0,98.39108113549426,1.6416855607381862,0.7134540416981281,3080,112.76944577559566,0.007334398624504871,0.00842990984352501,0.007809225945911633,0.006648203459574481,14.0,0.014402301967269895,0.8770540835356628,0.0,0,0,unripe,IMG20200713143028.jpg
265,6719,6.088808337109198,152.33903854740288,233.0,102.6609614525971,1.6037921059055071,0.6961183158455136,2793,111.6696552501294,0.00741370150234992,0.009315991008999883,0.009199712145846108,0.007334808141652667,14.0,0.016001847952592907,0.8817399184413232,0.0,0,0,unripe,IMG20200713143043.jpg
243,5034,4.420636663007684,158.18096940802542,235.0,96.81903059197457,1.6084734892328583,0.7269170729212552,2160,126.05962852799902,0.007033890790125051,0.008453920492456038,0.008079516153332902,0.006831811626955942,13.0,0.01434748283506597,0.3363336992316136,0.0,0,0,unripe,IMG20200713143050.jpg
146,5229,4.347320025606704,149.89194874737044,227.0,105.10805125262956,1.6347064844807204,0.7127520932312479,1773,113.99072981071726,0.006494367519457297,0.007223672801483976,0.006194774947748989,0.005525590321096136,12.0,0.012836248973196913,1.1739177426193663,1.1739177426193663,1,6,unripe,IMG20200713143109.jpg
166,3717,3.3700530395756836,160.47726661285984,224.0,94.52273338714016,1.6988238134316127,0.7491174559530148,1503,101.63385853363057,0.006522614485750781,0.0076688453159041384,0.0065115923517056334,0.0062808030869086345,12.0,0.013436976948628854,0.5177025250464663,0.0,0,0,unripe,IMG20200713143206.jpg
158,4580,4.348816893919253,158.75152838427948,233.0,96.24847161572052,1.7563702809316566,0.7115726911631036,1842,129.5404735130383,0.0060687201691417576,0.006998173191567637,0.006296047227429083,0.006876820385186246,11.0,0.01301748091085726,0.8441262486231912,0.0,0,0,unripe,IMG20200713143223.jpg
315,7971,7.3013895631623775,153.38088069251035,231.0,101.61911930748965,1.582206246582036,0.6968809192914445,3217,123.27440051213517,0.008694868151618948,0.010186178510022324,0.008878533963896536,0.007783831122285041,15.0,0.016606363716860095,0.586236271537313,0.0,0,0,unripe,IMG20200713143259.jpg
206,10340,8.829531966492182,157.41073500967119,229.0,97.58926499032881,1.6444215860799116,0.7228329219258954,3016,115.14726735058133,0.0077167571068322465,0.009893918030720022,0.009584129278787604,0.009883905401076979,17.0,0.015690560852928703,2.53272648091062,2.53272648091062,1,6,unripe,IMG20200713143317.jpg
277,10225,8.869477720045452,162.11804400977996,229.0,92.88195599022005,1.702227921160807,0.6936354567307226,3725,125.09135970506833,0.006987238395267026,0.008675870615414787,0.008052545202913274,0.007346116538788687,15.0,0.014379209695900948,1.0348446865539584,1.0348446865539584,1,13,unripe,IMG20200713143325.jpg
213,7964,6.033059103374089,161.71584630838774,230.0,93.28415369161226,1.7021738975715972,0.6890216337024475,2730,129.8745689563885,0.006248646451899245,0.007502956639225847,0.006528996156740349,0.005841921029733351,12.0,0.013393538558704848,1.0651031013741799,1.0651031013741799,1,1,unripe,IMG20200713143333.jpg
221,11087,8.696368342615107,158.7432127717146,230.0,96.25678722828538,1.6548306800231678,0.7072475023874225,3372,128.7279530072647,0.006624279643616801,0.008274020722886377,0.007244858881665459,0.006915236719835002,13.0,0.01432749050675255,2.331163228488509,2.331163228488509,1,13,unripe,IMG20200713143359.jpg
180,6026,5.464867413936954,165.6360769996681,227.0,89.3639230003319,1.5659593847073665,0.6877923858048205,2031,102.38601933370265,0.00651027052094825,0.00828231680817573,0.007253699898358154,0.006764695213159807,12.0,0.013890400357915864,0.5912866833532847,0.0,0,0,unripe,IMG20200713143438.jpg
253,8680,8.258565407267158,152.19585253456222,223.0,102.8041474654378,1.5836129710202935,0.6856589643332992,2849,109.20825055974882,0.00781123577562477,0.01022914403480582,0.009443807969511886,0.008561685427907976,15.0,0.0173672772535177,0.6346155675860822,0.0,0,0,unripe,IMG20200713143447.jpg
173,5150,4.549912093931389,162.98854368932038,232.0,92.0114563106796,1.6568220312595967,0.7117776377495152,1796,132.97345943189748,0.006788749478358165,0.007913850147220361,0.007309412558103842,0.006858526923301453,12.0,0.014643008163164196,0.4231859986394438,0.0,0,0,unripe,IMG20200713143503.jpg
187,5953,4.488595664467483,170.13085839072735,236.0,84.86914160927263,1.6898490778516873,0.7314151857878689,2289,114.04727395518074,0.006422176636913012,0.008049823510931234,0.00716899706159561,0.006662098279462583,12.0,0.013734819168006505,0.7004712535344015,0.0,0,0,unripe,IMG20200713143508.jpg
332,10544,8.093834438712847,161.49971547799697,237.0,93.50028452200303,1.6104251268216168,0.7115774355870582,3692,122.12858847941541,0.007763876245659157,0.010110038242759646,0.010210973360112896,0.008384026663969445,15.0,0.016452695054931823,0.6002824858757062,0.0,0,0,unripe,IMG20200713143524.jpg
334,11594,9.208969094273982,165.78989132309815,236.0,89.21010867690184,1.4450536544175776,0.6941929469588595,3777,123.25476114031466,0.008045696137691448,0.011290905610768917,0.012099365675785248,0.010639122645618983,15.0,0.018075117480569936,0.6116013629973233,0.0,0,0,unripe,IMG20200713143542.jpg
274,10748,8.76421902393281,170.42314849274283,234.0,84.57685150725716,1.5630348811461294,0.6986771662269248,3331,132.29920148265924,0.00859419431326981,0.011431499659838659,0.010119396231603905,0.009604941173272829,17.0,0.017413926389245306,1.1489379051657356,1.1489379051657356,1,4,unripe,IMG20200713143556.jpg
309,10258,8.412126977358273,167.21144472606747,241.0,87.78855527393254,1.5267604921204885,0.702858075288774,3315,121.19701594266503,0.00953110043538503,0.011989368867775414,0.010553017940075831,0.009410214640623638,18.0,0.02057875641994741,0.688846428249264,0.0,0,0,unripe,IMG20200713143602.jpg
136,4282,4.01990236575291,170.58967772069127,226.0,84.41032227930873,1.661644176348635,0.6972892793046953,1617,130.33089905441872,0.006224882743183642,0.006668396987033642,0.006261256286217076,0.005623393931361503,11.0,0.012225744221834433,0.5754787833270747,0.0,0,0,unripe,IMG20200713143616.jpg
233,6475,5.923466073862649,170.40787644787645,234.0,84.59212355212355,1.6458996545387765,0.7641124697899473,2420,118.12188165976065,0.006800061920826367,0.008730154886372951,0.009417705661181506,0.008012217703723915,13.0,0.014760906146359524,2.28522289614037,2.28522289614037,1,2,unripe,IMG20200713143625.jpg
108,8104,8.862060669684842,165.00567620927936,233.0,89.99432379072063,1.7582044641470502,0.6985894967626071,1693,118.9063164397797,0.007676575868411359,0.008179776514415666,0.006524240385304001,0.0057673809851565665,14.0,0.014230534853313196,5.063097347068215,5.063097347068215,1,21,unripe,IMG20200713143701.jpg
331,8458,6.720592441915901,153.52955781508632,230.0,101.4704421849137,1.5581838801980463,0.7199672714232558,3209,122.31882997046561,0.007486665008946082,0.009285291842955278,0.008832410057752243,0.006977694933295444,14.0,0.015970392861082393,1.3523821631757937,1.3523821631757937,1,3,unripe,IMG20200713143721.jpg
272,7886,6.63028947611801,158.72647730154705,234.0,96.27352269845295,1.5954013212488065,0.7047033902182149,2783,127.25431699105293,0.0076593884259998826,0.009598593050416845,0.009544091558549787,0.007474881258130502,14.0,0.016650584934871048,0.7373527606588252,0.0,0,0,unripe,IMG20200713143750.jpg
196,4735,4.181089290760101,150.43062302006336,226.0,104.56937697993664,1.7144580605020272,0.7007491715547844,2063,104.65813363184947,0.006475359994237876,0.007832090875344205,0.00747497077384217,0.007124741674007836,12.0,0.013583376272238198,0.22075445040972025,0.0,0,0,unripe,IMG20200713143812.jpg
162,7967,6.121257289497746,170.32609514246266,227.0,84.67390485753734,1.9416260951974005,0.678654508184534,2652,135.73522982638877,0.006178670864441141,0.007113016159111682,0.006558887029337868,0.00628611605376056,12.0,0.012033951595128689,1.380682734935038,1.380682734935038,1,15,unripe,IMG20200713143821.jpg
157,6166,5.034866820178662,188.92199156665586,240.0,66.07800843334415,1.7554977584039215,0.7053989273794073,2020,126.79020830652617,0.006585453249449307,0.00794640721410312,0.007229409491165696,0.006048385418217717,13.0,0.012611455504416913,0.5413747489099016,0.0,0,0,unripe,IMG20200713143830.jpg
185,5069,4.183862128165341,157.97593213651606,231.0,97.02406786348392,1.801645018658357,0.7202724962533745,1835,125.28148391395457,0.0068586020033157705,0.00792794122502248,0.007082652797657078,0.005877918535105286,12.0,0.013989288805422793,0.23028162039024067,0.0,0,0,unripe,IMG20200713143842.jpg
174,8904,7.064255849194323,157.16251123090746,233.0,97.83748876909254,1.6732452320988955,0.7468625541575289,2023,122.71875280887821,0.007147731874260776,0.008624321018363947,0.007730072821397867,0.006797742382657148,13.0,0.014484350423206024,1.8406416857739023,3.494045682822529,2,9,unripe,IMG20200713143852.jpg
136,10069,8.643215217689876,167.87466481279174,235.0,87.12533518720826,1.5952975882106486,0.6792002705299425,2423,120.87965662191789,0.006664034244380351,0.0083973934306589,0.008113246672106557,0.0071439295399522255,15.0,0.014007516205218524,2.014661447603351,2.014661447603351,1,6,unripe,IMG20200713143859.jpg
245,10823,8.835029918123118,156.9503834426684,235.0,98.0496165573316,1.6182913865556343,0.7005909263320504,3120,137.6248401530161,0.007998430104852286,0.009368342891478596,0.008605580010471302,0.0072626858108081095,15.0,0.01670529780389148,0.7477489979673635,0.0,0,0,unripe,IMG20200713143908.jpg
241,7537,6.49831011173955,158.30900888947858,232.0,96.69099111052142,1.6472052971632654,0.682404265095059,3015,109.71838942473352,0.006727871863326652,0.008447514058734267,0.0074712806905076826,0.005822642203522327,13.0,0.014527663044801312,0.6768174920678713,0.0,0,0,unripe,IMG20200713143919.jpg
184,7964,6.8236927110555134,166.89615770969363,240.0,88.10384229030637,1.6806660785343426,0.7131443977026346,2355,117.974051897135,0.006690331623562878,0.00700916844876258,0.005834320773232222,0.0052978523623208075,12.0,0.013377000773319584,1.0967261012243918,1.0967261012243918,1,5,unripe,IMG20200713143938.jpg
165,5923,4.940732893452674,162.86358264393044,238.0,92.13641735606956,1.6739931220510733,0.7077946678976313,1991,115.93115949140602,0.006352704994544427,0.007369366778918505,0.006520256770971084,0.005720901985972689,12.0,0.013272246611877038,1.1152726453733286,1.1152726453733286,1,5,unripe,IMG20200713143943.jpg
214,5730,5.535697034102985,166.13560209424082,235.0,88.86439790575916,1.7628663847982877,0.7061179540416725,2500,123.6769351588728,0.007268484052881128,0.00841214545909176,0.007565471556219821,0.00676467746793433,13.0,0.015630961108238098,0.3062506038063955,0.0,0,0,unripe,IMG20200713143947.jpg
247,7982,6.566412741242863,161.8469055374593,229.0,93.15309446254072,1.5839866508168727,0.7290942920220084,2727,124.55380030565338,0.007241826624198438,0.0089710745681316,0.007850008823351979,0.007586469655895725,14.0,0.0152230727266803,0.46726665460109573,0.0,0,0,unripe,IMG20200713143957.jpg
239,9221,7.36213462782138,165.16137078407982,231.0,89.83862921592018,1.53968837918655,0.685776403691411,2414,122.54221675519722,0.007356232659052971,0.009231994181316308,0.008034442449464194,0.006447016366926496,14.0,0.014839365474171529,0.8582902857507844,0.0,0,0,unripe,IMG20200713144008.jpg
207,5237,4.417619867058069,162.09910253962192,231.0,92.90089746037808,1.6180825528293352,0.7099868897949609,2118,121.5364741772071,0.006439254853002375,0.007705325947229451,0.006862546617999361,0.006292313463496544,12.0,0.014001112811423452,0.5887910382292405,0.0,0,0,unripe,IMG20200713144013.jpg
211,6887,4.911672621722045,164.81762741396835,233.0,90.18237258603165,1.7746951850743593,0.6993920599986349,2631,142.56225362569938,0.006369511011433678,0.007431562310911084,0.006831875578847187,0.006008669755156817,12.0,0.013361838170443655,0.6889321551595028,0.0,0,0,unripe,IMG20200713144109.jpg
240,13324,6.127272894497227,139.1326928850195,238.0,115.86730711498049,1.7900268520032223,0.7218470909830861,3242,149.13841456731458,0.005419023036109328,0.0060342714808108155,0.005564954282871097,0.005070136988178885,11.0,0.01059072759494593,2.469027932344312,3.4775170840729537,2,39,unripe,IMG20200713144113.jpg
133,4310,3.6712408112505215,172.28677494199536,229.0,82.71322505800464,1.6941578315251924,0.7334415642189025,1665,126.10689916618624,0.005934312497901826,0.006460956259606713,0.0062608008986949,0.00536547978078445,11.0,0.011876541688149464,0.5562227957648702,0.0,0,0,unripe,IMG20200713144123.jpg
174,5154,5.255322620115834,158.5442374854482,219.0,96.45576251455181,1.6205848960952616,0.7327902623671786,1738,102.3180888646992,0.007582864290181363,0.008626075440372742,0.007176840064682367,0.00636027312466711,13.0,0.015048487785684466,0.8300024471816625,0.0,0,0,unripe,IMG20200713144137.jpg
209,6545,6.217877466488063,158.1207028265852,222.0,96.87929717341483,1.6012165575258883,0.7299530959590065,2234,109.21469425219094,0.007330685573171897,0.008688468309678779,0.007520838490914554,0.0069579426378240765,13.0,0.015328396585071171,0.6640636133040727,0.0,0,0,unripe,IMG20200713144142.jpg
166,3359,3.1609060197427237,158.752604941947,234.0,96.24739505805299,1.666763342151671,0.7290099036510747,1435,117.00649740428074,0.006456913837269312,0.006831663565894048,0.005541314081788436,0.005284100334027295,11.0,0.01293264819266749,0.80175407228961,0.0,0,0,unripe,IMG20200713144151.jpg
231,6126,6.261626837295828,159.4856349983676,232.0,95.51436500163238,1.6537162370893836,0.7324739857382218,2330,106.26230484958286,0.007421254169227026,0.009013186401776195,0.00815739505933821,0.0075623495099943205,14.0,0.015819312985942177,0.7246969356256516,0.0,0,0,unripe,IMG20200713144202.jpg
193,8774,8.78630082114961,157.31148848871666,234.0,97.68851151128334,1.5185529701368294,0.720518717813888,2421,99.3347582921249,0.00871816621701755,0.01019541083006405,0.008829223658219545,0.007738245308137281,17.0,0.01772304756070263,3.4007610654916887,3.4007610654916887,1,7,unripe,IMG20200713144211.jpg
144,8517,8.445048189426089,157.26088998473642,235.0,97.73911001526359,1.7235128117322793,0.73124891334932,1855,117.72980313365932,0.0072264696938942954,0.008267132657211537,0.006282939939946946,0.00537778908017417,14.0,0.014518615124628362,2.93896006028636,2.93896006028636,1,10,unripe,IMG20200713144221.jpg
202,7803,7.439931350114416,164.62629757785467,232.0,90.37370242214533,1.7772815420947647,0.7159150975592172,2596,122.04679230302213,0.006129918786736663,0.007137718550425509,0.006741299113085356,0.006661058015883698,12.0,0.012866170114117347,0.9124713958810069,0.0,0,0,unripe,IMG20200713144228.jpg
229,5568,5.528196981731533,166.19270833333334,232.0,88.80729166666667,1.5092447479276858,0.7579814621438513,2116,108.18506492519984,0.006881940226448006,0.008633524895263905,0.008086054914420094,0.006750572349670608,13.0,0.014755447055708701,0.7396743447180302,0.0,0,0,unripe,IMG20200713144234.jpg
371,8034,5.706087487659539,163.66006970375904,232.0,91.33993029624098,1.5635553671637912,0.7111032316672381,3402,137.70406362034768,0.007889010558519309,0.00941182598169775,0.00856917210942134,0.007582854302683309,14.0,0.01594945413693223,0.25142581162950917,0.0,0,0,unripe,IMG20200713144248.jpg
292,6574,5.08103846718657,165.46820809248555,231.0,89.53179190751445,1.702365022946459,0.7146663160415628,2860,136.240519479043,0.007148225219150984,0.008199428569956382,0.007562105092146996,0.006291155928143419,13.0,0.014474459701876158,0.36326256154208825,0.0,0,0,unripe,IMG20200713144253.jpg
259,11695,8.261456192030291,161.09781958101752,231.0,93.90218041898247,1.7086487470125886,0.711731798613243,3664,130.07387221064894,0.0069962218185993675,0.008197228354824103,0.0070939002115210925,0.005941677467110069,13.0,0.014440528721007269,1.3880941784813614,1.3880941784813614,1,6,unripe,IMG20200713144302.jpg
319,8386,6.423002098619812,151.2278797996661,237.0,103.77212020033389,1.6843995269499619,0.7073277369594989,3090,125.46598384899578,0.0071525781005253005,0.009054491728218074,0.008593317996918898,0.007451046471498326,14.0,0.01625891207572933,1.5180527259079977,1.5180527259079977,1,1,unripe,IMG20200713144324.jpg
181,10598,8.520045984773574,156.92621249292318,231.0,98.0737875070768,1.669041769882014,0.7135836148627505,2544,113.5984329465653,0.008206765650893726,0.01042564289541396,0.010720574718242375,0.009289958335953988,16.0,0.017438841055077217,2.2855718753265966,3.5999967842815686,2,6,unripe,IMG20200713144332.jpg
251,10730,8.626372742913189,161.2232991612302,232.0,93.7767008387698,1.6669510069249984,0.6999319576290931,3331,129.98283819402042,0.007698647127238013,0.008941268530630297,0.008399564543390078,0.007549175668530882,15.0,0.0156793069518258,1.6826652517164313,1.6826652517164313,1,9,unripe,IMG20200713144338.jpg
382,13241,8.347360126083531,161.27686730609472,225.0,93.7231326939053,1.5291921226322946,0.7021721722569799,4515,137.49636808554845,0.008296543518904803,0.010255659080022869,0.009619308085724441,0.00833689024861323,15.0,0.018208414839537078,0.7918045705279748,0.0,0,0,unripe,IMG20200713144423.jpg
302,14316,8.885854385202657,155.39012293936855,233.0,99.60987706063146,1.6039257459885927,0.6921542857512193,4379,124.19916033774581,0.00799088675256584,0.009870396672106865,0.009125831699447823,0.00847843575391798,16.0,0.01763556990048207,0.8422816709080752,0.0,0,0,unripe,IMG20200713144429.jpg
249,6826,5.0197820299745555,170.4260181658365,233.0,84.57398183416349,1.7375828832548554,0.7081415417374546,2739,128.96913476653987,0.006939990039050728,0.007921348298405123,0.006977855488947355,0.006166329395961002,13.0,0.01441286490916762,0.3949052080422409,0.0,0,0,unripe,IMG20200713144442.jpg
335,11359,8.641637186656016,174.73008187340434,238.0,80.26991812659566,1.7383601408854377,0.6926855810002593,4246,149.13126579147396,0.00785659252099029,0.009390343683595393,0.009122342230665322,0.00788108647544377,15.0,0.016959989975677593,0.6527444938947848,0.0,0,0,unripe,IMG20200713144457.jpg
156,9512,8.818430445464237,159.08074011774602,229.0,95.919259882254,1.625228715401175,0.7029173809236429,2260,99.77197920809486,0.007368724340429168,0.008209862909610142,0.0069225602446049556,0.005386362582858205,14.0,0.014737921312315777,1.8309924442590275,1.8309924442590275,1,9,unripe,IMG20200713144509.jpg
203,5913,6.2424779882181545,153.27380348384915,226.0,101.72619651615085,1.59354213419812,0.7173947155503563,2177,97.09273068131883,0.008078832132502503,0.008947297168059594,0.007599410617903125,0.006135725969617593,14.0,0.01568892416238893,0.9459259728468571,0.0,0,0,unripe,IMG20200713144515.jpg
186,9137,8.716182699278818,158.77355806063258,224.0,96.2264419393674,1.6460162569163905,0.7227116589109183,2404,104.61466577385848,0.008209451598397975,0.009104325516981314,0.008170208977245269,0.006196219091292022,15.0,0.01627177142463808,2.2141031022245965,4.159194108444309,2,22,unripe,IMG20200713144534.jpg
317,8795,7.715995227400336,157.93757816941445,235.0,97.06242183058556,1.5700580698009945,0.6852988843954898,3521,115.24752068385908,0.00836846038246854,0.009924681551452697,0.008428014664596889,0.0072331789256971785,15.0,0.017497433420308045,0.4649775407074677,0.0,0,0,unripe,IMG20200713144550.jpg
304,9330,7.825080515297906,156.6391211146838,235.0,98.36087888531618,1.7138619754338382,0.6797838948859674,3696,126.62093666380343,0.008355994705987602,0.009455449517434456,0.008787711944681253,0.007898129729615951,15.0,0.017125123667287637,0.5376073537305421,0.0,0,0,unripe,IMG20200713144556.jpg
224,6773,5.45352067313499,155.962645799498,235.0,99.037354200502,1.734765776739561,0.7354473809839638,2719,141.26170771001782,0.006296044566222157,0.006896018200347494,0.006610256325244377,0.005988211138555827,12.0,0.013456131999883169,0.6433431297556262,0.0,0,0,unripe,IMG20200713144605.jpg
230,8334,6.354022918397999,158.64926805855532,230.0,96.35073194144468,1.5865257986644805,0.73126852046887,2696,122.93608870154539,0.006387180790081222,0.00731503311825565,0.007016851464245931,0.006777929414993791,12.0,0.014179190938961262,0.5840150654539078,0.0,0,0,unripe,IMG20200713144630.jpg
275,10469,9.489838466977284,154.41283790237844,229.0,100.58716209762154,1.5588630853505814,0.7221764245667623,3451,113.84186775545675,0.008824187047142502,0.010716470638002296,0.008604607926674723,0.0067003802554398,17.0,0.017862016722423484,0.8819956852009645,0.0,0,0,unripe,IMG20200713144639.jpg
282,9000,8.690949824249682,150.4067777777778,231.0,104.59322222222222,1.5900596261828714,0.7003461318236225,3301,115.98317974786481,0.008337745079104685,0.010879327203089508,0.01008517509518389,0.008537087823657405,16.0,0.01783079951436714,0.38143613117540265,0.0,0,0,unripe,IMG20200713144657.jpg
240,7738,6.242285880236526,158.91561126906177,235.0,96.08438873093823,1.5366231888404196,0.7031227527949341,2578,131.02880609565088,0.00703719117223934,0.007809255630842781,0.00793870811044144,0.007408718523267358,12.0,0.015470741825662751,0.5929284210356484,0.0,0,0,unripe,IMG20200713144704.jpg
301,10730,8.578441170121762,153.79002795899348,232.0,101.20997204100652,1.5498475037057382,0.6797168942568736,3600,116.13026052599149,0.009160934302807075,0.01152708731016811,0.011157005554518318,0.009000034644217211,17.0,0.020288029827260173,0.68755446470687,0.0,0,0,unripe,IMG20200713144717.jpg
307,9919,8.860047163069886,159.9742917632826,231.0,95.0257082367174,1.5170851381240842,0.710373821729657,3470,115.7402286689094,0.009129648000403535,0.011228937051453423,0.010252468144610997,0.008672344169910359,16.0,0.019193169621714627,0.5153994569101044,0.0,0,0,unripe,IMG20200713144725.jpg
273,8218,6.628381539255698,164.43100511073254,229.0,90.56899488926746,1.6253601946503495,0.6989311008638317,3108,118.96593852046442,0.007237103678237922,0.008425226811861686,0.0077182614427584485,0.006880790095715985,13.0,0.015439243077980011,0.8227000693649077,0.0,0,0,unripe,IMG20200713144739.jpg
245,8120,6.957058158264505,159.46059113300493,237.0,95.53940886699507,1.5824757868100978,0.6911208377794091,2686,125.28896458925553,0.007023786244337688,0.008216223190328258,0.007742037148661172,0.00671574843309955,13.0,0.01479018284033172,0.9030467116762055,0.0,0,0,unripe,IMG20200713144806.jpg
187,6050,5.31442977486143,169.29404958677685,228.0,85.70595041322314,1.6597007477967023,0.706642504601326,2314,134.65885165847845,0.006811874353135463,0.007940486653986443,0.007453843001875161,0.006825308983582367,12.0,0.01345371451169166,0.7448985866252054,0.0,0,0,unripe,IMG20200713144816.jpg
284,7813,5.886563295812426,164.3594009983361,239.0,90.64059900166389,1.4904454815360917,0.7305927992944412,2790,125.03455936955439,0.007510268094700774,0.00916078620469178,0.00843462560196992,0.007160941618483959,13.0,0.01504715744924011,0.7677470879857752,0.0,0,0,unripe,IMG20200713144823.jpg
204,9207,8.021921532067648,154.58737916802434,232.0,100.41262083197567,1.5709652999472197,0.7144877832721789,2410,110.37078786962545,0.008007143854117497,0.008657976708671147,0.0076912603104200734,0.006106888225914993,14.0,0.015626138756758227,2.4779347058977286,2.4779347058977286,1,5,unripe,IMG20200713144832.jpg
210,6665,4.791516894320632,161.87756939234808,228.0,93.1224306076519,1.5812463528788412,0.6911150480872921,2468,124.92441348546319,0.006467402489392594,0.008256974105242385,0.007488899226117479,0.006806078290410338,13.0,0.013286421110500275,0.5413371675053918,0.0,0,0,unripe,IMG20200713144845.jpg
246,6582,4.781414810617617,155.90914615618354,221.0,99.09085384381648,1.669111908162227,0.7041465178027391,2611,133.8369449336473,0.007146611423194567,0.008485764236973756,0.007987940559710496,0.006991837400958725,13.0,0.014905424896425613,0.6152929724389429,0.0,0,0,unripe,IMG20200713144855.jpg
216,4908,3.926902643538373,165.78198859005704,226.0,89.21801140994295,1.5858485370376794,0.7140144637781902,1937,122.23017976272567,0.007038485239836189,0.008005354097089135,0.007442050621695262,0.006861929307343497,12.0,0.014530706989318163,0.2312295973884657,0.0,0,0,unripe,IMG20200713144905.jpg
225,6095,5.370327946851816,160.2997538966366,231.0,94.70024610336341,1.5245619263987893,0.7142265693669917,2355,116.7831503009834,0.007601645694667456,0.00928828577618511,0.00842207431195292,0.00744622588669281,14.0,0.01635373658864924,0.41676211958341414,0.0,0,0,unripe,IMG20200713144909.jpg
149,4363,3.9957505655227994,161.78661471464588,227.0,93.21338528535411,1.7270286723462887,0.7022216723110437,1604,112.80605820481985,0.006380257225107076,0.007072981128050307,0.006739728064206975,0.005297786339856711,11.0,0.012943715644164452,0.2756637451804636,0.0,0,0,unripe,IMG20200713144918.jpg
193,5501,4.946230758164293,158.72586802399564,228.0,96.27413197600437,1.563599744006439,0.7089042746979799,2028,114.83061887067454,0.006509325784694543,0.007367116030702311,0.0074676799219184145,0.006904846530757316,12.0,0.014050383496802547,0.45407135663933246,0.0,0,0,unripe,IMG20200713144926.jpg
236,6217,4.814006070742736,154.24754704841564,232.0,100.75245295158436,1.627655219292393,0.7047120303060561,2404,116.55883872362263,0.007263422621108159,0.008900931988975978,0.00820974428301953,0.0068890722986834595,13.0,0.015338767607643937,0.2439137706745958,0.0,0,0,unripe,IMG20200713144933.jpg
204,6418,5.432583651461414,162.80990962916798,232.0,92.19009037083204,1.6881211063838168,0.7120268413254277,2296,136.6584331230263,0.00683687826022155,0.008138568575501541,0.007491009676371584,0.006920163337006308,12.0,0.01449907212988887,0.43508071001108867,0.0,0,0,unripe,IMG20200713144941.jpg
208,8177,6.976843398576817,154.2514369573193,227.0,100.74856304268069,1.5811442430478297,0.6759796522921356,2723,126.58348595507476,0.007766447136182846,0.008783260407454734,0.008372004626836658,0.007154699561775529,14.0,0.01627312790954849,0.6655176532823672,0.0,0,0,unripe,IMG20200713144956.jpg
200,9985,9.0603052465383,158.7280921382073,241.0,96.27190786179268,1.4659118638098756,0.6616769874613734,3032,120.55551158935602,0.008617088924022142,0.010058026803992384,0.009038154216008308,0.007727987480130791,16.0,0.016736251148917906,0.9545759758996788,0.0,0,0,unripe,IMG20200713145006.jpg
183,9925,8.448606086401362,158.27143576826197,231.0,96.72856423173803,1.7127812478428697,0.6707570558670712,2606,122.83480561131672,0.007664843166464288,0.008858655784084225,0.007987949042140795,0.007581187486699299,14.0,0.015352386198148125,2.4005107469674396,2.4005107469674396,1,6,unripe,IMG20200713145011.jpg
197,9583,8.076287756202804,164.89773557341124,234.0,90.10226442658875,1.5855616398691958,0.7074793303374166,2443,131.44129047611295,0.007111148126996214,0.00843416857034076,0.007327856304334031,0.0061248730883939305,13.0,0.014314307168390548,1.5313174217907228,2.6311353829557715,2,4,unripe,IMG20200713145018.jpg
268,8242,6.976881988944664,158.59730647900994,226.0,96.40269352099006,1.5473690683362606,0.6947730032235344,2826,126.70379620582189,0.007761142600488682,0.008968289812263778,0.008042646515235487,0.007134597212878874,14.0,0.016644350510217547,0.4334098008177224,0.0,0,0,unripe,IMG20200713145026.jpg
236,7790,7.547791374783206,153.3612323491656,231.0,101.63876765083441,1.626347110575813,0.7107631164537855,2563,106.91503391823225,0.00787782795200069,0.009990844771669286,0.008465935958237417,0.007066035242784534,15.0,0.015785711042451647,1.1830363631078686,1.1830363631078686,1,2,unripe,IMG20200713145036.jpg
238,6313,5.979578692126998,150.55219388563282,228.0,104.44780611436718,1.536077882901038,0.7150889145844515,2414,110.53785905968435,0.007948479080955712,0.00967737022823072,0.0089053959084581,0.007156483871111525,14.0,0.015818991838608597,0.4944305523982723,0.0,0,0,unripe,IMG20200713145100.jpg
76,2286,2.39223934951182,166.13123359580052,231.0,88.86876640419948,1.6820797541380537,0.7451967397638908,741,124.86705409371154,0.005696388372320642,0.006005693228431505,0.0051544790416925505,0.004470454450786896,10.0,0.011603959282726265,0.6184660785483314,0.0,0,0,unripe,IMG20200713145109.jpg
102,2762,2.7273355649692412,164.02715423606082,224.0,90.97284576393918,1.981846475363969,0.7140897298842649,1099,113.53360953322483,0.005520694715266996,0.005900185117741737,0.005318209479089401,0.005069914330041642,10.0,0.011640093625703582,0.2725360665935954,0.0,0,0,unripe,IMG20200713145136.jpg
92,2610,2.2281601884972297,159.71379310344827,224.0,95.28620689655172,1.806386638605909,0.7028402959006634,1016,128.35694050674994,0.005794187365991924,0.006333291317841837,0.00577758204026892,0.005195826505815963,10.0,0.011920414289485396,0.5967371539308672,0.0,0,0,unripe,IMG20200713145141.jpg
345,11856,9.466321739963591,153.02842442645075,220.0,101.97157557354926,1.603317854339471,0.7079133278659897,3957,123.51272125734829,0.008228017341521898,0.009860657878174743,0.00905000497851723,0.008231774713015099,16.0,0.017581680559547765,0.6491328925936571,0.0,0,0,unripe,IMG20200713145148.jpg
249,6641,5.773326726303802,158.4018973046228,232.0,96.59810269537721,1.6468797333902099,0.7283239205904573,2400,129.88931203228753,0.007319211404319355,0.008466918572452058,0.007976232421525759,0.0071159889944206745,13.0,0.015455812592186898,0.8667379530379296,0.0,0,0,unripe,IMG20200713145208.jpg
250,8575,8.316925792653947,158.80862973760932,224.0,96.19137026239068,1.5913421702700805,0.7003658794475687,3095,107.73574530161731,0.008031564856236472,0.00944770059561607,0.008031831104361089,0.007035226338481627,15.0,0.016943498154234876,1.1493361007924114,1.1493361007924114,1,6,unripe,IMG20200713145224.jpg
279,6467,5.522064348657695,153.46513066336786,224.0,101.53486933663213,1.6110264060695085,0.6973275032879992,2877,119.70688667902213,0.007561991939340119,0.00927699175851774,0.008369631751874187,0.0076126891770438646,14.0,0.0161474385505278,0.4696359040918095,0.0,0,0,unripe,IMG20200713145237.jpg
139,3856,3.477821671446868,156.54408713692945,219.0,98.45591286307054,1.6239759107474476,0.7038000419632289,1292,125.35928998538492,0.006579487685544482,0.007601527542127842,0.006890916981544495,0.0061753546774699596,12.0,0.01400554666010207,1.1463463030106247,1.1463463030106247,1,3,unripe,IMG20200713145248.jpg
210,10303,8.451524522791964,145.33165097544403,224.0,109.66834902455595,1.618762398474975,0.7089580517141872,2884,110.39962132224338,0.007669652388505092,0.008516553200229617,0.0071675660182617534,0.00690542469130679,14.0,0.014996967312112077,1.5339562125226607,3.9809034756002526,3,19,unripe,IMG20200713145253.jpg
294,6018,5.0935251798561145,162.5023263542705,231.0,92.49767364572948,1.7085362623475646,0.757851556733322,2599,129.08435942874257,0.0075545044932911806,0.00927498278194054,0.008296864238712832,0.006945308804859232,14.0,0.015221561159376997,0.5442234447735929,0.0,0,0,unripe,IMG20200713145258.jpg
298,8033,6.614299006167197,160.35640483007595,229.0,94.64359516992407,1.5092121398663978,0.7161088398348049,2914,116.62588399057213,0.007210094966030283,0.009422982195867256,0.008982516505354702,0.008687387379096748,14.0,0.015994222702049223,0.5327339047666099,0.0,0,0,unripe,IMG20200713145308.jpg
283,9773,8.383659884020176,155.9112861966643,231.0,99.08871380333572,1.6907391301887815,0.6995699698596338,3379,117.10532749744296,0.007494720085474398,0.010140766322656435,0.009759213021927709,0.008987359827436443,15.0,0.016953420355205872,0.5550217891088769,0.0,0,0,unripe,IMG20200713145312.jpg
300,9900,8.327445240738871,165.24252525252524,232.0,89.75747474747475,1.6035888485896013,0.6976032554535072,3566,119.55270698207552,0.008741096115442241,0.01147505131052118,0.010847911722813009,0.009435495203431125,17.0,0.01819700997050346,0.868073079640658,0.0,0,0,unripe,IMG20200713145316.jpg
290,6152,5.00736616772072,168.42571521456438,227.0,86.57428478543564,1.6171501820228977,0.7188144674985332,2640,130.20600408423974,0.007506452877832696,0.009578747133849756,0.009340533680487227,0.007931202499150549,13.0,0.015739707354628908,0.32394859147478006,0.0,0,0,unripe,IMG20200713145330.jpg
225,10346,9.174100413215811,162.32273342354534,240.0,92.67726657645467,1.6318733703537165,0.7258323956309727,2717,121.047422414036,0.008365125183561641,0.009370954297976483,0.007962897858879308,0.006722624495911832,16.0,0.015892760707950693,1.8585844254881443,1.8585844254881443,1,4,unripe,IMG20200713145338.jpg
237,8604,7.052516823908393,163.85006973500697,232.0,91.14993026499303,1.5864017717640866,0.7046657760129573,2593,131.1453228999846,0.007281159006607094,0.008726076025374044,0.007833076098823694,0.006354150443856097,14.0,0.013781147997195091,1.1885343322486248,1.1885343322486248,1,6,unripe,IMG20200713145343.jpg
228,7052,5.837216809727591,162.85422575155985,228.0,92.14577424844016,1.5966893187354456,0.713946024716115,2511,128.11243358195998,0.006880460339850238,0.00865250388672243,0.007638636982965288,0.006854556972071595,13.0,0.013995998611345772,0.587694829113243,0.0,0,0,unripe,IMG20200713145350.jpg
169,5567,4.771577954915574,160.30429315609842,221.0,94.69570684390156,1.8016358081013244,0.7083344680816286,2079,121.3462069783201,0.006145908436229554,0.007885589823484033,0.007231860602302121,0.006115791649650346,12.0,0.013370542354252064,0.5159852575640697,0.0,0,0,unripe,IMG20200713145355.jpg
225,8954,7.480367585630744,159.68070136251956,236.0,95.31929863748046,1.718290600005688,0.704653799018968,2499,126.54457906515803,0.007413730404442478,0.00909797369240094,0.008942061034940288,0.007222959359182268,14.0,0.015435910036529232,2.080200501253133,2.080200501253133,1,5,unripe,IMG20200713145423.jpg
275,7878,6.788687244713304,168.03998476770755,231.0,86.96001523229246,1.577643224805627,0.6949643137005531,2975,131.0774826188429,0.007542681688431194,0.008819727673914302,0.007840400003649668,0.006944845738995318,14.0,0.015525891862354787,0.31625389931578857,0.0,0,0,unripe,IMG20200713145428.jpg
175,4752,3.7311264829892985,159.12563131313132,231.0,95.87436868686869,1.7364007162446609,0.717180454781259,1786,126.9137932326036,0.005300357436965882,0.006115517555394108,0.005500683482538673,0.0049526966038022854,10.0,0.011568844527313205,0.34311916520755964,0.0,0,0,unripe,IMG20200713145435.jpg
262,5901,5.298268926878322,174.41704795797324,228.0,80.58295204202678,1.635094782478926,0.7426847142528916,2399,137.56953732637274,0.007080097518105073,0.008745750131686058,0.008046722495922663,0.0076655019140251975,13.0,0.015220584714276458,0.4139132308576354,0.0,0,0,unripe,IMG20200713145443.jpg
236,10615,9.099091376650094,154.10805463966085,231.0,100.89194536033914,1.5182380615669988,0.6974392592104326,2896,127.0012943700937,0.0091416652380136,0.01151329655812265,0.010994409764591592,0.009677359714672769,17.0,0.01853329433950848,2.0641179495971196,2.0641179495971196,1,5,unripe,IMG20200713145452.jpg
265,6621,5.904964058291565,150.37803957106178,229.0,104.62196042893822,1.5878336940918931,0.709759508790308,2666,113.69685409701925,0.007476358004807617,0.008781157612252044,0.00795166362212259,0.007304737352551206,14.0,0.016019198289879067,0.9400139129193942,0.0,0,0,unripe,IMG20200713145505.jpg
188,6507,5.758458039451677,149.71999385277394,233.0,105.28000614722606,1.654191256665253,0.7150591325169893,1983,116.70267689621916,0.0071331188251015235,0.008292525233174891,0.007167788574911908,0.006180169215448547,13.0,0.01424111162531544,0.7035460490800804,0.0,0,0,unripe,IMG20200713145512.jpg
172,6315,5.6293456944196825,153.024703087886,233.0,101.97529691211402,1.6277074238440186,0.7080170507236346,1815,114.49654539884796,0.006849146504742029,0.008353836096749272,0.007489608786998487,0.006586578293289146,13.0,0.013750764702386571,1.196291674095204,1.196291674095204,1,4,unripe,IMG20200713145518.jpg
270,6375,5.332764505119454,152.99058823529413,234.0,102.00941176470589,1.6185642437382282,0.696228143805232,2736,116.44189699715751,0.007126164392009899,0.00835918319680144,0.00769853548057783,0.007005969087762253,14.0,0.014826864962675159,0.8624439536906913,0.0,0,0,unripe,IMG20200713145532.jpg
169,6705,5.426733033871555,160.38657718120805,233.0,94.61342281879195,1.5448541799449573,0.7227259911798047,2021,110.0718109211838,0.006682488786053048,0.008312532086607457,0.007999422341879975,0.00755218165126113,12.0,0.014017921684476471,0.9396624984824572,0.0,0,0,unripe,IMG20200713145541.jpg
215,5993,4.7574441736590165,169.8751877190055,240.0,85.12481228099449,1.71688674255041,0.739716135754398,2123,127.84665014685926,0.006385627815676842,0.007684028116648697,0.006757671116648227,0.006359664790573493,12.0,0.013325320284578415,0.6445928031054766,0.0,0,0,unripe,IMG20200713145548.jpg
131,5395,4.558821044092546,154.0250231696015,221.0,100.97497683039852,1.8973687265175951,0.7358137865673209,1445,124.79328483045543,0.006318907546456415,0.007308926173095526,0.0067226228004510676,0.005209626734877081,11.0,0.013028672962145937,1.8877490662655694,1.8877490662655694,1,5,unripe,IMG20200713145553.jpg
141,4723,4.614152150763489,154.2369256828287,226.0,100.76307431717129,1.6484950927551743,0.708289557091447,1732,122.5460874239338,0.006394219192771922,0.006719563918534324,0.006650870666851331,0.0059937065028142986,11.0,0.013077386798367683,0.5558866342969353,0.0,0,0,unripe,IMG20200713145601.jpg
218,7187,6.662649485491795,161.80464727981078,228.0,93.19535272018923,1.762210574418608,0.6952636918766923,2683,116.93482793050352,0.006937544647969506,0.008177054079256622,0.0075596078794918364,0.007162106893373835,13.0,0.014103941381873968,1.118939464169834,1.118939464169834,1,5,unripe,IMG20200713145605.jpg
224,6148,5.965051859470053,162.08474300585556,224.0,92.91525699414444,1.5262032147709994,0.7155487724860716,2323,108.45127369142124,0.007807181203469968,0.010120163601936452,0.009155704351462225,0.007626754117871542,14.0,0.016367879489013144,0.5578895281709956,0.0,0,0,unripe,IMG20200713145615.jpg
262,9899,8.83129627977518,157.436003636731,223.0,97.56399636326901,1.5734035241693982,0.7005384993646708,3041,127.79400812174494,0.008430620352342919,0.010024787504438835,0.008981053390220393,0.007851218995939883,15.0,0.018443547639414404,0.5995182442679989,0.0,0,0,unripe,IMG20200713145630.jpg
236,7674,7.24591154587,163.78120927808183,237.0,91.21879072191817,1.5748664222258375,0.7008984963044346,2563,110.91406904742686,0.007053180451846108,0.008966309642034855,0.00818049998259681,0.0065389716713062825,14.0,0.014819854746294787,0.9432715186765873,0.0,0,0,unripe,IMG20200713145642.jpg
265,8387,7.633775382963037,157.9669726958388,234.0,97.03302730416121,1.608070020359543,0.6902128517570071,3257,126.16185321064879,0.007834535053702185,0.009731409652704866,0.00926128686431384,0.007253154750208681,14.0,0.01610485547855812,0.636223797864691,0.0,0,0,unripe,IMG20200713145648.jpg
162,5658,5.598709664651342,151.57776599505127,222.0,103.42223400494875,1.6280767569230261,0.6894552013161376,1744,108.57089047991407,0.006848804493744578,0.008054390281429466,0.007702392448286372,0.006432662418711339,13.0,0.014083134119478643,1.396214092757696,1.396214092757696,1,5,unripe,IMG20200713145702.jpg
245,8836,8.330112281164858,147.8289950203712,231.0,107.17100497962879,1.5687634000505268,0.7173353405049104,2478,119.14546533967975,0.008387157715838684,0.010129612921031263,0.008914171760735255,0.008161046323443912,16.0,0.01683919860591753,2.04670368519793,3.284530464868534,2,12,unripe,IMG20200713145706.jpg
282,9547,8.157110023154674,160.0681889598827,230.0,94.93181104011731,1.5850657682514013,0.7252920637460881,3176,110.04602649868346,0.007942216010114946,0.009241129444199012,0.008708844998709157,0.007469740688079679,15.0,0.01615409242670744,1.9779731542477295,1.9779731542477295,1,8,unripe,IMG20200713145721.jpg
127,5661,4.932731518594681,160.41229464758877,233.0,94.58770535241123,1.8209964495095954,0.7307699492637778,1776,122.51935489298823,0.005643670454832799,0.00610716211478492,0.005918949783391801,0.005699778778752097,10.0,0.012168364609794285,1.5335819594994946,1.5335819594994946,1,5,unripe,IMG20200713145729.jpg
152,4580,4.1283204586221505,162.08187772925766,227.0,92.91812227074236,1.699327997675687,0.746080456078571,1620,143.5497248389106,0.0058983833661099844,0.006653633772128659,0.006393718194320211,0.005667630082833285,11.0,0.012140669718279864,0.3244968046078546,0.0,0,0,unripe,IMG20200713145734.jpg
249,7876,6.342865886559664,166.89906043676993,230.0,88.10093956323007,1.6414104240707141,0.6952377021090793,3122,121.03026180454886,0.006918700508043856,0.008152956683233004,0.007185947399230126,0.006363583679116765,13.0,0.014601053796622335,0.48642597707999446,0.0,0,0,unripe,IMG20200713145845.jpg
240,7790,7.461257015880314,166.3275994865212,229.0,88.67240051347882,1.7002525534291295,0.7040923806157691,2871,131.4439212262832,0.007020030777286107,0.007832582681560259,0.007196979513986313,0.006587931803183126,13.0,0.014743799939376936,0.8323276440051338,0.0,0,0,unripe,IMG20200713145901.jpg
126,3993,4.6157047243639395,172.5817680941648,229.0,82.41823190583521,1.6504793991846136,0.7183154262117363,1394,112.85270693417515,0.00628596049963293,0.007266386654998381,0.006466107232637474,0.006009756663649866,11.0,0.013495501658106977,0.5409841750569305,0.0,0,0,unripe,IMG20200713145921.jpg
146,6003,7.060027285129604,162.09312010661336,231.0,92.90687989338664,1.6415717349227599,0.7137576729630241,1671,110.9460045445298,0.0071154415569680855,0.00856594413651051,0.00799030907465776,0.007890595669984606,13.0,0.014323955107752279,2.0793150491602765,2.0793150491602765,1,6,unripe,IMG20200713145929.jpg
246,10066,8.72830064339351,153.3151202066362,222.0,101.6848797933638,1.6192784180429691,0.6682662750598694,3533,108.8569566509999,0.00792576746634349,0.010224213508305357,0.009436438155027198,0.008368162137476955,16.0,0.016440623732280838,1.115966911190885,1.115966911190885,1,7,unripe,IMG20200713145941.jpg
268,9339,8.718504065647844,155.3151300995824,227.0,99.68486990041761,1.6321343148436616,0.6869256767076798,3267,110.1097754144295,0.007802902708363422,0.00996601297426838,0.009697587409918454,0.00914074714344787,15.0,0.016201964976175036,1.394736596431939,2.503804251426011,2,14,unripe,IMG20200713145947.jpg
200,8437,8.547173060753108,152.0664928292047,235.0,102.93350717079531,1.6532321622745254,0.6952016872197305,2652,105.59822710637327,0.008346130643603898,0.010443320280772094,0.00913309818461935,0.009308178499287185,16.0,0.017090969260433655,2.5751942539331987,3.923574880205853,2,13,unripe,IMG20200713145951.jpg
266,10291,8.449096880131362,150.75726362841317,231.0,104.24273637158683,1.653087144441965,0.6889670303927858,3706,115.94055395208078,0.007689107827038862,0.009387166360797193,0.008773495605138605,0.007818667696963842,15.0,0.0155605138607167,2.0311986863711002,2.0311986863711002,1,26,unripe,IMG20200713145957.jpg
214,5208,4.206479335104879,167.03014592933948,232.0,87.96985407066052,1.5261827411889757,0.733936892218144,1832,121.15549792208377,0.007347877241019097,0.0088893091018281,0.007200021411855297,0.005752155557762203,13.0,0.014704369903103436,0.36911694626400343,0.0,0,0,unripe,IMG20200713150008.jpg
190,5426,4.241779890242187,163.71636564688538,231.0,91.28363435311464,1.4768290829006607,0.7064572872331637,1635,118.3025019957266,0.006979900420275366,0.008435060573424948,0.007506953750089286,0.0058687719369240575,13.0,0.013747041992894345,0.4878125048859426,0.0,0,0,unripe,IMG20200713150018.jpg
210,6264,5.597705155357765,159.15756704980842,238.0,95.84243295019157,1.6921825075890238,0.7322329851128816,2154,112.67643037503127,0.007230877302173293,0.008223333478767414,0.0074767134631481425,0.005888643403171481,13.0,0.014932820844663613,1.0035477154321153,1.0035477154321153,1,5,unripe,IMG20200713150024.jpg
285,6057,5.073076762008459,158.5020637279181,235.0,96.49793627208189,1.5976668094922393,0.7328194093086323,2437,123.5854743491699,0.00772532104260943,0.009355533494439697,0.00848736563179231,0.006995924715210433,14.0,0.015726969878365516,0.6122534444490975,0.0,0,0,unripe,IMG20200713150048.jpg
196,11169,8.539774291219377,155.26949592622438,228.0,99.73050407377563,1.6159894102564323,0.7203216449857669,2433,125.53700453807913,0.008730908334217866,0.010088531237800196,0.009187567127043494,0.00830636257928562,16.0,0.017275974830094742,1.2294705936324435,3.493439765116066,3,21,unripe,IMG20200713150059.jpg
198,4698,3.9898089171974522,156.82269050659855,222.0,98.17730949340145,1.5754465451226893,0.709178521191413,1830,122.96586357180522,0.007059389700678573,0.008066774905291205,0.006778135797843551,0.0058118479663627695,13.0,0.013777511344240457,0.4365180467091295,0.0,0,0,unripe,IMG20200713150105.jpg
147,4747,5.36456920712413,158.71181799030967,219.0,96.28818200969033,1.6190822856318627,0.7148110190635663,1564,101.98966883369685,0.006967821935753779,0.008209731772647581,0.007638080094165866,0.00765908659820496,13.0,0.014510176188728815,1.038558900641895,1.038558900641895,1,4,unripe,IMG20200713150120.jpg
156,4590,5.111073993652915,163.07647058823528,231.0,91.9235294117647,1.5449617858616231,0.7351082947815636,1555,109.50216055726308,0.006944545425764538,0.008279856901281753,0.007633227111901498,0.007000134277863473,13.0,0.0146094752137256,1.3328879238349758,1.3328879238349758,1,4,unripe,IMG20200713150129.jpg
219,7873,8.24018253370175,166.14810110504254,236.0,88.85189889495744,1.588044246616718,0.7069254858429672,2416,109.4211082542841,0.008151136197592158,0.010319729499436048,0.008943543925147717,0.006753443234448597,16.0,0.017774912862239426,1.2915515364648749,1.2915515364648749,1,8,unripe,IMG20200713150134.jpg
242,7987,8.255979822620992,155.74082884687618,234.0,99.25917115312383,1.6255058107364886,0.7116151322824574,2693,116.61177273906071,0.008221382038581698,0.009384816133147353,0.008380325109721792,0.007091998487183008,15.0,0.016348435965318712,1.3489487502842612,1.3489487502842612,1,7,unripe,IMG20200713150138.jpg
222,8112,8.708067199828243,162.18774654832347,233.0,92.81225345167653,1.7637199157518497,0.6822239778276502,3015,113.65015889854507,0.007721434126761111,0.009705435069739345,0.009925603648147038,0.008412165682117403,15.0,0.016554193358949504,0.8587837475175781,0.0,0,0,unripe,IMG20200713150142.jpg
181,8215,8.401341760242172,149.07060255629946,228.0,105.92939744370055,1.8068597361279184,0.6978211494372606,2313,106.1064173922757,0.0062364820342650975,0.007879111637291599,0.00791909654168677,0.006586159447927582,12.0,0.01407488687320053,2.384897015810681,3.5967765028328325,2,19,unripe,IMG20200713150150.jpg
238,11643,9.11289565135719,148.84746199433135,234.0,106.15253800566865,1.6258491009030531,0.7020791894337962,3656,128.5386625169429,0.009018711582814146,0.010928513417201201,0.009793608436142371,0.00885781443850826,17.0,0.018007128338953377,3.739707585861432,3.739707585861432,1,26,unripe,IMG20200713150224.jpg
169,11608,9.151254276839632,151.5130082701585,234.0,103.48699172984149,1.6206602106133325,0.6594054489021585,2581,141.36271728774358,0.007831512845745018,0.00918281949425782,0.008048728533874484,0.007146662016903005,15.0,0.016068117801020413,3.4396039291739586,3.4396039291739586,1,9,unripe,IMG20200713150231.jpg
139,11546,8.996065292765593,148.58453143945954,234.0,106.41546856054045,1.527908872096473,0.6916609626392068,2549,117.09021336331234,0.008965724277166553,0.010918518484568629,0.009254009757707283,0.0077062818582573495,20.0,0.018581504049670045,2.0655265105769605,3.8271845416650434,2,15,unripe,IMG20200713150242.jpg
204,11057,8.666786853635786,154.29691598082664,233.0,100.70308401917337,1.667056489067935,0.710183459089758,2940,122.48381594758237,0.008637877430500963,0.011277718119753252,0.010274633372109768,0.009284028396707368,18.0,0.018632299955936567,2.9683568612389184,4.122935592848353,2,19,unripe,IMG20200713150301.jpg
269,9315,8.200257055830413,160.42973698336016,234.0,94.57026301663983,1.6488269583801929,0.6987867798540375,3206,109.5462976734991,0.008444694848906338,0.01043941495114869,0.00898373188034303,0.008513464015463403,16.0,0.01708409757902844,0.5616493828899414,0.0,0,0,unripe,IMG20200713150319.jpg
204,5733,5.412933256540746,160.65811965811966,229.0,94.34188034188034,1.6800240475765225,0.693803941696879,2141,121.87496788461291,0.0068991512271540665,0.008006497378629112,0.007592395016035175,0.006872196066212689,13.0,0.01399998481920881,0.5580051551745301,0.0,0,0,unripe,IMG20200713150330.jpg
276,8166,7.736177952934935,162.31055596375214,237.0,92.68944403624786,1.5465011192951015,0.7022011328950911,2971,109.04150202471997,0.008155098789676922,0.010006583254014783,0.008915851004466357,0.008234305886513915,15.0,0.016678666616140564,0.4196824434423434,0.0,0,0,unripe,IMG20200713150335.jpg
301,10239,8.586595551977458,152.83953511085068,227.0,102.16046488914932,1.6038966848313454,0.6955894916309625,3322,122.56213832853521,0.007920618853022407,0.010089708957280539,0.00899316017708952,0.00765745766959295,15.0,0.017129780361374698,1.8684378249639395,1.8684378249639395,1,7,unripe,IMG20200713150343.jpg
259,10814,8.07430691923453,155.57887923062697,233.0,99.42112076937303,1.5355142882947752,0.7044805912022578,3502,124.54439083874323,0.007235010243056089,0.008266914145577741,0.007339746644489609,0.006627556683050574,14.0,0.015328905826690683,1.1229663035443624,1.1229663035443624,1,6,unripe,IMG20200713150353.jpg
236,11120,9.31565146729888,157.3714928057554,231.0,97.6285071942446,1.6282571932474375,0.712660261959069,3381,134.67290388490815,0.008322520758255132,0.009202868876357854,0.00812225199205167,0.0074146751077849085,15.0,0.017582093028718496,1.3537853211470314,2.6975177809984165,2,13,unripe,IMG20200713150357.jpg
199,5405,5.486919711289553,149.03626271970398,223.0,105.96373728029602,1.6484288813982415,0.7379414839174032,1919,110.08571785139965,0.007504791637182349,0.009251815885683051,0.008498132012913582,0.0074288738712109045,14.0,0.01587931344383409,0.8222765894809506,0.0,0,0,unripe,IMG20200713150406.jpg
202,8814,8.63465815021993,155.9341955979124,231.0,99.0658044020876,1.5783091357545147,0.6996147629967894,2794,103.06431261956672,0.007497992192360746,0.008423475780586243,0.006813080552224418,0.006617841548680954,14.0,0.014712768734559668,2.1189886066400856,2.1189886066400856,1,22,unripe,IMG20200713150430.jpg
264,8723,8.486977165040232,159.44147655623067,233.0,95.55852344376935,1.570394013492536,0.7318530996580442,2923,107.35387073735056,0.008826534087039433,0.010205479726454364,0.008949735311954924,0.007685406110956271,16.0,0.017538833281729227,1.51973613800216,1.51973613800216,1,9,unripe,IMG20200713150444.jpg
163,4744,5.036841993502219,174.24114671163576,226.0,80.75885328836425,1.8344322433574556,0.687059745064779,1930,110.68680489403363,0.006735941355923594,0.007456376473252968,0.006677150719290115,0.005578407015238516,12.0,0.013435117745737158,0.5701484297029282,0.0,0,0,unripe,IMG20200713150450.jpg
202,9390,8.496891712137252,162.14802981895633,233.0,92.85197018104367,1.6426825794894875,0.6961011685507955,2621,112.58394064014425,0.007166388014608074,0.008720558560313667,0.008275921782961538,0.006710857103924179,14.0,0.01538070648986943,2.848585208712255,2.848585208712255,1,7,unripe,IMG20200713150506.jpg
254,7536,7.642071958787977,160.64105626326963,224.0,94.35894373673037,1.5090139924432389,0.7144798012550772,2609,111.11229904657979,0.007726260098003425,0.008900996816201026,0.007882745845671252,0.007312795722272194,14.0,0.015939793351324224,0.8832596438567314,0.0,0,0,unripe,IMG20200713150510.jpg
133,2847,3.300907836612598,151.80049174569723,219.0,103.19950825430277,1.6410173887034403,0.7258186020378512,1221,91.86569417690487,0.006825745521573537,0.007627391644665844,0.006397482528356681,0.005216042288867684,12.0,0.01348680598513333,0.7918932393419055,0.0,0,0,unripe,IMG20200713150521.jpg
183,3492,3.4256452514788545,161.29782359679268,220.0,93.70217640320733,1.7141183350961133,0.7355122521370553,1654,113.80573855593845,0.006782851461312032,0.008267774771307228,0.007089884621162591,0.006266038597080435,12.0,0.014536237010671913,0.21287658063313614,0.0,0,0,unripe,IMG20200713150538.jpg
140,3163,3.2458003673716505,161.55927916534935,223.0,93.44072083465065,1.741202247987702,0.7540951299143751,1373,108.1538949416465,0.006497918770582662,0.007549328467238468,0.006663032790002372,0.006055736746360441,12.0,0.01348466035225263,0.42175907397715734,0.0,0,0,unripe,IMG20200713150542.jpg
211,7215,8.184819230638336,163.44449064449066,238.0,91.55550935550936,1.7271023084680397,0.6953372883336175,2606,100.66708196434116,0.007249903852591621,0.008779720893360123,0.00828475915102005,0.0075153129623166705,14.0,0.016082831131340805,0.7816133679708681,0.0,0,0,unripe,IMG20200714165830.jpg
226,8256,8.232619361014718,159.2670784883721,223.0,95.73292151162791,1.5791334209611403,0.6895551527708054,2761,111.89672651381177,0.007638268102901485,0.009709679412429485,0.009430628778973597,0.007178593187504353,15.0,0.016509896208493368,1.0569981253240797,1.0569981253240797,1,6,unripe,IMG20200714170119.jpg
81,2796,2.9485584122498047,146.7771816881259,220.0,108.22281831187411,1.8912813705480072,0.6948732344074419,1047,139.26737554117037,0.004237234513740957,0.004485491072813239,0.004501991883586159,0.00440815644588251,8.0,0.008465039992754532,0.5072448484592833,0.0,0,0,fully_ripe,IMG20200717083337.jpg
69,2632,2.8369405880831247,139.45744680851064,215.0,115.54255319148936,1.5881734643988914,0.6902270921982147,760,123.1648239198979,0.004576783718574953,0.005017482547041408,0.004596312095589292,0.0039974841363638654,9.0,0.008798252421603288,0.8094765887729585,0.0,0,0,fully_ripe,IMG20200717083346.jpg
66,2375,2.5384779820436085,147.61978947368422,226.0,107.38021052631579,1.5666460285231982,0.744042897825926,754,105.71979149577203,0.004762048470521171,0.004930169588143082,0.0041057012800845005,0.0037347534139778177,9.0,0.00900531482366354,0.5707567336468576,0.0,0,0,fully_ripe,IMG20200717083356.jpg
47,5943,6.28483201319783,155.03735487127713,224.0,99.96264512872287,2.4344925596767815,0.715578933976333,1076,138.84564292517575,0.0043050953104034305,0.004743737365505948,0.004553384048599399,0.0048511895319775945,9.0,0.008341663882904924,2.6501411787100393,3.6896817927052377,2,5,fully_ripe,IMG20200717083401.jpg
83,9174,9.076159005916223,162.5502507085241,239.0,92.44974929147591,1.8292647005457499,0.6842079136862869,1903,112.63421039835342,0.005541866522029774,0.007260166774717564,0.0065454401551277245,0.006138959273929007,13.0,0.010836127719652732,7.317121430974099,7.317121430974099,1,14,fully_ripe,IMG20200717083408.jpg
112,3743,3.7425508938927328,157.62596847448572,221.0,97.3740315255143,1.6202754943339575,0.6894907663515858,1312,148.02922246657909,0.005192318098298793,0.005882745050986037,0.005816360860226185,0.004746763721686732,11.0,0.010563948012513008,0.39495260568731755,0.0,0,0,fully_ripe,IMG20200717083420.jpg
94,7750,7.575313275858699,151.16309677419355,229.0,103.83690322580645,1.839432270105273,0.7353443137592264,1399,110.59948865119377,0.005435826315747107,0.0063386541643811346,0.006205796298149,0.006091950982883721,11.0,0.011080330711057906,2.8942584012667876,4.343831251344008,2,11,fully_ripe,IMG20200717083440.jpg
73,2204,2.379178945777605,148.60753176043556,232.0,106.39246823956442,1.8756477393377504,0.6744328293585834,872,106.5780229397067,0.005161703270640812,0.005557598105360434,0.00461413059237966,0.0043583567909066066,10.0,0.010044646117133987,0.38969310318771117,0.0,0,0,fully_ripe,IMG20200717083454.jpg
90,2298,2.5546674374395515,152.10443864229765,235.0,102.89556135770235,1.6894837441823052,0.719957418682819,825,103.72531604268299,0.0053596616795306825,0.005640287531418912,0.004676472659033487,0.0036288231566680915,10.0,0.010058847725053803,0.36685824819628027,0.0,0,0,fully_ripe,IMG20200717083502.jpg
92,7529,7.6874380992250275,156.501261787754,228.0,98.49873821224598,1.6664209003991899,0.6585842548170716,1502,104.75562629671836,0.0063657871075813695,0.007674324694702926,0.0058893400834332844,0.005591515647294664,12.0,0.011251461243683293,1.9634670560246685,3.4980957534792063,2,13,fully_ripe,IMG20200717083511.jpg
78,8255,8.655852530696558,145.70066626287098,230.0,109.29933373712902,1.8022163633001484,0.6805500216227309,1748,119.35097941987179,0.006639432922976781,0.008245372617689924,0.007058198506153293,0.006213430228386378,15.0,0.012646564356116049,2.1422055384873495,5.2427937799494595,3,21,fully_ripe,IMG20200717083519.jpg
40,862,0.9853906124968564,159.40719257540604,215.0,95.59280742459397,1.8335933642674855,0.7468658601936478,352,121.9462131350352,0.004319651910239392,0.00408716768675508,0.0035799253055894386,0.0030238639272440037,8.0,0.007948306554611602,0.21948375591577313,0.0,0,0,fully_ripe,IMG20200717083535.jpg
103,7348,7.654485603566815,151.66303756124114,236.0,103.33696243875885,1.743415524363103,0.6383975235034558,1649,123.51176766870799,0.005773769985514102,0.007127380307512813,0.006372242634292771,0.005269990824781096,13.0,0.009934564266975176,1.008375348972874,1.008375348972874,1,2,fully_ripe,IMG20200717083623.jpg
89,7556,7.263848032147045,159.62797776601377,231.0,95.37202223398624,1.5248947735318168,0.7055925007221377,1376,139.0229139733713,0.005977166971843437,0.006926249763907409,0.006299572375526898,0.005565300854532655,13.0,0.010059523607562654,2.234142777489377,3.448309011555248,2,8,fully_ripe,IMG20200717083656.jpg
91,8471,8.628909035346847,152.21520481643253,234.0,102.78479518356747,1.7149178820039224,0.7047075142823331,1420,125.11389283647321,0.005864456814609311,0.007067771592695345,0.006419676152013214,0.006046853497434425,12.0,0.010042483327241461,3.288173576449017,4.405622899052664,2,9,fully_ripe,IMG20200717083701.jpg
51,3431,3.5076419772018608,145.72544447682893,225.0,109.27455552317109,1.8845139336121726,0.7388897986419717,724,153.8524452910211,0.0047945250788553415,0.005078414333580901,0.004876512584280249,0.00481088248825063,9.0,0.009170172183784315,1.2503194806522517,2.2777692582937177,2,10,fully_ripe,IMG20200717083707.jpg
64,2591,3.406028578564762,136.26900810497878,227.0,118.73099189502123,1.5948457345794291,0.7371604317297062,672,127.34837427416208,0.0054686269612418325,0.00604187883300972,0.00511096315851471,0.004926512151573571,10.0,0.010650215575181185,1.375031220833169,1.375031220833169,1,3,fully_ripe,IMG20200717083744.jpg
74,2897,3.847992986743883,141.89333793579564,224.0,113.10666206420434,1.5761865120130445,0.7144686815494709,811,107.74024003554939,0.00558372699556671,0.0057185331960268645,0.005227751116917293,0.004455011555933374,10.0,0.01080205001268366,1.7054963738278033,1.7054963738278033,1,5,fully_ripe,IMG20200717083802.jpg
88,2276,2.3888241653284634,122.12829525483303,219.0,132.87170474516697,1.6315000404479727,0.7022071492370736,779,122.9809599003856,0.0056291181522936115,0.005508643836639792,0.005018144205739015,0.004463023913554843,10.0,0.010551854273411664,0.33166451504560385,0.0,0,0,fully_ripe,IMG20200717083842.jpg
94,1898,1.9224925551526446,143.93308746048473,225.0,111.06691253951529,1.552611390144311,0.7524772728954343,659,128.2420808121569,0.005159456972019609,0.005146944623523294,0.0043481801285633875,0.004329987571067161,9.0,0.009897108773619044,0.41731661365800293,0.0,0,0,fully_ripe,IMG20200717083846.jpg
77,8727,9.415255151580537,149.6647186891257,234.0,105.3352813108743,1.5140161143806883,0.6516959705694484,1692,101.42713394446534,0.009251288820631285,0.010271895142780384,0.008759918683192338,0.008057937167746592,21.0,0.017445924534448584,3.3336929550113283,3.3336929550113283,1,10,fully_ripe,IMG20200717083900.jpg
193,6419,5.681385695193082,153.0615360648076,236.0,101.9384639351924,1.6860622432609464,0.72140780772314,2071,118.63239068525714,0.0061347074078297046,0.007437488860461917,0.007210697844010195,0.0061366164231197,12.0,0.011911665350313851,1.0098864430932089,1.0098864430932089,1,4,fully_ripe,IMG20200717083943.jpg
144,5280,4.945163012428468,150.77159090909092,220.0,104.2284090909091,1.6492417266128554,0.7407027265229496,1617,118.53107754740287,0.005813835401071856,0.0068637275929187645,0.006798754380136633,0.005730938543384311,11.0,0.011507788062448477,0.9974618576205149,0.0,0,0,fully_ripe,IMG20200717083947.jpg
88,4671,4.447554844606947,142.69128666238493,217.0,112.30871333761507,1.6464280311011494,0.7020902188186938,1048,134.86211462895284,0.005732919310320106,0.006248655769437573,0.00562530618585033,0.005047249704269275,11.0,0.0108097794267006,1.1378351614868982,1.1378351614868982,1,3,fully_ripe,IMG20200717084008.jpg
103,5037,4.853957271299303,153.302561048243,223.0,101.697438951757,1.7621260048910947,0.7063287576661273,1201,133.53936239679624,0.005216576999014232,0.005914947335960915,0.006077257974336779,0.005053548339188044,10.0,0.00974997548334653,1.4763276830713783,1.4763276830713783,1,10,fully_ripe,IMG20200717084015.jpg
57,9787,8.887335070784488,149.4471237355676,230.0,105.55287626443241,1.6463186720090868,0.7414400773882985,1363,119.87388771953722,0.0067667650771249905,0.008419213239812238,0.00787141223370018,0.006387082679207366,15.0,0.012780575303230452,4.60848324146636,6.104991691109032,2,22,fully_ripe,IMG20200717084021.jpg
111,4881,4.81251787069994,151.98832206515058,234.0,103.01167793484942,1.633435542311124,0.7038467535952767,1435,124.31472739654326,0.005833924431805989,0.0058836482346406715,0.00529311041139487,0.005327716012901124,11.0,0.011047383961521665,1.0628752846987368,1.0628752846987368,1,6,fully_ripe,IMG20200717084028.jpg
99,4668,4.477354255788525,149.87853470437017,225.0,105.12146529562982,1.5058557522539218,0.7428987232665432,920,113.29669309328249,0.005553756348786325,0.006417074685386441,0.005759053990872568,0.005078352006842753,11.0,0.010625864418548405,1.5845306834967103,1.5845306834967103,1,7,fully_ripe,IMG20200717084032.jpg
55,2757,2.844555415695095,138.53717809212912,218.0,116.46282190787088,1.7380770266492633,0.6794843931646475,762,101.4154999533074,0.005256015449658124,0.004815394307369056,0.0042807416191957045,0.0037678974522063636,9.0,0.00962844187219883,0.5684983801407317,0.0,0,0,fully_ripe,IMG20200717084053.jpg
134,6856,6.306397461251898,147.15942240373394,233.0,107.84057759626604,1.5812479379724065,0.6791067710615026,1726,125.52719916165229,0.006309102862043497,0.006112798980604981,0.005807449411259699,0.005217563822659175,12.0,0.011221822123505153,0.9198362691440923,0.0,0,0,fully_ripe,IMG20200717084058.jpg
144,8031,6.725849001298104,146.12875108952807,227.0,108.87124891047192,1.5948013610093956,0.6826725122416409,1824,131.75585723416236,0.005981915231651054,0.006622214230527016,0.005776649087674094,0.00556133311328803,12.0,0.010791021823075364,0.51756626606926,0.0,0,0,fully_ripe,IMG20200717084102.jpg
127,7630,7.111898215034721,158.26710353866318,233.0,96.73289646133682,1.7739652678382876,0.6371765168406254,1967,135.7126669866355,0.005464170475012953,0.006071239606435854,0.006149097099808371,0.006020467748081664,12.0,0.009882747711565401,0.9917509437479609,0.0,0,0,fully_ripe,IMG20200717084106.jpg
51,3883,3.6428283283142417,137.04841617306207,220.0,117.95158382693793,1.6666113129126907,0.7488719058253804,702,139.95134728361964,0.004838194319128118,0.004865419003528724,0.004857545919120982,0.004462272933715435,9.0,0.008960379438520317,1.9091309935924499,1.9091309935924499,1,1,fully_ripe,IMG20200717084113.jpg
68,1834,2.105408166779552,141.74591057797164,212.0,113.25408942202836,1.593268778164107,0.7520644121633008,590,126.22558287373691,0.005371813857733798,0.0053954939034011684,0.005091975143155106,0.004656775520595225,10.0,0.010417419329715148,0.8621382405951166,0.0,0,0,fully_ripe,IMG20200717084205.jpg
66,6079,6.783992500669584,136.1455831551242,216.0,118.8544168448758,1.6528295167860636,0.7104665088249376,1366,101.35967980789235,0.0057813465534414825,0.006080295701889361,0.0056325940786099305,0.005500165426406255,11.0,0.010444533138672843,4.625703062226587,4.625703062226587,1,11,fully_ripe,IMG20200717084209.jpg
102,8420,8.566138319734673,152.15890736342044,222.0,102.84109263657957,1.5156176605119192,0.693875632553584,1818,119.84888345624893,0.006230966963056409,0.006326837813889264,0.006244332229402228,0.006401324238568807,13.0,0.011199175582496208,2.877083036604472,2.877083036604472,1,5,fully_ripe,IMG20200717084214.jpg
117,2504,2.669936557018713,144.3718051118211,213.0,110.62819488817891,1.6570487596760035,0.7471520733011485,1022,112.97526409199995,0.006008151727930069,0.006851507463357471,0.006236165949026089,0.005393102914781098,11.0,0.012485043492259621,0.5192728048195341,0.0,0,0,fully_ripe,IMG20200717084220.jpg
103,5754,6.413071341796418,142.712026416406,226.0,112.28797358359402,1.7125115326885323,0.6700149706416156,1610,124.00775274529015,0.005095639673566115,0.00579364855624271,0.005662438621001936,0.0065004426477745375,10.0,0.009484747500640862,1.6863011713830347,1.6863011713830347,1,13,fully_ripe,IMG20200717084242.jpg
57,1487,1.7980870385373462,149.2602555480834,231.0,105.73974445191661,1.865069543168736,0.6746386861425119,567,118.96991191744834,0.004174410909964296,0.004688061998520977,0.005066187347500941,0.004753833237426824,8.0,0.00830979533858792,0.6747360911256485,0.0,0,0,fully_ripe,IMG20200717084253.jpg
85,5045,5.914350359315835,126.09058473736373,212.0,128.9094152626363,1.8034417961559635,0.7062653321266973,1296,126.27741694592052,0.0058822839812235845,0.006380036921158774,0.006399299734665088,0.005205602950198732,12.0,0.011620395687612332,1.3680965053164675,1.3680965053164675,1,4,fully_ripe,IMG20200717084319.jpg
66,4617,5.793627887716305,146.30214424951268,225.0,108.69785575048734,1.6688634881337552,0.6431047327893831,1056,107.56324791642238,0.005523786606158444,0.00623156943695022,0.005575161512321736,0.005314497836127335,11.0,0.010984338773217436,1.0490519632078905,1.0490519632078905,1,2,fully_ripe,IMG20200717084327.jpg
72,3131,3.0566023000175724,152.1140210795273,230.0,102.8859789204727,1.701748466838283,0.654105512072725,917,119.4779345005577,0.004772159366509358,0.00513711937710633,0.004682881411541127,0.00437955841102085,9.0,0.008642963599325745,0.33289728019993364,0.0,0,0,fully_ripe,IMG20200717084342.jpg
77,4162,3.711630727522428,154.65545410860165,228.0,100.34454589139837,1.719878179363046,0.696099779699971,1156,141.1481849850677,0.004190469595725283,0.0047397424020351004,0.0046369592123149585,0.0043577414556883465,8.0,0.007676984504183895,0.8311484473932974,0.0,0,0,fully_ripe,IMG20200717084347.jpg
80,4366,3.968549743216834,156.88593678424186,230.0,98.11406321575814,1.7600117350371645,0.6686940638282399,1269,135.76879194441338,0.0045503598885356985,0.005194086724359335,0.005120264348979149,0.004883826002336581,10.0,0.008103280034006058,0.7117211289369632,0.0,0,0,fully_ripe,IMG20200717084352.jpg
103,4302,4.108647068935878,148.5713621571362,227.0,106.42863784286378,1.8106834846722824,0.6750052343600722,1218,131.8479329433695,0.005153702074492051,0.0055878214369047535,0.005542765307754336,0.005015537435725727,10.0,0.00908669391008175,0.5214600882470918,0.0,0,0,fully_ripe,IMG20200717084358.jpg
110,7209,6.546494733018525,143.7812456651408,214.0,111.2187543348592,1.6208954751498557,0.7202751241519423,1611,131.01373987802145,0.006334230750055198,0.0069966453708254096,0.006443630121863492,0.006023304345348746,13.0,0.011243883677699195,1.9778423537958592,1.9778423537958592,1,3,fully_ripe,IMG20200717084402.jpg
103,6036,5.945157985974313,146.78164347249833,233.0,108.21835652750165,1.535688527070794,0.7066324695912981,1376,136.72357509402397,0.005096671873382557,0.0055631519016873165,0.005039776528371969,0.004841666396288243,10.0,0.0098327361832764,0.7603813726262706,0.0,0,0,fully_ripe,IMG20200717084410.jpg
124,8977,8.940522667516532,136.32460732984293,227.0,118.67539267015707,1.5363786308700866,0.6685333752718937,2126,113.06142383639443,0.007318766882101418,0.007448551088031421,0.006507996394319022,0.005887977053621225,15.0,0.014704632550175676,2.497808939526731,3.500717074336706,2,9,fully_ripe,IMG20200717084423.jpg
47,1078,1.2131579243520634,135.44063079777365,225.0,119.55936920222635,1.5858670070228538,0.713090618109664,397,117.98301712287314,0.004403362983744461,0.004298371798105349,0.004243338587305863,0.004242853129953185,8.0,0.007935771344290988,0.24195635782531874,0.0,0,0,fully_ripe,IMG20200717084433.jpg
69,3739,3.914445444837622,155.422037978069,231.0,99.577962021931,1.6759559383039455,0.750666307116777,847,110.46402941318998,0.0054849737797084954,0.006229438738371457,0.0053166039128647955,0.004605845772216632,10.0,0.009889071313527191,1.1233484788207457,1.1233484788207457,1,3,fully_ripe,IMG20200717084442.jpg
69,3259,3.741375549611398,145.366676894753,229.0,109.633323105247,1.454666815228787,0.7079457043188022,870,110.26688395667205,0.005099610418288798,0.005652727758535424,0.005572456863397888,0.004663140239736706,10.0,0.01003921928788506,1.583110427405375,1.583110427405375,1,3,fully_ripe,IMG20200717084451.jpg
123,5356,5.263726868003891,150.16952949962658,235.0,104.83047050037341,1.5698690411043323,0.703136686739266,1511,124.88848316802053,0.006224492489791214,0.007002847919115167,0.006178051694963757,0.005609816774684872,12.0,0.01159065888696638,1.635332619185675,1.635332619185675,1,6,fully_ripe,IMG20200717084524.jpg
130,6690,6.835249042145594,151.03871449925262,227.0,103.96128550074738,1.583892080626185,0.7012687947993413,1825,124.91022909054924,0.006691728645481182,0.007179545739113013,0.00683845441113866,0.00652296596799639,13.0,0.012727077855407809,1.7461047254150701,3.1478927203065132,2,6,fully_ripe,IMG20200717084527.jpg
154,7013,7.1894285772866136,145.1216312562384,221.0,109.87836874376158,1.7265984923589233,0.6767404933641219,2175,131.86268321677326,0.00656028347410151,0.006887851402837394,0.00652132749435862,0.006195528464599708,13.0,0.012592389794578565,1.749943616345109,1.749943616345109,1,6,fully_ripe,IMG20200717084536.jpg
104,5177,5.440825635043247,142.15993818813985,228.0,112.84006181186015,1.6069647961887878,0.6894013312406476,1241,140.5030357916616,0.005675519674507043,0.006690583244259227,0.006993672183800323,0.006572422244848795,11.0,0.010978174835004259,2.028354930584019,2.028354930584019,1,10,fully_ripe,IMG20200717084540.jpg
148,5250,4.965900814407734,137.8897142857143,231.0,117.11028571428571,1.71584870474359,0.7222181780562739,1657,124.70415499622037,0.00608909391737891,0.007308656098339487,0.006329460208899825,0.006779627695612439,12.0,0.0118196785434693,0.7935982444358263,0.0,0,0,fully_ripe,IMG20200717084543.jpg
73,9733,9.007033129742736,155.26035138189664,235.0,99.73964861810336,1.6976415422356366,0.6640458997736692,1847,149.38767496554192,0.0062906591472420914,0.007625792497269127,0.007895286932096547,0.007059113854684947,15.0,0.011744528275867075,2.53470294280955,4.00795854155099,2,14,fully_ripe,IMG20200717084601.jpg
141,8939,9.156278488532886,131.90535854122385,224.0,123.09464145877615,1.5543865894984106,0.6773462694510947,1898,123.38778175503815,0.008028195350169322,0.008751556795703212,0.008153080442026544,0.007144399341471153,17.0,0.015103142673685779,2.5474510125272722,2.5474510125272722,1,6,fully_ripe,IMG20200717084608.jpg
73,5181,5.3429446524146895,142.27697355722833,237.0,112.72302644277167,1.8352038162920776,0.7086937519778387,1028,134.1590219268148,0.006313762291931179,0.006143827246993631,0.004834817838488508,0.004655823904910789,11.0,0.010204231431148706,1.1416019552640535,1.1416019552640535,1,4,fully_ripe,IMG20200717084620.jpg
61,8738,8.77776326760224,147.04531929503318,228.0,107.9546807049668,1.6097716065193093,0.6185738591349951,1835,124.6907854658111,0.007117024434413383,0.008408561371247042,0.007843649378744537,0.006883929297758062,17.0,0.01241750620506975,2.6128361477493045,4.010166052216541,2,11,fully_ripe,IMG20200717084648.jpg
89,6939,7.97128087306146,149.49373108517077,229.0,105.50626891482922,1.5521289792968131,0.7108031037130557,1620,116.7905556563669,0.005045376220562895,0.0055268664616909356,0.005363426473403836,0.0053627957788514626,10.0,0.008773366670045388,1.7955198161975876,4.578977599080988,3,17,fully_ripe,IMG20200717084659.jpg
74,6815,8.249007456182822,146.60763022743947,235.0,108.39236977256053,1.6160659532654023,0.6347154812149296,1639,105.74653266131267,0.00520636936870226,0.0055361255570302095,0.004938605634952733,0.004544056414083012,11.0,0.009267587154935569,1.954827152125496,1.954827152125496,1,6,fully_ripe,IMG20200717084705.jpg
80,8082,8.690509473322008,158.24338035139817,238.0,96.75661964860183,1.567370610273532,0.6581404544230895,1776,97.67234594512622,0.005843895441141682,0.007554368658149511,0.007037174318317619,0.006500751228468334,17.0,0.010306314831143321,1.637669627303813,2.7204886126583365,2,7,fully_ripe,IMG20200717084709.jpg
86,3996,4.309377965663015,139.23723723723722,219.0,115.76276276276276,1.6021642140775882,0.7397257214951463,890,116.38564173007974,0.0053937216332482435,0.0054256514097313505,0.005369700291470223,0.005274587619535781,10.0,0.00979749332223615,1.3965576740574583,1.3965576740574583,1,6,fully_ripe,IMG20200717084715.jpg
64,3196,3.3216583348056994,143.0772841051314,224.0,111.92271589486859,1.5082854013103888,0.7085397126317694,759,133.5037207578665,0.004921106640687808,0.004961334336784071,0.004760847977009484,0.004868488651163721,9.0,0.008965926081710316,1.3001860378103662,1.3001860378103662,1,4,fully_ripe,IMG20200717084719.jpg
88,7159,8.201209732850662,154.2547841877357,228.0,100.74521581226428,1.5803561157947714,0.6629504427314536,1598,110.58411644343488,0.004988800267391931,0.005298196811602797,0.005032152621851563,0.0052779806877615194,10.0,0.009233332704387257,2.010493516015213,3.6853319891857215,2,6,fully_ripe,IMG20200717084723.jpg
51,5998,7.589522965962294,150.01333777925976,234.0,104.98666222074024,1.420596319757117,0.7019195121516432,801,130.50584885936004,0.006399555393459422,0.0065936241635715384,0.005373933452920584,0.0049430720029375805,12.0,0.010293385733389901,2.9672276350752878,4.305959762115652,2,13,fully_ripe,IMG20200717090609.jpg
54,5320,7.209062821833162,153.30789473684212,230.0,101.6921052631579,1.5779513630056035,0.7161538822455467,878,119.30613425153628,0.005961638815643337,0.005635248841799174,0.0047679400233181235,0.004540125985892218,11.0,0.009511275918031586,2.6952680362079247,2.6952680362079247,1,7,fully_ripe,IMG20200717090617.jpg
57,3792,4.835192859419828,139.68196202531647,236.0,115.31803797468355,1.3444358818709945,0.6259382278106593,928,115.68875338557547,0.005942232806415522,0.0056087557114015505,0.004388956602723974,0.004092132485764469,11.0,0.010192628151037272,2.1204972904048454,2.1204972904048454,1,11,fully_ripe,IMG20200717090624.jpg
75,2775,3.433173737148796,145.45153153153154,227.0,109.54846846846847,1.7170190436657382,0.7216376773275481,817,106.17729247256726,0.00523637531569309,0.005079374782735474,0.004366807777930604,0.003907256156121409,10.0,0.010015527818471287,0.6965321852305484,0.0,0,0,fully_ripe,IMG20200717090635.jpg
112,4774,5.843758415550713,146.3414327607876,241.0,108.6585672392124,1.7197341905486578,0.6789349141535036,1303,105.07961529817551,0.005706805453348868,0.005605038793738661,0.004554634055252575,0.0036491988035697066,11.0,0.01082581244116615,0.9278527186819105,0.0,0,0,fully_ripe,IMG20200717090643.jpg
102,8583,8.447751498508874,145.36432482814865,228.0,109.63567517185133,1.5446588401363517,0.6259496656835474,1816,135.50186231267867,0.006770776341363013,0.007348970434326819,0.006404483821855237,0.005318420711854194,15.0,0.011002593574904988,0.8936919912205589,0.0,0,0,fully_ripe,IMG20200717090654.jpg
114,8836,8.724500878769328,143.82107288365776,235.0,111.17892711634224,1.662302317756038,0.6689229727963744,2166,112.14808326994277,0.006731694435312781,0.007117896033786251,0.0066232373792345575,0.006441597946866495,15.0,0.010976969235135749,1.1266020261063607,1.1266020261063607,1,6,fully_ripe,IMG20200717090706.jpg
102,8909,8.47709215471716,148.54338309574587,231.0,106.45661690425412,1.5576380405402919,0.6592533778336909,2089,124.79856804046926,0.006051145135726872,0.006640303964013885,0.006386192138018918,0.005865580068080325,14.0,0.010341605027757331,1.856415623959275,1.856415623959275,1,13,fully_ripe,IMG20200717090711.jpg
140,8830,8.360950667550421,153.49943374858438,233.0,101.50056625141563,1.5413422889998245,0.6896062663139314,2208,148.66656412629177,0.006789501142754233,0.00722016446006487,0.006887085484700463,0.006934169558364012,15.0,0.011949700247488447,1.1854937979358016,1.1854937979358016,1,7,fully_ripe,IMG20200717090721.jpg
100,8186,7.871759366105086,143.33227461519667,219.0,111.66772538480332,1.4121136645080004,0.6506856462297784,1705,133.62560807820915,0.006570000105588816,0.006644364800308922,0.006047901120599022,0.005253873224033822,13.0,0.010578415534226615,0.691399338410647,0.0,0,0,fully_ripe,IMG20200717090728.jpg
192,10023,9.125423358461706,152.05148159233764,235.0,102.94851840766238,1.6154824088366528,0.6941856688621503,2661,124.49873547921241,0.00704679847101811,0.007250596075860694,0.0062103999617254685,0.005465403321458229,14.0,0.01374601991275406,2.3116282457482065,2.3116282457482065,1,9,fully_ripe,IMG20200717090742.jpg
210,10276,9.227729885057471,146.8482872713118,236.0,108.15171272868821,1.5298596605765677,0.7039715800443687,2573,119.03405075073194,0.008197930752760875,0.008248746337615505,0.006933281214784762,0.0069276467771016495,16.0,0.015940528510254678,2.80621408045977,2.80621408045977,1,4,fully_ripe,IMG20200717090752.jpg
190,9213,8.969304010047022,155.35938347986541,234.0,99.64061652013459,1.7277066436899693,0.6859062937778506,2669,122.9683664087954,0.006681521874207202,0.0077672768144418135,0.0065255631931404115,0.00564253544910278,14.0,0.012333716453373604,0.9608925494319344,0.0,0,0,fully_ripe,IMG20200717090759.jpg
138,6045,6.011695208544662,131.6087675765095,218.0,123.3912324234905,1.6800646866111864,0.6675377055961385,1687,132.05731077542399,0.005910042677293286,0.0066753713837107145,0.0062868180866236315,0.005695856718485475,12.0,0.011088257328907655,1.3833363168049009,1.3833363168049009,1,3,fully_ripe,IMG20200717090812.jpg
111,6383,6.560258175913174,129.63935453548487,223.0,125.36064546451512,1.7480393284726685,0.6628758263427674,1791,120.46072255127312,0.0060077812292052835,0.006665110904482248,0.005772562884431457,0.005050544133869704,13.0,0.010942126855881204,1.5036280293531215,1.5036280293531215,1,11,fully_ripe,IMG20200717090824.jpg
111,4751,4.919696389185159,143.0166280782993,225.0,111.9833719217007,1.645666778120544,0.7002268436953824,1357,123.86823802459567,0.005224886860647687,0.005739635635347841,0.00554837129889804,0.005419196807550514,11.0,0.009919634461772613,1.4776692795973947,1.4776692795973947,1,8,fully_ripe,IMG20200717090830.jpg
75,4041,4.2595579167061945,139.0160851274437,229.0,115.9839148725563,1.5502156192843826,0.669888139006666,945,106.71334376223541,0.004695308432536176,0.004445800287248527,0.0041098158265298335,0.00425296471770464,9.0,0.008786936123889309,2.7469457884029556,2.7469457884029556,1,3,fully_ripe,IMG20200717090837.jpg
79,8094,8.091006327658766,148.26278724981466,231.0,106.73721275018532,1.60214973162905,0.6923539946074538,1112,124.13346730777285,0.005186865173611254,0.005951288219437238,0.005814750503098166,0.005873552275854014,11.0,0.009428001835399333,2.27016004078491,6.138728670391955,3,12,fully_ripe,IMG20200717090840.jpg
88,10293,8.720812010709324,153.30370154473914,227.0,101.69629845526086,1.745762853781027,0.6720658380199447,2027,122.26809001091293,0.006580459139971439,0.007954742543643681,0.008178916667829567,0.007574241273423325,15.0,0.012181024509305536,1.8453248381739926,3.025553258548819,2,13,fully_ripe,IMG20200717090844.jpg
156,9092,8.641681953407913,151.44819621645402,226.0,103.55180378354598,1.7937008281830862,0.6934052831203021,2342,145.66608765613813,0.006603313118120617,0.007649837553331205,0.007081381373490172,0.007239867746625318,14.0,0.012368273577596916,1.4066970183726035,2.6109437226145555,2,6,fully_ripe,IMG20200717090849.jpg
131,6515,6.464127318007283,139.567613200307,232.0,115.43238679969302,1.6856779719342039,0.6754049171353542,1861,127.85612409617761,0.006161080920605813,0.006781142214691942,0.005962720448890759,0.005524366373892371,13.0,0.011162893129113095,0.9247224344409497,0.0,0,0,fully_ripe,IMG20200717090904.jpg
130,9932,8.769126177589815,157.46234393878373,228.0,97.53765606121627,1.4692484493575018,0.6833214121213359,2043,143.38017163404484,0.006179168677032798,0.0070891612311040735,0.006943358832306639,0.007243515801001712,13.0,0.01199384866915926,2.124296977776993,5.0564625069529665,3,15,fully_ripe,IMG20200717090939.jpg
57,2273,2.0622017383099562,140.8578970523537,218.0,114.14210294764628,1.6744198876661525,0.7452206213933433,675,166.79661554477286,0.00487148752553225,0.005349809173002365,0.005008964083537645,0.004704160338084174,9.0,0.009076619343279036,0.7312514742973273,0.0,0,0,fully_ripe,IMG20200717090948.jpg
132,7237,6.840006048920645,133.20588641702363,225.0,121.79411358297637,1.72646214039551,0.7492427241279439,1763,122.66116933309681,0.005755851923015624,0.006589913573081116,0.006071233453496331,0.005654814192131805,12.0,0.011861592393185773,3.3269063551472535,3.3269063551472535,1,10,fully_ripe,IMG20200717091002.jpg
55,3794,4.382428701789241,152.181602530311,225.0,102.81839746968899,1.5099468975622778,0.6685554603986098,880,119.75377912271883,0.005242045532015031,0.006011247902993801,0.005716132571333316,0.0053839636185986535,10.0,0.009571883458661092,1.123906991787278,1.123906991787278,1,7,fully_ripe,IMG20200717091035.jpg
55,5446,7.121467707556915,164.03415350716122,227.0,90.96584649283878,1.8292082039526851,0.6998995330625494,1026,122.67725487375971,0.004899024979468597,0.00532044758588383,0.007710526052639879,0.008903924312130669,10.0,0.008805260757160736,4.655237796346423,4.655237796346423,1,1,fully_ripe,IMG20200717091047.jpg
44,6763,8.807939257387703,148.05944107644535,232.0,106.94055892355463,1.585975185717359,0.6671109417902777,1167,94.1369394105659,0.007040212383613305,0.006486525688769446,0.006431008906434303,0.0062227315942330955,15.0,0.011178485433739546,2.2504981571441594,4.112889571910449,2,27,fully_ripe,IMG20200717091112.jpg
51,7032,8.754108156558111,154.2984926052332,230.0,100.70150739476678,1.5090759154382243,0.5969097964154527,1528,110.41515303397551,0.00546553249324827,0.005688539732196035,0.005459869437267987,0.00546836402123841,11.64999999999418,0.009254946874676572,1.3718753112239817,4.724380041828503,4,23,fully_ripe,IMG20200717091115.jpg
79,6895,6.540070380452826,132.16548223350253,221.0,122.83451776649746,1.720546190333128,0.7045341281737828,1229,132.908251488267,0.00596375858623112,0.005883747828857324,0.005255936781458484,0.004705086337037971,11.0,0.011463930901355961,4.002769688979104,4.002769688979104,1,18,fully_ripe,IMG20200717091135.jpg
171,8358,7.982655536665967,140.23115577889448,220.0,114.76884422110552,1.545750952930234,0.6911260949277185,2365,117.19004976414276,0.00728453976383394,0.007851601988238515,0.006661820045012902,0.005950894808459194,14.0,0.014209215997147459,1.8452369582242938,1.8452369582242938,1,3,fully_ripe,IMG20200717091159.jpg
69,3897,4.024205123968649,139.95355401590967,221.0,115.04644598409033,1.4014398361025158,0.7169960684920086,866,126.1265083061472,0.005023498675485023,0.00489901471798046,0.004519286003107239,0.0044182085932401634,9.0,0.009647749681146532,1.3734136040231726,2.723076446473012,2,11,fully_ripe,IMG20200717091212.jpg
61,6373,6.278632158655409,129.65353836497724,221.0,125.34646163502275,1.4218821111952915,0.7440918973997255,967,120.29702241973628,0.005955701492837167,0.005934993131662485,0.005378649100103871,0.004748434944354972,10.0,0.011172817648778081,4.232387220082165,4.232387220082165,1,17,fully_ripe,IMG20200717091217.jpg
159,9346,9.213873060315082,152.00920179756045,222.0,102.99079820243955,1.611920815065548,0.6811638752524293,2775,114.39422944645914,0.008014600047089444,0.010548537888251108,0.009672395882264019,0.007733996451667401,20.0,0.015743106596504172,1.0903641776918982,1.0903641776918982,1,6,fully_ripe,IMG20200717091236.jpg
138,9243,9.0440313111546,164.53748782862706,229.0,90.46251217137294,1.5593246337396562,0.6836151150621281,2487,121.39765732093825,0.0063415832086259165,0.007231648823913127,0.006272783085837072,0.005641801926249954,15.0,0.012309351137715361,1.6428571428571428,1.6428571428571428,1,8,fully_ripe,IMG20200717091245.jpg
100,7929,8.362512656091798,151.86807920292597,232.0,103.13192079707403,1.5995882095980785,0.7252749357458843,1685,120.52107717064894,0.00565210306194702,0.006425489534321997,0.005770019786517375,0.0051986344655985915,12.0,0.01055071370431399,4.0868629767127915,4.0868629767127915,1,11,fully_ripe,IMG20200717091251.jpg
73,8786,8.975747297877122,153.54734805372183,235.0,101.45265194627817,1.6150249476699454,0.7216143857727836,1824,126.85999564605628,0.0057724211397572125,0.006904029617486207,0.0062600632268108615,0.006294316758229761,13.0,0.010350535817375394,6.997936374966798,6.997936374966798,1,18,fully_ripe,IMG20200717091256.jpg
74,8798,8.443459150279754,150.06501477608546,238.0,104.93498522391452,1.9915443613003114,0.6418238605210036,2086,142.61065521418942,0.005594047137180385,0.006710124236260594,0.006293839333447369,0.006203853147512421,12.0,0.010529512815692596,4.387758039904414,4.387758039904414,1,31,fully_ripe,IMG20200717091304.jpg
110,8474,8.559682421034557,153.12957281095115,229.0,101.87042718904885,1.9243816883808875,0.686820095744021,2157,132.02881455257028,0.005669417536204069,0.007857397648500707,0.008045238721959759,0.008127196372948113,15.0,0.010772776670946766,1.5717330478085638,2.676794715098132,2,11,fully_ripe,IMG20200717091309.jpg
146,8884,8.44823979155176,143.7349167041873,237.0,111.2650832958127,1.5646203360755169,0.6686976373563468,2244,115.30454494516009,0.006553798224818751,0.006961998173430159,0.006045916341012907,0.005168170845812222,13.0,0.012242940501482549,1.2999486487000513,2.3269746476730253,2,10,fully_ripe,IMG20200717091335.jpg
165,9709,8.79669478395593,143.51004222885982,228.0,111.48995777114018,1.7251698496106211,0.7008022319574837,2329,118.74871182588049,0.007206780837748478,0.008957880204749719,0.008155595006574087,0.007164890038428327,16.0,0.014371812999329712,1.3146569298094608,1.3146569298094608,1,7,fully_ripe,IMG20200717091351.jpg
151,9050,8.785469512964635,154.58939226519337,235.0,100.41060773480663,1.4951748104279774,0.711126547123193,2015,123.76054103111865,0.006297176334299726,0.006906325062181634,0.006721536116169583,0.006360219287450931,12.0,0.012116771842946147,3.322946093135685,3.322946093135685,1,7,fully_ripe,IMG20200717091402.jpg
98,5305,6.06375804405226,138.9950989632422,233.0,116.00490103675777,1.630323436081478,0.6994270229141558,1192,114.91568909098525,0.00620771220463679,0.006790700780866714,0.005845350244753451,0.005336815307237803,12.0,0.011721001910199766,2.7741264416427587,2.7741264416427587,1,7,fully_ripe,IMG20200717091414.jpg
76,6333,7.779333726415095,145.52423811779568,221.0,109.47576188220432,1.511726640178068,0.760189009349455,1211,99.89471748473987,0.006113914708965347,0.0071119377389320506,0.006756959859415464,0.005227794734245901,12.0,0.012055952491059318,2.890379323899371,4.924577437106918,2,7,fully_ripe,IMG20200717091422.jpg
95,7560,8.84935034531195,141.80978835978837,216.0,113.19021164021164,1.734730974173127,0.7024475402862705,1558,103.61463425866437,0.006609608141512487,0.00709995340755991,0.007090680823423835,0.006155343326608411,14.0,0.012575322532149932,1.6469624253775021,2.6653400444808613,2,6,fully_ripe,IMG20200717091428.jpg
114,8359,8.93532870122929,150.31917693504008,235.0,104.68082306495992,1.665499918931888,0.6918687530876833,1699,124.00167597855659,0.007116127477180076,0.007649720711373807,0.007268965950891312,0.005919912807453288,15.0,0.012768132800955765,1.65793693212186,4.370924639230358,3,11,fully_ripe,IMG20200717091432.jpg
60,5906,7.712599247806101,150.9776498476126,232.0,104.0223501523874,1.5095755675931612,0.7079985773841041,940,114.65401489933089,0.005593930008275771,0.006075061658595742,0.005573445424973164,0.0047763390772104924,11.0,0.010331297165753055,3.380954868366068,3.380954868366068,1,4,fully_ripe,IMG20200717091452.jpg
46,6790,8.936091808801853,152.3983799705449,230.0,102.60162002945508,1.588275504756233,0.718410467620156,1157,115.66415746418201,0.006498375302953356,0.007857278518903877,0.0072052320612388965,0.006702443032382467,15.0,0.012369012671398312,5.044483049062961,5.044483049062961,1,8,fully_ripe,IMG20200717091524.jpg
104,5490,4.244954766875435,147.5775956284153,227.0,107.4224043715847,1.716129197625011,0.7175672301982596,1435,141.07772875315297,0.00481288935585059,0.005020414413349041,0.004795545064078364,0.004967805416452517,9.0,0.009034010882633422,0.7608443516585479,0.0,0,0,fully_ripe,IMG20200717091549.jpg
202,5928,4.497246119532068,156.15536437246965,225.0,98.84463562753037,1.660614406792019,0.6994777325917844,2151,135.74724363034042,0.005770847037283968,0.00666456031181192,0.006535471700021748,0.006081117867512066,12.0,0.011612143909257758,0.745747796136981,0.0,0,0,fully_ripe,IMG20200717091600.jpg
200,8246,6.826215448803384,145.8262187727383,226.0,109.1737812272617,1.6763038963340546,0.682714290620999,2585,140.32875479656727,0.005688821278062132,0.006808620185630026,0.007037423534054061,0.006603612645150775,12.0,0.011806973470271228,1.024015099462744,1.024015099462744,1,6,fully_ripe,IMG20200717091605.jpg
209,8631,6.82168459489579,128.76607577337504,225.0,126.23392422662495,1.6965130701569164,0.6915717580966958,2855,125.13817180286733,0.006372335929621724,0.007401397839314035,0.0067779352835638795,0.005996708650818042,13.0,0.013240094453879811,1.1128411435075045,1.1128411435075045,1,4,fully_ripe,IMG20200717091613.jpg
198,10925,8.827212863087302,125.48649885583524,219.0,129.51350114416476,1.5840115004351163,0.6939198278529075,2855,120.48218965139327,0.006548400154308885,0.007615793054991156,0.0065365814244737995,0.006102456980853186,14.0,0.012734317012871484,1.271765038581182,1.271765038581182,1,5,fully_ripe,IMG20200717091626.jpg
113,7025,6.842310314600175,129.63957295373666,222.0,125.36042704626334,1.509906835673197,0.664432532236112,1447,138.62567833223304,0.006279933615600716,0.006600702421808305,0.005809093287651088,0.005158885215720652,12.0,0.011437329192902447,1.0382779779877278,1.0382779779877278,1,2,fully_ripe,IMG20200717091647.jpg
108,9223,9.194680384416,119.49235606635585,232.0,135.50764393364415,1.5745633938803978,0.6804395394804009,1675,126.39478612147838,0.0075542622839302005,0.008293241131041879,0.0073759096492606695,0.006267363188047482,16.0,0.013436771606198009,2.787414762531403,3.8052797384057104,2,8,fully_ripe,IMG20200717091702.jpg
133,9509,9.048004186688233,134.0034703964665,224.0,120.99652960353349,1.5796716213541375,0.6916519454152135,2173,130.2911312554012,0.006928558568391437,0.007673020395179337,0.006572391552367654,0.006109243830745105,15.0,0.01230748277235629,1.0390598981873544,1.0390598981873544,1,2,fully_ripe,IMG20200717091707.jpg
172,9566,8.324341257962338,138.26081956930796,232.0,116.73918043069203,1.5682000461663135,0.6663518075399724,2558,140.38403085817063,0.006757706737538553,0.0074885048175001145,0.007324565803905189,0.006683961481839421,14.0,0.012652413118124135,1.0529430192488425,1.0529430192488425,1,7,fully_ripe,IMG20200717091712.jpg
132,9857,9.179549264295026,143.29806229075783,229.0,111.70193770924216,1.6463294195348863,0.6933934786014606,2018,136.37546778095953,0.006139347525189998,0.006807745262381354,0.006431584367775793,0.006374721987882505,13.0,0.011621691701452419,2.529335071707953,4.989756006705159,2,7,fully_ripe,IMG20200717091718.jpg
77,4565,4.343234449032406,120.52245345016429,227.0,134.4775465498357,1.6604849708788258,0.7510892696672583,1034,143.70330940203337,0.0055002550179967715,0.005558534185656832,0.0049383572811462426,0.0045510731836357135,10.0,0.00995808899549773,1.405248035316728,1.405248035316728,1,11,fully_ripe,IMG20200717091725.jpg
123,6491,6.394821878940732,127.90602372515791,223.0,127.09397627484209,1.5362937296008032,0.7103993561288979,1373,133.16310909876609,0.006334378013500483,0.006685875800509358,0.0056782462354424725,0.005147136092772547,12.0,0.011087750043270776,1.2748266078184112,1.2748266078184112,1,3,fully_ripe,IMG20200717091728.jpg
66,2427,2.514114051898275,136.33292130201895,226.0,118.66707869798104,1.631503939707411,0.682712653596792,841,131.50157591763224,0.005026643795758319,0.005457616205440066,0.005158628842327836,0.004888484010168011,9.0,0.010084973752281252,0.7562024136323614,0.0,0,0,fully_ripe,IMG20200717091739.jpg
65,1997,2.0789955859082205,135.27040560841263,217.0,119.72959439158738,1.8419767123667186,0.6904330847272595,640,134.45561330411047,0.005347330070530752,0.005843609201821812,0.005030603063245789,0.0044682268676605325,10.0,0.01045586969692516,0.6319230448904806,0.0,0,0,fully_ripe,IMG20200717091745.jpg
88,3307,3.663778777337085,133.18536437859086,214.0,121.81463562140914,1.5454685519910663,0.7433811992210998,905,106.66499838996629,0.006032026158273018,0.006849081171543754,0.005841991136043613,0.004923879547165746,11.0,0.011803633952750187,0.9073585783607719,0.0,0,0,fully_ripe,IMG20200717091748.jpg
114,3650,4.322493545865801,140.973698630137,216.0,114.02630136986302,1.4982772832535904,0.686180805875365,1206,116.4187239593085,0.005888761795426586,0.006410340361245752,0.005855881586665123,0.00523203999868108,11.0,0.011517639906913714,0.6323867269842022,0.0,0,0,fully_ripe,IMG20200717091754.jpg
62,3014,3.285335891259088,144.77173191771732,237.0,110.22826808228268,1.4061221037542393,0.7107112548461282,642,123.69023003488655,0.00514402117983043,0.005382330606346811,0.00476088801572885,0.004413148610399566,9.0,0.009179508125069062,1.0224436184475862,1.0224436184475862,1,3,fully_ripe,IMG20200717091801.jpg
67,3347,2.7460761550011075,137.75679713175978,212.0,117.24320286824022,1.4198982838913239,0.7025859825791309,858,117.44538171862177,0.005292861218722617,0.0054046045122347315,0.005024362000652186,0.004534338862100636,9.0,0.010276457670028456,0.8491750285109491,0.0,0,0,fully_ripe,IMG20200717092037.jpg
105,4659,3.734789091433793,127.45503326894183,202.0,127.54496673105817,1.5483335397086226,0.7614185843556337,1091,119.0078901006048,0.005555351218774589,0.005513855134024496,0.00499700882389093,0.004594213873964442,10.0,0.010447299500820963,1.2946306895611883,1.2946306895611883,1,3,fully_ripe,IMG20200717092040.jpg
118,5726,4.864662803935229,138.3080684596577,233.0,116.6919315403423,1.5389747409331176,0.6741789468229734,1558,140.73386874597855,0.005730395738401727,0.005921466678527392,0.005528863372783566,0.005369743092044223,11.0,0.010590993912050064,1.103597097853975,1.103597097853975,1,3,fully_ripe,IMG20200717092046.jpg
95,7443,6.313619706840392,145.3632943705495,223.0,109.63670562945049,1.5081288994230067,0.692226689033269,1496,150.75548450770845,0.005235311415554279,0.0058125958037938295,0.005736551542441081,0.005384572395733537,10.0,0.010663161844542376,3.5313178610206295,3.5313178610206295,1,14,fully_ripe,IMG20200717092052.jpg
89,7306,6.244978203265236,145.99781001916233,224.0,109.00218998083767,1.5892727872416548,0.6842330077332793,1646,145.8808188624992,0.00541705424797494,0.006198954494183347,0.006707729335002657,0.0059264659791602795,11.0,0.01013745099715243,2.0933413112231816,3.5721001795025216,2,15,fully_ripe,IMG20200717092106.jpg
38,7636,8.833260069870208,154.85332634887376,235.0,100.14667365112625,1.7098594421763125,0.703911044954578,1281,90.33445569908929,0.006034777235975944,0.006701588161350189,0.0061837084740195974,0.005716455427461686,12.0,0.010090261493857892,4.954538093144854,7.4011521643569385,2,42,fully_ripe,IMG20200717092152.jpg
80,5980,7.636707276581616,160.6423076923077,232.0,94.3576923076923,1.807192777569658,0.6813165553235498,1388,102.11481933648017,0.004955120760535716,0.005816697991739795,0.005601704324362494,0.00573256350275916,11.0,0.009671710228800737,3.020202794166475,3.020202794166475,1,10,fully_ripe,IMG20200717092159.jpg
113,2880,3.309926331153532,145.75451388888888,232.0,109.2454861111111,1.5290158180791769,0.7326770326721199,927,116.81810178274839,0.005756315237131388,0.006352633800414236,0.005503698991405414,0.005102397465634838,11.0,0.011072929476349733,0.5964763075932928,0.0,0,0,fully_ripe,IMG20200717092206.jpg
47,7253,8.937879702768981,157.9913139390597,239.0,97.0086860609403,1.965401721501174,0.725358737786346,1554,125.09440915738577,0.005773499679480907,0.006490698905595831,0.0057992571882417195,0.005374959013907849,13.0,0.010934134957264524,7.226213508484393,7.226213508484393,1,14,fully_ripe,IMG20200717092228.jpg
35,7538,8.68423174848216,145.35075616874502,222.0,109.64924383125498,1.5092890715516956,0.6266085303433986,1329,110.86483805800701,0.006036435380364056,0.006741360845440697,0.0065226952522233084,0.005895115963921081,13.0,0.010243850538452727,3.1232359074204212,5.994170574071727,3,22,fully_ripe,IMG20200717092238.jpg
41,4335,5.479781061573273,137.81061130334487,228.0,117.18938869665513,1.7336598326214854,0.6822449533397404,977,80.89679748127303,0.004745004348678505,0.0052412171937502965,0.005271009793139721,0.005616871633306141,9.0,0.009165611408830557,2.6419244333767335,2.6419244333767335,1,14,fully_ripe,IMG20200717092255.jpg
54,3199,3.727395600298285,136.88621444201314,218.0,118.11378555798687,1.381930619979364,0.6932172760538008,675,110.71589313625336,0.004849687824421342,0.005092775365179629,0.00493097593250574,0.005055306984837185,9.0,0.008952201313038265,0.8261092468307233,0.0,0,0,fully_ripe,IMG20200717092258.jpg
47,3409,4.107921818137999,154.26870049867998,225.0,100.73129950132004,1.3656055432695717,0.6529703985385893,631,118.78148120065748,0.0049035911089184425,0.005196435212554161,0.005066245523105008,0.004549976064944571,9.0,0.00881726802016688,0.8543609765502616,0.0,0,0,fully_ripe,IMG20200717092304.jpg
49,2390,3.024933552714846,160.70962343096235,232.0,94.29037656903766,1.7400276603652423,0.6473480235947419,595,107.75962278240696,0.004802767582162596,0.004688014175420832,0.004270742596494362,0.003847763127526672,8.0,0.008558559229285943,0.5847361093532465,0.0,0,0,fully_ripe,IMG20200717092310.jpg
50,4708,5.940394175688294,140.62043330501274,229.0,114.37956669498726,1.3660814690457437,0.6721733171645693,802,131.2664173198141,0.005238357487492435,0.005492343554627291,0.005245235349041578,0.004399753188680525,10.0,0.00894265496341621,1.9721402074343248,3.449668155550509,2,7,fully_ripe,IMG20200717092316.jpg
40,6896,8.789976164072758,125.28784802784223,215.0,129.71215197215778,1.6106671831644834,0.607285484395575,1020,111.04482991881237,0.006037635122115076,0.006202589635907899,0.0049124453931828314,0.003901724099579538,12.0,0.01106134983278361,6.797700534077728,6.797700534077728,1,10,fully_ripe,IMG20200717092323.jpg
57,4114,4.935339139614674,134.8835683033544,224.0,120.1164316966456,1.4552301531100353,0.6847713418262225,994,95.69685363819814,0.004855833261589863,0.005364059297271536,0.005111381148827006,0.004788417922412613,9.0,0.009368426945624096,0.9477194750353894,0.0,0,0,fully_ripe,IMG20200717092329.jpg
44,3377,3.8748838223313555,144.6517619188629,219.0,110.3482380811371,1.378344968086054,0.6916766810849373,600,121.46682804066299,0.004793438298774203,0.005075796999618197,0.004779264116978847,0.004294552096980205,9.0,0.00857331010567415,0.839921515530516,0.0,0,0,fully_ripe,IMG20200717092335.jpg
47,5687,7.540140275512774,144.51098997714084,234.0,110.48901002285915,1.586551586512759,0.6756369159169373,860,100.37812471085817,0.005575976330099546,0.006166060022778718,0.0050711113502850454,0.004706735060013161,11.0,0.01020991932299218,5.865584768571921,5.865584768571921,1,12,fully_ripe,IMG20200717092348.jpg
53,1772,2.235708247643801,139.79627539503386,220.0,115.20372460496614,1.7662751038220879,0.7456668577463565,498,105.25849319903514,0.005102259680288674,0.005048081383223876,0.004876541514800447,0.004040266102024907,9.0,0.009359387404263361,0.7380865264512547,0.0,0,0,fully_ripe,IMG20200717092355.jpg
113,8558,9.423864687486235,136.35662537976162,219.0,118.64337462023838,1.6052825758558773,0.7374934037833991,1682,112.00083939151001,0.0071626104522767575,0.007669799188670756,0.006480399498036452,0.0056889777890630315,15.0,0.013262521235424532,3.4114434215742415,3.4114434215742415,1,15,fully_ripe,IMG20200717092414.jpg
79,7702,9.093163008701197,151.56128278369255,228.0,103.43871721630745,1.454648989569191,0.7030176200369261,1642,102.55484475699751,0.006700478800745691,0.007353109010218413,0.006667930628408907,0.007021562122446409,15.0,0.012911438645421925,2.9551008842870803,4.014120258320445,2,12,fully_ripe,IMG20200717092418.jpg
57,5098,6.594828143797783,139.49509611612396,222.0,115.50490388387603,1.7764569456921033,0.7508303877780643,869,97.50491279634451,0.005640955009482675,0.006022443387403731,0.00515541973487065,0.0056529779809676856,10.0,0.010384499193776058,4.993337904091691,4.993337904091691,1,11,fully_ripe,IMG20200717092424.jpg
85,3242,4.102966487799939,149.5801974090068,230.0,105.41980259099321,1.7410868994301543,0.734934843579431,888,123.81822694092524,0.004925237281305151,0.005402182134370405,0.005539756653901816,0.006194625263287453,10.0,0.010029688700427017,0.8985521919611219,0.0,0,0,fully_ripe,IMG20200717092429.jpg
106,8948,8.984296558094702,139.26978095663836,229.0,115.73021904336164,1.5787339238277864,0.6899676487696811,1971,101.0016495184801,0.009324140114297054,0.01021641155759464,0.009547040632390154,0.009179634743973496,23.0,0.016707104545501082,1.9458612795694608,2.9890758665006625,2,16,fully_ripe,IMG20200717092448.jpg
111,9616,9.073324463818986,149.22296173044924,234.0,105.77703826955074,1.627114501044766,0.6916298984104403,1648,127.22329997387638,0.0069880450269387915,0.007538458151303849,0.006830821136826043,0.0065313223920454855,14.0,0.012261465290393339,4.955605249997641,5.9576716581274,2,12,fully_ripe,IMG20200717092454.jpg
125,6522,6.308031569173631,134.18153940509046,229.0,120.81846059490954,1.5391741299395854,0.7008668353968646,1432,132.8173880235743,0.005425420709911944,0.0062798122963205714,0.006395761647277296,0.0059361743769002495,11.0,0.010246516588684374,2.6607474466109564,2.6607474466109564,1,8,fully_ripe,IMG20200717092458.jpg
115,8601,8.53756588547095,135.10498779211719,228.0,119.8950122078828,1.5280343918941912,0.6864814879125706,1937,129.27823808344073,0.007009098866013754,0.008459965982164282,0.0088971490842647,0.009232656265905113,16.0,0.01333834706172355,1.9108027356739425,3.5545894007524095,2,18,fully_ripe,IMG20200717092504.jpg
117,9378,8.668564667603343,141.42908935807208,223.0,113.57091064192791,1.5455722174418312,0.685017453394555,1815,137.39088547191767,0.006718111336821943,0.00799995070127437,0.007794781004911024,0.007721739143043152,14.0,0.013350384892550528,2.820195222953487,2.820195222953487,1,10,fully_ripe,IMG20200717092509.jpg
107,8962,9.250714809194974,132.03860745369337,220.0,122.96139254630663,1.5082444031838458,0.6961284735962233,1710,119.89365391657188,0.007029953880209171,0.007922111856127787,0.007449883410253625,0.007521571784815866,15.0,0.013296392164148973,3.8439703134838306,5.632799677948781,2,16,fully_ripe,IMG20200717092518.jpg
143,9655,8.474650656555017,142.3239772138788,229.0,112.67602278612118,1.5545184357964963,0.7219962036959193,2087,118.96225014098339,0.00586435051515164,0.006550852206622414,0.006667368864546028,0.005761051699663084,12.0,0.011099063598474991,1.481637525454673,3.8875430096201113,3,18,fully_ripe,IMG20200717092542.jpg
161,7954,6.384242463158571,147.02338446064874,243.0,107.97661553935127,1.6543508346153257,0.7017492424591206,2171,140.58708326323324,0.005468124900456218,0.006441214556905049,0.00645153878162817,0.006853931735470699,11.0,0.010136940768537807,1.866953478665682,1.866953478665682,1,3,fully_ripe,IMG20200717092548.jpg
172,6037,5.276313834482639,147.31489150240185,224.0,107.68510849759815,1.6998564538084853,0.7087806476855357,2072,136.61268621764336,0.006000102480314954,0.006759862059439612,0.006341029467888955,0.006403271692623492,12.0,0.011441635832602005,0.5838293260616866,0.0,0,0,fully_ripe,IMG20200717092555.jpg
78,9870,8.87071406102548,136.46068895643364,211.0,118.53931104356636,1.4603931021871357,0.6424777599249466,1656,103.28220475324147,0.007527691793924238,0.00804844114430925,0.005961919212478952,0.005089738946852725,16.0,0.013983080492341636,2.902080618343594,2.902080618343594,1,12,fully_ripe,IMG20200717092609.jpg
134,9728,8.586964197443683,146.9026521381579,226.0,108.09734786184211,1.6316974718238306,0.6818974017347161,2255,119.22834003248163,0.00601032800663518,0.006653526462488109,0.006339871588773917,0.005643122300823446,12.0,0.011524436764325107,1.2137207824306193,3.3842948944283595,3,25,fully_ripe,IMG20200717092613.jpg
89,3067,3.319479619888737,130.74502771437886,211.0,124.25497228562112,1.7514402147378374,0.7012394105122456,1045,130.62830958905704,0.005412625469695638,0.0058200451858558,0.005467208421563745,0.005607697978860356,10.0,0.010332433945502784,0.5606424659609931,0.0,0,0,fully_ripe,IMG20200717092630.jpg
121,3327,3.556234901767963,139.67899008115418,212.0,115.3210099188458,1.6927212536227916,0.7035309704761363,1210,123.26397736432435,0.005110941484146516,0.005740629193080057,0.005027441423156262,0.00471875947078064,11.0,0.010023528405739874,0.5462086067939371,0.0,0,0,fully_ripe,IMG20200717092703.jpg
104,3535,3.7698624293484055,139.18698727015558,212.0,115.81301272984442,1.4893272624193088,0.6925850632995303,1075,128.29762617227303,0.00553640844201603,0.005756136730046609,0.0053398072463495365,0.005025437710543319,10.0,0.01027031096111261,0.5524154846965981,0.0,0,0,fully_ripe,IMG20200717092708.jpg
134,6942,8.004612280196021,138.6887064246615,225.0,116.31129357533852,1.655431522194185,0.6692810642166601,1875,119.25177046529411,0.0065220807262080386,0.006957489020399165,0.0065010541547261755,0.005981223045574528,13.0,0.012120665389245926,2.7708273277601614,2.7708273277601614,1,9,fully_ripe,IMG20200717092723.jpg
125,6308,6.559013444521851,148.6349080532657,239.0,106.36509194673431,1.6782770949422712,0.716677740213096,1834,125.20983423761136,0.006035977241176695,0.006906630473719439,0.00602778122676394,0.005441011836716636,12.0,0.011528734064409662,1.1188171316273798,1.1188171316273798,1,9,fully_ripe,IMG20200717092728.jpg
129,6599,7.537923786895733,151.95241703288377,231.0,103.04758296711623,1.531380904229861,0.6841536846087872,1931,115.58419001726693,0.0064193154187563726,0.007080988294065684,0.006915155717774634,0.005939332691863187,13.0,0.012222783657920813,1.6940053001919035,1.6940053001919035,1,11,fully_ripe,IMG20200717092746.jpg
123,5850,6.411942654215441,149.98854700854702,233.0,105.011452991453,1.5851207216780052,0.6833865408434211,1696,134.92387761733423,0.005856262448861346,0.0066400517855438905,0.006490729923430635,0.0061852519516290005,12.0,0.012183744118893556,1.6462799772019816,1.6462799772019816,1,8,fully_ripe,IMG20200717092801.jpg
149,6206,6.5811938620770105,150.0328714147599,235.0,104.96712858524009,1.5026981887495483,0.7304459568877893,1679,126.54497076053462,0.005987920359291024,0.0063630309014983425,0.006324064318566162,0.005756657640309328,12.0,0.011953051297614243,0.8769976351817091,0.0,0,0,fully_ripe,IMG20200717092805.jpg
156,7401,8.100653437387125,142.54168355627618,221.0,112.45831644372382,1.6422468458612447,0.7303730395813012,1738,121.62789275152652,0.006981587989989511,0.0075027583354741155,0.006704949637440651,0.005512979575333303,14.0,0.013281559682310146,3.669975810776791,3.669975810776791,1,10,fully_ripe,IMG20200717092809.jpg
54,2838,2.820120436433015,150.37315010570825,220.0,104.62684989429175,1.4995920682574961,0.6661714249378035,712,120.07947511024211,0.004727011141519628,0.004805299109527946,0.004593621537491519,0.004143378042037016,9.0,0.008274597873014499,0.6618041616153586,0.0,0,0,fully_ripe,IMG20200717092830.jpg
101,4672,4.577116377494538,164.32341609589042,230.0,90.67658390410959,1.6736528202703398,0.6936167180314031,1377,136.72469109377187,0.004658526779085249,0.005370742930424843,0.005372740731690872,0.004995655742727761,10.0,0.008774074225616692,1.9799555220283525,1.9799555220283525,1,6,fully_ripe,IMG20200717092838.jpg
72,9753,9.113845981329371,157.92730441915307,230.0,97.07269558084693,1.3320022124992095,0.6314704320662299,1754,129.9127095290047,0.006359132104712219,0.008263536975441688,0.0071452927745813515,0.006652810919252437,15.0,0.011732091189947053,2.830497229308589,2.830497229308589,1,17,fully_ripe,IMG20200717092844.jpg
87,4507,4.219918916135314,151.20301752828934,235.0,103.79698247171068,1.4986752561875483,0.7135675088353808,1151,141.73485066027564,0.00485078538404866,0.004666205124222662,0.0039047151682784845,0.004066383535896124,9.0,0.00902680819900594,1.2640094379371365,1.2640094379371365,1,5,fully_ripe,IMG20200717092856.jpg
47,2822,2.6287598625071027,151.7115520907158,223.0,103.2884479092842,1.4346807619486146,0.6653118406077216,668,124.85697078266271,0.004637892082432175,0.0046095080075420555,0.004366142876373472,0.0042677301379513526,9.0,0.008146960100283093,0.6092164954215611,0.0,0,0,fully_ripe,IMG20200717092859.jpg
114,7314,7.324547348181381,137.42206726825268,227.0,117.57793273174734,1.611049351620497,0.6985186241269182,1786,124.0800878728781,0.005328810742370975,0.006333433870263375,0.005983910949414218,0.005716977545705031,11.0,0.01075269957366058,4.271150456657587,4.271150456657587,1,20,fully_ripe,IMG20200717092916.jpg
97,9357,8.536941408317062,141.57721491931176,232.0,113.42278508068826,1.6435269590041048,0.6919270096301278,2143,122.90761259193003,0.005735266389094914,0.0069459128650821685,0.007333504355887199,0.007015109019722337,12.0,0.010379280080917283,4.8756454938598255,4.8756454938598255,1,13,fully_ripe,IMG20200717092923.jpg
148,8346,7.4330703051245965,149.96932662353223,235.0,105.03067337646777,1.607218634180932,0.6951956393659442,2511,126.30911373064808,0.005903448285496846,0.0069104366421939714,0.006030683946687456,0.005637381508952773,13.0,0.01119628414590574,1.9246183716000782,1.9246183716000782,1,25,fully_ripe,IMG20200717092937.jpg
119,8694,8.292240927082837,153.51771336553946,234.0,101.48228663446055,1.5775596195913353,0.6711402751129533,2183,120.22219078932848,0.00580595631833734,0.006512096755340984,0.0052588181059061035,0.00460986760100578,13.0,0.010501777133191014,2.4340693404549576,2.4340693404549576,1,14,fully_ripe,IMG20200717092941.jpg
83,6770,6.667454549035829,157.285376661743,230.0,97.71462333825701,1.5213329337130144,0.6941396077526545,1583,141.6752640013044,0.005161517816762507,0.005408696599244791,0.004957015995943179,0.004842193727143201,10.0,0.009837020352469219,1.6762197403927592,3.3081210975201407,2,15,fully_ripe,IMG20200717092951.jpg
87,10557,9.202887180291857,138.5771526001705,236.0,116.4228473998295,1.5183716229167585,0.6736523408039611,2029,119.53992119280369,0.007419201444547343,0.008188651264679731,0.007215626107827581,0.006076287934494894,18.0,0.014032340275406152,4.372613630420001,6.226790104084942,2,18,fully_ripe,IMG20200717093009.jpg
107,10688,9.192792327871672,135.58327095808383,229.0,119.41672904191617,1.4407049075335068,0.6789331304754112,2244,99.50556469093286,0.007891640378681898,0.00950455475700795,0.007425700078336931,0.006816544017512395,21.0,0.015646102590178117,2.939835720122135,4.096675697759429,2,24,fully_ripe,IMG20200717093015.jpg
123,10057,8.352226956009003,141.52182559411355,222.0,113.47817440588645,1.5965495141541013,0.6810996615781827,2416,153.78949048748598,0.0065022396331779345,0.006926863727029042,0.006437624339252438,0.006232151612752469,13.0,0.011861075163968636,2.2356761425451164,2.2356761425451164,1,8,fully_ripe,IMG20200717093036.jpg
104,11573,9.003633195111135,140.21472392638037,241.0,114.78527607361963,1.515006595039951,0.719897766530549,2016,135.23310523785523,0.006810825966491376,0.0071253459177924965,0.005973438333999197,0.005061638618742113,14.0,0.011921401436711518,2.405533037179956,5.477800166489026,3,25,fully_ripe,IMG20200717093050.jpg
134,6645,6.3521651849727565,150.63581640331077,222.0,104.36418359668924,1.7539542247912991,0.7276325634989291,1850,139.6154526506601,0.005631374048520087,0.006624305778137657,0.006687059873179746,0.0063338150478621826,12.0,0.010553559345543017,0.6347385527196252,0.0,0,0,fully_ripe,IMG20200717093116.jpg
246,12527,8.47438135054322,147.36209786860383,245.0,107.63790213139619,1.478230269451935,0.6809017173551251,3542,136.1483162092825,0.009672576530172351,0.01303058978458724,0.013043164526705543,0.011307876643371559,21.0,0.02109962140475787,0.5364560079013949,0.0,0,0,overripe,image_0_1014.jpg
80,6588,8.5027297014752,152.13888888888889,232.0,102.86111111111111,1.5537258471814943,0.6861741595481179,1338,98.84065081110371,0.007327893922634037,0.009726002402613062,0.009947992309816123,0.009773427059031042,15.0,0.01715623640558558,4.850221344587705,5.980821104528852,2,24,overripe,image_0_107.jpg
123,10152,9.003272466055924,158.14824665090623,240.0,96.85175334909377,1.6232717871630895,0.6285688828790685,2274,136.8952269659762,0.0075436263598105905,0.010513451471809822,0.009406666204115007,0.00895340035463453,18.0,0.015721957066511277,1.1812804299435078,1.1812804299435078,1,5,overripe,image_0_1113.jpg
133,12071,8.635651483391877,149.27321680059646,233.0,105.72678319940353,1.5110126711715182,0.6076167977526283,3031,129.667034415307,0.008034248532473276,0.011281681386471358,0.010830639693941404,0.009173004662335248,19.0,0.017861778459890548,1.4887574133823624,2.55184896373613,2,17,overripe,image_0_1156.jpg
329,25145,8.461600586877369,139.7094452177371,244.0,115.29055478226287,1.526783580144698,0.6696316493183143,5922,135.6638572151523,0.0053782048008289545,0.0056675525516668365,0.005234665829476971,0.0044791760279756475,13.0,0.010553961191295603,2.4461075627763607,3.584192000430736,2,33,overripe,image_0_116.jpg
126,17915,8.668240804358556,145.1125313982696,237.0,109.88746860173039,1.589811053359493,0.6090457136815564,4007,126.69121875166748,0.006958083271049016,0.008605633917733849,0.00803202998299681,0.0073078431562295584,18.0,0.01415479185083945,2.9597336868691757,2.9597336868691757,1,36,overripe,image_0_1338.jpg
188,9536,8.28353022932592,144.6779572147651,232.0,110.3220427852349,1.6462200046672324,0.6813083341201556,2669,135.6631463921562,0.007387380942648081,0.009274482551881073,0.008140933927427818,0.008011180149613703,16.0,0.01585935903200752,3.0481236970118135,3.0481236970118135,1,7,overripe,image_0_1358.jpg
152,8861,9.163676225736062,150.3925064891096,240.0,104.60749351089042,1.640569425307902,0.6507201606096175,2558,122.01374947925807,0.009873291281620148,0.011526200601961212,0.010320980414462236,0.010840492851431807,21.0,0.020879736115259572,1.0786270515114222,1.0786270515114222,1,7,overripe,image_0_1390.jpg
94,7828,8.352183005420171,150.31591722023506,233.0,104.68408277976495,1.4412499173311788,0.6222182349527248,1570,112.3617077362397,0.004352663347785446,0.006110222672996475,0.006742199248356248,0.006640775041611542,10.0,0.010179199501916767,2.049635098800734,2.049635098800734,1,3,overripe,image_0_1450.jpg
159,7104,8.546987980798152,155.2825168918919,241.0,99.71748310810811,1.6160097024600855,0.6612245893005865,2314,106.20768488163571,0.00933321726732008,0.011642742205825146,0.01176942401297297,0.01018498138815424,21.0,0.02095373707792488,0.7014208886268753,0.0,0,0,overripe,image_0_1519.jpg
165,9845,8.575858674727131,153.68633824276282,233.0,101.31366175723717,1.5963272285304602,0.6711253101886182,2934,121.02808182684579,0.0076493116955141886,0.011002042956922661,0.010855051172987944,0.01000483539089379,19.0,0.0174116772555066,0.6489603567975331,0.0,0,0,overripe,image_0_1524.jpg
189,10648,8.78765370966411,147.4578324567994,234.0,107.5421675432006,1.5431444402851082,0.6847564791194218,2653,123.1047744000374,0.007539561173978546,0.00865631983584884,0.007489493775557594,0.007035618406808129,14.0,0.015148867172518921,1.2981761162003798,2.3124535776182222,2,7,overripe,image_0_1538.jpg
108,14510,8.424340596496728,144.97987594762233,236.0,110.02012405237767,1.667181773638686,0.6472683742675028,3822,143.36161186179936,0.0060266007482307135,0.006187093652015,0.005824487610637705,0.005405416481817502,13.0,0.01127380114430598,2.80308176429264,3.9956107501785314,2,20,overripe,image_0_1542.jpg
208,11777,8.612128790704137,146.48501316124648,243.0,108.5149868387535,1.4805561757282286,0.6395725969474729,3169,133.54137729036074,0.009179491436937776,0.012232114397653409,0.012432710910600633,0.009947378903297707,21.0,0.019583295515370296,0.5257808100973316,0.0,0,0,overripe,image_0_1550.jpg
193,14481,8.92896781354051,146.8776327601685,238.0,108.1223672398315,1.5757728274862999,0.6212768585383263,3692,151.956056763456,0.00973324241522975,0.013858917349156952,0.013999380983124539,0.012015867143503105,25.0,0.020531822545271656,0.969909976569244,0.0,0,0,overripe,image_0_156.jpg
149,8771,8.624555055163327,148.49697867974004,235.0,106.50302132025995,1.4955150132504538,0.7073977831876236,2181,114.81654864709547,0.009061199653414434,0.010481359843195868,0.009551810261755393,0.00888439782686069,18.0,0.019179855465952828,1.0324686817833193,1.0324686817833193,1,9,overripe,image_0_1585.jpg
87,6660,8.268977676243452,145.6219219219219,237.0,109.37807807807808,1.6413972823525602,0.7101500152507616,1485,101.60881503665601,0.007363202538098501,0.00928196761061456,0.009467378121072866,0.01041741222823216,15.0,0.01775534479392313,5.10168607682948,5.10168607682948,1,15,overripe,image_0_1589.jpg
111,7981,8.424908424908425,150.93710061395814,234.0,104.06289938604185,1.437924232197768,0.6564242057496045,1698,102.40476777674452,0.0043904297845643835,0.006119122443923259,0.006711677503337106,0.006915432987648618,11.0,0.010310847164551181,2.4733191880165943,3.4835481521360485,2,5,overripe,image_0_1592.jpg
122,10865,9.27174358274167,156.00220892774965,240.0,98.99779107225035,1.5643149956863813,0.6704947422669106,2481,119.18193289312917,0.008655969897516625,0.010272900804232125,0.009528704982812348,0.008188463124190148,17.0,0.01771663266617406,4.842811305297651,4.842811305297651,1,18,overripe,image_0_1787.jpg
328,9047,5.167204500671103,144.1268928926716,240.0,110.8731071073284,1.5805406977688454,0.705099058908869,3328,150.93384033996003,0.0069705078821659175,0.007940613718714774,0.007166558315932825,0.00657618960426504,13.0,0.01430435749134734,0.524316760430648,0.0,0,0,overripe,image_0_1788.jpg
210,10558,8.950491692099016,146.63733661678347,250.0,108.36266338321651,1.5410031697343092,0.6683531789797162,2983,127.22434228464962,0.008961396019920345,0.011312874420707586,0.010181949348067473,0.009722737518201584,19.0,0.018974959939893215,0.5001695489996609,0.0,0,0,overripe,image_0_1796.jpg
160,7871,8.472642331994962,149.24291703722525,247.0,105.75708296277475,1.6186384937063223,0.6926702233954417,2309,110.47869015194101,0.008929664073295708,0.010823392640837646,0.009423854580422466,0.008679550572422211,19.0,0.01874352686208446,1.3003369250476324,2.428443793797565,2,13,overripe,image_0_1830.jpg
116,11960,8.905037749616547,148.44289297658864,234.0,106.55710702341138,1.5298447808198405,0.6060222017979746,3204,114.00127263503035,0.009010737259924148,0.011269845302050949,0.010983113481271768,0.010382057011746375,22.0,0.018810454207147095,1.477223653448096,2.5002605989307995,2,21,overripe,image_0_1839.jpg
164,9699,8.452287581699347,154.0673265285081,233.0,100.93267347149191,1.6096935637107845,0.6523822932642404,2860,120.62010740974455,0.007650322525524372,0.010898577470203764,0.010695954547396302,0.010155581186723054,19.0,0.017271476782434105,0.6596949891067538,0.0,0,0,overripe,image_0_1856.jpg
104,8924,8.865399707930578,155.53518601523982,231.0,99.4648139847602,1.51889855546161,0.6258010109962525,2237,126.88711985305335,0.009004480384657414,0.010994230099824474,0.010350524211433017,0.009352026243783493,19.0,0.018590995870238897,1.6163161502468684,1.6163161502468684,1,7,overripe,image_0_1863.jpg
114,9855,8.711756229944397,159.5417554540842,240.0,95.45824454591578,1.5951958853866999,0.6132429337022942,2338,135.57288940667678,0.0075295795501443595,0.010671708549760083,0.009328489048793496,0.008434442259882654,18.0,0.015833086768471522,1.4223455884302927,1.4223455884302927,1,11,overripe,image_0_1886.jpg
140,7819,8.409244899495597,147.08799079166133,233.0,107.91200920833866,1.5914486038776918,0.6976233767056914,2093,96.00215517516024,0.006351202680876611,0.007901297988140526,0.00781563848907778,0.0068484579708567896,14.0,0.013666717910532429,1.870274572224433,2.9468386014347017,2,7,overripe,image_0_1895.jpg
116,7688,8.131405544332448,152.8691467221644,234.0,102.13085327783558,1.4779090438651297,0.6688325241912282,1605,111.68805175838405,0.004433275949278883,0.006081797267755823,0.0069287253543574255,0.007254033008170849,11.0,0.010196692297657956,2.198906364030588,2.198906364030588,1,2,overripe,image_0_1912.jpg
257,13202,8.870702224730728,145.3611574003939,242.0,109.63884259960612,1.6791208189661677,0.6973830819020166,3567,142.30984406021346,0.009646257261194304,0.012725210492456236,0.013043068692600978,0.010962036853686019,21.0,0.020717540579093214,0.5926344010159447,0.0,0,0,overripe,image_0_1934.jpg
128,7600,9.050528145951676,150.49605263157895,245.0,104.50394736842105,1.5170586402445991,0.6655941547044559,2101,107.50280476563952,0.011628947960163666,0.01446062378126676,0.012359154658255,0.011050657505925689,25.0,0.026034698828264827,1.346861491193598,2.4222071380086456,2,8,overripe,image_0_1952.jpg
101,5410,8.23377216345788,154.9641404805915,233.0,100.0358595194085,1.6414588831870804,0.641562111195114,1629,106.93232413666234,0.0047687897927605714,0.0065621293034373775,0.00726115390985555,0.006766130849265358,12.0,0.013050607961014099,1.2145194429647668,2.2524921999847805,2,5,overripe,image_0_2070.jpg
69,9938,9.094736071454719,151.7055745622862,244.0,103.29442543771383,1.4097894976002052,0.6310583780472087,1822,134.71402201583942,0.005417673328940625,0.009043954356030427,0.010039491307175187,0.008989547938657121,17.0,0.01190000416302402,1.517314591112087,3.970825097005638,3,16,overripe,image_0_2095.jpg
159,18144,8.604965497616845,141.66330467372134,242.0,113.33669532627866,1.592718527342699,0.5846172309953502,4691,139.9482690120738,0.006431424624579385,0.009545171130983517,0.008879292107158484,0.008055605538793732,20.0,0.014098007133421768,1.0922197718811506,1.0922197718811506,1,3,overripe,image_0_2116.jpg
321,9425,5.418722043993699,148.30079575596818,241.0,106.69920424403183,1.5030319812740602,0.7042138966185523,3332,146.45014678130084,0.0069478686641789075,0.00802470263117608,0.007290053901446054,0.006361777523455483,13.0,0.014236840343091597,0.9837064633711639,0.0,0,0,overripe,image_0_214.jpg
156,8483,8.793407276873639,149.4964045738536,232.0,105.5035954261464,1.6040103970836377,0.6603410584170057,2546,121.88047224519352,0.009904816492783491,0.011351695233914029,0.010088638751862306,0.009866157720473903,20.0,0.020902525828409523,1.866901627448948,1.866901627448948,1,12,overripe,image_0_2154.jpg
199,12146,9.060798209623275,147.6342005598551,236.0,107.3657994401449,1.5832127888231982,0.6838130573854658,3189,138.2422639786526,0.007637712003861596,0.01058273544404707,0.010706920888459825,0.009595687883508494,17.0,0.018478121274619508,0.7870197687430063,0.0,0,0,overripe,image_0_2156.jpg
152,10517,8.94698335998911,149.3132071883617,235.0,105.6867928116383,1.561198477762762,0.6363111246684072,2726,135.01779669381045,0.009758917008120838,0.014260740877151895,0.014497773792199704,0.011330907290605347,28.0,0.020681046774717646,0.9562051247150101,0.0,0,0,overripe,image_0_216.jpg
182,10531,8.689947683725844,149.93694805811413,236.0,105.06305194188586,1.6010204923231075,0.6623743606495744,2650,118.15500628766637,0.007747999105571957,0.009016345963731656,0.0077447307541834084,0.007564259509689045,15.0,0.01577183412437145,1.454788506923242,2.598484973511792,2,12,overripe,image_0_2168.jpg
122,15743,8.633681393410257,136.10182303245887,242.0,118.89817696754113,1.5869961364529206,0.6615526557635089,3824,147.00992498879853,0.007731196282312337,0.009197698295744395,0.007889935248437986,0.007261194742451887,18.0,0.015307288185313173,2.8473654192076516,4.6450664677751945,2,17,overripe,image_0_2178.jpg
56,6393,8.752618392409744,162.34021586109807,237.0,92.65978413890193,1.7330124293620854,0.6593389334267935,1269,117.13261725612483,0.005457584794572804,0.007434610322271321,0.0070403649199442375,0.007594660103605523,12.0,0.012868410462992716,2.24805246368478,5.606440218507414,3,15,overripe,image_0_2198.jpg
233,12729,8.68849997269699,145.611202765339,242.0,109.38879723466101,1.532503339654007,0.6610865981385426,3546,144.2243019136953,0.00959235001814847,0.012640998626283912,0.012958543325592126,0.011027123130145415,21.0,0.020635480206389334,0.553568503249058,0.0,0,0,overripe,image_0_220.jpg
305,14714,8.385861326099098,138.75995650400978,236.0,116.24004349599021,1.4629302620115017,0.6896325666574438,4326,129.92450279665292,0.006951172713560012,0.007957278499048226,0.007118305712135646,0.006643324368764504,14.0,0.014116122791572545,1.4778128597645073,2.7470335457250004,2,26,overripe,image_0_2210.jpg
290,15943,8.199781928900594,132.62284388132724,236.0,122.37715611867277,1.490057850620408,0.7077416613695047,4190,121.39951613306664,0.006463976719720146,0.007158286701777485,0.006570067543146291,0.006005668396390815,13.0,0.012995581297034943,1.6195893680052666,4.118663594470046,3,27,overripe,image_0_2216.jpg
454,13229,8.00195981176129,141.04391866354223,243.0,113.95608133645779,1.5336083051323286,0.6948049586681767,4762,154.94148187718505,0.0077885082729817106,0.010074219983295819,0.009582203334146958,0.00900422253802502,15.0,0.01715378497245186,0.3756305875806003,0.0,0,0,overripe,image_0_2273.jpg
156,9176,8.913237751097641,148.8562554489974,234.0,106.14374455100261,1.4837683031557884,0.6932602713415311,2334,122.42793075930054,0.009172877683536406,0.010529016362343982,0.00945815401188645,0.008590211544072888,18.0,0.019246686124424515,1.0568442320394762,1.0568442320394762,1,8,overripe,image_0_2351.jpg
126,7599,9.000994977731452,148.37057507566786,246.0,106.62942492433216,1.5064777268224794,0.6542500297849855,1941,99.30702625972178,0.011803260108174797,0.014670393884835277,0.01196537366012453,0.01054825038136168,25.0,0.025868445549355912,1.482990618781389,2.4969203070217003,2,11,overripe,image_0_2402.jpg
129,17055,8.847422808764941,143.1705658164761,233.0,111.82943418352389,1.5451251359954454,0.6327370586963321,3585,132.25247438800676,0.006771850506470849,0.009131427720490587,0.008324850109366455,0.007370253463271095,17.0,0.013974758645157931,2.4360889774236387,5.204183266932271,3,42,overripe,image_0_2415.jpg
220,15686,8.423867804456282,133.32098686727016,241.0,121.67901313272982,1.5183499087573566,0.6389456906653733,4365,134.36613660677983,0.007479851598335794,0.008506739054229492,0.008727679913535909,0.008426289708833395,17.0,0.015023051791161502,2.773764963025418,2.773764963025418,1,15,overripe,image_0_2457.jpg
214,16911,8.466294525520038,129.1966175861865,238.0,125.8033824138135,1.7047217755584814,0.6780234764445208,4567,130.42445028282285,0.007424564358773122,0.008585907816780121,0.00844949860091224,0.008348291130014295,18.0,0.015088316034316302,3.11797541865879,3.11797541865879,1,16,overripe,image_0_2528.jpg
156,25769,8.748866881011471,131.99906864837595,240.0,123.00093135162405,1.64797343932233,0.6691265355020306,5265,160.91264693704065,0.005640574290699301,0.0064925346456310784,0.005756820299527529,0.004752705622194077,14.0,0.010539615943477625,2.122964205322858,6.043640783456293,4,39,overripe,image_0_2537.jpg
246,10318,7.71906724820265,144.60147315371196,233.0,110.39852684628804,1.4985793063962083,0.6842128394962144,3151,125.22188141698977,0.006796624791205786,0.007894977335733761,0.007560466525521999,0.006809680159609945,13.0,0.014426915534260147,1.8538329754842184,1.8538329754842184,1,21,overripe,image_0_2554.jpg
132,12753,9.150659768811842,149.50984082176743,233.0,105.49015917823257,1.7272819750702226,0.6384828752545522,3022,128.43539328088085,0.008092359332820933,0.011382473444004596,0.010263745728762132,0.009135873023644579,19.0,0.018105588615866388,2.216450092202602,3.688821600522362,2,13,overripe,image_0_26.jpg
120,18672,9.240956759726215,133.61921593830334,236.0,121.38078406169666,1.4545007861327537,0.6431772131266321,3907,126.25996969557443,0.006654751954578532,0.00801138719641041,0.006890037920769202,0.005945187084172621,16.0,0.01378302589242193,3.440118382436639,3.440118382436639,1,8,overripe,image_0_2600.jpg
186,9562,8.668062694333397,147.06065676636686,245.0,107.93934323363312,1.5778032462174938,0.669078372732263,2660,133.4030143264081,0.008282066554650287,0.010217450772427762,0.009149935753221271,0.008354303076646613,17.0,0.017094851139262734,3.002365994941666,3.002365994941666,1,7,overripe,image_0_2670.jpg
142,8749,8.606561408686243,148.7184821122414,233.0,106.2815178877586,1.5543847006945646,0.6775353241767486,2251,115.32615910179143,0.009034363634785478,0.01044436150339335,0.009402197552081673,0.008953467177043466,18.0,0.019157068168864123,1.0830751069794895,1.0830751069794895,1,9,overripe,image_0_2678.jpg
157,9010,8.548630416425516,151.97869034406216,239.0,103.02130965593784,1.5695825081967671,0.6292820727320921,2434,121.16068468248176,0.010252254454539485,0.012820582942514085,0.011978984407600243,0.00962113927043725,21.0,0.022699124337914146,1.595870850213953,1.595870850213953,1,7,overripe,image_0_2722.jpg
140,15031,8.909635161969117,147.9899540948706,234.0,107.0100459051294,1.5911613983574775,0.6298712314551225,3786,118.02130281808084,0.00810229714125655,0.01026376823216765,0.009702398489996749,0.00933305671635893,21.0,0.016883840047977935,1.571381998162473,1.571381998162473,1,16,overripe,image_0_2777.jpg
151,17408,8.778175583682115,146.90762867647058,231.0,108.0923713235294,1.64429405940763,0.7180915686616502,3488,157.86938121554792,0.006587764650512517,0.007267132762035275,0.007133770557287512,0.006102349164162663,14.0,0.012895753430210773,6.518582018052543,6.518582018052543,1,11,overripe,image_0_281.jpg
105,5428,6.83068017366136,151.61348563006632,233.0,103.38651436993368,1.5083103826771467,0.6890512319761197,1513,97.59711326174684,0.006468305814743943,0.007275172322751539,0.006897943724145419,0.007075355656640053,12.0,0.012376049142365056,1.289876046058013,2.378405587365507,2,10,overripe,image_0_2832.jpg
102,8745,8.682572305126143,156.89182389937108,232.0,98.10817610062892,1.6462170083863399,0.6580856371423681,2059,130.66094386781626,0.008998243803523256,0.01092770431577351,0.010036698880149762,0.009500203341893353,18.0,0.01856650681599301,1.5538279768464738,1.5538279768464738,1,11,overripe,image_0_2839.jpg
155,9782,8.55025086096883,140.33081169494992,244.0,114.6691883050501,1.5379891494336089,0.6821147237776208,2507,125.23054075551279,0.006296118433388074,0.008052230909320883,0.008244528516089753,0.007550200472825883,13.0,0.014424925608933853,2.038354631750083,3.485831162701257,2,14,overripe,image_0_2858.jpg
107,5173,8.122791866216534,157.20239706166635,234.0,97.79760293833365,1.572787241905052,0.6470690450617737,1623,113.8551851121461,0.004778790215937204,0.006496681737781082,0.006794224638116219,0.006925015432882736,12.0,0.01273941750681587,2.199890084007223,2.199890084007223,1,4,overripe,image_0_2876.jpg
97,6611,8.08032658648675,160.8926032370292,238.0,94.10739676297081,1.6094984450539052,0.7343603383859182,1718,118.36334488099341,0.005750205626398404,0.0061753106444494285,0.005694173631122538,0.005357837864783149,11.0,0.012102479595534312,2.0729441674000197,4.01388481470617,2,20,overripe,image_0_2886.jpg
146,10049,8.703447081240256,139.17673400338342,243.0,115.82326599661658,1.6329909169916887,0.6797511962755531,2508,124.940916681206,0.006254606467565374,0.008079022358986901,0.008128644840926147,0.007192135125312905,13.0,0.014196716968443362,1.402217218084185,2.4787805300536983,2,11,overripe,image_0_2893.jpg
300,9224,5.257548035544308,145.0194058976583,244.0,109.98059410234171,1.522516561267331,0.681431274552352,3321,149.77852256252538,0.0069901033719347765,0.00796580711706489,0.007075288292616796,0.006359162737956454,13.0,0.01422950283947873,0.5825253786129968,0.0,0,0,overripe,image_0_2965.jpg
141,12117,9.082731790685646,157.1895683750103,235.0,97.81043162498969,1.5205529651791478,0.6627971159897666,2636,134.5505648908185,0.008220134846085773,0.01115445481077587,0.010080312980019716,0.008473436073628146,18.0,0.017219750793568904,2.3162202882907197,3.757673885178439,2,18,overripe,image_0_299.jpg
52,6313,8.766472720203296,160.81023285284334,243.0,94.18976714715666,1.5404931196154183,0.6307932463000837,1049,119.2229031120093,0.0054680758893478655,0.007576791009684253,0.007194125897203203,0.00820287622360124,12.0,0.013420616048899669,3.806257203560468,6.502992515240304,2,18,overripe,image_0_301.jpg
183,9507,8.929191986550327,158.46660355527507,240.0,96.53339644472494,1.582433806748738,0.7093652222575069,2669,119.2446929099935,0.009369282365574645,0.010632260906541612,0.010228873884649804,0.010152594253318728,18.0,0.020466219191417494,1.47270148678983,2.895624160569545,2,24,overripe,image_0_3066.jpg
341,26445,8.908779754886439,139.0991869918699,246.0,115.90081300813009,1.534212637717284,0.6802089672857878,6081,142.18003453903663,0.00545854525369078,0.005904692679316692,0.005187456296483598,0.00450588951328303,13.0,0.010845302135380399,1.2171458216829154,3.3057990446095906,3,29,overripe,image_0_3069.jpg
211,7016,8.431374905363345,166.38968072976056,242.0,88.61031927023946,1.6451466931299341,0.6593604555069036,2785,116.06464626122633,0.012739713793777039,0.016800730843573412,0.014789261576068784,0.012524532483730033,26.0,0.0304223769711699,1.0611322750051075,1.0611322750051075,1,3,overripe,image_0_3083.jpg
165,9625,9.082759271491932,152.34233766233766,239.0,102.65766233766234,1.464724091293807,0.6368540847662347,2554,118.54419414961232,0.010240708154546144,0.012698636499046158,0.012122483795820867,0.009532701634017766,21.0,0.022383323434120275,1.618382561102199,1.618382561102199,1,7,overripe,image_0_3102.jpg
121,8918,8.738254112897694,145.51143754204978,244.0,109.48856245795021,1.7146998177909,0.727830107726919,2036,129.5557450277081,0.008554581282624263,0.010651256593057282,0.010456286730963684,0.009243777074210934,18.0,0.017777647131831557,5.638025809106676,5.638025809106676,1,13,overripe,image_0_3153.jpg
178,15564,8.902565979888575,141.74730146491905,248.0,113.25269853508095,1.6251991998610849,0.6650890317447675,3783,116.46879193246977,0.0076849743935875296,0.009094016840946394,0.00857372361045593,0.008311502103043406,19.0,0.01651098246031965,1.8383993227551965,1.8383993227551965,1,11,overripe,image_0_3157.jpg
106,8681,8.614496090183781,153.8293975348462,232.0,101.17060246515378,1.594629472006021,0.627582070815481,2117,123.12230269566487,0.008982186928675332,0.01111898496547827,0.010223972890072954,0.00920439306592323,18.0,0.018567443648757086,1.632397888302306,1.632397888302306,1,8,overripe,image_0_3178.jpg
115,15203,8.905277092766475,147.0167730053279,245.0,107.98322699467211,1.6365221158946461,0.6753319049623887,3836,129.66021966860202,0.00840243266397287,0.009642011198542176,0.00818574818911802,0.007174730083341865,21.0,0.016099291244447214,1.2740233951698405,2.3119863635564877,2,33,overripe,image_0_3180.jpg
186,10269,8.952764555108018,142.85071574642126,235.0,112.14928425357873,1.6482529962712809,0.691955683314484,2552,135.60489075445207,0.007304828436928293,0.009485688575442382,0.008373821883202202,0.007948747667015057,16.0,0.015800227084609018,3.006050461195097,3.006050461195097,1,7,overripe,image_0_3190.jpg
101,16553,8.921718696102104,140.16184377454238,236.0,114.83815622545762,1.4973669495615327,0.5874222835236872,4074,115.81753490877449,0.007137941413198601,0.008635542005695,0.008366855710894221,0.007618139960364964,17.0,0.014755341598522818,1.5910658847878578,2.641535874439462,2,12,overripe,image_0_3193.jpg
248,10256,7.647681684637525,143.04426677067082,229.0,111.95573322932917,1.4845891465158185,0.68262144568728,3135,122.90178444273621,0.006774623410278612,0.007841558170402519,0.007480298727696524,0.006903991370010791,13.0,0.014368440768101792,1.9805228699685324,1.9805228699685324,1,11,overripe,image_0_3295.jpg
163,7740,8.310963169762697,149.0050387596899,241.0,105.99496124031008,1.610583387603563,0.6943780986438787,2302,107.68691580082967,0.008912736360516503,0.010641839469600789,0.009305145874520752,0.00855056078052396,19.0,0.018855237144788123,1.1059808869322452,1.1059808869322452,1,5,overripe,image_0_3299.jpg
99,8827,8.773481761256336,156.76900419168462,230.0,98.2309958083154,1.4834347151632974,0.6315872392387332,2064,127.7920117263106,0.008893124489632847,0.01099578843564063,0.01015671073120631,0.0093031332401761,18.0,0.018586426718585257,1.6708080707683135,1.6708080707683135,1,9,overripe,image_0_3315.jpg
92,6745,8.208891647498387,161.21334321719792,236.0,93.78665678280207,1.6336923024205705,0.7182973988981738,1616,118.5848480795871,0.00571065574963662,0.006087458898269591,0.005449256022586236,0.0054266335156258755,11.0,0.011799880539799742,2.2320396266140907,5.0251317438874485,3,19,overripe,image_0_3328.jpg
110,10275,8.553874842866776,156.22676399026764,232.0,98.77323600973236,1.6171708213167155,0.6696980996441597,2402,130.537151424129,0.009092008695153954,0.010548677142704636,0.01002090865566763,0.00939484059455735,18.0,0.018514272618247188,1.5642560418244935,3.0502576568626636,2,18,overripe,image_0_334.jpg
89,10412,8.952631533692745,153.79686899731078,235.0,101.2031310026892,1.6398808168113375,0.6287518724820437,2630,99.78147027486425,0.008308933327331328,0.01023733041595414,0.008933715101331889,0.009202894922252958,21.0,0.017555899153498082,1.5391097239060714,1.5391097239060714,1,18,overripe,image_0_3342.jpg
152,9790,8.57673505860915,140.40837589376915,244.0,114.59162410623085,1.6247795278820483,0.674354658271159,2527,123.41085535086967,0.0062608843232420264,0.008106954869975603,0.00837836510035479,0.007483020541631757,13.0,0.014383505403983822,1.9895572337182206,1.9895572337182206,1,9,overripe,image_0_3436.jpg
108,15795,8.397709570571067,136.22811016144348,234.0,118.7718898385565,1.6107279447744798,0.6078954825123444,3911,144.70831099589577,0.00504295206734222,0.007508978166862079,0.007736532436960491,0.0074091286708476735,16.0,0.011111566330850023,1.7449371833247378,3.172999728848884,2,23,overripe,image_0_3503.jpg
86,9105,9.234841876787634,146.90675453047777,237.0,108.09324546952224,1.3959638380902148,0.6558959130445806,1869,132.65048501659132,0.008913838371423786,0.01143167046318294,0.011167008134369234,0.00972258185380568,20.0,0.018351711335892452,2.8886139115970546,5.752885571130089,3,32,overripe,image_0_3513.jpg
132,8403,8.669768785530781,170.39331191241223,245.0,84.60668808758777,1.5030952371141015,0.681237055371744,2333,100.26621939301452,0.0074586800559085405,0.008013921704170665,0.0076636133028988255,0.006763444521252264,15.0,0.015467180031530994,2.2110335008202386,3.615240964476956,2,33,overripe,image_0_3601.jpg
272,25162,8.497345634818787,136.88248151975202,233.0,118.117518480248,1.5108749614306176,0.69482251198202,6082,157.0345975910945,0.0055215377969259,0.006100947720805758,0.005355360207274361,0.0053325948839869075,13.0,0.011032851725569127,2.454443528887328,3.744140809682692,2,35,overripe,image_0_3615.jpg
140,10192,8.937606875082212,162.51216640502355,240.0,92.48783359497645,1.664288074513449,0.6802185498994073,2522,112.8467999599387,0.007808129083176218,0.009239784483092138,0.00866349082711964,0.008215675098030617,16.0,0.01575880126242631,1.5591704301311002,1.5591704301311002,1,7,overripe,image_0_3622.jpg
87,6658,8.272965618360068,146.60994292580355,235.0,108.39005707419645,1.6504277529187323,0.6899433199417965,1513,102.04338549708886,0.007372523681125925,0.009123071686707212,0.009124143699403741,0.010310374475962433,14.0,0.017591289799385006,4.590017271586377,4.590017271586377,1,17,overripe,image_0_3660.jpg
123,7123,8.84119852046769,142.27333988487996,235.0,112.72666011512004,1.588789814581818,0.6977575035222968,1668,114.21037409245618,0.005665407438451388,0.0072807923159334,0.007254361665724801,0.007235767727640667,12.0,0.012077200862719788,1.643373135069384,4.351711640145967,3,11,overripe,image_0_3687.jpg
235,7592,8.57785259922944,163.51844046364593,243.0,91.48155953635406,1.6161110541758248,0.7004574054741473,2749,117.02706547721725,0.012251517936877485,0.01589549691095664,0.01382928169855625,0.012198747102533374,26.0,0.02961259074002566,1.0846599703978217,1.0846599703978217,1,3,overripe,image_0_3715.jpg
100,8702,8.568671471897279,163.72374166858194,240.0,91.27625833141806,1.5181683713419127,0.6986586301506794,1703,127.47253073445931,0.00719294058952503,0.010176130005352018,0.01022586591846554,0.008798777299726068,16.0,0.01654954785884577,3.1214305407853793,4.7894757572176925,2,15,overripe,image_0_3759.jpg
126,10330,8.867561720976548,159.93901258470476,242.0,95.06098741529526,1.8123613472175149,0.6893459342675434,2444,118.53551129035749,0.0089330715632749,0.010443736605997685,0.00927883291489174,0.008081948571070773,17.0,0.018051058626932556,4.505888816399409,4.505888816399409,1,13,overripe,image_0_3761.jpg
183,16745,8.633668471255477,142.6264556584055,242.0,112.37354434159451,1.5166140085685726,0.6112536274551563,4518,148.8143434629518,0.006645031820410556,0.009797734406987854,0.009175985320655715,0.008084942045908337,20.0,0.0151075727016767,1.0038669760247487,1.0038669760247487,1,3,overripe,image_0_3763.jpg
309,14508,9.073000506557099,138.93748276812792,235.0,116.06251723187206,1.5308748685139402,0.6871599516399929,4242,124.82039051562498,0.007240664162452409,0.008304765156032706,0.007474408811322254,0.006858373575254508,14.0,0.014706317665869247,1.8173517695102657,3.093125207156839,2,16,overripe,image_0_3797.jpg
190,14647,9.012151976618982,146.78828429029835,240.0,108.21171570970165,1.5763686428958716,0.6410525689018536,3632,151.1393220846717,0.009680561964825925,0.0137408241869275,0.014207696553471413,0.011592448823861186,24.0,0.020732279498478362,1.048454083987079,1.048454083987079,1,4,overripe,image_0_3799.jpg
136,7980,8.575942225231325,145.81929824561402,231.0,109.18070175438596,1.5655332971181446,0.6404647945874072,2129,106.6584181717008,0.006184000719824528,0.007870488901195022,0.007939816263524897,0.0069812021701782315,14.0,0.013457473563411674,1.9451698530913153,1.9451698530913153,1,3,overripe,image_0_3857.jpg
116,5268,6.661440024278596,150.3037205770691,232.0,104.6962794229309,1.5779371848895725,0.7129151526459513,1403,90.88110365841025,0.006426687414552579,0.007173591471944483,0.006704482961592114,0.0065286912418036185,12.0,0.012307651873880226,1.9486103032295592,3.390151994132672,2,16,overripe,image_0_387 (2).jpg
72,8360,8.954392579422036,155.3316985645933,239.0,99.6683014354067,1.4522156641824027,0.6738217735522647,1964,75.67315488278419,0.008680191084167007,0.011672423301918613,0.011347649104413729,0.010429107698433797,25.0,0.017928611002250988,2.523510636018937,5.755018101583085,3,28,overripe,image_0_3891.jpg
93,6166,7.557761843476129,160.11579630230295,235.0,94.88420369769705,1.7189390634994353,0.6947930160831272,1606,119.21053027091605,0.0057410591864373375,0.006324115231678258,0.005808497573203456,0.0054454935127204035,11.0,0.012022394543402946,2.05552491266777,3.0839002267573696,2,11,overripe,image_0_3905.jpg
257,13933,8.813891700404858,152.12660589966268,238.0,102.87339410033732,1.7329156317993029,0.6841186992697719,4044,151.31889514085333,0.007975386004604271,0.009504743192823689,0.008480714654282764,0.008506067912995161,17.0,0.0175,0.7350708502024291,0.0,0,0,overripe,image_0_3939.jpg
136,15464,8.649156561814847,147.80664769787896,234.0,107.19335230212106,1.6926721019331101,0.6202157907707185,4018,122.15536177416674,0.007769966458998473,0.0098931258932496,0.00936616894733194,0.008988887514377535,21.0,0.016145587950156123,0.8065237818246902,0.0,0,0,overripe,image_0_3989.jpg
93,8950,8.708512936277039,164.09385474860335,238.0,90.90614525139665,1.538272102920831,0.6868390916822151,1776,128.34981586834272,0.00722807527650411,0.009902997716459824,0.010026933525494889,0.00859507046082715,15.0,0.016456599667685666,3.1224154203925156,4.806709933542857,2,14,overripe,image_0_4051.jpg
104,8367,8.785727786294812,165.68375761921837,237.0,89.31624238078165,1.6346774032743028,0.6212517366765027,1747,132.36234173940932,0.007943447450593317,0.009812321929842981,0.009287875849249751,0.007868708942719831,17.0,0.014659865668341385,1.5897683600394816,1.5897683600394816,1,3,overripe,image_0_4057.jpg
102,6825,8.488911553626288,147.7970695970696,237.0,107.2029304029304,1.563220480906803,0.7179911402535835,1518,107.45459223469635,0.007476778196197446,0.009281990386671962,0.009245895898129648,0.010673042709291328,15.0,0.01770859017122689,4.473936242988097,4.473936242988097,1,20,overripe,image_0_410.jpg
144,15451,8.466904491826815,134.8436347161996,234.0,120.1563652838004,1.8132146628423829,0.6713883028127177,3737,130.2627193518146,0.007742866883775873,0.009231664850260082,0.008232463940219436,0.0074595912660767524,20.0,0.014441748576879557,1.1759741789826126,2.212760361012017,2,11,overripe,image_0_4103.jpg
76,10469,8.959963026993718,152.96962460597956,236.0,102.03037539402044,1.4544087021707057,0.5991221827746974,2467,98.79701276958184,0.008418306471182302,0.010347742938259845,0.009270135537482998,0.009505714269412251,21.0,0.017851121893785845,2.1079748720494345,3.146128960476541,2,17,overripe,image_0_4106.jpg
298,25525,8.597576174019657,140.7561998041136,243.0,114.24380019588638,1.6357460907220231,0.6591311477143916,5739,132.80245661085578,0.005771093492940382,0.006502806319135106,0.005566010482930466,0.004536923329519892,14.0,0.011316933825395184,2.553505385905701,3.566352067797067,2,11,overripe,image_0_4135.jpg
324,26820,9.029816575538018,139.9479865771812,244.0,115.05201342281879,1.496774300423947,0.6566359869277633,6004,141.41406280606887,0.0055490111577801045,0.005958641166488952,0.005475389983612161,0.004608532345520961,13.0,0.011107502230024447,1.2652517036119266,3.3951032940986345,3,29,overripe,image_0_4152.jpg
154,8678,8.992652925876415,151.91610970269647,233.0,103.08389029730353,1.6370915878822607,0.6266725662503921,2661,121.049734220078,0.009899033861479846,0.011593296503480307,0.010083000257439165,0.010429720224376424,21.0,0.021075591820546004,1.4144931140609942,1.4144931140609942,1,14,overripe,image_0_4156.jpg
163,8307,8.918544603459196,146.83724569640063,242.0,108.16275430359937,1.6042236920536224,0.6720225915614508,2395,114.6281900777475,0.0089767515393261,0.010493921111813524,0.009488888369622677,0.008397292545954529,19.0,0.018866499392774298,1.3012249981211685,1.3012249981211685,1,6,overripe,image_0_4231.jpg
123,10161,8.97781390540648,156.69146737525833,240.0,98.30853262474166,1.7006910538728275,0.6474397701232893,2309,129.11617335620832,0.007603468321653934,0.010441519931380604,0.009260430596752082,0.008431273798627854,18.0,0.015705262304428747,2.397971355110047,2.397971355110047,1,12,overripe,image_0_4254 (2).jpg
117,15643,8.564655125214896,145.47995908713162,238.0,109.52004091286838,1.5945028625186883,0.6690761589040722,3467,179.62477465997316,0.006356794768321792,0.007869847017900049,0.007408180358748186,0.007032161002328948,15.0,0.012706074731941549,2.7457486065941765,5.381995773244419,3,59,overripe,image_0_4254.jpg
183,9696,8.448789669054218,144.54795792079207,234.0,110.45204207920793,1.6828894734921591,0.6747650907338262,2681,138.3200401780767,0.007421634065522133,0.009423526473031487,0.008429209504683347,0.007914726163029302,16.0,0.015949598674973028,3.171781600181245,3.171781600181245,1,7,overripe,image_0_4324.jpg
161,7748,8.702782239494997,175.12183789364997,243.0,79.87816210635003,1.5165170633005076,0.6826868331691757,2313,103.82950724715312,0.007605849514996105,0.008703046528791343,0.007827940620361861,0.007305616874342991,15.0,0.015801504643012335,1.9881162317896415,3.036089364139775,2,4,overripe,image_0_438.jpg
193,11344,9.335626640770945,148.99938293370946,234.0,106.00061706629054,1.57082267378407,0.6797218799363538,2780,116.7866798013656,0.007633525211455629,0.008671419486626381,0.007604576481205997,0.007035186907299356,15.0,0.01550251300474104,2.263955296964111,4.689210207961288,3,23,overripe,image_0_4405 (2).jpg
90,25831,8.752592130765374,144.17355115945958,239.0,110.82644884054044,1.4313610403511936,0.6610055348870629,4926,127.18698887069658,0.005281847630148683,0.00630854800547779,0.006095676367075748,0.005754776124678465,13.0,0.010688468336739015,4.70649625242271,4.70649625242271,1,63,overripe,image_0_4408.jpg
115,18320,9.007060119176385,136.66784934497818,238.0,118.33215065502183,1.68383354771863,0.6453425909651418,4091,148.8992640237868,0.00656844814269392,0.008059367624018673,0.0068820062784892885,0.005866215195393976,16.0,0.013869843006918986,2.520206887057759,4.652500540816929,3,15,overripe,image_0_4427.jpg
133,10364,8.928325292901446,156.28049015824007,240.0,98.71950984175994,1.5037710523145762,0.686565084176189,2443,126.96867175362706,0.008579951622275374,0.010180808367454495,0.009486088025837489,0.007975094931149583,17.0,0.017652497939217037,4.926774638180565,5.935561681598897,2,20,overripe,image_0_4460.jpg
185,14703,8.807989073133326,143.12820512820514,237.0,111.87179487179488,1.6152956518304262,0.6705847965992796,3374,112.85889896098827,0.007578610855825125,0.009310436529639171,0.00827096054562916,0.006660567994091149,18.0,0.015962570689159395,1.3239240870315345,2.5412153742931083,2,17,overripe,image_0_4463.jpg
120,10079,8.994369037739048,156.15616628633794,237.0,98.84383371366206,1.6481868807244728,0.6485408052680732,2332,141.3713691537575,0.007493741479672211,0.010218461598223205,0.00920005550297471,0.00846507853268473,18.0,0.015456318616471119,1.0896045832998686,1.0896045832998686,1,10,overripe,image_0_4520.jpg
92,8821,8.734787645934624,156.21777576238523,231.0,98.78222423761478,1.5698742177517122,0.6316394039338508,2080,140.50874447873733,0.008954171348399143,0.010934468948342605,0.010119687313665103,0.009519338249128165,18.0,0.018546825188332335,1.540792379217127,1.540792379217127,1,7,overripe,image_0_4526.jpg
126,15430,8.579037791134066,147.13797796500324,244.0,107.86202203499676,1.7731248409882887,0.593029981503154,4121,118.76587444413668,0.007513245544635842,0.00969175184599268,0.009593438447341666,0.008226753563588152,22.0,0.014375669036414223,0.8567917845844198,0.0,0,0,overripe,image_0_4570.jpg
77,8397,9.002798297434358,155.45349529593904,240.0,99.54650470406098,1.5230663848315404,0.640871281511802,2063,76.22424859266371,0.008579343221029339,0.011496669729636663,0.011372679358756618,0.010301838139379217,24.0,0.018023171357509565,3.428718465546633,3.428718465546633,1,22,overripe,image_0_4602.jpg
190,17503,8.9171357974374,142.2576701136948,244.0,112.7423298863052,1.6106090875824943,0.632530888694214,4423,136.09658459721865,0.006537352898721197,0.008019651297358234,0.007626245750102267,0.007293276533172303,17.0,0.014027981521467135,3.3069261532975016,3.3069261532975016,1,8,overripe,image_0_4675.jpg
70,9737,8.958423420522399,150.00195131970833,235.0,104.99804868029167,1.7440600328160005,0.6151342868165152,1986,127.78576477102376,0.005354809578006801,0.008650571028753756,0.010269659933602023,0.009210676569898373,17.0,0.011804466015459187,1.4214608385238887,3.720639243359616,3,19,overripe,image_0_4687.jpg
68,13709,8.766242070800082,142.23225618207016,241.0,112.76774381792983,1.4442553172533303,0.6148194221540251,2246,129.0022791047461,0.005123461805430172,0.006984667204307547,0.007572736993303561,0.0068355621356379695,14.0,0.010067400706957635,2.1747749130345815,3.557908737466749,2,26,overripe,image_0_4698.jpg
133,12785,9.063069321669845,158.4643723113023,238.0,96.53562768869769,1.605350162146595,0.6751352630587244,2763,135.79149804761605,0.008435318664458843,0.009630245230433543,0.009309329720531907,0.007970902993251573,16.0,0.017245789339150067,6.160193383285956,6.160193383285956,1,14,overripe,image_0_4706.jpg
186,9188,8.574814980728132,158.45124074880277,241.0,96.54875925119721,1.526962728540641,0.7032368880633105,2724,122.99864825332683,0.009307444268222543,0.010390541037835373,0.01042732255616547,0.009763278905835837,18.0,0.020199275312592583,1.44375694113914,2.8511166484680497,2,21,overripe,image_0_4710.jpg
136,12146,8.702505570721291,149.76304956364234,235.0,105.23695043635765,1.6815570500364354,0.6130257521217556,3002,133.92579937887663,0.00803487599569487,0.011287157283508233,0.010908006848534685,0.009244313621528683,19.0,0.01791770996958564,1.5110805408077725,2.6180598843582743,2,10,overripe,image_0_4725.jpg
180,9343,8.697149665816468,158.1391416033394,240.0,96.8608583966606,1.5295141230079656,0.6384198356643872,2808,122.76212645386832,0.009330088783414247,0.010407456039962574,0.010042736212761874,0.009850063682688273,18.0,0.020119239399816673,1.48381211252397,1.48381211252397,1,5,overripe,image_0_4730.jpg
273,19677,8.559757784563987,144.9119784519998,235.0,110.0880215480002,1.5698398623637448,0.6861578434142743,4956,161.7899211747,0.0063225352783036325,0.0072572851515953305,0.006255048500577204,0.00626460173503797,15.0,0.013204787739924792,2.563533700484605,2.563533700484605,1,29,overripe,image_0_474.jpg
231,12516,9.022881612526493,146.6384627676574,240.0,108.3615372323426,1.569070335889582,0.688704435181013,3291,134.2518947693016,0.009151683800241265,0.012132114405518252,0.012233493827191907,0.009551292870335265,21.0,0.019540219161615364,0.8665311360064593,0.0,0,0,overripe,image_0_4756.jpg
257,13434,9.040011843397979,146.73276760458538,241.0,108.26723239541462,1.5609159629963139,0.6780305658688474,3823,136.31919938722007,0.009646774877535095,0.012930705302321996,0.01319900260011142,0.011060145092180847,21.0,0.020953129646943767,0.5120923785042326,0.0,0,0,overripe,image_0_4783.jpg
132,14625,8.452926591028627,144.44697435897436,239.0,110.55302564102564,1.6579435771804363,0.6590388341632492,3958,125.61120107317537,0.008097084872199456,0.009109724795262664,0.007999440608069005,0.007113343843464549,20.0,0.015678114821993577,1.7610986203667849,1.7610986203667849,1,9,overripe,image_0_4892.jpg
121,6839,8.507277024505536,141.11975435005118,230.0,113.88024564994882,1.7344877830829113,0.6936858678061654,1792,117.19264871157421,0.0056577127679035295,0.00725404827934408,0.00675935208017776,0.006771889001900053,12.0,0.012023444531438648,1.6793133474312727,4.498071899489986,3,24,overripe,image_0_4937.jpg
194,16410,8.56512049104603,140.1979890310786,243.0,114.8020109689214,1.5484891636195615,0.6285722190349218,4300,129.1414774087298,0.006625694993041243,0.008171921784774163,0.007654315908449175,0.007476342834475527,17.0,0.014321848390070311,3.5507930957090887,3.5507930957090887,1,7,overripe,image_0_4949.jpg
120,15049,8.704831647202411,141.99229184663432,240.0,113.00770815336567,1.5070007048643426,0.654700258949454,3633,141.51820855870307,0.007540968620487106,0.009506618572834472,0.008553089504726757,0.007436397086469208,19.0,0.015875637452533085,2.575181772433061,4.6396075913489625,2,23,overripe,image_0_4953.jpg
97,5131,8.155318202047173,158.16565971545506,236.0,96.83434028454492,1.6444766216119797,0.6107394509207236,1528,112.92383768061762,0.0049441583486977345,0.006909804420210452,0.007357460118003586,0.0069783676710559635,13.0,0.013244550156511202,1.4193527878441097,2.531947358382605,2,10,overripe,image_0_4967.jpg
260,13505,9.094276094276093,147.14601999259534,240.0,107.85398000740466,1.5240295024087873,0.6586359525725967,3761,141.41551390992402,0.009764204132831585,0.012949891067538126,0.013074377764573847,0.011253634383046142,21.0,0.021088717237736844,0.48821548821548816,0.0,0,0,overripe,image_0_497.jpg
167,10804,8.942820249644075,148.12217697149205,234.0,106.87782302850796,1.5568118303300105,0.6850944121413787,2567,116.88681010134735,0.007583034538187026,0.008644739225359382,0.00746173117460738,0.007008783051677115,14.0,0.015273511980695334,2.0569148760056946,3.4640598616031517,2,12,overripe,image_0_501.jpg
118,9070,8.857248881857776,141.42337375964718,244.0,113.57662624035281,1.5116894575395634,0.7102643583475658,2002,125.49162395591799,0.008448517587930075,0.010309617880471852,0.010339794987153667,0.009319287958147258,18.0,0.017437963642713782,4.936427022909709,6.478389093963008,2,16,overripe,image_0_5013.jpg
75,10804,9.214263174502998,153.60236949278044,236.0,101.39763050721955,1.5443243590737732,0.5320869388603912,2705,92.10501176996097,0.008385286517189325,0.010361004183512677,0.009019577742314547,0.009715910107571984,20.0,0.017858450212319497,1.5368476712749353,1.5368476712749353,1,8,overripe,image_0_5022.jpg
112,5387,8.438811955636318,157.04195284945237,231.0,97.95804715054761,1.5641323350439607,0.6682603726577602,1680,110.83972582315084,0.004877449444593929,0.006555155428923871,0.006975656983765998,0.006804139037656545,12.0,0.012937564273155844,2.210351525784824,2.210351525784824,1,3,overripe,image_0_506.jpg
165,8052,8.6966852797909,145.71733730750125,243.0,109.28266269249876,1.5836282933593366,0.6914340816722002,2369,112.789464425883,0.008763395191422503,0.010401409421599655,0.00917246460509744,0.008701725584225287,19.0,0.018462042166170367,2.0553641439942973,3.1818721850799787,2,14,overripe,image_0_5084.jpg
135,11721,8.80900666631594,155.3477518983022,236.0,99.65224810169781,1.6878560488514927,0.6849957140736908,2584,136.11383069417357,0.008405154977809156,0.010964606499912244,0.010245999539928857,0.008562422090370527,18.0,0.017258650906945824,3.2632631128012806,3.2632631128012806,1,12,overripe,image_0_5085.jpg
149,25368,8.590673118927723,133.262220119836,248.0,121.73777988016398,1.5538197825084303,0.6557000929979309,5044,159.53407866185546,0.005737659798407015,0.006709682183049076,0.006030857467725911,0.004837668583181826,15.0,0.01049227474340058,1.982749570771122,4.545254438751494,3,35,overripe,image_0_5146.jpg
209,18419,8.505931847254356,136.97817471089635,237.0,118.02182528910365,1.5640739229492924,0.6429918747505861,4194,151.61302448109996,0.007667507599133732,0.009510641050960035,0.008486834974496302,0.007527880392908429,19.0,0.014810226977515583,1.4713013119796068,1.4713013119796068,1,14,overripe,image_0_5180.jpg
251,10141,7.559335678931362,142.0043388226013,231.0,112.99566117739867,1.534039048503612,0.6676590566012545,3051,123.61046007827966,0.006766804759950375,0.007799668856748975,0.00748258633168814,0.006848216655616864,13.0,0.014391226106997154,1.887411294650844,1.887411294650844,1,12,overripe,image_0_5209.jpg
188,11673,8.713144733895648,149.0700762443245,237.0,105.92992375567549,1.6010665745865478,0.6900316506291454,2989,137.22303553957443,0.007608053895589736,0.01075315369112488,0.01065283857814231,0.009479383004974775,18.0,0.018309074170834265,1.3085019034112113,1.3085019034112113,1,15,overripe,image_0_5228.jpg
163,9775,8.456321262349258,152.28255754475703,231.0,102.71744245524296,1.6642372735044137,0.6672115678791264,2763,124.64297242990914,0.007701159602896819,0.010906767330009327,0.010818866709616178,0.010445518069158218,19.0,0.017356623774827853,0.7829126079208264,0.0,0,0,overripe,image_0_5238.jpg
126,15121,8.633023699280058,144.30176575623307,236.0,110.69823424376695,1.67946866450734,0.667615093315757,3972,144.7881753184534,0.005894655910356469,0.006124997942974898,0.005849317397909707,0.005355183585712117,13.0,0.010997040906420974,4.302524078948119,4.302524078948119,1,24,overripe,image_0_5323.jpg
136,13781,8.69727109787191,141.0082722589072,246.0,113.9917277410928,1.6039519526481114,0.6432690228989595,3584,127.4868568820978,0.008134930947109362,0.009512053628661216,0.009045233219635265,0.008302730882068322,21.0,0.016645506055399717,1.5840759346679119,1.5840759346679119,1,7,overripe,image_0_5363.jpg
165,8377,8.696509768909744,150.0774740360511,235.0,104.92252596394891,1.4683062132813494,0.6644327137653779,2552,118.89824475317754,0.009715537067140874,0.011380552885564664,0.010014684610633907,0.010184817651496363,21.0,0.02067830931969989,1.255112845960592,1.255112845960592,1,13,overripe,image_0_5376.jpg
153,8704,8.561199197387575,149.70955882352942,235.0,105.2904411764706,1.5783436336302499,0.6607101841803004,2264,118.66631793241156,0.009173881615438795,0.010489428489655294,0.009414765630846113,0.009201537954757779,18.0,0.019295986089285618,0.9491678797655112,0.0,0,0,overripe,image_0_538.jpg
158,8443,9.01596454695926,147.23427691578823,235.0,107.76572308421177,1.5870113209397754,0.6665449204178102,2315,97.9368116863522,0.006133845069876955,0.00785884111773814,0.007933675258773488,0.007031687254430843,14.0,0.013537818565944184,2.1367932083934003,2.1367932083934003,1,2,overripe,image_0_5431.jpg
99,5682,7.147349618858335,150.5686378035903,233.0,104.43136219640971,1.429384109659707,0.679554387436888,1530,85.2244198244486,0.006422309797903413,0.00717305010509575,0.00673263946953407,0.006631465386476611,12.0,0.012193277522335004,2.611386449973584,4.030290070190445,2,19,overripe,image_0_5507.jpg
134,10219,8.775214034846677,148.63714649182896,235.0,106.36285350817106,1.5517477535203004,0.5813346930440038,2798,130.47439871842778,0.009685536687947657,0.014247437702292755,0.014473060999278843,0.011194956544784626,28.0,0.020766570305313783,0.953174241968863,0.0,0,0,overripe,image_0_5556.jpg
154,6881,8.322749978833292,153.30388024996367,238.0,101.69611975003633,1.720880919870765,0.673816150397158,2154,105.22935257675901,0.009393275555925527,0.01140336585061592,0.011596937479589248,0.009693285493013556,21.0,0.02074835522220064,1.1986404925190803,1.1986404925190803,1,9,overripe,image_0_5560.jpg
180,9573,8.724538619275462,148.25989762874752,242.0,106.74010237125248,1.6503420244129245,0.6556905792422846,2630,139.2291733601983,0.008320194425457582,0.010363949088407296,0.009130240932098514,0.008595892583508683,17.0,0.017141356063956684,1.9867851446798817,3.1369332421964,2,9,overripe,image_0_557.jpg
103,6571,8.037723847734613,158.88814487901385,234.0,96.11185512098615,1.8251207921633321,0.7382611633967558,1669,115.0689323154287,0.005617131870851873,0.00612219836559734,0.005869641133682164,0.005520378226640494,11.0,0.011771997183255336,2.2800665427145517,4.218857031020648,2,16,overripe,image_0_561.jpg
149,8855,8.744815326881296,161.42891022021456,242.0,93.57108977978544,1.5888306878744094,0.6808427415197897,2603,117.46303896593803,0.00720726686882535,0.008802461533695051,0.008352639100277677,0.008039951512898269,15.0,0.015779259758416504,2.117321746000395,3.153268812956745,2,18,overripe,image_0_5612.jpg
90,5933,7.271991861448515,161.73436709927523,232.0,93.26563290072475,1.7032920021848061,0.7134165542392324,1569,115.19308489060802,0.005728421266652199,0.00621585955278823,0.005968511419423077,0.00546900854302769,11.0,0.011953797906577293,1.8887813009425523,3.7162783286553003,2,19,overripe,image_0_5640.jpg
208,15649,8.322254012486837,133.43363793213624,235.0,121.56636206786376,1.619701516592475,0.6468410022574134,4317,133.28823088491671,0.007409495243869147,0.008447395593172759,0.008443891920886248,0.008723935441501292,17.0,0.014949669121948443,2.7680575202884525,2.7680575202884525,1,11,overripe,image_0_568.jpg
73,6214,8.805316631477519,154.74766655938205,230.0,100.25233344061796,1.5632907611093183,0.7753208990279764,1283,96.77438435624349,0.006013134873765012,0.007595854654511475,0.0074656006285979265,0.007366854295812783,13.0,0.012620970509188216,6.1980133482592,6.1980133482592,1,14,overripe,image_0_5787.jpg
100,8272,8.662959355723816,151.63733075435204,231.0,103.36266924564796,1.7251176513252295,0.6751189256801843,1722,99.13409104836943,0.004374643340218574,0.005853091181491289,0.006674145356405153,0.006753285582248442,10.0,0.010262602218513679,2.186685098495083,3.215097343093824,2,8,overripe,image_0_5789.jpg
95,10046,8.975813729081601,158.19201672307386,243.0,96.80798327692614,1.7121579945413152,0.6531517717863037,2607,128.12049913853335,0.009728081613532273,0.01230958328668887,0.010345417796864199,0.009631341435191877,23.0,0.020510529560501416,3.5792464462174887,3.5792464462174887,1,25,overripe,image_0_5799.jpg
249,10212,7.614417585039593,142.03113983548766,234.0,112.96886016451234,1.5284763542752697,0.6862835000945213,3141,129.58009095561852,0.006830858266028871,0.007900477995454262,0.0073967800878795825,0.006756528759407788,13.0,0.01450153469085563,1.6008768659498636,2.997449930656009,2,20,overripe,image_0_5818.jpg
77,8629,9.271217216593426,155.26352995712134,237.0,99.73647004287866,1.4471524723339997,0.6421801578466635,2004,75.20409760767319,0.008637580073663453,0.01153532658214941,0.011218602812930103,0.010507712373357368,24.0,0.017910082387364926,1.9995057642925445,6.089843456211791,4,28,overripe,image_0_5862.jpg
456,14201,8.542417333870706,142.6936131258362,243.0,112.30638687416379,1.552657163666605,0.684706667240465,4995,155.1217951257994,0.00776175292874472,0.01008719799780404,0.0099196642342189,0.0091963344971292,15.0,0.01713496269472232,0.35671103999615017,0.0,0,0,overripe,image_0_5906.jpg
195,7011,7.432260526650554,154.30551989730424,241.0,100.69448010269576,1.6087506463283052,0.7057421584833564,2306,122.72972231252318,0.0062583715587748905,0.007918133118489306,0.007861470500934125,0.006441163583272427,13.0,0.014366738087339419,1.25938175804605,2.329008183861256,2,5,overripe,image_0_5915.jpg
45,6491,9.0274397452123,162.35002310892006,239.0,92.64997689107996,1.6155677658928136,0.611568149205562,1104,120.84976775307372,0.00555546920101782,0.0076668649185054035,0.007506463637149505,0.008015264573487214,13.0,0.013346139256781945,2.9817949181536236,6.9983171773083175,3,22,overripe,image_0_5970.jpg
191,7043,7.395312696879332,155.96237398835723,242.0,99.03762601164277,1.6554848197663687,0.6903901500301594,2296,122.19183055346983,0.006257684727887542,0.007980299095991877,0.007840213661171134,0.006321880257836265,13.0,0.014423940856110599,1.2936284598261163,1.2936284598261163,1,2,overripe,image_0_5976.jpg
122,16130,8.7611619266952,140.61227526348418,245.0,114.3877247365158,1.5738426996806472,0.6396557511277711,3661,122.5836196843535,0.006239645357349927,0.0069954251064060025,0.006415586418372506,0.005940119546199864,16.0,0.012919867579856154,1.4665305146978946,4.104112803354553,3,33,overripe,image_0_6013.jpg
71,7048,8.50622156245097,149.91401816118048,222.0,105.08598183881952,1.5042099898242822,0.6804963866477441,1476,125.89409916490948,0.005386364932542649,0.007360709107375406,0.007567065108868173,0.0076761592793821234,13.0,0.01250280722255471,3.772765125457113,5.025525906079149,2,9,overripe,image_0_6016.jpg
193,5852,6.1499012148471985,159.43984962406014,242.0,95.56015037593986,1.5426473310485724,0.6846808541322015,2130,119.85479286288029,0.006057091801368073,0.007727084276057727,0.007723045500515561,0.006471808110355835,13.0,0.013928995029009123,0.7482449871789482,0.0,0,0,overripe,image_0_6036.jpg
128,7579,8.604775258574689,176.9179311254783,244.0,78.08206887452171,1.8800105935972682,0.6689564495047422,2204,104.07164999744512,0.007606451338582187,0.008803594099681903,0.008081381487074102,0.007167985781035696,15.0,0.01625528241246884,2.4534792629344113,2.4534792629344113,1,4,overripe,image_0_604.jpg
181,10717,8.831406416098755,147.3715592050014,232.0,107.6284407949986,1.543410134375923,0.6454194896906228,2825,119.94317583766048,0.007566739232054285,0.0087597135581907,0.007602706845690376,0.007167573047298703,15.0,0.015080965101881578,2.045306589974537,3.3267134181012104,2,11,overripe,image_0_6060.jpg
222,16826,8.712491909385113,138.78378699631523,245.0,116.21621300368477,1.4773676466396626,0.6377413328602275,4345,134.25928407265027,0.007329399073545275,0.00958056729487912,0.009647799987308837,0.00793481819912431,18.0,0.015126969985405166,1.3835598705501617,1.3835598705501617,1,25,overripe,image_0_6148.jpg
112,11392,9.200080759135878,153.00939255617976,244.0,101.99060744382022,1.6760459358870714,0.6687204979346769,2849,136.7469365815505,0.009847864039619483,0.012379710454745195,0.01070330914518038,0.009648658171122274,22.0,0.021171815061578843,2.992933575610741,4.080759135877246,2,17,overripe,image_0_6160.jpg
232,9839,8.460671935059464,146.34027848358573,242.0,108.65972151641427,1.4702027786035863,0.7031178874152278,2864,129.8674227875377,0.009032850484442257,0.01149752623616111,0.010147498474499653,0.00967673893129153,19.0,0.019312033487324985,0.6260157707819178,0.0,0,0,overripe,image_0_6236.jpg
228,16609,8.708578020134228,137.8272021193329,240.0,117.1727978806671,1.4640394128235956,0.6604253095056551,4176,134.88250895682347,0.007427293064876957,0.009380531155415189,0.009533655744176864,0.007690197723384657,18.0,0.015206009836820635,1.3637793624161074,1.3637793624161074,1,10,overripe,image_0_6249.jpg
139,7823,8.402521938068592,146.67416592100219,232.0,108.32583407899783,1.5786089166634936,0.6601493319433397,2104,101.98393694482287,0.0062407795035353,0.007790359949227641,0.007868957277550293,0.006971743081086876,14.0,0.013492541362054633,1.736786140081415,2.8463100007518554,2,9,overripe,image_0_6277.jpg
189,14838,8.509637718146209,141.0227119557892,246.0,113.97728804421081,1.5543403151231427,0.6502718622684028,3820,115.43885217698171,0.007797976703857775,0.009351382710143592,0.008807634382157894,0.008430989089161386,19.0,0.016700137876871603,1.8501207223843963,1.8501207223843963,1,8,overripe,image_0_6280.jpg
184,18814,8.552673449163098,137.07861167215904,233.0,117.92138832784097,1.6589330650743832,0.6344543009867655,5470,166.8532297252808,0.007506472572390929,0.009547585774620244,0.00949961306291057,0.00931909590246012,20.0,0.01580527036660885,1.120566602114757,1.120566602114757,1,32,overripe,image_0_6304.jpg
133,10375,8.755422032439366,149.21021686746988,234.0,105.78978313253012,1.5941468825578085,0.6158457477696129,2724,137.0157426181128,0.009676774556300942,0.014388395402718801,0.0142847120113552,0.01128626643487654,28.0,0.020589939633299015,0.8962176576819861,0.0,0,0,overripe,image_0_6337.jpg
183,17178,8.709010160004867,142.21201536849458,243.0,112.78798463150541,1.514905045569746,0.630662558221138,4595,149.88314774430458,0.006636092412264535,0.009850464896469426,0.00903634435461841,0.008375055321148964,20.0,0.01505109029882765,1.2999127983614203,2.3884123217943256,2,29,overripe,image_0_6339.jpg
108,8869,8.786843017783722,155.93776073965498,232.0,99.06223926034502,1.664936364406997,0.6946331813989478,2125,122.00221806737994,0.008888383807478507,0.01091418763968658,0.009976756542018402,0.009124761907537072,18.0,0.018445029173308,1.575271214147719,2.6185168672908308,2,18,overripe,image_0_6382.jpg
99,10302,8.815676878315934,159.18627450980392,238.0,95.81372549019608,1.7902563679159504,0.640900366276492,2787,126.98969377765337,0.00947052447540714,0.011751450537428732,0.010108257576520254,0.008960948747118225,22.0,0.01979127026473776,2.8504193051514632,2.8504193051514632,1,15,overripe,image_0_6383.jpg
112,14500,9.009400843776989,150.84544827586208,240.0,104.15455172413793,1.571606750975967,0.6415862979398417,3492,128.65405417529604,0.007395554606898338,0.008829602686031942,0.007467020658757158,0.006631918035041755,18.0,0.014753975131617051,2.789186233635511,2.789186233635511,1,22,overripe,image_0_6414.jpg
99,8108,8.417337139890995,153.99679329057722,239.0,101.0032067094228,1.527641414573951,0.7030013316288174,1104,134.5566083418997,0.006550576835977059,0.008384564103347023,0.008170541925568568,0.007752960514597739,13.0,0.0134265227502888,2.8165066182195693,4.414222683623151,2,13,overripe,image_0_6449.jpg
