HLS_H_Mean,HLS_H_Std,HLS_H_Min,HLS_H_Max,HLS_H_Median,HLS_H_Q25,HLS_H_Q75,HLS_L_Mean,HLS_L_Std,HLS_L_Min,HLS_L_Max,HLS_L_Median,HLS_L_Q25,HLS_L_Q75,HLS_S_Mean,HLS_S_Std,HLS_S_Min,HLS_S_Max,HLS_S_Median,HLS_S_Q25,HLS_S_Q75,Image_Name,Label
24.748407909588774,2.3014670865469165,15,43,24.0,23.0,25.0,74.11898524268057,25.511793863916157,22,192,72.0,53.0,93.0,157.01389334039382,60.30181855051431,4,255,154.0,126.0,200.0,image_0_1014.jpg,overripe
25.048285280305457,10.834391278933232,0,175,24.0,23.0,25.0,89.34017781246081,38.39027412124083,0,241,90.0,63.0,117.0,161.9669109962236,62.36333058795716,0,255,163.0,135.0,202.0,image_0_1014.jpg,overripe
25.137950976156965,13.606190659908867,0,175,24.0,23.0,25.0,86.06774571145887,41.14367709483151,0,192,88.0,60.0,116.0,157.84305542007496,66.94106365620004,0,255,162.0,130.0,202.0,image_0_1014.jpg,overripe
24.76393862961776,2.2821068334800767,13,40,24.0,23.0,25.0,94.98554925377294,32.19018001839366,30,242,94.0,68.0,118.0,160.29681860620673,60.450100180958366,7,255,162.0,133.0,199.0,image_0_1014.jpg,overripe
25.229295857081144,2.4872931382715273,0,42,25.0,24.0,26.0,133.3830423210379,34.12295894718831,61,255,133.0,104.0,162.0,162.37903596661138,66.34118638516169,0,255,170.0,128.0,206.0,image_0_1014.jpg,overripe
25.966282333308047,10.420814689028191,0,174,25.0,24.0,26.0,76.19252067056057,34.70592791354227,0,239,74.0,51.0,99.0,187.43612986421908,49.91801083639071,0,255,184.0,157.0,233.0,image_0_107.jpg,overripe
25.42171736327088,1.6762466105416483,14,36,25.0,24.0,26.0,81.86005967281095,30.21367054650042,33,233,78.0,58.0,101.0,169.70110495840603,41.257346564231234,7,237,168.0,146.0,203.0,image_0_107.jpg,overripe
25.42489064198842,1.6580713732996817,13,35,25.0,24.0,26.0,81.75895724291385,32.17719921730594,30,242,78.0,56.0,102.0,184.59820728716275,47.673431489791035,8,255,180.0,155.0,224.0,image_0_107.jpg,overripe
25.512642544691396,11.7348461986412,0,172,25.0,24.0,26.0,73.4241953020304,36.26687820121751,0,237,72.0,48.0,98.0,183.6704467875294,56.831916687373365,0,255,183.0,155.0,232.0,image_0_107.jpg,overripe
22.55778907178437,14.007904030717784,0,172,25.0,24.0,26.0,68.9728311714582,43.560158147816054,0,242,70.0,42.0,100.0,158.14843611722168,75.5858013006326,0,255,168.0,140.0,209.0,image_0_107.jpg,overripe
23.561542799344785,2.102087157894148,16,39,23.0,23.0,24.0,98.19227705224715,34.68545397805007,31,185,96.0,72.0,124.0,175.15001924471218,57.89315374995795,9,255,184.0,154.0,212.0,image_0_1113.jpg,overripe
23.72468425245482,7.127122163785079,0,177,23.0,23.0,24.0,95.22558383086135,38.03895973760816,0,182,94.0,68.0,123.0,178.49021204987514,55.974444819372685,0,255,186.0,157.0,215.0,image_0_1113.jpg,overripe
19.950026405535315,15.78210617547124,0,174,23.0,21.0,24.0,70.21911223695163,53.65739422274798,0,182,75.0,10.0,110.0,135.5222656844404,91.31962217692038,0,255,169.0,37.0,206.0,image_0_1113.jpg,overripe
24.1280534197406,11.201998102121692,0,176,23.0,22.0,24.0,92.75817005164744,40.79949467182952,0,182,94.0,65.0,122.0,177.68884433265603,60.03869383151759,0,255,187.0,157.0,217.0,image_0_1113.jpg,overripe
23.54693472014608,2.1003683617693008,15,40,23.0,23.0,24.0,93.76148193234812,30.453025725383853,34,170,92.0,70.0,116.0,153.35345823002353,49.916937840117896,8,231,160.0,137.0,187.0,image_0_1113.jpg,overripe
22.694777642066917,11.737417286543018,0,174,23.0,22.0,24.0,88.38353301657006,47.209894737229625,0,227,90.0,60.0,122.0,161.09233908261027,65.37554457228467,0,255,167.0,141.0,202.0,image_0_1156.jpg,overripe
23.634519665915942,2.348456420564481,0,172,23.0,22.0,24.0,100.39213222160251,36.14903114852775,29,229,98.0,72.0,126.0,166.94351917876887,50.09481469528055,0,255,167.0,144.0,198.0,image_0_1156.jpg,overripe
33.21164775735839,38.915341863972415,0,179,22.0,20.0,24.0,70.48810725707952,27.720454935104932,5,190,68.0,53.0,83.0,163.56465289005303,60.015290245331684,0,255,174.0,122.0,211.0,image_0_1156.jpg,overripe
30.26363835330166,34.01099466616167,0,179,22.0,20.0,24.0,70.21591205936134,27.85790751755472,6,189,68.0,52.0,84.0,167.76590111620223,58.573821616550894,0,255,177.0,133.0,214.0,image_0_1156.jpg,overripe
24.00840152215813,9.2942430624341,0,175,23.0,22.0,24.0,94.84415529401798,39.57432850212705,0,225,94.0,68.0,123.0,170.36529677141505,50.48981130904577,0,255,169.0,146.0,202.0,image_0_1156.jpg,overripe
20.692537149486995,8.12165611776925,0,170,21.0,18.0,26.0,133.20431617139738,71.42171697456459,0,237,132.0,76.0,204.0,68.24188958647275,59.59294241283109,0,255,51.0,22.0,107.0,image_0_116.jpg,overripe
22.571949348317847,5.3673032289188525,0,55,22.0,19.0,26.0,170.696855380454,64.44222231678589,38,254,187.0,110.0,231.0,102.89600546472472,70.70955317249967,7,255,93.0,36.0,155.0,image_0_116.jpg,overripe
22.338383855720284,5.423682313676416,0,55,22.0,18.0,26.0,168.7410777727814,63.49920775664061,39,253,185.0,110.0,228.0,94.65778877740514,64.40567737966228,6,255,87.0,34.0,138.0,image_0_116.jpg,overripe
22.177943382431184,5.45957620201857,0,55,21.0,19.0,26.0,149.7947501570422,63.22241675813425,4,238,167.0,92.0,208.0,73.79003030999955,57.99586945008549,4,255,56.0,29.0,110.0,image_0_116.jpg,overripe
22.281381833909442,5.426601646849274,0,55,22.0,19.0,26.0,151.770261874277,60.364879822211755,29,238,167.0,96.0,208.0,71.62117649481847,55.77359445330104,4,255,55.0,29.0,106.0,image_0_116.jpg,overripe
21.23908528964045,8.805799388841386,0,174,22.0,21.0,23.0,105.80155337350512,53.49099249226034,0,239,106.0,70.0,142.0,127.82022887212634,76.47952499127496,0,255,146.0,47.0,180.0,image_0_1338.jpg,overripe
30.486769090104417,35.620667946831496,0,179,22.0,20.0,23.0,82.93968883895786,40.69379101475889,6,195,74.0,55.0,106.0,133.0168760365145,78.17378363445364,3,255,148.0,62.0,201.0,image_0_1338.jpg,overripe
17.89853951764689,13.995160995703031,0,172,22.0,17.0,22.0,73.59068073165156,55.46745569320293,0,195,81.0,2.0,117.0,114.26057670328815,88.61278359790144,0,255,139.0,19.0,181.0,image_0_1338.jpg,overripe
22.086447132289646,2.8963849301593245,5,43,22.0,21.0,23.0,119.16573046003006,47.68599373982804,31,239,113.0,84.0,149.0,126.47642947810735,71.3627693512499,5,255,144.0,50.0,176.0,image_0_1338.jpg,overripe
21.395259146860425,5.977871403774571,0,40,22.0,21.0,24.0,154.28059450337278,51.100713780546236,57,255,150.0,116.0,184.0,141.21240461634983,79.69891380772374,0,255,149.0,68.0,201.0,image_0_1338.jpg,overripe
25.94544939466909,13.529897717320582,0,174,24.0,23.0,28.0,80.8179507903047,35.591137592166184,0,209,84.0,58.0,108.0,151.73524584017264,61.32224714100274,0,255,148.0,123.0,190.0,image_0_1358.jpg,overripe
25.206279110459352,3.6650691121555616,6,41,24.0,22.0,27.0,71.41237491355392,24.913584826142422,20,189,68.0,51.0,90.0,166.90431355557962,52.605851207509126,2,255,171.0,143.0,204.0,image_0_1358.jpg,overripe
25.47318296574652,3.3037256634490784,6,40,25.0,23.0,27.0,87.63336027396119,28.264874608898694,29,210,87.0,65.0,110.0,151.1260571419049,55.05942802183992,3,255,147.0,123.0,184.0,image_0_1358.jpg,overripe
25.3538248748094,3.4465875445555807,5,41,24.0,23.0,27.0,87.17056750293709,29.937667859707616,28,223,85.0,62.0,110.0,164.53668230334037,52.616781687579,3,255,168.0,139.0,202.0,image_0_1358.jpg,overripe
25.04850979444579,13.316057718750967,0,172,25.0,22.0,28.0,75.81614271311564,39.45093055666719,0,210,80.0,52.0,106.0,139.18450719481407,66.99343190654723,0,255,142.0,107.0,178.0,image_0_1358.jpg,overripe
21.984625814863104,13.870921189248488,0,174,22.0,20.0,22.0,83.68392177314212,43.89919275500939,0,186,84.0,57.0,115.0,151.41024250325944,73.00631640918967,0,255,160.0,97.0,208.0,image_0_1390.jpg,overripe
22.024615384615384,2.6422342639376293,12,37,22.0,21.0,23.0,94.39430508474577,33.61113798299423,32,240,90.0,68.0,118.0,150.01462320730118,66.24071905163261,8,255,155.0,94.0,200.0,image_0_1390.jpg,overripe
21.752229465449805,2.7592777449092734,11,38,22.0,20.0,22.0,73.09931681877444,28.00595211559374,23,198,68.0,52.0,92.0,152.30221642764016,58.070015760458624,8,255,156.0,109.0,202.0,image_0_1390.jpg,overripe
39.946857887874835,50.21998648875028,0,179,21.0,18.0,23.0,56.63805997392438,26.32018659440068,6,183,59.0,36.0,73.0,157.14745241199478,60.10130539078731,10,255,163.0,102.0,209.0,image_0_1390.jpg,overripe
22.39792438070404,12.713276858027516,0,175,22.0,20.0,22.0,86.25113950456323,41.950230530903205,0,237,85.0,60.0,116.0,154.73994263363755,69.792071813552,0,255,160.0,102.0,211.0,image_0_1390.jpg,overripe
21.950489593489042,15.31869929477733,0,176,21.0,21.0,22.0,77.92119876223984,38.69871637840936,0,234,78.0,56.0,106.0,172.3074053664533,74.80791481661531,0,255,186.0,126.0,243.0,image_0_1450.jpg,overripe
21.423148658386673,2.471986394773241,0,32,22.0,21.0,22.0,138.69566783943029,29.741933310739146,84,255,135.0,114.0,160.0,145.79882158450258,71.63939402863103,0,255,147.0,86.0,202.0,image_0_1450.jpg,overripe
21.47993938366326,7.105608203207496,0,176,21.0,21.0,22.0,85.76985926836505,32.204655756888386,0,237,82.0,63.0,106.0,172.90448688059004,67.88184838976201,0,255,183.0,124.0,237.0,image_0_1450.jpg,overripe
17.2046225255394,16.80651560573201,0,172,21.0,0.0,22.0,64.71541053791701,49.29194370216571,0,173,72.0,0.0,104.0,143.97331609512102,98.00704113054586,0,255,175.0,0.0,231.0,image_0_1450.jpg,overripe
21.293258022127084,1.2296914136325492,0,32,21.0,21.0,22.0,88.3939108134458,30.958702472083093,35,239,83.0,64.0,108.0,169.8966872960027,68.45374542144059,9,255,180.0,116.0,233.0,image_0_1450.jpg,overripe
23.964343837845835,2.8944605863354087,15,40,23.0,23.0,24.0,91.34918873600631,34.179241490356084,32,187,84.0,64.0,116.0,148.63110913843272,78.22501969312513,6,255,159.0,67.0,216.0,image_0_1519.jpg,overripe
24.225477141588993,7.816934128287373,0,175,23.0,23.0,24.0,88.5995709424471,36.971378906214966,0,187,82.0,62.0,115.0,151.20318587562264,78.16464379050105,0,255,162.0,74.0,219.0,image_0_1519.jpg,overripe
23.619445677368446,12.847695175426574,0,175,23.0,22.0,24.0,80.2317773832421,44.04203941235133,0,186,76.0,53.0,112.0,148.94475267544507,82.11712783450697,0,255,161.0,71.0,222.0,image_0_1519.jpg,overripe
23.81853824530256,12.519669017912344,0,172,23.0,22.0,24.0,79.33065788824777,44.753600521689506,0,187,76.0,49.0,112.0,139.78005868718253,81.32502760979303,0,255,150.0,61.0,208.0,image_0_1519.jpg,overripe
25.20459140898555,22.10704460001103,0,179,23.0,20.0,24.0,57.777950387138134,26.382955209220516,8,135,55.0,38.0,75.0,147.53396705627065,61.340442747156,8,255,151.0,98.0,197.0,image_0_1519.jpg,overripe
21.803177955100132,2.220999662680317,14,36,22.0,21.0,22.0,99.4452425873678,30.932118870053156,40,238,96.0,76.0,122.0,147.80777352742632,56.83498111619277,8,255,156.0,102.0,193.0,image_0_1524.jpg,overripe
21.828942585636888,2.247472265842911,14,39,22.0,21.0,22.0,100.35305419486612,33.212215865072224,37,248,96.0,74.0,124.0,161.71585342634103,62.50335043031488,8,255,170.0,111.0,213.0,image_0_1524.jpg,overripe
21.816497325740396,2.219441060132971,15,38,22.0,21.0,22.0,94.49118965606772,31.939410677630494,34,237,90.0,70.0,117.0,160.50016443667457,62.1026724486699,8,255,167.0,112.25,206.0,image_0_1524.jpg,overripe
22.465840444498294,10.686666956614724,0,177,22.0,21.0,22.0,90.11841171481488,37.406832190796074,0,233,88.0,66.0,116.0,165.55641908850154,62.550618672820804,0,255,171.0,122.0,213.0,image_0_1524.jpg,overripe
16.411152268360652,15.780975062239916,0,172,21.0,0.0,22.0,60.69571426098697,51.34097402680702,0,195,68.0,0.0,98.0,116.89671645924567,93.11277777210591,0,255,130.0,0.0,194.0,image_0_1524.jpg,overripe
21.585879551149002,8.06257972279365,0,175,21.0,21.0,22.0,82.32754215213635,32.799967858010156,0,218,78.0,60.0,100.0,180.25020879675188,55.467237860529494,0,255,184.0,150.0,225.0,image_0_1538.jpg,overripe
21.23400120730003,1.211574755130268,6,34,21.0,21.0,22.0,103.55188495919161,30.840284738914388,49,236,98.0,80.0,118.0,145.49888779551975,42.94658828194415,8,255,155.0,135.0,175.0,image_0_1538.jpg,overripe
21.11570234265821,1.1980636319753515,6,34,21.0,21.0,22.0,87.29513524241096,32.84506030877618,30,230,81.0,63.0,102.0,184.35208507330626,55.878138083530246,10,255,193.0,157.0,231.0,image_0_1538.jpg,overripe
21.22188686110261,1.2580330722425603,0,45,21.0,21.0,22.0,85.55372071677237,31.25831756285921,0,219,80.0,62.0,100.0,176.81446444666793,57.12109079527812,5,255,182.0,147.0,222.0,image_0_1538.jpg,overripe
19.442095079012,12.858635726437242,0,177,21.0,21.0,22.0,73.61319264704666,41.78439315416959,0,207,76.0,55.0,98.0,165.21242692113685,76.98653708216676,0,255,180.0,143.0,222.0,image_0_1538.jpg,overripe
13.382747213481332,14.11099011908901,0,177,16.0,0.0,21.0,69.18133983424968,63.261697921481854,0,227,72.0,0.0,124.0,88.71459363509572,79.86297157831441,0,255,83.0,0.0,151.0,image_0_1542.jpg,overripe
19.06566040780571,4.364707965984546,0,178,20.0,16.0,22.0,111.3984981038994,48.00482362682733,23,248,108.0,74.0,141.0,124.75222748596656,71.33892779424394,0,255,121.0,68.0,183.0,image_0_1542.jpg,overripe
19.166159502979585,4.257651981725045,0,177,20.0,16.0,22.0,119.34736101986007,36.71478608134968,48,223,117.0,90.0,142.0,81.89709187731249,49.92004929579754,0,209,73.0,41.0,121.0,image_0_1542.jpg,overripe
18.511607132565672,8.736788455851713,0,179,20.0,16.0,22.0,104.27998893461046,49.32774192491731,0,232,106.0,74.0,138.0,103.41733231900596,66.85976271614173,0,255,96.0,48.0,154.0,image_0_1542.jpg,overripe
19.111114953260255,5.916517021631992,0,177,20.0,16.0,22.0,114.7491268716069,44.36688081252162,0,235,113.0,83.0,143.0,101.1530712219187,62.39664614721675,0,255,91.0,52.0,148.0,image_0_1542.jpg,overripe
24.781962962962965,2.1395068310500296,11,40,24.0,24.0,25.0,91.64590370370371,31.952606122743283,30,234,89.0,66.0,115.0,163.83991111111112,57.88015012899553,6,255,161.0,136.0,202.0,image_0_1550.jpg,overripe
50.90516296296296,53.58644071179414,0,179,23.0,21.0,36.0,46.3198962962963,17.184980728994496,3,145,50.0,36.0,56.0,149.30045185185185,67.51092478793159,0,255,157.0,88.0,209.0,image_0_1550.jpg,overripe
19.80616296296296,17.118679352059498,0,174,24.0,0.0,25.0,55.77793333333333,48.380334515968755,0,180,54.0,0.0,95.0,108.23874074074074,87.92072756860036,0,255,122.0,0.0,174.0,image_0_1550.jpg,overripe
24.760148148148147,2.189134104206564,0,40,24.0,24.0,25.0,91.26653333333333,31.878689224133552,0,233,88.0,65.0,114.0,163.824,57.5480294247046,6,255,161.0,136.0,202.0,image_0_1550.jpg,overripe
24.791874074074073,2.159957622799764,11,40,24.0,24.0,25.0,99.4337037037037,34.86552819982725,32,253,96.0,70.0,125.0,171.7105777777778,58.67688318207153,6,255,172.0,144.0,216.0,image_0_1550.jpg,overripe
21.784340021991852,2.3012317264259243,2,36,22.0,21.0,23.0,74.74633098372222,28.883003689490295,16,185,72.0,54.0,94.0,173.8102090497105,44.434270857134706,8,255,173.0,144.0,207.0,image_0_156.jpg,overripe
23.026059708512626,10.586199636885807,0,175,22.0,22.0,23.0,94.88768265631059,40.48385824276837,0,219,96.0,66.0,122.0,164.99661223789334,53.129030145037305,0,255,165.0,133.0,199.0,image_0_156.jpg,overripe
22.3979317489878,1.5061125031114142,13,35,22.0,22.0,23.0,100.68038720913233,34.64151698857548,31,225,100.0,74.0,124.0,162.70197863103903,50.08308586845639,7,255,163.0,130.0,195.0,image_0_156.jpg,overripe
18.821084210994655,15.248893805371718,0,172,22.0,19.0,23.0,74.33337358816762,56.11523732812497,0,225,82.0,12.0,119.0,125.92737604159383,79.65973721844715,0,255,145.0,75.0,182.0,image_0_156.jpg,overripe
30.019315964431676,36.35111557055265,0,179,22.0,20.0,23.0,59.94691446695184,24.285670185671226,5,160,59.0,46.0,72.0,174.5866040386192,53.14056706356318,5,255,181.0,139.0,218.0,image_0_156.jpg,overripe
23.483288645314634,3.6488842544382614,7,36,22.0,21.0,24.0,121.63276270170994,28.68655004446414,68,248,120.0,98.0,143.0,114.98005244703734,38.66834820771549,8,255,117.0,92.0,139.0,image_0_1585.jpg,overripe
23.59304438355088,4.016477051238377,0,37,23.0,21.0,25.0,139.12872113694178,32.73585616148099,75,255,139.0,112.0,166.0,147.5384660714812,63.3602746797406,0,255,140.0,103.0,193.0,image_0_1585.jpg,overripe
19.456318689413358,14.214764096731718,0,172,21.0,20.0,24.0,65.46563933331369,46.159454799463504,0,175,68.0,29.0,104.0,140.13623461700894,85.13077678334987,0,255,157.0,95.0,200.0,image_0_1585.jpg,overripe
23.488160130430085,3.6401557569391763,8,36,22.0,21.0,24.0,91.78253140438237,33.70041764326116,29,240,90.0,64.0,117.0,166.77106966420146,51.15353917366116,8,255,162.0,139.0,198.0,image_0_1585.jpg,overripe
24.126177357415756,13.72420387339129,0,175,22.0,21.0,24.0,83.77850457192807,39.08993841460901,0,236,86.0,57.0,114.0,170.2801791449365,56.14174666055103,0,255,165.0,142.0,209.0,image_0_1585.jpg,overripe
24.4269323156085,1.6059336035756915,6,35,24.0,24.0,25.0,85.20078524136417,32.02401588912966,31,246,80.0,59.0,107.0,188.58921146647484,50.76775873176855,6,255,186.0,157.0,237.0,image_0_1589.jpg,overripe
24.688061648763,12.484859293242817,0,175,24.0,23.0,25.0,78.92560935461451,37.248754118432885,0,242,76.0,55.0,105.0,185.75134429907453,57.98600601413808,0,255,186.0,157.0,238.0,image_0_1589.jpg,overripe
26.421043005377197,26.766275269675567,0,179,23.0,20.0,24.0,70.80357992025654,25.005807640921343,10,230,68.0,56.0,81.0,163.81758989428505,61.21370070437339,0,252,177.0,113.0,216.0,image_0_1589.jpg,overripe
20.26778681428554,17.757775165680965,0,172,24.0,15.0,25.0,61.05507663419214,47.97641336747094,0,177,64.0,1.0,100.0,138.92724324192505,89.00257175712181,0,255,162.0,60.0,203.0,image_0_1589.jpg,overripe
24.448941021545366,1.9448000440009388,0,34,24.0,24.0,25.0,98.00799873190836,36.499524212460514,35,255,92.0,68.0,124.0,199.21683147793644,49.73802647423256,0,255,203.0,173.0,248.0,image_0_1589.jpg,overripe
62.54255650980474,65.81158309274956,0,179,21.0,16.0,143.0,46.941005219488865,21.567236275115242,4,153,50.0,30.0,63.0,144.6037139470565,57.178198451026354,2,255,138.0,94.0,193.0,image_0_1592.jpg,overripe
16.936347189585977,16.11424423553531,0,172,21.0,0.0,22.0,63.4618623801701,48.551215800976436,0,174,70.0,0.0,102.0,144.43525546382747,98.87005203675164,0,255,177.0,0.0,234.0,image_0_1592.jpg,overripe
21.670579550416935,2.768869561407424,0,32,22.0,21.0,22.0,139.75542223793383,30.48922526018463,81,255,137.0,114.0,163.0,155.7777038407952,74.69098360414617,0,255,160.0,91.0,224.0,image_0_1592.jpg,overripe
21.73409719478467,14.46039615119093,0,176,21.0,21.0,22.0,78.3297947555574,37.828781654939725,0,238,78.0,57.0,104.0,170.92458774355882,75.80983244627497,0,255,185.0,122.0,242.0,image_0_1592.jpg,overripe
21.310008525858304,1.2369167496360676,11,32,21.0,21.0,22.0,88.30696209112271,30.5757846326028,35,240,84.0,64.0,108.0,168.1498887479465,70.11370270193558,10,255,179.0,111.0,233.0,image_0_1592.jpg,overripe
22.246454282167978,4.138521624734363,0,177,22.0,21.0,23.0,85.03340504757965,27.208684050201203,0,194,86.0,64.0,105.0,175.07514273893256,49.18460144886613,0,255,169.0,148.0,209.0,image_0_1787.jpg,overripe
22.270806785271,1.7899556703817048,0,172,22.0,21.0,23.0,86.16547786512206,26.569602705895655,29,208,87.0,64.0,106.0,173.98042201075714,49.8755136851511,4,255,168.0,147.0,207.0,image_0_1787.jpg,overripe
22.252660322714107,1.8031675106955622,0,174,22.0,21.0,23.0,104.29904840711626,27.350168710834367,46,230,105.0,82.0,125.0,148.36554406288786,35.0860781716706,5,238,150.0,135.0,172.0,image_0_1787.jpg,overripe
37.94767894083574,48.98437924274224,0,179,21.0,18.0,22.0,61.97988415390981,16.93493599285668,15,174,63.0,52.0,72.0,163.44012412081094,65.79002212082759,3,255,176.0,101.0,223.0,image_0_1787.jpg,overripe
22.71786512205213,11.419972606874254,0,175,22.0,21.0,23.0,80.73633429871742,32.51423628314979,0,200,85.0,60.0,104.0,175.5462887877534,55.34447161512742,0,255,170.0,148.0,216.0,image_0_1787.jpg,overripe
21.852516382115635,1.0690363395301477,8,30,22.0,21.0,22.0,103.84706124905273,25.76008618685251,34,181,106.0,88.0,122.0,148.5948602505238,41.7087547122788,12,255,151.0,136.0,169.0,image_0_1788.jpg,overripe
21.745469843534078,12.945851173798236,0,176,22.0,21.0,22.0,89.05012704497838,37.19312774543625,0,163,98.0,76.0,114.0,138.20600231801365,51.77435018977611,0,255,142.0,126.0,162.0,image_0_1788.jpg,overripe
22.091689698212456,6.8406505937782836,0,177,22.0,21.0,22.0,97.8238031025721,27.03166502536462,0,162,102.0,84.0,116.0,142.3589187803682,41.28950088703992,0,255,143.0,128.0,162.0,image_0_1788.jpg,overripe
21.870609147238444,1.0666098916617257,8,30,22.0,22.0,22.0,100.25882071056033,23.985986023148858,32,172,102.0,86.0,116.0,140.67609102661257,40.282174268359455,10,255,142.0,127.0,161.0,image_0_1788.jpg,overripe
20.628164980163152,12.543051631747296,0,174,22.0,21.0,22.0,86.62873333927696,40.60283132343082,0,172,97.0,72.0,114.0,132.90218093879554,58.06719239911882,0,255,142.0,123.0,162.0,image_0_1788.jpg,overripe
21.858708260322317,15.102653182213981,0,172,25.0,23.0,26.0,66.71480869057315,45.968149041127546,0,211,70.0,25.0,104.0,131.2581258175177,79.67773635118932,0,255,142.0,84.0,180.0,image_0_1796.jpg,overripe
25.39742672162031,1.9137826910702491,0,36,25.0,24.0,26.0,105.0909449887707,31.48195278193762,42,255,104.0,79.0,128.0,151.95600417910939,43.68103136244881,0,255,151.0,130.0,183.0,image_0_1796.jpg,overripe
25.833559564648684,12.005396315221677,0,172,25.0,24.0,26.0,83.02787169805111,35.008288671096054,0,218,86.0,60.0,108.0,163.12026456724007,57.60850779236114,0,255,155.0,133.0,201.0,image_0_1796.jpg,overripe
25.48717885436462,13.189083280083766,0,172,25.0,24.0,26.0,81.06477619552967,37.0723201133049,0,208,84.0,58.0,108.0,159.74015482448564,61.45483475323804,0,255,154.0,131.0,198.0,image_0_1796.jpg,overripe
25.394646133089825,1.8866198869376984,6,36,25.0,24.0,26.0,89.01564698042894,29.334918252075532,30,232,88.0,64.0,110.0,162.15420749113585,53.1444263686558,8,255,154.0,132.0,195.0,image_0_1796.jpg,overripe
27.766299465240643,30.208282040628355,0,179,23.0,20.0,23.0,72.73980748663102,30.56801306677683,8,161,74.0,52.0,92.0,163.46089839572193,60.1577413143853,8,255,175.0,117.0,213.0,image_0_1830.jpg,overripe
24.76823529411765,13.859014193871081,0,175,23.0,23.0,24.0,91.06368983957219,44.6262760091995,0,187,91.0,58.0,128.0,173.05696256684493,64.09362024675698,0,255,177.0,144.0,225.0,image_0_1830.jpg,overripe
25.556823529411766,2.823062198644281,15,39,25.0,24.0,28.0,150.86101604278076,33.8131292576952,80,253,154.0,120.0,181.0,175.62272727272727,78.04840693900846,8,255,180.0,126.0,255.0,image_0_1830.jpg,overripe
23.83320855614973,2.0156656188429705,16,37,23.0,23.0,24.0,98.6519679144385,36.637204679335845,31,194,96.0,66.0,129.0,169.26464171122996,62.182512432879484,6,255,174.0,140.0,214.0,image_0_1830.jpg,overripe
24.312598930481283,10.932812486297092,0,176,23.0,23.0,24.0,93.76633155080214,42.11981367324271,0,187,93.0,62.0,128.0,170.66544385026737,63.455510352591205,0,255,175.0,141.0,219.0,image_0_1830.jpg,overripe
22.189723231171016,1.5007492875175297,8,35,22.0,22.0,23.0,99.76617986972053,35.658788734575054,29,247,98.0,72.0,125.0,177.7205595413202,51.691577963870145,8,255,177.0,152.0,214.0,image_0_1839.jpg,overripe
21.448300963587787,2.1181461543874383,6,35,22.0,21.0,22.0,82.26459640380632,31.091184846074785,20,222,79.0,59.0,103.0,180.46055593912286,45.80314758721006,9,255,185.0,157.0,212.0,image_0_1839.jpg,overripe
22.70916759223126,2.885167389068852,0,35,22.0,22.0,24.0,145.15944976435625,33.238833222635336,74,255,146.0,119.0,172.0,168.57025785729294,64.90202428064583,0,255,159.0,127.0,235.0,image_0_1839.jpg,overripe
17.897239816287936,15.960858879957138,0,172,22.0,0.0,22.0,68.66082310209228,53.77734533200947,0,193,74.0,0.0,114.0,133.41236904511752,88.51261080877731,0,255,159.0,35.0,196.0,image_0_1839.jpg,overripe
22.827214600906554,13.754691754448482,0,177,22.0,21.0,23.0,88.64153633716568,43.52119885736832,0,243,91.0,61.0,121.0,176.26738060216732,60.404885989274746,0,255,178.0,152.0,220.0,image_0_1839.jpg,overripe
22.2791191274441,11.433512714454627,0,174,22.0,21.0,22.0,88.59817553343557,38.50102082747336,0,224,88.0,64.0,115.0,162.81553482166836,65.5144726263644,0,255,170.0,118.0,212.0,image_0_1856.jpg,overripe
22.302093891588914,2.7674752106810367,0,36,22.0,21.0,23.0,133.34080966118287,31.773333469615213,69,255,131.0,108.0,159.0,150.84116918332163,67.50609400190412,0,255,158.0,94.0,191.0,image_0_1856.jpg,overripe
23.647633651272187,24.757249395708133,0,179,21.0,18.0,22.0,76.99723644428273,30.928384125028256,10,230,78.0,56.0,95.0,172.49210350772321,54.19530966686947,10,255,183.0,129.0,217.0,image_0_1856.jpg,overripe
21.821001290814426,2.192045987680064,8,35,22.0,21.0,22.0,94.31690793634293,31.835036593231138,34,238,90.0,70.0,116.0,160.79547088736993,62.26190317870747,8,255,167.0,113.0,207.0,image_0_1856.jpg,overripe
16.282151241867435,16.244001084814606,0,174,21.0,0.0,22.0,59.323301366184126,51.580567501602104,0,194,67.0,0.0,98.0,114.90596113695628,93.69793143709353,0,255,128.0,0.0,193.0,image_0_1856.jpg,overripe
24.857038297386957,12.489453306074317,0,176,24.0,23.0,25.0,76.05259355721795,36.367088376207676,0,223,75.0,54.0,99.0,172.84422497457297,57.25716336629746,0,255,172.0,142.0,215.0,image_0_1863.jpg,overripe
24.652367327927912,2.414804788791488,0,34,24.0,24.0,25.0,116.72399076071976,34.77517860980569,52,255,114.0,89.0,139.0,160.99035198616008,45.95496303637663,0,255,162.0,135.0,189.0,image_0_1863.jpg,overripe
24.520973736490404,1.8986428435846394,5,35,24.0,23.0,25.0,84.77369466650191,30.39158303180836,30,224,82.0,61.0,102.0,169.51377812419798,50.42278113601868,8,255,167.0,138.0,204.0,image_0_1863.jpg,overripe
24.593386120167676,1.9356816561791226,0,34,24.0,23.0,25.0,111.4462230164539,32.239324047867484,52,255,108.0,86.0,131.0,145.76597625543,40.82586875625248,0,255,147.0,123.0,170.0,image_0_1863.jpg,overripe
24.925429883178236,9.304365611234406,0,175,24.0,23.0,25.0,80.39431385036548,33.11244817444425,0,221,78.0,58.0,100.0,173.28029618927218,51.31250595292447,0,255,170.0,142.0,211.0,image_0_1863.jpg,overripe
23.786864024711416,10.64009005819674,0,174,23.0,22.0,24.0,91.57109442653977,41.23621539792655,0,183,92.0,64.0,120.0,178.02394364939784,62.23283209570545,0,255,185.0,153.0,226.0,image_0_1886.jpg,overripe
19.16929284993706,14.383191240501276,0,172,23.0,21.0,24.0,70.172828153875,49.62784907398272,0,192,80.0,18.0,108.0,147.84925856820192,88.29518982630186,0,255,173.0,98.0,212.0,image_0_1886.jpg,overripe
39.22661655343576,46.78976983846656,0,179,22.0,18.0,23.0,63.02354191031398,24.954790064067726,4,140,68.0,46.0,78.0,156.51585083874193,61.04353401446755,0,255,163.0,107.0,208.0,image_0_1886.jpg,overripe
23.833072946890095,9.97223825266029,0,177,23.0,22.0,24.0,92.30741074696687,40.395036354358304,0,183,92.0,65.0,120.0,179.02243489594957,60.90021315304002,0,255,185.0,154.0,226.0,image_0_1886.jpg,overripe
24.812084311642398,2.822720290542723,16,39,24.0,23.0,26.0,141.1903796880719,34.15192717704113,67,254,142.0,114.0,170.0,180.98999223304438,69.04760542990886,9,255,185.0,144.0,255.0,image_0_1886.jpg,overripe
21.44888771186441,1.1976821860357225,13,35,21.0,21.0,22.0,89.99520127118645,32.25851464693375,35,241,84.0,64.0,112.0,167.45530720338982,67.37343544306901,8,255,175.0,119.0,226.0,image_0_1895.jpg,overripe
21.414120762711864,13.675420150109705,0,175,21.0,21.0,22.0,80.1064936440678,39.85530349034069,0,234,80.0,56.0,108.0,167.47897245762712,74.19797043260037,0,255,177.0,126.0,234.0,image_0_1895.jpg,overripe
21.21169491525424,1.2653527042865682,13,35,21.0,21.0,22.0,86.0113877118644,31.79743366520166,29,239,80.0,61.0,106.0,170.89449152542372,62.35120229220785,9,255,185.0,131.0,224.0,image_0_1895.jpg,overripe
16.305656779661017,14.40256148478033,0,172,21.0,0.0,22.0,62.42662076271186,48.96998839894307,0,180,66.0,0.0,101.0,143.11599576271186,98.70325582389505,0,255,174.0,0.0,232.0,image_0_1895.jpg,overripe
21.3854343220339,1.689690111095482,0,170,21.0,21.0,22.0,89.18189618644068,32.32261167074895,0,240,84.0,64.0,110.0,167.84925847457626,67.14221932566397,0,255,175.0,120.0,227.0,image_0_1895.jpg,overripe
21.215149404912637,3.6453872662778433,0,177,21.0,21.0,22.0,87.35182957710813,30.88294789108515,0,236,84.0,64.0,107.0,165.8261374187558,65.92009772380206,0,255,175.0,119.0,217.0,image_0_1912.jpg,overripe
20.05050856756985,2.4214885883891464,5,172,21.0,19.0,21.0,77.1382206465772,28.87594245467149,22,230,74.0,58.0,92.0,172.85139697813793,56.05670309347615,10,255,180.0,144.0,217.0,image_0_1912.jpg,overripe
20.32238119355111,2.07404394326549,6,172,21.0,19.0,22.0,85.01565797248249,31.584423834217514,25,248,80.0,64.0,102.0,175.6666350130835,56.32870026318419,11,255,186.0,148.0,219.0,image_0_1912.jpg,overripe
22.134232295095806,12.853907960949114,0,175,21.0,21.0,22.0,82.6032117835739,35.37891312199825,0,236,82.0,59.0,106.0,168.05858023128218,68.08269131628363,0,255,178.0,124.0,223.0,image_0_1912.jpg,overripe
16.27724318392842,16.630809054439155,0,172,21.0,0.0,22.0,61.62394488056048,49.985655494842646,0,174,70.0,0.0,102.0,136.72210264201908,98.76647351406544,0,255,170.0,0.0,217.0,image_0_1912.jpg,overripe
27.627714588484633,25.437551500105478,0,179,24.0,22.0,25.0,67.03460967855881,26.308539570018024,8,201,66.0,52.0,82.0,168.43987990109503,58.689338065178816,3,255,180.0,126.0,216.0,image_0_1934.jpg,overripe
25.424380077711056,2.594824161516503,0,38,25.0,24.0,26.0,133.71016601907453,36.051104986673366,55,255,135.0,102.0,166.0,173.35451077357826,67.20870530814629,0,255,184.0,138.0,228.0,image_0_1934.jpg,overripe
25.363800777110562,12.594268407344147,0,175,24.0,23.0,25.0,89.31644648534088,41.03638488685377,0,186,91.0,61.0,120.0,161.41608618862594,63.944907670886025,0,255,161.0,135.0,205.0,image_0_1934.jpg,overripe
24.76380784175203,2.3153571546542424,13,38,24.0,23.0,25.0,96.62618862592723,33.33699138845732,29,241,95.0,68.0,122.0,161.15159307665135,59.96382266897581,6,255,161.0,136.0,200.0,image_0_1934.jpg,overripe
25.48561638996821,11.191691617008996,0,172,24.0,23.0,26.0,81.35545743553514,43.24475357574761,0,241,80.0,50.0,115.0,148.07890498057225,70.49792127176667,0,255,153.0,98.0,196.0,image_0_1934.jpg,overripe
25.889194425348414,8.202437373036155,0,172,25.0,24.0,27.0,85.02109868133242,33.643422274293506,0,172,84.0,61.0,109.0,128.62091119305043,61.64188460433033,0,255,131.0,81.0,164.0,image_0_1952.jpg,overripe
25.538453846634585,3.1659691050667202,15,38,25.0,24.0,27.0,89.03061058683832,30.91345536858883,30,183,86.0,64.0,112.0,125.17685144678458,60.91475454398073,5,255,129.0,77.0,161.0,image_0_1952.jpg,overripe
40.24917192675458,41.29031625371719,0,178,25.0,22.0,28.0,42.407287044559716,20.54317083677471,4,112,43.0,27.0,55.0,153.96517717642647,64.9499731032068,0,255,164.0,101.0,209.0,image_0_1952.jpg,overripe
25.52030498093869,3.1704810455358436,14,39,25.0,24.0,27.0,87.26554590338104,27.266528968515754,36,170,85.0,65.0,108.0,109.05558402599837,51.23847710829169,5,221,115.0,68.0,141.0,image_0_1952.jpg,overripe
18.995625273420412,18.914062149664826,0,172,23.0,0.0,28.0,45.9201424910943,46.4867494159652,0,183,36.0,0.0,82.0,69.53377913880382,70.26504768350758,0,255,58.0,0.0,119.0,image_0_1952.jpg,overripe
20.63590986363801,18.75416021286504,0,172,23.0,0.0,34.0,42.25113032155387,45.079361744473374,0,227,34.0,0.0,66.0,58.49327232611133,64.52900142108493,0,255,43.0,0.0,85.0,image_0_2070.jpg,overripe
25.53730965385033,13.286907573589184,0,170,23.0,22.0,25.0,80.21396534886244,42.48986942551264,0,223,76.0,50.0,108.0,107.42167323760263,64.35836015501867,0,255,105.0,52.0,150.0,image_0_2070.jpg,overripe
24.915126415162586,4.240689384369384,12,44,23.0,22.0,25.0,87.20770788874019,37.55419793670165,31,228,79.0,56.0,113.0,107.04523094729988,60.75863723854334,5,255,106.0,51.0,154.0,image_0_2070.jpg,overripe
24.894238072846964,4.182354340079867,13,43,24.0,22.0,26.0,89.62901942344558,35.72589466981902,36,227,82.0,60.0,114.0,97.89130827937932,57.10216007652029,5,255,96.0,45.0,141.0,image_0_2070.jpg,overripe
25.158552465005243,13.142205437440435,0,174,23.0,22.0,25.0,77.3639454552031,42.99313718326995,0,223,75.0,48.0,105.0,106.70987810612363,64.80163100620588,0,255,104.0,53.0,149.0,image_0_2070.jpg,overripe
25.83258469192362,13.862721084887877,0,174,25.0,25.0,28.0,76.46753699958839,37.82462085476981,0,159,80.0,52.0,106.0,168.28783621754147,67.34902577595133,0,255,165.0,135.0,230.0,image_0_2095.jpg,overripe
31.700495713953362,31.355354591109073,0,179,25.0,23.0,28.0,74.07032158771632,24.389900613634474,12,234,73.0,59.0,88.0,163.487034485227,64.64267097733808,3,255,180.0,110.0,217.0,image_0_2095.jpg,overripe
19.785241325005817,16.898882850731933,0,172,25.0,0.0,27.0,59.488931441149624,47.84356796420672,0,158,65.0,0.0,102.0,125.07117163871938,91.27516167005267,0,255,144.0,0.0,189.0,image_0_2095.jpg,overripe
26.183405214839205,1.916293882674026,5,35,26.0,25.0,28.0,87.18191091465488,29.978152556984504,30,234,89.0,62.0,110.0,171.46224878755882,53.39627607935877,8,255,162.0,136.0,216.0,image_0_2095.jpg,overripe
26.77156892571449,11.373774332241359,0,174,26.0,25.0,28.0,81.49605397376475,33.76133673373527,0,230,85.0,57.0,108.0,174.2883462481433,56.933882867746405,0,255,165.0,138.0,228.0,image_0_2095.jpg,overripe
21.918610176103712,8.91241264766367,0,176,23.0,20.0,24.0,107.1494855931059,58.58400709296456,0,240,102.0,68.0,138.0,117.19633488213906,63.584080905924296,0,255,130.0,60.0,163.0,image_0_2116.jpg,overripe
22.849073967560106,7.164403221877646,0,177,23.0,21.0,25.0,124.55480921681112,51.963882412344574,36,245,114.0,84.0,151.0,108.53008167491085,55.3397594705398,0,255,112.0,59.0,153.0,image_0_2116.jpg,overripe
18.133310659751224,13.913365377143334,0,177,22.0,13.0,24.0,70.2792001560476,54.24158830425676,0,244,72.0,13.0,114.0,103.41392124598002,77.84908312099488,0,255,119.0,15.0,162.0,image_0_2116.jpg,overripe
22.846278114825022,7.165731842715889,0,177,23.0,22.0,25.0,120.99565367437069,52.82843943880364,31,244,110.0,80.0,148.0,112.87287622724931,58.701280571885974,0,255,119.0,57.0,159.0,image_0_2116.jpg,overripe
22.667713652664062,7.011837137799518,0,177,23.0,21.0,24.0,87.219166845888,44.979912341632186,15,193,78.0,52.0,110.0,125.06000830253227,75.84984446765985,0,255,139.0,37.0,186.0,image_0_2116.jpg,overripe
22.028275079743025,6.174414292724499,0,176,22.0,21.0,22.0,98.40841906644503,26.40245328779035,0,165,102.0,84.0,116.0,143.66957185857407,41.76926301707744,0,255,143.0,128.0,163.0,image_0_214.jpg,overripe
22.339621052158677,10.067090338554227,0,177,22.0,21.0,22.0,95.35422188777574,30.01709848499271,0,168,100.0,82.0,116.0,143.70107596927085,44.758755175803145,0,255,143.0,128.0,164.0,image_0_214.jpg,overripe
21.531745586055077,1.3736948361332864,3,30,22.0,21.0,22.0,84.97816051934049,23.852881830497555,21,165,86.0,69.0,102.0,173.7108809919583,47.488807643160015,9,255,177.0,149.0,207.0,image_0_214.jpg,overripe
18.55485421627207,14.295192639263188,0,177,22.0,20.0,22.0,76.57582887820656,47.149489775669295,0,166,93.0,39.0,112.0,119.46244215822813,71.08335635714658,0,255,138.0,81.0,161.0,image_0_214.jpg,overripe
21.86357203827665,1.0876385257333647,12,30,22.0,22.0,22.0,99.94663394581967,24.200869697392598,32,175,102.0,86.0,117.0,142.22271328451413,41.410652010111654,8,255,142.0,128.0,162.0,image_0_214.jpg,overripe
21.992931798602967,2.59746878321626,15,37,22.0,21.0,22.0,94.32966257382171,32.75905191459765,34,237,90.0,68.0,118.0,147.82597278586775,64.50456105980686,6,255,151.0,95.0,194.0,image_0_2154.jpg,overripe
22.370784767558927,11.373063399612873,0,174,22.0,21.0,22.0,87.778311727402,39.697611511818664,0,231,86.0,62.0,116.0,153.49845869617113,66.4626045484843,0,255,157.0,104.0,203.0,image_0_2154.jpg,overripe
21.988738621856413,2.610392435012643,15,37,22.0,21.0,23.0,81.39584003653461,26.17035645503272,34,196,78.0,60.0,100.0,129.68290657726757,56.37705265773503,4,235,132.0,85.0,168.0,image_0_2154.jpg,overripe
21.976750703187438,2.6073830683507775,15,38,22.0,21.0,22.0,90.43321535699087,27.997328543222626,40,212,86.0,68.0,110.0,125.92483419307295,53.83589785525906,4,224,131.0,82.0,165.0,image_0_2154.jpg,overripe
22.531101124061983,11.187011986645237,0,175,22.0,21.0,22.0,88.40418487342626,39.06248236403471,0,228,87.0,63.0,116.0,152.55407018381476,66.61177086057246,0,255,156.0,100.0,202.0,image_0_2154.jpg,overripe
16.931244848755615,16.290448433932927,0,177,19.0,0.0,22.0,52.77113454472628,45.19589279450453,0,184,56.0,0.0,83.0,97.15683661600795,80.87805838838905,0,255,101.0,0.0,155.0,image_0_2156.jpg,overripe
23.007571847823574,4.869854837451118,0,38,22.0,20.0,25.0,133.42524051978464,34.19948022086464,68,255,129.0,107.0,161.0,139.13224929326853,71.63409598293876,0,255,127.0,83.0,198.0,image_0_2156.jpg,overripe
22.670212520123552,12.07371161066336,0,174,21.0,19.0,24.0,77.60134952974434,38.27794633705055,0,241,76.0,53.0,105.0,145.46132041317793,66.83501202178104,0,255,149.0,100.0,187.0,image_0_2156.jpg,overripe
22.592445098326184,12.923889637050364,0,175,21.0,19.0,24.0,76.35120125093397,38.988869682644534,0,241,75.0,51.0,104.0,143.5409750198347,68.11911284818655,0,255,148.0,96.0,186.0,image_0_2156.jpg,overripe
22.696948922764072,4.5286983813202415,6,38,21.0,20.0,24.0,86.77054142948477,32.41485813571296,29,245,81.0,63.0,109.0,146.69481524845366,58.75631006265293,8,255,148.0,107.0,182.0,image_0_2156.jpg,overripe
22.25885198655047,13.138737322025726,0,175,22.0,21.0,23.0,84.73027173540109,45.70249322398451,0,213,88.0,54.0,116.0,158.37433953201125,63.816870592557805,0,255,161.0,132.0,197.0,image_0_216.jpg,overripe
24.121054347080218,2.9902322744393883,0,41,23.0,22.0,26.0,158.47732107321758,32.91477588142883,84,255,161.0,131.0,184.0,175.30680882453854,70.40782990890716,0,255,174.0,123.0,255.0,image_0_216.jpg,overripe
22.64452240444658,1.7491774493141772,13,40,22.0,22.0,23.0,98.25476051602278,34.40486341622399,30,216,96.0,70.0,121.0,157.08978075893776,52.950232702197596,7,255,158.0,129.0,188.0,image_0_216.jpg,overripe
22.584351197419885,11.89493467943257,0,172,22.0,22.0,23.0,87.55243429630139,44.11130650761836,0,190,90.0,58.0,118.0,156.29257874150827,61.66305995354719,0,255,158.0,127.0,193.0,image_0_216.jpg,overripe
22.48426885335895,1.823357935633529,10,40,22.0,22.0,23.0,85.79480889315857,32.027271740392905,23,198,83.0,60.0,107.0,162.4896212173197,49.5495434410078,5,255,164.0,138.0,197.0,image_0_216.jpg,overripe
21.235284394267484,1.205985932090433,8,34,21.0,21.0,22.0,96.92015306544126,34.203138506475085,36,247,92.0,72.0,114.0,176.22013488272145,53.73907600213376,6,255,184.0,156.0,215.0,image_0_2168.jpg,overripe
19.26767443013703,6.178991939421324,0,179,20.0,18.0,21.0,73.45824586343124,28.26254774179573,16,215,68.0,58.0,82.0,177.96437013405622,52.24753181145982,9,255,182.0,147.0,220.0,image_0_2168.jpg,overripe
21.52204241532638,8.469534177348118,0,175,21.0,21.0,22.0,82.94298890854093,34.0411668065502,0,223,80.0,61.0,100.0,178.91596277501364,55.66036796254738,0,255,184.0,150.0,221.0,image_0_2168.jpg,overripe
17.38852339785444,15.15938891516375,0,177,21.0,0.0,22.0,63.43569102600129,45.12381397112618,0,203,72.0,0.0,94.0,144.62024563201481,90.35722958904681,0,255,173.0,57.0,211.0,image_0_2168.jpg,overripe
21.58150817395904,8.086854474182944,0,176,21.0,21.0,22.0,82.87305982114816,32.77337534229753,0,222,80.0,61.0,100.0,178.89549895036117,54.845805572996426,0,255,183.0,150.0,221.0,image_0_2168.jpg,overripe
15.410993867742114,15.965721478158185,0,174,22.0,0.0,25.0,50.31414286503508,56.557374405144536,0,243,32.0,0.0,96.0,83.76753770509917,85.05347507087353,0,255,75.0,0.0,150.0,image_0_2178.jpg,overripe
24.81028672449036,3.322786586845995,0,51,24.0,23.0,26.0,132.60679520468483,64.13380817725582,29,244,116.0,81.0,219.0,133.97297939340368,66.53588632507768,0,255,128.0,72.0,183.0,image_0_2178.jpg,overripe
24.663615269874594,5.797915758058844,0,175,24.0,23.0,26.0,128.61344124634,65.92935396594085,0,243,113.0,78.0,216.0,134.6724821833048,67.77475080566171,0,255,130.0,73.0,185.0,image_0_2178.jpg,overripe
25.792574995856583,17.549876522701542,0,179,24.0,22.0,26.0,105.40354676537208,58.777868958049474,10,211,82.0,64.0,186.0,127.08933760565715,75.88694004080219,0,255,136.0,38.0,193.0,image_0_2178.jpg,overripe
24.257322799845312,8.722396908318611,0,170,24.0,23.0,26.0,122.07728854759405,68.96890305896206,0,243,108.0,72.0,177.0,135.817755925087,71.25485159768603,0,255,136.0,72.0,189.0,image_0_2178.jpg,overripe
26.367902266690038,2.2908549799348643,0,41,26.0,25.0,28.0,114.78866250455091,33.645934021723086,60,255,110.0,88.0,136.0,119.84494545650679,41.78076746066151,0,255,117.0,102.0,134.0,image_0_2198.jpg,overripe
26.331656800744327,2.5248714129658985,0,150,26.0,25.0,28.0,80.83171747953776,32.53724178611373,0,241,76.0,56.0,100.0,150.85960275616563,46.587890015774626,0,255,150.0,129.0,175.0,image_0_2198.jpg,overripe
26.377165895821253,2.266376802640049,0,70,26.0,25.0,28.0,81.60757001658554,32.53516054522181,29,242,76.0,56.0,102.0,150.41284502636157,47.004542502491766,0,255,150.0,129.0,175.0,image_0_2198.jpg,overripe
26.672563746443547,8.067672229075049,0,174,26.0,25.0,28.0,78.4439530211297,34.37648958186646,0,241,74.0,54.0,99.0,153.53687248014455,47.412367282464274,0,255,151.0,131.0,178.0,image_0_2198.jpg,overripe
15.645986434918623,17.82620005025137,0,172,24.0,0.0,27.0,33.545947330807294,37.22498145972299,0,138,18.0,0.0,68.0,92.00080905057915,90.95496926498504,0,255,115.0,0.0,164.0,image_0_2198.jpg,overripe
20.736238258169223,16.457455505882972,0,172,24.0,10.0,26.0,61.47832898906086,50.27984793518206,0,186,63.0,1.0,102.0,112.07588542361925,86.27455107092096,0,255,128.0,26.0,175.0,image_0_220.jpg,overripe
24.773439750444382,2.3353754362588948,10,42,24.0,23.0,25.0,76.11270049812764,26.085055882329186,24,193,74.0,55.0,96.0,157.58032220215972,59.58629259849597,1,255,154.0,127.0,200.0,image_0_220.jpg,overripe
25.371747943203616,17.846121384874955,0,179,24.0,22.0,25.0,65.65067833882514,25.197733444536173,8,195,64.0,51.0,80.0,170.83250546254206,56.428351805362134,2,255,180.0,134.0,216.0,image_0_220.jpg,overripe
24.25225351815812,12.259258276334176,0,174,24.0,23.0,25.0,85.86517532827946,42.11620041082129,0,186,89.0,61.0,116.0,157.57541820941032,67.71448006843107,0,255,161.0,132.0,202.0,image_0_220.jpg,overripe
25.38726086009569,11.127201764470938,0,175,24.0,23.0,25.0,89.23582725018092,38.0150068915632,0,216,90.0,64.0,116.0,164.05768163391483,61.90272945462678,0,255,164.0,136.0,207.0,image_0_220.jpg,overripe
21.53175364053574,2.2958873463536125,0,36,21.0,21.0,22.0,125.66645488118267,38.01909482561777,46,255,121.0,98.0,154.0,164.0480488316816,70.62897932142235,0,255,183.0,111.0,220.0,image_0_2210.jpg,overripe
21.77643394845671,9.543060523332658,0,172,21.0,21.0,22.0,95.77092563493099,37.01254077914147,0,228,94.0,74.0,121.0,158.32084366260304,73.42077144568135,0,255,176.0,118.0,212.0,image_0_2210.jpg,overripe
23.53966155923281,26.572392625692814,0,179,20.0,17.0,21.0,76.40395622847872,27.993116160780694,10,211,74.0,61.0,89.0,153.47035665053693,68.33457183660106,2,255,168.0,102.0,210.0,image_0_2210.jpg,overripe
21.15464122215352,10.284045177650638,0,172,21.0,20.0,22.0,90.20200364195395,40.89732216272976,0,232,90.0,68.0,116.0,157.44699028244997,73.99259522777398,0,255,174.0,118.0,211.0,image_0_2210.jpg,overripe
21.37881993884694,1.336338543557508,13,36,21.0,21.0,22.0,100.83045626535208,33.71548126590516,32,242,96.0,76.0,124.0,156.25095445288434,71.79902590751144,4,255,173.0,112.0,209.0,image_0_2210.jpg,overripe
22.36793478813258,3.6395299786293798,5,46,21.0,21.0,22.0,119.4643957026843,54.45529698304554,36,245,102.0,80.0,144.0,144.43641436368625,74.28744683263503,9,255,163.0,65.0,202.0,image_0_2216.jpg,overripe
21.10682305589153,10.095783810049118,0,172,21.0,20.0,22.0,102.37967414394178,58.03818504674234,0,242,95.0,70.0,128.0,143.69857806417514,79.9453161890378,0,255,166.0,62.0,204.0,image_0_2216.jpg,overripe
21.815615884212345,4.067192423772747,6,47,21.0,20.0,22.0,85.93524042810535,43.320720035757894,19,188,70.0,57.0,104.0,145.54446725685304,84.45594937705971,3,255,177.0,45.0,214.0,image_0_2216.jpg,overripe
22.407065974163253,4.499294406274952,0,47,21.0,21.0,22.0,136.57299236687774,56.703173421369655,48,255,120.0,95.0,163.0,152.95120798479473,67.79370167430645,0,255,169.0,105.0,203.0,image_0_2216.jpg,overripe
21.801147509325418,8.575327994923516,0,172,21.0,21.0,22.0,109.94824519499528,56.813023976005965,0,242,98.0,75.0,136.0,145.47290292416682,77.05851301324581,0,255,166.0,65.0,204.0,image_0_2216.jpg,overripe
24.540842306883746,1.4010280400306863,0,30,24.0,24.0,25.0,96.63761066081148,27.05847068900966,2,180,98.0,78.0,116.0,162.86619093223703,40.64922032121061,11,255,159.0,139.0,184.0,image_0_2273.jpg,overripe
27.028941159982246,23.024179133809547,0,179,24.0,23.0,24.0,69.66193852047371,19.468995307877396,8,167,70.0,58.0,80.0,180.54220293849713,57.578569601622796,0,255,195.0,152.0,225.0,image_0_2273.jpg,overripe
23.801546331550302,10.329325815257036,0,172,24.0,24.0,25.0,89.87180280768962,36.87046199895812,0,200,97.0,72.0,116.0,158.96920184064842,53.86492021773536,0,255,159.0,138.0,186.0,image_0_2273.jpg,overripe
24.546851276541076,1.3845078461108766,17,31,24.0,24.0,25.0,96.92484992174909,27.213908367049886,29,200,99.0,78.0,116.0,162.97414215972532,40.772517285345685,10,255,159.0,139.0,184.0,image_0_2273.jpg,overripe
24.509775524981897,1.6958926630452391,0,174,24.0,24.0,25.0,96.4473616593866,27.31172846121382,0,188,98.0,78.0,116.0,163.18787811543763,40.52385967426979,13,255,159.0,139.0,185.0,image_0_2273.jpg,overripe
24.02256914161676,15.362904755746907,0,179,22.0,20.0,24.0,63.88226059654631,25.101873847305615,12,194,64.0,46.0,80.0,172.98007636102875,59.012560410054576,0,255,186.0,145.0,217.0,image_0_2351.jpg,overripe
23.49625947244995,3.6183367125122445,8,36,22.0,21.0,24.0,92.49847859371668,33.24081034778295,29,240,92.0,66.0,118.0,163.79007500436072,52.81946845428933,5,255,160.0,138.0,195.0,image_0_2351.jpg,overripe
23.779667422524565,4.066683178012885,0,36,23.0,21.0,25.0,145.23274608988893,32.88058006695739,78,255,147.0,119.0,173.0,155.91263057929726,68.50836724314539,0,255,148.0,103.0,222.0,image_0_2351.jpg,overripe
20.237339380196524,14.024515221230876,0,174,22.0,20.0,24.0,72.44077175029555,48.93297594488943,0,240,78.0,33.0,114.0,134.8901583425393,77.292402165627,0,255,150.0,102.0,180.0,image_0_2351.jpg,overripe
23.558491772777487,13.627872628379208,0,176,22.0,21.0,24.0,82.60826210826211,40.14522870662838,0,239,86.0,56.0,114.0,166.75172006124387,60.345200052425874,0,255,164.0,142.0,207.0,image_0_2351.jpg,overripe
25.178424470774875,3.36790538618325,3,40,25.0,23.0,27.0,59.654380050567646,25.358397276930564,15,139,56.0,40.0,78.0,145.2219647017996,59.344606403475495,5,255,149.0,105.0,188.0,image_0_2402.jpg,overripe
19.041296911407468,18.896801137665285,0,172,24.0,0.0,27.0,48.908048683753904,47.62423522367928,0,179,45.0,0.0,86.0,87.14694363194685,82.94348636540673,0,255,72.0,0.0,151.0,image_0_2402.jpg,overripe
26.23518913291359,12.565982242135126,0,176,25.0,23.0,27.0,80.74525308611372,37.067123460195226,0,178,80.0,55.0,107.0,129.17453274503,66.02572257625718,0,255,131.0,78.0,168.0,image_0_2402.jpg,overripe
25.9368028357543,9.43586406660253,0,175,25.0,23.0,27.0,83.88832978037777,34.676004840901946,0,176,83.0,59.0,108.0,129.1296539586535,63.99073602006853,0,255,131.0,80.0,167.0,image_0_2402.jpg,overripe
25.57137722472857,3.1762426557482644,15,39,25.0,24.0,27.0,88.9314734024094,31.451821023824102,31,183,86.0,63.0,112.0,125.6191686083982,62.17151875424859,7,255,128.0,77.0,163.0,image_0_2402.jpg,overripe
22.328726191753116,8.96747487307233,0,172,23.0,22.0,24.0,115.62161679001753,64.25455262629045,0,229,110.0,70.0,167.0,129.38256641281419,79.69177199722796,0,255,153.0,33.0,185.0,image_0_2415.jpg,overripe
22.719837779582498,4.561993600370622,0,66,23.0,22.0,24.0,110.25274921724562,53.89506262812089,18,205,96.0,63.0,174.0,133.0642752435094,82.82087021650813,0,255,158.0,34.0,200.0,image_0_2415.jpg,overripe
23.20417503051848,4.354798874560199,0,66,23.0,22.0,24.0,130.99093894771252,57.41101523045042,30,229,120.0,83.0,198.0,128.34865131293319,75.25640919371497,0,255,151.0,42.0,182.0,image_0_2415.jpg,overripe
23.957601017452998,4.307799016454933,0,66,23.0,22.0,25.0,170.8017141426988,53.93273218756207,75,255,161.0,126.0,235.0,143.06149154931737,68.41818307928395,0,255,129.0,96.0,193.0,image_0_2415.jpg,overripe
17.41058212408636,15.018454900837899,0,172,23.0,0.0,24.0,72.41088858583227,65.74111269351717,0,222,71.0,0.0,116.0,106.9905456551386,92.17497049382271,0,255,142.0,0.0,180.0,image_0_2415.jpg,overripe
23.986835552309174,4.51999288476861,3,177,25.0,22.0,26.0,129.82811514326505,56.357328464785745,34,227,120.0,83.0,194.0,90.63357017165245,61.4732407647376,1,235,76.0,35.0,138.0,image_0_2457.jpg,overripe
23.09158670606594,10.478520459397206,0,177,25.0,22.0,26.0,122.14517414256781,70.88498415421085,0,244,116.0,69.0,192.0,107.39402038580297,69.1732299959995,0,255,102.0,51.0,155.0,image_0_2457.jpg,overripe
16.02535498079839,16.877759636320583,0,174,23.0,0.0,26.0,57.025598459444204,63.0249370268467,0,246,42.0,0.0,106.0,78.31924477350952,80.82903454182724,0,255,60.0,0.0,146.0,image_0_2457.jpg,overripe
22.715639076109213,8.307970498911871,0,175,25.0,22.0,27.0,152.86928516883032,70.9081892599747,35,255,141.0,92.0,239.0,147.72405015660104,86.41028739447206,0,255,164.0,65.0,226.0,image_0_2457.jpg,overripe
24.01789014686189,4.494171589875427,3,177,25.0,22.0,26.0,137.53403720796396,62.69935847254586,31,246,126.0,85.0,209.0,108.00507431632303,64.33826560876288,3,255,99.0,53.0,153.0,image_0_2457.jpg,overripe
23.55842667689898,5.715531694446847,0,177,25.0,22.0,26.0,154.52948009692662,65.23184867406096,44,254,141.0,99.0,233.0,131.76254553291247,68.82781409927428,0,255,135.0,74.0,182.0,image_0_2528.jpg,overripe
33.654885490967004,36.04642938620757,0,179,24.0,19.0,26.0,80.97186815035191,49.53469507072532,4,162,63.0,44.0,142.0,109.13838325965719,85.68684624184745,0,255,100.0,18.0,191.0,image_0_2528.jpg,overripe
23.247257512602037,7.623215578231513,0,177,24.0,22.0,26.0,136.50986349324825,68.21204882727125,0,244,124.0,80.0,217.0,113.0202263373404,63.85623722855095,0,255,106.0,59.0,156.0,image_0_2528.jpg,overripe
21.804869459176754,11.705464703710053,0,177,24.0,19.0,26.0,117.63814935320924,74.98173764946593,0,243,110.0,61.0,181.0,107.2040610364421,69.73193792849756,0,255,103.0,49.0,155.0,image_0_2528.jpg,overripe
23.29796002039454,5.661006155494035,0,177,25.0,22.0,26.0,140.90102866273844,65.71322262378813,31,245,127.0,85.0,220.0,112.36809516050188,62.00160543304145,0,255,105.0,59.0,154.0,image_0_2528.jpg,overripe
20.74472739549529,3.8454674382690834,3,40,21.0,19.0,23.0,145.64888691374355,53.12954969290355,51,234,138.0,98.0,204.0,78.28547854785478,43.646479105195844,16,202,65.0,40.0,115.0,image_0_2537.jpg,overripe
20.68526288954574,3.8084060985683785,5,42,21.0,19.0,23.0,145.62330418845642,66.83986884637092,31,253,136.0,86.0,220.0,126.54971509677064,60.98857741723911,27,255,120.0,78.0,171.0,image_0_2537.jpg,overripe
20.294439047245017,4.786001387583847,0,40,21.0,19.0,23.0,139.77560856294397,66.33141717975747,0,248,130.0,85.0,210.0,108.96944266451698,60.994758739040186,0,255,94.0,62.0,149.0,image_0_2537.jpg,overripe
19.77092333450464,5.8662369590874395,0,179,21.0,19.0,23.0,132.4059922693731,69.67160265994521,0,248,123.0,78.0,204.0,108.24622942461261,64.18892924987615,0,255,95.0,60.0,150.0,image_0_2537.jpg,overripe
20.42108146096447,4.15953079635176,0,179,21.0,19.0,22.0,138.75290243011776,67.02826549081372,2,249,128.0,82.0,213.0,113.83316108228777,59.94758267499528,23,255,99.0,66.0,152.0,image_0_2537.jpg,overripe
17.24908938493609,15.594085679172194,0,174,21.0,0.0,22.0,67.66242331174564,48.84213496384069,0,235,79.0,0.0,104.0,144.77815859168095,93.9088967944308,0,255,176.0,0.0,217.0,image_0_2554.jpg,overripe
21.22403727030616,1.1192586009720562,13,32,21.0,21.0,22.0,94.9497770754976,29.45836142351772,34,244,92.0,73.0,112.0,182.0305417695977,55.8756536846772,7,255,186.0,160.0,223.0,image_0_2554.jpg,overripe
21.666436694634232,9.213573938982467,0,177,21.0,21.0,22.0,91.70122923760562,33.01921902076721,0,240,90.0,71.0,111.0,185.43417977878175,54.38800813505205,0,255,188.0,162.0,227.0,image_0_2554.jpg,overripe
21.452926208651398,12.448093414691273,0,176,21.0,21.0,22.0,86.89482117819865,37.28906722471892,0,226,88.0,68.0,110.0,183.31491331538066,60.09756506514069,0,255,188.0,162.0,228.0,image_0_2554.jpg,overripe
19.848997396123117,3.2359830274872827,0,179,21.0,19.0,21.0,89.48874249808975,29.130288676925826,20,253,87.0,74.0,102.0,192.197575649671,48.79145726946397,7,255,201.0,172.0,227.0,image_0_2554.jpg,overripe
26.924609220698606,27.24232592627543,0,179,22.0,21.0,24.0,71.96557050956493,28.59214995077265,9,187,68.0,52.0,88.0,170.84423847412674,56.79221399263274,0,255,178.0,143.0,216.0,image_0_26.jpg,overripe
22.82510157440325,9.833477657427549,0,179,23.0,22.0,24.0,76.58056119857795,30.59658603809134,14,194,71.0,54.0,96.0,176.088708312172,51.852464439248436,0,255,180.0,149.0,216.0,image_0_26.jpg,overripe
23.932121494272334,10.876067153488146,0,175,23.0,22.0,24.0,91.26433327690312,41.34155338489397,0,210,92.0,64.0,121.0,171.7850925455674,53.39756951756647,0,255,172.0,147.0,205.0,image_0_26.jpg,overripe
23.630149257942556,2.3358571444186595,0,172,23.0,22.0,24.0,99.20715535240674,36.21641037713437,30,224,96.0,71.0,124.0,169.02434258789006,50.418320825817915,0,255,170.0,145.0,201.0,image_0_26.jpg,overripe
20.131256701089104,13.427182508536896,0,172,23.0,22.0,24.0,74.53833728344901,50.81729603768693,0,212,81.0,32.0,112.0,143.86025760397268,81.65037265215906,0,255,163.0,114.0,199.0,image_0_26.jpg,overripe
20.373824553006052,9.612813124453545,0,175,21.0,20.0,22.0,103.45886558769857,55.40277332961997,0,244,98.0,66.0,136.0,122.3924322653344,67.5935483202506,0,255,129.0,71.0,167.0,image_0_2600.jpg,overripe
20.70003290752984,3.2919727658248528,0,39,21.0,20.0,22.0,115.98228477976885,58.045421944839994,29,255,104.0,72.0,146.0,149.8235907101046,70.45707676488148,0,255,163.0,97.0,201.0,image_0_2600.jpg,overripe
20.46061068397802,9.2665137330233,0,175,21.0,20.0,22.0,104.83325355750341,55.19574115128571,0,245,99.0,68.0,136.0,122.41901257466519,67.07658712626504,0,255,129.0,71.0,166.0,image_0_2600.jpg,overripe
16.329863084731905,13.896222132993959,0,174,21.0,0.0,22.0,69.34895443802914,54.90941667762166,0,211,76.0,0.0,114.0,102.97398809345738,85.61131264222263,0,255,118.0,0.0,168.0,image_0_2600.jpg,overripe
20.634995662189247,3.028248495464142,5,39,21.0,20.0,22.0,116.04652426681027,52.37036988656997,34,248,106.0,76.0,143.0,119.66154605558381,63.66928957227075,4,255,124.0,69.0,163.0,image_0_2600.jpg,overripe
22.527645409950946,16.270230453528193,0,172,24.0,22.0,28.0,64.16967414155572,43.70421735175789,0,208,70.0,26.0,98.0,126.5655746320953,78.244835400755,0,255,138.0,80.0,175.0,image_0_2670.jpg,overripe
26.240679747722496,13.65174747820149,0,175,25.0,23.0,28.0,79.70901366503153,34.63061772471881,0,203,82.0,58.0,105.0,152.29511212333566,59.0481879865071,0,255,148.0,121.0,188.0,image_0_2670.jpg,overripe
26.905063069376315,18.72481842638635,0,179,24.0,22.0,28.0,60.703582690960054,20.684005186521695,10,176,57.0,46.0,74.0,166.94570777855643,58.416593094605915,0,255,178.0,124.0,214.0,image_0_2670.jpg,overripe
25.58507358093903,14.744585481736097,0,176,25.0,23.0,28.0,76.89766117729502,37.21188683081773,0,205,80.0,55.0,104.0,147.78298878766643,63.9069027521933,0,255,147.0,118.0,186.0,image_0_2670.jpg,overripe
25.692256482130343,3.3358629143612943,16,39,25.0,23.0,28.0,85.71206201822004,27.428920721181864,29,208,84.0,64.0,106.0,151.8186317449194,51.843846364215274,6,255,147.0,121.0,182.0,image_0_2670.jpg,overripe
23.470575523314636,3.6353900091530256,13,36,22.0,21.0,24.0,91.70392817500466,33.57820631313293,29,239,90.0,64.0,117.0,166.43710892606308,51.090956030777576,7,255,162.0,139.0,198.0,image_0_2678.jpg,overripe
23.36560808620571,3.909235727740678,0,38,22.0,21.0,24.0,98.16645874875987,37.638714912048734,29,255,96.0,68.0,127.0,184.27933361492293,47.15154869196441,0,255,190.0,161.0,218.0,image_0_2678.jpg,overripe
23.43305207115704,3.710905123598596,0,60,22.0,21.0,24.0,91.00910582202881,33.42196604182334,0,239,90.0,64.0,116.0,166.58214394467745,50.724922164223884,0,255,162.0,139.0,198.0,image_0_2678.jpg,overripe
19.524355863776115,14.272997574677959,0,172,21.0,20.0,23.0,65.53935542174592,46.075821611937,0,175,68.0,29.0,104.0,140.32100232802568,84.77022224520132,0,255,156.0,97.0,200.0,image_0_2678.jpg,overripe
23.392277241338665,10.996791200189275,0,176,22.0,21.0,24.0,83.94157343103838,39.69743634111766,0,237,86.0,55.0,115.0,169.0412856202666,58.16708161477111,0,255,165.0,141.0,210.0,image_0_2678.jpg,overripe
25.790250940382336,13.449678144661197,0,175,25.0,23.0,27.0,81.80097902818571,37.00941773595126,0,184,84.0,59.0,110.0,109.34594733858917,60.05963696795145,0,255,112.0,64.0,143.0,image_0_2722.jpg,overripe
22.622868037306127,13.822978120819956,0,172,25.0,21.0,27.0,66.78460349358478,44.56080135895849,0,191,70.0,30.0,101.0,95.02560931622611,69.02258283276832,0,255,95.0,36.0,140.0,image_0_2722.jpg,overripe
25.273622919565106,14.714527477412338,0,176,25.0,22.0,27.0,78.93219972174988,40.32417447596704,0,189,83.0,52.0,110.0,108.0480960478178,62.795284055828056,0,255,113.0,59.0,144.0,image_0_2722.jpg,overripe
25.13535322306384,3.3543331976394506,15,45,25.0,23.0,27.0,86.65681455145051,27.61623898458871,28,183,84.0,65.0,108.0,107.36731076415727,54.11318150631168,5,255,113.0,64.0,141.0,image_0_2722.jpg,overripe
33.29226567733292,33.06265739648723,0,179,24.0,22.0,27.0,52.46934611222755,25.260467132921143,3,149,54.0,32.0,69.0,153.0033493069511,62.329476585144796,0,255,163.0,103.0,203.0,image_0_2722.jpg,overripe
22.03628777188458,1.6451392964312792,11,35,22.0,21.0,23.0,102.4215609945988,34.76751411555694,32,237,102.0,78.0,127.0,148.02054644542844,58.61686535882273,6,255,156.0,123.0,181.0,image_0_2777.jpg,overripe
19.74538343632913,13.198776217528028,0,172,22.0,20.0,22.0,79.78886063938495,49.51112380284864,0,195,90.0,39.0,117.0,133.0590238917814,78.63642536998711,0,255,152.0,58.0,183.0,image_0_2777.jpg,overripe
22.004586151525473,1.7523706147412506,0,174,22.0,21.0,23.0,101.7707045885845,34.792518830712,0,236,102.0,77.0,126.0,148.11039608778162,58.59478095163325,6,255,156.0,123.0,181.0,image_0_2777.jpg,overripe
22.461948323682545,12.075227365786317,0,178,22.0,21.0,23.0,92.2248917327624,43.65191437456949,0,237,98.0,61.0,124.0,152.1088450683665,64.52578138650387,0,255,159.0,126.0,189.0,image_0_2777.jpg,overripe
33.754835531117706,40.830547108413285,0,179,22.0,20.0,23.0,62.037717142718115,25.295920404195794,4,179,59.0,46.0,76.0,163.65673811493357,60.85612911231493,5,255,174.0,113.0,214.0,image_0_2777.jpg,overripe
19.175359344912764,9.716804552136226,0,175,21.0,19.0,22.0,101.37623752747359,59.68236162369197,0,222,93.0,67.0,129.0,127.54884465018576,83.23476003111365,0,255,153.0,30.0,189.0,image_0_281.jpg,overripe
16.486642483418592,14.460846821962678,0,174,21.0,0.0,22.0,76.07893431622352,62.76059552355991,0,225,80.0,0.0,108.0,114.69303483554744,90.93640125872275,0,255,144.0,0.0,186.0,image_0_281.jpg,overripe
18.06574699006088,8.242545027671309,0,165,21.0,19.0,22.0,173.82194678388734,52.33837616247574,80,255,158.0,134.0,240.0,130.26645498220296,74.8111681558254,0,255,136.0,95.0,180.0,image_0_281.jpg,overripe
19.306751210783265,3.8605028335895746,0,179,20.0,17.0,21.0,98.7621224203995,49.3048690277132,18,202,78.0,61.0,154.0,140.5553556493494,88.20226857964748,0,255,169.0,25.0,218.0,image_0_281.jpg,overripe
20.28992667224243,3.5587952310383213,0,177,21.0,20.0,22.0,118.6602221228094,52.65166694436532,30,225,101.0,78.0,177.0,130.03475774609535,77.89090138884329,0,255,153.0,34.0,187.0,image_0_281.jpg,overripe
21.304374923622145,1.1101276511727676,12,33,21.0,21.0,22.0,119.40569473298301,28.4966017055574,64,251,116.0,96.0,135.0,152.64228278137603,47.518847589414825,11,255,155.0,139.0,169.0,image_0_2832.jpg,overripe
21.271844066968104,5.848632249522439,0,174,21.0,21.0,22.0,86.9281314921178,31.284280396752404,0,176,84.0,64.0,104.0,195.04987168520103,50.29986428394626,0,255,196.0,169.0,242.0,image_0_2832.jpg,overripe
16.16520835879262,16.143458034115497,0,174,21.0,0.0,21.0,56.30468043504827,44.23656668894728,0,167,66.0,0.0,92.0,145.93409507515582,102.11934666194908,0,255,184.0,0.0,238.0,image_0_2832.jpg,overripe
21.41866063790786,10.684959068799355,0,175,21.0,20.0,22.0,84.00826102896248,35.34630691988619,0,175,83.0,62.0,104.0,194.31355248686302,56.597838284046944,0,255,197.0,170.0,244.0,image_0_2832.jpg,overripe
21.228779176341195,1.0861578099963258,14,33,21.0,21.0,22.0,88.43495050714897,29.414748230046065,32,226,84.0,65.0,104.0,192.9113283636808,52.09298136081885,11,255,195.0,168.0,240.0,image_0_2832.jpg,overripe
21.453610906763224,15.845593777967533,0,172,24.0,23.0,25.0,65.41741107682313,43.27876079071918,0,177,70.0,33.0,96.0,147.91880117322225,79.78287844354693,0,255,163.0,119.0,203.0,image_0_2839.jpg,overripe
24.51854894954571,1.8578680593312025,5,35,24.0,23.0,25.0,85.33554347514546,29.328598028421226,30,225,82.0,63.0,104.0,167.01841041760215,49.02186976411617,10,255,165.0,138.0,199.0,image_0_2839.jpg,overripe
24.524415060810746,1.8711895995491048,5,35,24.0,23.0,25.0,92.20497950682628,28.01910767509435,39,225,89.0,71.0,110.0,145.39678414812408,38.155681659891684,10,220,148.0,125.0,171.0,image_0_2839.jpg,overripe
23.90767084810211,11.393009448553737,0,175,24.0,23.0,25.0,75.16683067574927,37.013966987341206,0,224,76.0,54.0,99.0,166.74610438620795,60.586194964401635,0,255,168.0,139.0,209.0,image_0_2839.jpg,overripe
47.443913670714345,53.139748613073195,0,179,23.0,19.0,28.0,49.60269993981026,16.413568256543105,4,155,50.0,38.0,59.0,137.59834334903363,64.57389571226985,0,255,140.0,78.0,191.0,image_0_2839.jpg,overripe
16.541093302118952,16.1316958320542,0,172,21.0,0.0,23.0,51.477782795837676,46.717503037432664,0,184,53.0,0.0,88.0,127.23927850539646,100.52715414699125,0,255,158.0,0.0,219.0,image_0_2858.jpg,overripe
23.90419089928754,13.583086041332525,0,176,23.0,21.0,25.0,78.5937307022314,38.24921553523346,0,239,75.0,56.0,106.0,175.81208697014665,66.23640266425271,0,255,178.0,132.0,243.0,image_0_2858.jpg,overripe
23.652534171451745,14.227576636091472,0,176,23.0,21.0,25.0,77.24904836078417,39.29060566173103,0,240,74.0,54.0,106.0,174.5078112758878,68.65311599125192,0,255,178.0,132.0,243.0,image_0_2858.jpg,overripe
23.402425873526457,2.5759740467911434,13,35,23.0,22.0,25.0,86.88245757947224,33.96818021648307,29,245,80.0,61.0,109.0,173.39333806464694,61.6121908826035,8,255,174.0,124.0,236.0,image_0_2858.jpg,overripe
23.356848576458336,2.5979416552229972,16,35,23.0,21.0,25.0,88.9916126713181,35.268655814557384,30,253,82.0,62.0,112.0,177.76779081449257,59.75641463043378,9,255,182.0,131.0,242.0,image_0_2858.jpg,overripe
24.45482692771196,14.44907087343721,0,172,24.0,22.0,26.0,72.2486419341083,47.26977298279053,0,222,68.0,39.0,100.0,111.06498322116543,72.48956190998986,0,255,103.0,51.0,168.0,image_0_2876.jpg,overripe
25.294714203607914,4.331750477873747,0,44,24.0,23.0,27.0,109.7985612844615,40.91448082802885,48,255,98.0,76.0,139.0,107.21013404527504,69.97800664942447,0,255,90.0,45.0,157.0,image_0_2876.jpg,overripe
25.005265402228527,4.264992042292908,11,43,24.0,22.0,26.0,88.12190147764986,36.674613334670276,34,223,77.0,59.0,112.0,103.58134490238612,62.05772529418315,2,255,94.0,47.0,152.0,image_0_2876.jpg,overripe
25.24630587537312,4.325616240972923,13,43,24.0,23.0,26.0,109.08908541446502,39.77886921051467,50,254,98.0,77.0,137.0,102.92795298218292,68.15208354390138,3,255,86.0,44.0,150.0,image_0_2876.jpg,overripe
19.735228136529656,18.488846263052423,0,172,23.0,0.0,27.0,52.029237814487274,53.36974376123652,0,223,41.0,0.0,87.0,77.66655542577452,75.69969249121188,0,255,60.0,0.0,130.0,image_0_2876.jpg,overripe
20.18336543854088,15.924885779001764,0,174,22.0,21.0,22.0,72.76972031893882,48.692374776834626,0,193,76.0,37.0,113.0,157.93388359220697,89.6805375789374,0,255,190.0,85.0,235.0,image_0_2886.jpg,overripe
22.702006778669137,10.349489198716935,0,174,22.0,21.0,22.0,88.5503645363439,36.48628609132213,0,182,87.0,62.0,116.0,192.43451756845724,63.48813845734848,0,255,206.0,170.0,248.0,image_0_2886.jpg,overripe
22.10530101680037,1.3507061304242274,14,36,22.0,21.0,22.0,108.04796274170344,27.490221685979094,57,193,106.0,84.0,129.0,137.81251371583232,50.072989912642214,7,229,156.0,125.0,170.0,image_0_2886.jpg,overripe
22.18591353539294,5.7707392401799025,0,176,22.0,21.0,22.0,90.98684499280681,33.91243236276274,0,188,88.0,64.0,117.0,190.01692228914195,64.65870454805118,0,255,204.0,168.0,247.0,image_0_2886.jpg,overripe
21.241081661017777,2.027182482193138,11,36,21.0,20.0,22.0,95.67607471166272,33.02999838497912,27,209,94.0,70.0,119.0,189.9591451074102,56.71794847874737,11,255,201.0,170.0,232.0,image_0_2886.jpg,overripe
23.461138433515483,3.5193094434815246,0,35,23.0,22.0,25.0,138.20280510018216,33.139120825811496,78,255,132.0,111.0,163.0,140.89115664845173,65.99935227735274,0,255,138.0,90.0,187.0,image_0_2893.jpg,overripe
23.767805100182148,8.642907318306367,0,174,23.0,22.0,25.0,85.70051912568306,36.29298044530105,0,243,80.0,60.0,110.0,173.61032786885247,61.069626235358456,0,255,175.0,129.0,233.0,image_0_2893.jpg,overripe
23.390983606557377,2.5615218356448484,12,36,23.0,22.0,25.0,115.44594717668488,30.742539663452632,63,252,109.0,92.0,136.0,119.72001821493625,43.957039053275416,5,255,131.0,86.0,150.0,image_0_2893.jpg,overripe
23.388806921675773,2.5547884318971246,13,36,23.0,22.0,25.0,89.3098451730419,35.00962393802652,29,245,82.0,62.0,112.0,170.316029143898,61.874109350452215,5,255,172.0,124.0,227.0,image_0_2893.jpg,overripe
23.778615664845173,10.741111710592472,0,175,23.0,21.0,25.0,83.46718579234972,37.99939264331159,0,240,78.0,58.0,110.0,172.95082877959928,63.65685813528316,0,255,175.0,128.0,235.0,image_0_2893.jpg,overripe
21.865551070716716,1.0549155654321989,12,29,22.0,22.0,22.0,100.41417332452404,23.609800076544982,32,171,102.0,86.0,116.0,139.6510079783247,39.89789752799799,10,255,142.0,127.0,160.0,image_0_2965.jpg,overripe
21.14038964427887,13.061317470527943,0,174,22.0,21.0,22.0,87.76807892822839,39.399621605793456,0,171,98.0,72.0,114.0,135.2972578325829,55.22291178121588,0,255,142.0,126.0,162.0,image_0_2965.jpg,overripe
21.945623025545075,13.93618449376988,0,176,22.0,21.0,22.0,88.91263262507425,37.331871149550075,0,163,98.0,76.0,114.0,137.48552852931215,51.61718258488896,0,255,142.0,126.0,161.0,image_0_2965.jpg,overripe
22.174112918001477,7.706682675391889,0,175,22.0,21.0,22.0,97.87035361134399,26.924170129713673,0,166,102.0,84.0,116.0,141.3873512739225,41.011632622173614,0,255,143.0,128.0,161.0,image_0_2965.jpg,overripe
21.590801330275994,1.2428745452639582,2,30,22.0,21.0,22.0,74.45462570719492,20.98586104836972,18,141,75.0,60.0,89.0,175.5042945262141,49.107107910432546,8,255,180.0,152.0,210.0,image_0_2965.jpg,overripe
19.364952476390027,16.141055768774237,0,172,23.0,0.0,24.0,66.85556922049133,52.72753323126586,0,184,74.0,0.0,112.0,120.33690139989676,89.15999128679262,0,255,152.0,8.0,187.0,image_0_299.jpg,overripe
23.497175913273207,2.3963369462728115,16,40,23.0,22.0,24.0,99.15575749293978,33.23031490428644,30,185,100.0,72.0,121.0,170.59418177401233,56.76589417000086,6,255,173.0,150.0,207.0,image_0_299.jpg,overripe
31.880598827852175,37.152864056495986,0,179,22.0,20.0,23.0,57.61259907078437,21.567676146434053,4,119,61.0,45.0,68.0,170.4123090704807,61.07315999054994,5,255,182.0,127.0,222.0,image_0_299.jpg,overripe
24.00808508700009,11.598911253192648,0,174,23.0,22.0,24.0,93.15896875284686,40.51033456465532,0,184,98.0,66.0,120.0,171.494040569676,60.069563942453826,0,255,174.0,151.0,212.0,image_0_299.jpg,overripe
23.50486623546203,2.4133960690796368,15,43,23.0,22.0,24.0,94.60575901126597,26.666685409146364,39,164,96.0,73.0,112.0,134.91601378640186,42.37483752293202,5,209,142.0,122.0,163.0,image_0_299.jpg,overripe
26.286068232117255,2.3714554322353556,0,47,26.0,25.0,27.0,60.0599780075999,26.357642373879656,18,207,55.0,38.0,78.0,173.42718149297775,45.85793506136506,0,255,174.0,146.0,205.0,image_0_301.jpg,overripe
26.781467923110114,12.30484111902611,0,174,26.0,25.0,28.0,71.93062650501788,37.11181608117205,0,218,72.0,44.0,98.0,158.0194173405899,54.35177653028945,0,255,150.0,131.0,188.0,image_0_301.jpg,overripe
26.6327408376599,12.893033771087918,0,174,26.0,24.0,28.0,70.68122155255209,37.878391785897726,0,218,71.0,43.0,98.0,157.0956808596523,56.5525641074781,0,255,150.0,130.0,188.0,image_0_301.jpg,overripe
26.374204863382655,2.256661133701924,0,48,26.0,25.0,28.0,111.14670879556812,30.991888217262304,60,255,108.0,86.0,132.0,114.27640827916429,31.792890273588654,0,255,113.0,100.0,128.0,image_0_301.jpg,overripe
20.243656306111937,18.144632103833043,0,172,25.0,0.0,27.0,54.52240301769135,46.84627679313592,0,159,56.0,0.0,94.0,115.67089347605194,83.57872444126544,0,255,134.0,0.0,164.0,image_0_301.jpg,overripe
22.13543235457624,4.851364657452774,0,177,21.0,20.0,23.0,78.48256936372366,29.34106166345665,0,227,73.0,57.0,100.0,139.7580229443574,62.28300815032279,0,255,137.0,95.0,175.0,image_0_3066.jpg,overripe
22.14287158235205,4.153281219091512,0,45,21.0,20.0,23.0,124.16477485217567,27.85437621315697,76,255,118.0,103.0,144.0,96.98863900540759,49.89245534569244,0,255,94.0,57.0,132.0,image_0_3066.jpg,overripe
22.130954667205742,4.19519124334259,3,177,21.0,20.0,23.0,77.55438419164098,26.5530040088069,31,213,72.0,58.0,96.0,127.35115985242837,56.148198412900776,4,237,127.0,86.0,161.0,image_0_3066.jpg,overripe
22.161611158841662,4.169001450620701,3,177,21.0,20.0,23.0,80.08392378834588,29.236612381059906,29,229,74.0,58.0,100.0,138.088765350988,62.103788633373775,5,255,136.0,93.0,172.0,image_0_3066.jpg,overripe
22.59031687471572,13.882914621086169,0,175,21.0,19.0,23.0,71.21812301005711,33.79136276563032,0,221,68.0,50.0,96.0,143.4762217617628,66.74810275449069,0,255,142.0,100.0,185.0,image_0_3066.jpg,overripe
25.213732320505635,21.4123959946713,0,179,22.0,18.0,26.0,106.686045192106,54.11656332246765,7,187,114.0,58.0,159.0,77.92355993576408,79.00150282600374,0,255,28.0,18.0,147.0,image_0_3069.jpg,overripe
13.274003363101482,12.245802169188131,0,39,18.0,0.0,24.0,203.78158753520424,55.44666723629132,80,255,230.0,155.0,255.0,68.32509637108284,84.37330425522546,0,255,42.0,0.0,104.0,image_0_3069.jpg,overripe
21.357864258621817,7.763496250133122,0,165,22.0,19.0,26.0,133.6672076973071,69.95824835348861,0,236,130.0,78.0,203.0,71.60812990237378,61.09164125870992,0,255,52.0,26.0,113.0,image_0_3069.jpg,overripe
20.61218763217711,8.636317092678638,0,165,21.0,18.0,26.0,129.50391158275534,72.39684736856039,0,237,126.0,73.0,202.0,68.00775439042926,60.885630554553146,0,255,49.0,22.0,107.0,image_0_3069.jpg,overripe
22.613659418919337,5.416039789999783,5,165,22.0,19.0,26.0,148.11607858240802,63.025777157706834,6,237,160.0,92.0,208.0,75.27007974470689,59.05849524371077,4,255,56.0,30.0,113.0,image_0_3069.jpg,overripe
25.406137206975597,7.544833626751334,0,179,24.0,22.0,28.0,60.861260622332544,32.22918388186055,13,217,54.0,35.0,82.0,101.05712946897836,55.18577653573424,6,255,89.0,57.0,138.0,image_0_3083.jpg,overripe
25.278415926849963,4.740546545888006,9,43,24.0,22.0,28.0,87.52682970073833,30.802082243816212,34,236,82.0,63.0,108.0,65.13944858854371,43.38294868047477,8,255,48.0,35.0,85.0,image_0_3083.jpg,overripe
25.520104861893845,8.560551540994986,0,176,24.0,22.0,28.0,83.2871417535239,32.7583105320977,0,231,80.0,60.0,105.0,68.93571509985942,47.890929850694015,0,255,51.0,35.0,90.0,image_0_3083.jpg,overripe
25.445612390927167,7.744224168448783,0,179,24.0,22.0,29.0,68.55001836349591,36.541069913648954,15,246,61.0,39.0,92.0,103.54762477678854,56.80584057982536,10,255,91.0,58.0,141.0,image_0_3083.jpg,overripe
24.933296184192198,13.483750333013747,0,172,23.0,22.0,28.0,72.35862007826648,40.33715068392725,0,236,70.0,47.0,99.0,72.27960638796368,54.98978294319819,0,255,55.0,36.0,94.0,image_0_3083.jpg,overripe
25.772244587766505,11.513756584427274,0,175,25.0,23.0,27.0,85.00405660764902,35.2667080907881,0,178,86.0,63.0,112.0,109.91826192334553,57.95151774592692,0,255,113.0,65.0,143.0,image_0_3102.jpg,overripe
22.73534486299963,13.9910740250928,0,172,25.0,21.0,27.0,66.96819414205315,44.5130728645897,0,184,71.0,31.0,102.0,95.16150433389475,69.07466281851404,0,255,95.0,36.0,140.0,image_0_3102.jpg,overripe
25.131238959865257,3.327571235344755,14,45,25.0,23.0,27.0,91.82381998931932,28.48152759893295,31,184,90.0,70.0,114.0,105.02093004149037,53.17810537880303,6,255,110.0,62.0,139.0,image_0_3102.jpg,overripe
37.023651563077685,38.03083048522159,0,179,24.0,22.0,27.0,46.141067247257936,22.662303170881636,2,128,48.0,28.0,61.0,155.4469046543154,63.835269813119595,0,255,166.0,104.0,209.0,image_0_3102.jpg,overripe
25.461857618206466,8.526727565277099,0,176,25.0,23.0,27.0,87.80334182311137,32.42750727324569,0,179,88.0,66.0,112.0,108.64359364088239,55.76102550700546,0,255,113.0,65.0,142.0,image_0_3102.jpg,overripe
24.78213511713216,2.3300759384244696,18,38,24.0,23.0,26.0,84.06448132546511,30.61066917270268,29,183,78.0,60.0,108.0,197.9876253647187,51.47170732165911,16,255,202.0,158.0,250.0,image_0_3153.jpg,overripe
25.898676223625326,25.397286596851487,0,179,23.0,19.0,25.0,58.109964442859955,17.55326212416666,8,130,57.0,46.0,67.0,155.61177044535552,58.49048929147713,0,255,157.0,112.0,205.0,image_0_3153.jpg,overripe
24.227865914869263,13.097072435085822,0,172,24.0,23.0,26.0,75.28413813808179,39.1719212319344,0,183,72.0,53.0,104.0,187.71197778382384,69.98550368498326,0,255,198.0,155.0,251.0,image_0_3153.jpg,overripe
24.76675829588419,2.337375724484865,4,38,24.0,23.0,26.0,83.80180881704491,30.491797786525492,4,183,77.0,60.0,107.0,197.9053936147257,51.227666162877995,16,255,201.0,158.0,250.0,image_0_3153.jpg,overripe
25.437474786328796,11.849897352906613,0,176,24.0,23.0,26.0,79.77365394177636,34.948840499515086,0,183,74.0,57.0,106.0,197.88057867134506,56.01052231706965,0,255,205.0,159.0,251.0,image_0_3153.jpg,overripe
19.577128010415652,10.391491611734802,0,175,22.0,18.0,23.0,90.05274357194887,48.76071174362863,0,236,94.0,58.0,123.0,98.34042431159773,70.0248558440906,0,255,89.0,37.0,150.0,image_0_3157.jpg,overripe
21.106697332423302,4.146754770130423,0,177,22.0,20.0,23.0,110.95815386027198,45.201305285593875,32,238,103.0,78.0,137.0,98.17810419092301,60.901201917208205,4,255,86.0,41.0,144.0,image_0_3157.jpg,overripe
15.089083640660041,15.061134541301715,0,177,21.0,0.0,23.0,57.824906941664324,56.86168906582695,0,238,53.0,0.0,105.0,72.16069697682288,74.57624752440198,0,255,52.0,0.0,129.0,image_0_3157.jpg,overripe
19.065201057624474,10.943830700928544,0,176,22.0,17.0,23.0,86.09136636593577,49.86215928696099,0,236,92.0,53.0,121.0,96.74403078811378,71.61629501653293,0,255,88.0,36.0,151.0,image_0_3157.jpg,overripe
20.98577024771584,4.183004110936321,0,176,22.0,20.0,23.0,85.84931145434837,39.704514324985816,20,199,78.0,57.0,109.0,104.52657539589224,66.64332840714745,2,255,97.0,42.0,156.0,image_0_3157.jpg,overripe
24.833346012666652,10.39305625391119,0,175,24.0,23.0,25.0,79.53099146046901,33.61909265412116,0,225,78.0,59.0,100.0,170.08883774891117,51.580690221969625,0,255,169.0,141.0,204.0,image_0_3178.jpg,overripe
24.500304303999695,1.8536106911142922,6,35,24.0,23.0,25.0,85.585005420415,29.43018149781967,30,226,82.0,64.0,102.0,166.5842826984157,47.91695862282952,10,255,166.0,138.0,197.0,image_0_3178.jpg,overripe
24.954668213545332,14.270931729041914,0,176,24.0,23.0,25.0,75.2058901842941,37.13991387860365,0,221,76.0,55.0,98.0,168.2143060917857,58.38276604104528,0,255,170.0,140.0,207.0,image_0_3178.jpg,overripe
20.373675802126325,16.837576395187096,0,172,24.0,20.0,25.0,61.82681298617319,45.16874728989056,0,182,70.0,2.0,94.0,136.83214781566784,83.8145033833454,0,255,159.0,90.0,193.0,image_0_3178.jpg,overripe
24.467762795032236,1.8716906190291176,4,36,24.0,23.0,25.0,71.17182715532817,25.466927027648975,25,195,68.0,52.0,86.0,172.27906578672093,49.8664181597891,4,255,175.0,138.0,213.0,image_0_3178.jpg,overripe
19.950179022620315,9.270491942605574,0,178,21.0,17.0,23.0,118.64065549820977,68.23854966251001,0,234,107.0,68.0,185.0,95.84052018345328,66.9699906188225,0,255,80.0,42.0,149.0,image_0_3180.jpg,overripe
20.881443916224598,4.349790344466839,0,172,21.0,19.0,24.0,134.2994407788382,52.11385250362723,50,224,122.0,90.0,196.0,73.25620591792502,48.407891538889444,2,198,56.0,32.0,116.0,image_0_3180.jpg,overripe
35.97358967296938,44.144478043884945,0,179,21.0,17.0,25.0,72.47129051958471,45.166030196047465,4,154,59.0,34.0,126.0,109.40414805589816,83.62392312767176,0,255,109.0,14.0,186.0,image_0_3180.jpg,overripe
18.984360967081393,10.936098107247293,0,178,21.0,15.0,23.0,109.36573902214133,71.12645685111326,0,234,100.0,57.0,166.0,93.28223904010346,70.16740351476314,0,255,78.0,36.0,150.0,image_0_3180.jpg,overripe
10.540456717240058,14.349028015042666,0,174,0.0,0.0,22.0,39.63376402543438,50.69235537506624,0,237,0.0,0.0,82.0,60.54471374342885,80.72850689748691,0,255,0.0,0.0,131.0,image_0_3180.jpg,overripe
25.85302393354213,10.851067683876133,0,174,25.0,23.0,27.0,84.77081414239537,32.984180038222654,0,211,86.0,63.0,109.0,152.7278208585258,56.55369316535833,0,255,148.0,125.0,186.0,image_0_3190.jpg,overripe
25.37357428777195,3.9444456951111633,0,174,25.0,23.0,27.0,88.19968345420135,28.50885298190489,0,212,88.0,66.0,110.0,150.4248831795267,53.6369192111931,0,255,147.0,122.0,182.0,image_0_3190.jpg,overripe
25.414373524042407,3.2626162082668757,11,40,25.0,23.0,27.0,89.10513005175272,28.08711290213601,29,214,88.0,66.0,110.0,149.7358936138141,53.84586238155645,4,255,147.0,122.0,181.0,image_0_3190.jpg,overripe
25.078910345520626,3.715678380850632,9,43,24.0,22.0,27.0,75.74380725878038,26.1505788689473,20,204,72.0,55.0,95.0,168.06635737853182,51.90766158189304,4,255,173.0,144.0,205.0,image_0_3190.jpg,overripe
24.95042457333311,3.8797155160641688,6,46,24.0,22.0,27.0,71.52606059591002,24.712267593718327,18,194,68.0,52.0,90.0,167.82721456445643,52.23459111613871,3,255,174.0,142.0,204.0,image_0_3190.jpg,overripe
22.47894260943567,2.656233713857787,0,38,22.0,21.0,24.0,133.82759427690016,60.90047911269673,32,245,120.0,84.0,201.0,140.80395723631722,71.15223303014746,0,255,155.0,68.0,190.0,image_0_3193.jpg,overripe
21.764501888197437,6.708050540518891,0,39,22.0,21.0,24.0,164.2657518217116,60.50855333970893,62,255,152.0,114.0,235.0,159.1044678474549,74.42092877967019,0,255,161.0,122.0,223.0,image_0_3193.jpg,overripe
20.807749587787885,11.635965921882866,0,176,22.0,21.0,23.0,108.66279453220574,70.62540643330291,0,244,104.0,59.0,152.0,134.65998085208233,80.27408723498634,0,255,155.0,58.0,192.0,image_0_3193.jpg,overripe
16.039710653688633,14.800275126615643,0,176,21.0,0.0,22.0,76.25534280091485,72.78531415097665,0,245,70.0,0.0,126.0,107.40145736928886,90.74131237189184,0,255,124.0,0.0,179.0,image_0_3193.jpg,overripe
21.37172490824956,10.672362870318088,0,176,22.0,21.0,23.0,114.19768097441626,69.47798109375006,0,243,108.0,66.0,160.0,137.74144992287646,78.1557551773434,0,255,156.0,62.0,193.0,image_0_3193.jpg,overripe
21.839734077719825,12.185945325914584,0,174,21.0,21.0,22.0,88.99138323661207,36.160315731408794,0,228,88.0,68.0,112.0,185.04641151840153,57.99994254804468,0,255,188.0,161.0,232.0,image_0_3295.jpg,overripe
19.411048262690077,14.234951544242362,0,172,21.0,20.0,22.0,78.02543157276133,45.63750347059628,0,231,82.0,57.0,108.0,165.19022258135607,81.268241602232,0,255,182.0,148.0,227.0,image_0_3295.jpg,overripe
21.192330860207154,1.1209274365083186,13,36,21.0,21.0,22.0,95.0021082788511,30.494251323915083,34,240,91.0,72.0,114.0,181.78268566811136,57.22634440033962,7,255,184.0,158.0,227.0,image_0_3295.jpg,overripe
21.5458091530155,2.108395230911503,0,30,21.0,21.0,22.0,134.9574083596562,30.271646680832973,70,255,132.0,112.0,158.0,166.90888121648425,60.33159099858505,0,255,170.0,143.0,203.0,image_0_3295.jpg,overripe
21.62485124513333,12.841139139147003,0,176,21.0,20.0,22.0,87.27764636744288,37.670744132221834,0,224,88.0,67.0,112.0,183.59726731800484,60.691606003845,0,255,187.0,161.0,232.0,image_0_3295.jpg,overripe
23.98763218637608,2.0229287226910557,17,38,24.0,23.0,24.0,115.51385474260562,38.94383964241728,44,210,112.0,81.0,149.0,171.462773095711,64.27237079325268,6,255,190.0,135.0,217.0,image_0_3299.jpg,overripe
24.40776209136293,12.627470949393894,0,175,23.0,23.0,24.0,91.73319018734232,44.18796212795017,0,188,91.0,59.0,128.0,170.16767405657845,65.97669865436703,0,255,175.0,138.0,224.0,image_0_3299.jpg,overripe
23.059691878254334,2.368613349219059,8,38,23.0,22.0,24.0,83.63054377583337,33.98768630497878,18,171,79.0,56.0,110.0,169.1446561812228,48.42098020804015,8,255,175.0,150.0,198.0,image_0_3299.jpg,overripe
24.32631917977347,9.718399394710676,0,176,23.0,23.0,24.0,94.54193998604326,41.06005159964946,0,188,92.0,62.0,128.0,172.8700842772022,62.65037992356002,0,255,176.0,141.0,225.0,image_0_3299.jpg,overripe
22.089612969026785,14.732417478391302,0,172,23.0,22.0,24.0,80.2661656556981,51.92080224268816,0,188,81.0,42.0,124.0,144.08760534650276,81.04184402857055,0,255,162.0,81.0,202.0,image_0_3299.jpg,overripe
18.325690493778602,16.794884175739288,0,172,23.0,0.0,24.0,57.114124543108495,46.9716429310363,0,174,65.0,0.0,96.0,122.23614455519633,88.00572225752882,0,255,149.0,0.0,185.0,image_0_3315.jpg,overripe
24.50760286654451,1.8657341210972143,11,36,24.0,23.0,25.0,85.82172357224403,28.89863750829585,30,226,84.0,64.0,104.0,165.2153745790842,46.968003063645334,5,255,164.0,138.0,193.0,image_0_3315.jpg,overripe
24.51144986904842,1.8811945543881328,10,36,24.0,23.0,25.0,124.43256233391214,25.775314713778396,74,250,123.0,105.0,141.0,109.81441330813435,31.655126525825185,6,255,110.0,94.0,123.0,image_0_3315.jpg,overripe
24.357915135700374,1.9403968763560933,11,40,24.0,23.0,25.0,84.32259178602608,30.39165858305191,26,239,81.0,61.0,103.0,180.94411773170756,44.36503741736665,5,255,185.0,157.0,213.0,image_0_3315.jpg,overripe
24.798689524832835,13.519008955713137,0,176,24.0,23.0,25.0,75.69267150819766,36.22928119025103,0,219,78.0,53.0,101.0,167.86023197137294,57.04766725723014,0,255,168.0,141.0,204.0,image_0_3315.jpg,overripe
22.164327377663167,1.436556513239805,16,35,22.0,21.0,23.0,120.79920181740039,30.84409655801438,62,202,120.0,94.0,144.0,156.34044329833608,61.803128485636606,8,255,166.0,138.0,189.0,image_0_3328.jpg,overripe
22.7946460367164,11.418467259490257,0,177,22.0,21.0,22.0,89.076281697059,37.20002207348862,0,168,90.0,61.0,116.0,189.59825627801314,62.594541946017245,0,255,199.0,168.0,245.0,image_0_3328.jpg,overripe
48.42977835083195,58.27695947366481,0,179,20.0,17.0,25.0,64.16199422852581,24.62777255143679,8,122,70.0,45.0,84.0,150.6849389083318,62.996660650520624,9,255,153.0,89.0,208.0,image_0_3328.jpg,overripe
23.1518266101799,15.119863213474392,0,177,22.0,21.0,22.0,85.73269478725364,40.64941078194579,0,170,88.0,58.0,116.0,188.74814269048935,65.8256229810038,0,255,200.0,168.0,246.0,image_0_3328.jpg,overripe
18.532080800638546,16.538828295675966,0,172,21.0,20.0,22.0,70.05915147049794,52.61275297158058,0,177,74.0,1.0,115.0,145.64118622214036,93.19581379935718,0,255,180.0,65.0,220.0,image_0_3328.jpg,overripe
24.349938123784575,6.966794071928949,0,175,24.0,23.0,25.0,85.12140595618843,29.523800456380883,0,222,84.0,66.0,102.0,167.06717989103356,46.76866783671412,0,255,165.0,138.0,197.0,image_0_334.jpg,overripe
24.14876810080198,1.796180641164245,5,172,24.0,23.0,25.0,73.9563652143167,23.95929913088381,25,194,72.0,57.0,88.0,169.4689976053101,49.16769891159316,4,255,171.0,135.0,206.0,image_0_334.jpg,overripe
23.71972485173816,2.0742175208663967,5,172,24.0,23.0,25.0,69.23052506388518,23.861795896670905,18,199,65.0,53.0,82.0,184.8602561836036,46.443977943124565,4,255,192.0,155.0,221.0,image_0_334.jpg,overripe
22.82982433583517,12.73255765274654,0,177,24.0,23.0,25.0,72.83706465662718,38.34965645476251,0,221,77.0,53.0,98.0,158.01921377027048,67.26249575153464,0,255,166.0,131.0,201.0,image_0_334.jpg,overripe
24.165088957104516,1.7882478616492596,5,172,24.0,23.0,25.0,87.60991465903794,27.511635028380745,30,224,85.0,68.0,103.0,164.96133138329503,46.57176539439706,5,255,164.0,136.0,195.0,image_0_334.jpg,overripe
22.58436181981608,12.78150845204889,0,175,22.0,21.0,23.0,86.53015453225471,41.801232899252796,0,230,90.0,59.0,117.0,164.15258763741963,57.886452625610985,0,255,159.0,140.0,199.0,image_0_3342.jpg,overripe
20.191220701099358,14.27261535021216,0,174,22.0,21.0,22.0,76.78813178455368,47.92702915128065,0,226,83.0,43.0,114.0,144.27270448731244,73.86783418807542,0,255,153.0,123.0,186.0,image_0_3342.jpg,overripe
26.64976146027795,31.556608619778856,0,179,21.0,19.0,22.0,55.94160962455922,21.109727126684046,7,158,53.0,42.0,68.0,168.30928922077024,58.32660477506303,0,255,178.0,129.0,216.0,image_0_3342.jpg,overripe
22.20616400470165,1.458156384890709,6,40,22.0,22.0,23.0,96.33383461245938,33.944083169311,32,230,96.0,67.0,121.0,163.40742757380903,50.25255328164887,4,255,157.0,139.0,191.0,image_0_3342.jpg,overripe
51.04519290603609,57.68214199684127,0,179,21.0,19.0,28.0,51.52750985272765,19.07764796215131,4,152,53.0,40.0,60.0,161.00637834474176,63.28126669141688,0,255,173.0,104.0,216.0,image_0_3342.jpg,overripe
23.717378026208632,11.839334353402226,0,176,23.0,21.0,25.0,79.473106537351,37.935736001322965,0,241,74.0,56.0,106.0,175.42248463759532,66.21998438822648,0,255,178.0,127.0,243.0,image_0_3436.jpg,overripe
23.317279928925743,13.455623002854601,0,175,23.0,21.0,25.0,76.63182979195973,39.48184795887941,0,239,74.0,54.0,104.0,174.79654068260902,69.92012015358952,0,255,179.0,132.0,244.0,image_0_3436.jpg,overripe
23.305045531946398,3.406756839444291,0,36,23.0,22.0,25.0,106.88116347079293,38.24047452467177,40,255,99.0,76.0,133.0,176.48970903975717,61.33447365844759,0,255,194.0,127.0,229.0,image_0_3436.jpg,overripe
16.506283778781373,16.234710769367933,0,172,21.0,0.0,23.0,51.36052602354335,46.76757962436289,0,185,53.0,0.0,86.0,128.45220996520322,101.50337345526007,0,255,160.0,0.0,225.0,image_0_3436.jpg,overripe
23.41109239653513,2.56810301815268,13,35,23.0,22.0,25.0,86.60387206633597,34.03322689477407,30,243,79.0,60.0,108.0,174.8055822906641,61.7702787141784,8,255,176.0,125.0,239.0,image_0_3436.jpg,overripe
15.44328959404304,15.93651650681729,0,172,22.0,0.0,25.0,50.41446231698771,50.539010016785696,0,236,44.0,0.0,96.0,104.0251095265351,97.02765253597195,0,255,116.0,0.0,184.0,image_0_3503.jpg,overripe
23.981320309616404,3.351744368059761,5,35,24.0,22.0,26.0,131.08263034861267,64.15876085066861,30,247,114.0,82.0,195.0,132.74244280280945,69.42474165708326,9,255,131.0,75.0,182.0,image_0_3503.jpg,overripe
22.631980143467725,10.722862969104817,0,175,24.0,22.0,26.0,112.57472143617505,72.10680542231331,0,246,102.0,61.0,152.0,131.3296441123135,77.36504335936489,0,255,136.0,72.0,188.0,image_0_3503.jpg,overripe
24.120262542727385,5.1227951283094875,0,34,24.0,22.0,27.0,140.2612375027415,70.41046298075996,29,255,120.0,84.0,213.0,172.1731508871783,74.03889171559757,0,255,190.0,122.0,232.0,image_0_3503.jpg,overripe
23.979715525219188,3.3839323786352202,3,37,24.0,22.0,26.0,131.94520731139772,54.370703616102496,46,230,117.0,90.0,186.0,96.13543845384373,53.96164153069105,5,198,100.0,42.0,144.0,image_0_3503.jpg,overripe
17.656181969053545,16.673240097589403,0,172,23.0,0.0,24.0,58.299087226045785,50.998978669189924,0,185,61.0,0.0,100.0,138.4701810904476,102.64969157592726,0,255,169.0,0.0,238.0,image_0_3513.jpg,overripe
24.931048957875728,12.061208015707198,0,174,24.0,23.0,25.0,81.87786401132425,38.04821168496535,0,184,76.0,57.0,110.0,199.22449358129546,55.96625829996018,0,255,205.0,165.0,251.0,image_0_3513.jpg,overripe
22.312012495729,8.271115479940473,0,179,23.0,20.0,24.0,67.19672963342607,22.743741580379723,13,146,64.0,52.0,80.0,171.04070874212917,46.92036919078654,9,255,169.0,142.0,207.0,image_0_3513.jpg,overripe
24.82953092204813,13.340463730988702,0,174,24.0,23.0,25.0,80.33022892566018,39.37641376151259,0,185,74.0,56.0,110.0,196.49353248401425,60.40373241359791,0,255,203.0,164.0,250.0,image_0_3513.jpg,overripe
24.23849270268951,2.167559071295853,16,37,24.0,23.0,25.0,87.80357299751061,33.06156800103113,29,185,81.0,61.0,113.0,198.90764875286766,50.91351178430145,10,255,200.0,163.0,250.0,image_0_3513.jpg,overripe
22.55066857986566,2.3907374932743264,0,176,22.0,22.0,23.0,86.82203090232288,31.229539708482523,0,218,82.0,63.0,106.0,145.14345873104998,69.28908701360004,2,255,156.0,100.0,192.0,image_0_3601.jpg,overripe
22.572867926882527,2.353240837971264,0,177,22.0,22.0,23.0,87.3123297356874,31.611505726125646,29,222,82.0,63.0,106.0,145.15984569634205,69.34957195459708,3,255,156.0,100.0,192.0,image_0_3601.jpg,overripe
22.464813775032752,10.779264878057228,0,175,22.0,22.0,23.0,78.79539168590263,35.96254543275989,0,211,78.0,56.0,101.0,149.82509825940483,70.52653846400356,0,255,160.0,111.0,196.0,image_0_3601.jpg,overripe
22.555170836192733,2.3853954165969538,0,177,22.0,22.0,23.0,127.43069852558904,28.54149651596603,74,248,123.0,105.0,145.0,96.68886601368354,47.94865332808579,3,255,106.0,58.0,124.0,image_0_3601.jpg,overripe
20.81408696737164,11.51202371025844,0,177,22.0,21.0,23.0,74.40831201780107,40.210108157096734,0,187,76.0,51.0,100.0,144.8484309688689,77.08440211194068,0,255,159.0,107.0,196.0,image_0_3601.jpg,overripe
19.3284157927248,6.793300005115085,0,175,21.0,18.0,22.0,123.97462894136567,68.87325797643751,0,236,120.0,70.0,193.0,95.16933594221804,75.66007436713879,0,255,66.0,32.0,156.0,image_0_3615.jpg,overripe
21.07076427208321,3.8096267974910494,0,170,22.0,20.0,22.0,137.1848443123898,61.93151850253694,5,238,133.0,84.0,202.0,97.55540601630898,72.03373575161669,8,255,67.0,36.0,155.0,image_0_3615.jpg,overripe
19.646423653887965,6.326256363426395,0,170,21.0,19.0,22.0,127.47336073352452,67.42720201105224,0,237,123.0,74.0,196.0,95.52424433792649,74.91371737556804,0,255,65.0,33.0,156.0,image_0_3615.jpg,overripe
20.926002229285075,3.6829607439215497,0,170,22.0,20.0,22.0,142.19545929829283,57.99118164636867,34,238,137.0,91.0,204.0,95.18400574230706,70.48525488882726,8,255,60.0,35.0,153.0,image_0_3615.jpg,overripe
20.95200480366072,3.7594184831174626,0,174,22.0,20.0,22.0,134.31221379050933,49.00040252472414,43,215,130.0,91.0,186.0,74.60283181320938,58.89305594441025,4,212,44.0,22.0,128.0,image_0_3615.jpg,overripe
21.96547747999581,10.566478749963231,0,172,22.0,22.0,23.0,76.35562039204724,35.91043688180114,0,167,78.0,57.0,100.0,157.93980397637932,65.95993976212047,0,255,160.0,130.0,202.0,image_0_3622.jpg,overripe
23.019392711135957,1.9283003543869226,11,36,22.0,22.0,24.0,84.92246409727804,27.86141028912432,30,222,82.0,64.0,102.0,162.31381250218385,55.89054811315379,6,255,160.0,131.0,201.0,image_0_3622.jpg,overripe
22.995352737691743,2.319208977448122,0,36,23.0,22.0,24.0,134.68029980083162,27.934423455711197,79,255,131.0,113.0,153.0,126.0783919773577,50.24898839455599,0,255,123.0,100.0,144.0,image_0_3622.jpg,overripe
22.783063698941262,12.243746618073793,0,174,22.0,22.0,23.0,75.97083231419687,35.51143872589173,0,220,76.0,56.0,100.0,162.32085327929,64.18793144752178,0,255,163.0,133.0,207.0,image_0_3622.jpg,overripe
23.006630210699186,1.9538196506892698,10,36,22.0,22.0,24.0,75.87777350711066,23.799159540183382,29,193,73.0,58.0,90.0,152.80754044515882,52.5406660758773,2,243,153.0,121.0,190.0,image_0_3622.jpg,overripe
22.209798186959212,14.960696704808862,0,174,24.0,22.0,25.0,68.87874227880053,45.2039638960454,0,185,70.0,37.0,102.0,159.08578571168525,79.06154681272383,0,255,171.0,131.0,220.0,image_0_3660.jpg,overripe
24.56619297841098,2.1468985105398946,0,36,25.0,24.0,25.0,104.86422824411733,37.849524375644215,40,255,98.0,74.0,133.0,194.89700617695956,49.025413017927626,0,255,204.0,170.0,235.0,image_0_3660.jpg,overripe
23.124061017195977,13.614947803315895,0,178,23.0,21.0,24.0,59.48049221508926,22.002826665851888,11,184,55.0,46.0,70.0,167.42799412642745,54.23292132783365,8,255,173.0,128.0,213.0,image_0_3660.jpg,overripe
24.730750094049974,8.830827239317587,0,174,24.0,23.0,25.0,82.58546412145189,35.5403523427659,0,237,77.0,57.0,108.0,191.90121718869457,52.61258566707489,0,255,190.0,158.0,245.0,image_0_3660.jpg,overripe
24.43773891727243,1.5944598128415688,8,39,24.0,24.0,25.0,85.67379828404306,33.32807524759958,31,240,79.0,59.0,109.0,190.42030023178768,52.424021592192794,7,255,188.0,158.0,243.0,image_0_3660.jpg,overripe
23.47675211665099,15.282294291177207,0,176,22.0,22.0,23.0,91.63712370649107,41.28779448208005,0,179,96.0,67.0,123.0,190.3796566321731,58.43648190776067,0,255,191.0,167.0,243.0,image_0_3687.jpg,overripe
18.387300094073378,16.963650850844033,0,174,22.0,0.0,23.0,70.43412511759172,54.16672883610996,0,180,78.0,0.0,118.0,145.75859595484476,94.99741376488818,0,255,176.0,0.0,218.0,image_0_3687.jpg,overripe
22.514158043273753,1.458290253112328,17,35,22.0,22.0,23.0,98.34158043273753,31.53982791959136,32,212,98.0,72.0,124.0,194.60611476952022,46.75958411630719,6,255,191.0,168.0,239.0,image_0_3687.jpg,overripe
23.62384760112888,2.2966795663297064,0,38,23.0,22.0,24.0,146.34805973659454,29.710208766300603,77,255,150.0,121.0,172.0,192.71071260583255,58.855662197687636,0,255,193.0,153.0,255.0,image_0_3687.jpg,overripe
22.732890404515523,6.914689468864806,0,176,22.0,22.0,23.0,96.91475776105362,33.50483724764499,0,179,97.0,70.0,123.0,196.29348541862652,45.662254914556726,0,255,192.0,169.0,242.0,image_0_3687.jpg,overripe
23.549466548917582,14.04476519986978,0,172,23.0,21.0,28.0,70.60954244934005,46.64903949200987,0,227,66.0,40.0,100.0,66.78780103587368,55.306840648812624,0,255,50.0,32.0,89.0,image_0_3715.jpg,overripe
25.09108050695754,4.719533012478199,9,41,23.0,22.0,28.0,86.51559777549706,33.409245711990756,36,222,78.0,60.0,106.0,61.00967849726711,39.644207191456886,4,249,46.0,32.0,81.0,image_0_3715.jpg,overripe
25.1369668472683,4.636271341483041,9,40,24.0,22.0,28.0,91.77997231305343,35.876432232539074,38,238,82.0,63.0,114.0,63.648005823806,42.37712573873965,6,255,47.0,34.0,83.0,image_0_3715.jpg,overripe
24.773193784757858,13.076137633844114,0,172,23.0,22.0,28.0,76.49532186075375,42.081014820434795,0,232,73.0,50.0,102.0,69.21129197794592,53.0270842339729,0,255,52.0,34.0,92.0,image_0_3715.jpg,overripe
25.089230732510682,4.697602885698336,8,41,24.0,22.0,28.0,68.05301095543834,34.856377386098714,16,210,59.0,40.0,89.0,83.57311979377998,50.400064814878526,4,255,70.0,44.0,112.0,image_0_3715.jpg,overripe
25.626231644364257,2.1197913290633354,15,39,25.0,24.0,27.0,111.3124743146394,32.2552372496736,54,254,109.0,86.0,131.0,131.8481832305919,39.361478655363754,7,255,131.0,113.0,147.0,image_0_3759.jpg,overripe
19.71877913095775,17.226937743703647,0,172,24.0,0.0,26.0,53.17566280759785,44.23970423675676,0,172,59.0,0.0,90.0,117.75194707562773,84.91374737875769,0,255,142.0,0.0,174.0,image_0_3759.jpg,overripe
26.200601413321305,12.994943044093814,0,172,25.0,24.0,27.0,76.06477221470456,38.486693473454,0,222,78.0,50.0,101.0,163.00083195509447,54.993569780428736,0,255,161.0,139.0,193.0,image_0_3759.jpg,overripe
25.904906530346313,8.15664612700777,0,176,25.0,24.0,27.0,82.1621310078685,33.79255415906693,0,225,81.0,59.0,103.0,163.73826492256802,45.34443353069146,0,255,160.0,139.0,187.0,image_0_3759.jpg,overripe
25.58299002656242,2.146566922366603,13,39,25.0,24.0,27.0,85.20990327269082,31.90763988829764,29,227,83.0,61.0,104.0,161.35218764095626,45.11969319630482,6,255,158.0,138.0,185.0,image_0_3759.jpg,overripe
30.870261505841267,41.12574265918279,0,179,21.0,17.0,22.0,62.50745437159606,18.410295746074063,16,175,62.0,52.0,70.0,162.8580301833451,64.65967242668815,2,255,175.0,105.0,221.0,image_0_3761.jpg,overripe
22.456001330395377,11.013684895948074,0,176,22.0,21.0,23.0,77.66668606826592,33.870414506166654,0,195,80.0,56.0,102.0,180.28605163597055,58.274970229541736,0,255,178.0,152.0,229.0,image_0_3761.jpg,overripe
21.713441150792,1.9045168209081436,6,31,21.0,21.0,22.0,75.2033343034133,25.3380437453285,22,200,71.0,56.0,92.0,188.62311561967323,43.3705582670637,3,255,192.0,170.0,218.0,image_0_3761.jpg,overripe
22.74537895480813,8.855628681863918,0,176,22.0,21.0,23.0,80.91658420986987,30.7410478820256,0,202,81.0,59.0,102.0,183.52006818276305,52.31668864545615,0,255,179.0,153.0,230.0,image_0_3761.jpg,overripe
21.35023489793373,12.035103230679775,0,172,22.0,21.0,23.0,74.64051885419698,36.83462076075955,0,180,78.0,53.0,102.0,171.85232611316675,68.65968994253915,0,255,175.0,148.0,225.0,image_0_3761.jpg,overripe
22.718436809920163,7.563834048480382,0,175,23.0,21.0,24.0,114.1625084932903,55.46808833267195,0,242,106.0,78.0,140.0,118.05917169186343,60.9184236772927,0,255,130.0,64.0,162.0,image_0_3763.jpg,overripe
16.879469594020723,15.263240867104571,0,172,22.0,0.0,24.0,62.455070494309496,55.1636193016118,0,242,67.0,0.0,106.0,91.84880350772889,81.86072714214927,0,255,95.0,0.0,159.0,image_0_3763.jpg,overripe
22.64477344148123,7.816349813785885,0,177,23.0,21.0,24.0,112.94076460845932,56.00191664462292,0,241,105.0,78.0,139.0,118.31101898250382,61.441033565587695,0,255,130.0,64.0,163.0,image_0_3763.jpg,overripe
22.990949337523357,5.416955110593666,0,174,23.0,22.0,25.0,151.00534015627653,46.1467220065322,73,255,141.0,118.0,171.0,104.34516200951248,54.39824097496978,0,255,100.0,63.0,138.0,image_0_3763.jpg,overripe
23.019242610837438,5.438422161599662,0,172,23.0,22.0,25.0,135.42859266179718,52.89100551867644,46,255,124.0,97.0,159.0,118.52586206896552,54.27088096271176,0,255,123.0,78.0,156.0,image_0_3763.jpg,overripe
21.482757763048262,5.868627711045812,0,174,21.0,21.0,22.0,93.68304876077251,32.79977345225826,0,232,90.0,72.0,112.0,171.02942932112967,65.30897560137198,0,255,181.0,146.0,219.0,image_0_3797.jpg,overripe
21.309638988720728,1.3313211997640066,0,45,21.0,21.0,22.0,95.50015544750227,31.46907376156159,0,241,92.0,73.0,114.0,169.35313941775584,65.36134821017076,5,255,180.0,143.0,217.0,image_0_3797.jpg,overripe
20.66131098205514,12.162896046980938,0,179,21.0,19.0,21.0,85.6984318455971,30.71468381695469,18,244,82.0,68.0,98.0,177.92087100344472,60.49928933118132,9,255,192.0,157.0,223.0,image_0_3797.jpg,overripe
20.056259560021388,11.872377473306317,0,172,21.0,20.0,22.0,83.86440625272033,42.83958044365304,0,201,86.0,65.0,110.0,162.85992314675488,76.9919043670909,0,255,180.0,138.0,218.0,image_0_3797.jpg,overripe
20.603036822404338,1.9836909133192226,8,36,21.0,20.0,22.0,79.82129755139094,28.461081399219733,21,221,75.0,63.0,94.0,178.09704898461692,61.32409248471867,8,255,193.0,161.0,222.0,image_0_3797.jpg,overripe
37.49214457036257,46.18341438112983,0,179,22.0,19.0,23.0,55.98790593789261,22.81792646526411,5,153,58.0,42.0,67.0,170.8131004200561,54.99507227514445,0,255,179.0,135.0,215.0,image_0_3799.jpg,overripe
22.54872523762992,6.654858685142475,0,175,22.0,22.0,23.0,97.50852168174723,37.62165114299135,0,219,98.0,70.0,124.0,164.1894503737357,51.23844077491553,0,255,163.0,132.0,197.0,image_0_3799.jpg,overripe
22.377086003629486,1.5493517023907633,12,35,22.0,22.0,23.0,95.28710389725758,33.14561279676309,28,216,94.0,68.0,118.0,160.28729425500325,48.80240646162068,9,255,160.0,130.0,190.0,image_0_3799.jpg,overripe
19.426699577405806,14.690044266795175,0,174,22.0,20.0,23.0,77.53201182756126,54.597094487093656,0,226,86.0,26.0,120.0,129.9742192159799,76.53780527669494,0,255,148.0,89.0,182.0,image_0_3799.jpg,overripe
22.412460818030684,1.534850066618484,13,35,22.0,22.0,23.0,100.53728473711595,34.5822093314132,30,226,100.0,73.0,125.0,162.09438571555478,50.291301399570074,9,255,162.0,130.0,194.0,image_0_3799.jpg,overripe
22.2056392856763,13.023302212393338,0,175,21.0,21.0,22.0,84.242429721652,38.84351444341475,0,239,80.0,60.0,110.0,171.12293259873005,71.10930550857807,0,255,180.0,125.0,241.0,image_0_3857.jpg,overripe
24.030259841095948,30.329457148600113,0,179,20.0,16.0,21.0,60.148555079292485,24.783097426056624,8,183,60.0,44.0,73.0,159.26573352194768,57.32040128940874,8,255,162.0,111.0,209.0,image_0_3857.jpg,overripe
21.404152352184134,1.2149641983152142,13,32,21.0,21.0,22.0,91.17949563386124,33.428428323219705,34,240,84.0,64.0,114.0,168.27421053191375,67.66758867997696,10,255,176.0,119.0,230.0,image_0_3857.jpg,overripe
21.394186281496292,1.2205499158324224,12,33,21.0,21.0,22.0,101.82572671481296,26.792018718495687,57,221,96.0,80.0,120.0,116.34833384741383,44.75661084373245,8,187,134.0,82.0,150.0,image_0_3857.jpg,overripe
21.58326508471692,14.789633724851793,0,176,21.0,21.0,22.0,80.92830172624683,41.59555137756499,0,232,79.0,57.0,110.0,168.4106935832119,75.20514485754902,0,255,179.0,125.0,241.0,image_0_3857.jpg,overripe
20.616240705175557,1.4548550888873275,14,32,21.0,20.0,21.0,64.92998719653322,22.230856304784094,21,155,61.0,49.0,76.0,191.86358152361254,43.70114629455736,11,255,203.0,174.0,219.0,image_0_387 (2).jpg,overripe
27.77959570591422,40.40479379691047,0,179,19.0,14.0,21.0,79.94271679716354,25.652482154965124,10,195,80.0,66.0,90.0,165.11004825922095,57.79901188888353,15,255,175.0,112.0,217.0,image_0_387 (2).jpg,overripe
21.301041512778845,5.54442747465125,0,175,21.0,21.0,22.0,86.46652632097306,31.729236479051,0,180,82.0,64.0,104.0,196.7293297877579,50.38250194022674,0,255,197.0,168.0,245.0,image_0_387 (2).jpg,overripe
21.405660609641995,8.7562091155472,0,176,21.0,20.0,22.0,84.80773871078938,34.037193796976496,0,180,82.0,63.0,104.0,196.80791106514994,53.31328604260322,0,255,199.0,168.0,246.0,image_0_387 (2).jpg,overripe
21.23829221450731,1.1336850259315099,16,32,21.0,21.0,22.0,87.87882257349682,29.866485338980834,33,202,84.0,64.0,104.0,194.26690303836116,52.012593783866215,11,255,195.0,166.0,243.0,image_0_387 (2).jpg,overripe
55.87440376502512,59.76497562879102,0,179,22.0,18.0,131.0,53.20945072184181,19.391698778922677,8,165,53.0,39.0,62.0,154.8161900320112,62.74997163631997,7,255,161.0,97.0,211.0,image_0_3891.jpg,overripe
22.557885141294438,13.353003433607078,0,174,22.0,22.0,23.0,78.46347332047232,40.98879036551924,0,225,80.0,51.0,109.0,168.88853320896314,61.65502093287223,0,255,164.0,141.0,215.0,image_0_3891.jpg,overripe
20.55798053889042,14.449280700894153,0,172,22.0,21.0,23.0,74.40413601577241,46.60787964223362,0,228,78.0,44.0,110.0,152.40753853002903,74.35676117191528,0,255,157.0,132.0,200.0,image_0_3891.jpg,overripe
22.959127429988765,9.109470403550162,0,176,22.0,22.0,23.0,85.16134913400182,37.078074605537125,0,227,84.0,57.0,112.0,174.25616374467364,49.279303677589304,0,255,165.0,143.0,211.0,image_0_3891.jpg,overripe
22.551694897288588,1.2952598165084042,15,35,22.0,22.0,23.0,90.08106675711772,33.70530637175406,29,229,87.0,62.0,114.0,170.33675351381146,47.33066924276961,6,255,162.0,141.0,202.0,image_0_3891.jpg,overripe
21.40267881191998,13.973842409125162,0,177,22.0,21.0,22.0,78.0068929209824,43.53138103358227,0,169,78.0,53.0,114.0,176.47821934915154,82.52628301892783,0,255,201.0,132.0,248.0,image_0_3905.jpg,overripe
22.147983545140676,1.3965214209818113,15,35,22.0,21.0,23.0,91.86102744925194,31.994172380548036,34,181,86.0,65.0,118.0,189.32124929601605,67.33053004364585,9,255,205.0,167.0,248.0,image_0_3905.jpg,overripe
22.3763192046818,6.842154606676738,0,172,22.0,21.0,23.0,89.69131222605843,34.216862126749284,0,172,84.0,64.0,117.0,191.58693895541026,65.94098849681724,0,255,206.0,170.0,249.0,image_0_3905.jpg,overripe
22.32307353265261,1.430750633944218,14,37,22.0,22.0,23.0,109.72156517054776,33.86495829637399,46,208,104.0,81.0,139.0,185.29623644065722,66.2692754189639,8,255,213.0,167.0,226.0,image_0_3905.jpg,overripe
22.703469722569114,10.423655186018788,0,174,22.0,21.0,23.0,87.86244766032469,36.552314444764384,0,172,84.0,63.0,117.0,191.77466392419012,66.73549053631004,0,255,207.0,171.0,250.0,image_0_3905.jpg,overripe
22.245037245293428,2.3140948234385337,15,36,22.0,21.0,23.0,124.45014911255042,31.21809412717045,64,214,123.0,98.0,147.0,127.53448638280541,55.602020660126115,9,255,130.0,88.0,160.0,image_0_3939.jpg,overripe
21.998673095366343,2.314491282642771,14,36,22.0,21.0,22.0,87.7576559769828,32.19843850134135,29,183,86.0,62.0,110.0,159.40894938055888,53.52800868423675,8,255,163.0,129.0,201.0,image_0_3939.jpg,overripe
21.09883468870292,12.735930115268621,0,172,22.0,21.0,23.0,75.18445945058265,45.932795081280744,0,190,78.0,42.0,108.0,136.70609062364517,73.69574542705826,0,255,147.0,89.0,184.0,image_0_3939.jpg,overripe
22.153139246160517,2.226598705917952,15,35,22.0,21.0,22.0,95.13682882930226,32.63714474324478,34,190,94.0,68.0,118.0,150.84250561635378,56.918139628552716,8,255,152.0,116.0,185.0,image_0_3939.jpg,overripe
22.297364583470184,5.9921722889476206,0,176,22.0,21.0,22.0,93.43664358816034,34.4514029413063,0,190,92.0,66.0,117.0,153.27300734395732,56.89769727097283,0,255,153.0,119.0,188.0,image_0_3939.jpg,overripe
22.567413660075776,9.285680546948937,0,176,22.0,21.0,23.0,98.43800453723644,40.67719401961183,0,237,102.0,70.0,128.0,144.4649918813409,66.21849845897576,0,255,154.0,111.0,183.0,image_0_3989.jpg,overripe
22.129011826755875,1.8900311741412723,8,38,22.0,21.0,23.0,86.41458709996891,29.063458776808815,26,195,86.0,65.0,107.0,129.79398182802262,60.74657051054869,2,251,135.0,101.0,164.0,image_0_3989.jpg,overripe
22.1153079908334,1.8341296857329354,6,36,22.0,21.0,23.0,106.03214067736103,36.15190712744436,31,241,106.0,80.0,132.0,141.41197876481223,63.430588010618436,3,255,152.0,109.0,179.0,image_0_3989.jpg,overripe
22.50911477826272,8.453487515496139,0,175,22.0,21.0,23.0,99.66339233276138,39.90836679908249,0,237,104.0,72.0,129.0,144.35367412508492,65.65823955620975,0,255,154.0,111.0,183.0,image_0_3989.jpg,overripe
19.950867717677948,13.226960072543518,0,172,22.0,20.0,22.0,81.29808146297086,50.766188332376394,0,233,90.0,41.0,121.0,137.16644402731555,77.7784314544947,0,255,152.0,85.0,186.0,image_0_3989.jpg,overripe
25.541719386003628,3.2123927808821056,0,172,25.0,24.0,27.0,84.71443283801678,31.74596994794216,0,224,83.0,62.0,104.0,159.08254622137218,47.40289432697419,0,255,158.0,137.0,183.0,image_0_4051.jpg,overripe
25.595380314844785,2.1615614358587023,9,42,25.0,24.0,27.0,87.63324996321907,30.32369603050824,32,221,86.0,65.0,107.0,146.7453974792801,41.825456717863354,4,236,148.0,130.0,170.0,image_0_4051.jpg,overripe
19.094159187877004,17.014563935733584,0,172,24.0,0.0,26.0,52.39064293070472,45.093580025052425,0,177,58.0,0.0,91.0,114.42831641410426,85.7565761164532,0,255,141.0,0.0,173.0,image_0_4051.jpg,overripe
25.619469373743318,2.151793399224721,8,42,25.0,24.0,27.0,98.51698298268845,31.385697556725027,42,236,96.0,75.0,118.0,137.05472021970476,37.665564834752814,4,255,140.0,122.0,159.0,image_0_4051.jpg,overripe
25.966259624344072,8.916837940295409,0,172,25.0,24.0,27.0,81.59541954783974,34.2466594874167,0,222,82.0,59.0,104.0,161.57482222549163,49.47687261367244,0,255,159.0,138.0,187.0,image_0_4051.jpg,overripe
17.33666833939698,14.121654404788474,0,172,21.0,14.0,22.0,70.04604190189437,50.273423061891975,0,193,78.0,1.0,110.0,123.66578848325179,78.71769585101939,0,255,142.0,74.0,170.0,image_0_4057.jpg,overripe
21.646510266382304,1.76505420720062,8,36,21.0,21.0,22.0,93.13896207084012,30.68762901468047,29,222,92.0,68.0,114.0,152.07192740350436,49.18714514118805,7,255,150.0,130.0,178.0,image_0_4057.jpg,overripe
21.31292602350186,1.9628749637847966,8,37,21.0,20.0,22.0,81.81999330907874,30.13142303039769,22,214,79.0,58.0,102.0,170.22776314138753,47.636370452703275,9,255,173.0,146.0,202.0,image_0_4057.jpg,overripe
21.6236356793376,11.880111433719081,0,175,21.0,20.0,22.0,85.39412662568478,39.046010314356685,0,220,90.0,62.0,112.0,152.11110065654665,56.77661449608793,0,255,150.0,130.0,182.0,image_0_4057.jpg,overripe
22.11786475975411,12.835842262045556,0,176,21.0,21.0,22.0,85.58265378664325,38.51020671992409,0,219,90.0,62.0,112.0,154.3365533391879,54.82543280032767,0,255,151.0,131.0,183.0,image_0_4057.jpg,overripe
23.615962007943352,13.396833843023845,0,177,24.0,23.0,25.0,72.48761735877473,41.247859238455014,0,239,71.0,48.0,100.0,178.2277094239248,69.52033971991543,0,255,185.0,153.0,240.0,image_0_410.jpg,overripe
24.439447123267705,1.638460785851427,12,33,24.0,24.0,25.0,85.09403276936344,27.83174800054012,38,217,80.0,64.0,103.0,156.4346130955996,38.82531537363221,6,214,161.0,137.0,188.0,image_0_410.jpg,overripe
24.463811594378924,1.619710204745995,12,34,24.0,24.0,25.0,84.72917299260321,32.689689587387136,29,239,78.0,60.0,106.0,192.44231353163374,52.00212305013406,8,255,192.0,160.0,243.0,image_0_410.jpg,overripe
24.60806723913862,12.367215723434919,0,175,24.0,23.0,25.0,75.22613047016385,37.760974520803806,0,235,72.0,52.0,100.0,189.38135377066303,61.814043244740304,0,255,194.0,160.0,246.0,image_0_410.jpg,overripe
23.562799849392103,1.9585992952571993,11,37,24.0,23.0,24.0,70.21504135644274,27.11230237180106,20,214,64.0,52.0,84.0,185.95646945939052,42.298579006262635,7,255,186.0,163.0,217.0,image_0_410.jpg,overripe
16.380581113272285,8.289102399965582,0,35,19.0,13.0,22.0,155.40458836899273,65.09909108765058,34,255,143.0,102.0,211.0,123.84676115129925,77.82831828276798,0,255,120.0,78.0,173.0,image_0_4103.jpg,overripe
18.829403151430384,7.829651077721471,0,165,20.0,15.0,22.0,130.29588368992722,65.93762634071271,0,246,120.0,86.0,173.0,107.03909237930809,50.784414787097525,0,255,99.0,75.0,136.0,image_0_4103.jpg,overripe
18.485029612955394,8.574639598505927,0,165,20.0,14.0,22.0,125.20223135257993,68.3026329656732,0,246,117.0,82.0,167.0,106.66110103372162,54.03709596892744,0,255,100.0,73.0,138.0,image_0_4103.jpg,overripe
13.331686955001421,13.590071638595685,0,178,19.0,0.0,21.0,71.00322355049501,67.59739788168098,0,247,78.0,0.0,122.0,80.23160390759884,74.27701283092304,0,255,79.0,0.0,136.0,image_0_4103.jpg,overripe
19.286901457700463,4.413784936133132,6,36,20.0,15.0,22.0,141.65791026509606,59.37348597662799,33,248,129.0,94.0,187.0,105.96642590204777,41.58011434402096,14,255,97.0,75.0,132.0,image_0_4103.jpg,overripe
22.576474062749732,8.42347512230097,0,177,22.0,21.0,23.0,92.05499287724541,37.62305901547886,0,228,92.0,63.0,119.0,168.58820054897328,49.70566046665238,0,255,161.0,142.0,198.0,image_0_4106.jpg,overripe
22.18662485667628,1.436122864106507,6,39,22.0,22.0,23.0,95.6741079184184,34.39772009514621,32,230,95.0,66.0,120.0,165.53226955283,49.314512274444056,6,255,159.0,140.0,194.0,image_0_4106.jpg,overripe
22.18016225982419,1.4602080281836425,6,39,22.0,21.0,23.0,108.43846634932768,34.73848743227809,44,244,108.0,79.0,133.0,152.4264619019492,41.404496627905424,6,255,151.0,133.0,181.0,image_0_4106.jpg,overripe
22.373788263090233,8.123493701642836,0,174,22.0,21.0,23.0,90.58401375907717,38.25735381470784,0,229,92.0,62.0,118.0,167.95251207393767,51.92430450787732,0,255,161.0,142.0,200.0,image_0_4106.jpg,overripe
18.371564573850804,16.37490999160448,0,172,22.0,16.0,22.0,69.77750946805185,52.23611471662023,0,186,76.0,1.0,112.0,127.30785066536951,82.77376306530122,0,255,147.0,51.0,179.0,image_0_4106.jpg,overripe
21.904244793880153,10.015882186002159,0,179,21.0,17.0,25.0,115.7372613684658,57.32657354390591,12,206,126.0,61.0,170.0,78.92379430514237,78.58175519572369,0,255,34.0,17.0,152.0,image_0_4135.jpg,overripe
21.825434764130897,5.656374947982287,0,51,21.0,18.0,26.0,150.31529791755207,61.62132236534377,29,246,163.0,92.0,208.0,73.34905227369316,57.4591302133366,0,255,56.0,27.0,110.0,image_0_4135.jpg,overripe
21.83147641308967,5.726810157651933,0,54,21.0,18.0,25.0,151.91655588610286,49.952237520004566,54,229,162.0,104.0,199.0,49.32268593285168,39.124523288821294,0,187,36.0,20.0,71.0,image_0_4135.jpg,overripe
20.30494517637059,8.033823707085897,0,170,21.0,17.0,25.0,133.4209570760731,71.4668570885724,0,244,128.0,75.0,205.0,71.0828831279218,60.66267342622385,0,255,53.0,23.0,112.0,image_0_4135.jpg,overripe
21.794468338291544,5.734566552810686,0,51,21.0,17.0,26.0,147.97164130896726,64.57036645597523,5,246,162.0,88.0,208.0,74.63752146196344,58.78646749555275,0,255,57.0,27.0,112.0,image_0_4135.jpg,overripe
23.065853784374088,7.589793852536951,0,55,24.0,20.0,28.0,179.7421741448398,66.24321857514627,44,255,190.0,119.0,246.0,119.34650110925757,87.01482861904563,0,255,96.0,44.0,201.0,image_0_4152.jpg,overripe
22.46587442172425,5.611663181386099,0,170,22.0,19.0,26.0,150.06070820506648,60.43044480158007,29,237,159.0,94.0,208.0,73.10960840628063,57.298496597907395,4,255,55.0,30.0,110.0,image_0_4152.jpg,overripe
22.37181625879237,5.641528873581452,0,170,22.0,18.0,26.0,148.17532804787865,63.06741977472128,7,237,158.0,91.0,208.0,75.51663542401155,59.54097599027754,4,255,56.0,30.0,114.0,image_0_4152.jpg,overripe
22.74765336130841,5.631190008776325,0,150,23.0,19.0,26.0,169.53368875436394,63.715334093123644,41,255,179.0,111.0,231.0,101.93361308408001,70.89053743739021,0,255,92.0,36.0,149.0,image_0_4152.jpg,overripe
22.441199030044544,5.644338779949748,0,175,22.0,19.0,26.0,149.15624537809344,60.88352999904601,0,237,157.0,93.0,208.0,73.1576418387879,57.51564275453652,0,255,55.0,30.0,110.0,image_0_4152.jpg,overripe
22.038688416202646,2.641181115154272,15,37,22.0,21.0,23.0,93.29825721340096,31.477154713802534,34,240,89.0,68.0,116.0,147.99030981725016,65.49660996183717,6,255,151.0,93.0,196.0,image_0_4156.jpg,overripe
21.763509953615223,2.7819815929420564,11,37,22.0,20.0,22.0,83.3264186613498,30.42086614294412,26,230,78.0,61.0,105.0,156.33217285302536,59.04049082411566,6,255,167.0,109.0,205.0,image_0_4156.jpg,overripe
22.382999824378352,9.656914150714812,0,174,22.0,21.0,23.0,88.36337152243308,36.83460990936617,0,236,87.0,64.0,115.0,153.08263515118958,66.54001557932246,0,255,157.0,101.0,203.0,image_0_4156.jpg,overripe
19.999648756702033,14.597595847377415,0,172,22.0,19.0,23.0,70.47451936486947,48.29083816515107,0,181,73.0,32.0,108.0,124.52433392906951,79.45081375567146,0,255,129.0,66.0,183.0,image_0_4156.jpg,overripe
22.735059246479818,13.439390246310206,0,175,22.0,21.0,23.0,85.67710410231511,39.249824987053024,0,237,86.0,62.0,114.0,152.81600016529097,68.6099939644346,0,255,158.0,99.0,205.0,image_0_4156.jpg,overripe
23.910133211036573,2.021763770229748,16,38,24.0,23.0,24.0,117.26819253207624,38.342813271289074,46,228,114.0,84.0,151.0,165.76782457524985,63.96049133721685,8,255,183.0,128.0,210.0,image_0_4231.jpg,overripe
23.85320122438967,17.60909964076854,0,179,23.0,21.0,23.0,86.8311558110515,36.3733843753764,12,200,85.0,60.0,113.0,170.7982956666418,56.39052597137548,7,255,185.0,131.0,214.0,image_0_4231.jpg,overripe
23.96141252759676,6.951785796424967,0,176,23.0,23.0,24.0,96.58120113906635,39.24462011304197,0,188,94.0,64.0,129.0,170.23075692452085,62.20554423445871,0,255,173.0,139.0,218.0,image_0_4231.jpg,overripe
20.933437143375176,14.205837567115283,0,172,23.0,22.0,24.0,75.48182079969284,52.21126734925916,0,188,74.0,37.0,120.0,137.90066232228753,85.32776858896389,0,255,158.0,63.0,201.0,image_0_4231.jpg,overripe
23.772720000853234,2.0153755225789305,17,37,23.0,23.0,24.0,98.651891511396,37.10823029769022,30,203,94.0,66.0,130.0,168.5087829694649,62.83326768964865,8,255,172.0,137.0,216.0,image_0_4231.jpg,overripe
20.292662944261885,12.755537917398039,0,172,23.0,22.0,24.0,74.9036004025184,48.03093432819332,0,183,79.0,42.0,110.0,163.3742708806426,84.13802406425977,0,255,183.0,142.0,230.0,image_0_4254 (2).jpg,overripe
23.1541503032246,12.593533881249146,0,174,23.0,22.0,24.0,87.08612291059995,45.52898564229069,0,184,88.0,59.0,120.0,170.04452637297072,73.87058497889315,0,255,183.0,145.0,230.0,image_0_4254 (2).jpg,overripe
23.577916700061447,2.1483324626497704,16,38,23.0,23.0,24.0,96.80688021515144,35.531274937825714,30,198,92.0,70.0,122.0,178.5015272545929,61.61224996108385,7,255,185.0,152.0,228.0,image_0_4254 (2).jpg,overripe
23.846116855013225,2.2317385255482614,15,40,23.0,23.0,24.0,113.41809373692038,37.37979138156127,40,226,109.0,84.0,142.0,179.1804297685519,61.84201918704686,8,255,193.0,153.0,223.0,image_0_4254 (2).jpg,overripe
23.56908266766406,2.148933067080793,16,39,23.0,23.0,24.0,117.54330189771402,31.224039942651427,59,207,113.0,94.0,140.0,135.47863179361136,50.853773637289045,7,255,144.0,115.0,164.0,image_0_4254 (2).jpg,overripe
21.211760068758245,6.025571411629897,0,177,24.0,17.0,25.0,133.39056435410495,45.34016641901394,57,225,122.0,98.0,161.0,73.82381794393137,39.91345005028294,2,200,71.0,32.0,108.0,image_0_4254.jpg,overripe
20.538202979159024,10.779978780629639,0,178,24.0,16.0,25.0,107.84919718178783,63.23519594897166,0,235,100.0,64.0,145.0,108.4700250179286,69.00952009286053,0,255,118.0,42.0,159.0,image_0_4254.jpg,overripe
19.635827644537386,10.773171856918639,0,178,23.0,15.0,25.0,100.26649294625798,64.6590679845926,0,235,96.0,54.0,137.0,107.38931619486613,70.86153529031843,0,255,120.0,38.0,159.0,image_0_4254.jpg,overripe
21.186747614537772,6.070608482991392,0,177,24.0,16.0,25.0,107.99253294209745,44.95705784585916,32,199,97.0,73.0,135.0,88.22948611970286,55.15367294471125,2,211,91.0,23.0,134.0,image_0_4254.jpg,overripe
13.937674153797305,15.070908938451984,0,172,17.0,0.0,25.0,57.05909596045306,63.559866086809386,0,236,44.0,0.0,103.0,78.47151952438564,81.67832137185205,0,255,55.0,0.0,150.0,image_0_4254.jpg,overripe
25.306630410303036,13.375720472176999,0,174,24.0,22.0,28.0,80.21949836095656,37.129241902319016,0,209,84.0,58.0,108.0,147.11511673492538,63.15520550014602,0,255,146.0,119.0,184.0,image_0_4324.jpg,overripe
24.377121789685287,11.889435471604587,0,172,25.0,22.0,28.0,76.24843394196202,39.5486269518793,0,211,81.0,53.0,106.0,135.8359788801121,66.54170358369166,0,255,141.0,104.0,173.0,image_0_4324.jpg,overripe
25.465012887135387,3.319764488449357,13,40,25.0,23.0,27.0,88.24669063368005,28.09795663958741,29,211,88.0,66.0,110.0,150.28941419837014,54.167316890532156,4,255,147.0,122.0,182.0,image_0_4324.jpg,overripe
25.442842009559,3.361702312651158,0,60,25.0,23.0,27.0,87.84336917263757,28.01623748931878,0,211,87.0,66.0,110.0,150.3086823425392,53.936176105501886,7,255,147.0,122.0,182.0,image_0_4324.jpg,overripe
25.47207787333072,3.3358128755135588,13,40,25.0,23.0,28.0,117.23531325331354,27.11667000148053,60,235,116.0,96.0,138.0,114.44114874840474,35.520260341822436,3,237,119.0,96.0,139.0,image_0_4324.jpg,overripe
23.10599777137015,13.103795710046489,0,174,22.0,22.0,23.0,72.66776183528818,34.942448344683925,0,217,72.0,51.0,97.0,161.9748647313582,67.13917755968644,0,255,164.0,129.0,215.0,image_0_438.jpg,overripe
28.135636250847224,34.88389578708193,0,179,21.0,18.0,22.0,48.256212018518305,18.758146481125383,7,155,48.0,37.0,57.0,155.9608036852807,65.29434205285918,0,255,167.0,99.0,213.0,image_0_438.jpg,overripe
22.73624050821951,2.1798008371954847,11,36,22.0,22.0,23.0,81.74736068191478,28.488940501737112,29,218,78.0,59.0,100.0,158.05143080334065,63.011166935284265,4,255,159.0,122.0,204.0,image_0_438.jpg,overripe
23.148479591953958,10.48104317230787,0,172,22.0,22.0,23.0,76.71320750381969,32.236194725851625,0,216,75.0,55.0,98.0,162.4045422692966,63.10721596801513,0,255,162.0,128.0,211.0,image_0_438.jpg,overripe
56.277740123378784,60.929505549809996,0,179,22.0,18.0,132.0,46.01650794380177,18.890009671015328,4,153,48.0,33.0,58.0,142.82108927155969,65.23816039881541,0,255,142.0,83.0,200.0,image_0_438.jpg,overripe
20.133479462810595,11.93862392803033,0,177,21.0,20.0,22.0,75.4473606726318,39.22863854499503,0,206,78.0,56.0,101.0,163.60808401354424,71.61138244105136,0,255,173.0,137.0,217.0,image_0_4405 (2).jpg,overripe
20.948194919274368,11.116240531229733,0,176,21.0,21.0,22.0,80.12024602097067,36.987448376934665,0,222,80.0,60.0,103.0,171.76625554119707,63.494086601787714,0,255,177.0,145.0,219.0,image_0_4405 (2).jpg,overripe
21.283194019596618,1.2009414538206171,13,35,21.0,21.0,22.0,87.34675216331605,30.580025677752438,31,224,83.0,64.0,105.0,173.0045883565341,55.742795862889004,9,255,175.0,144.0,215.0,image_0_4405 (2).jpg,overripe
21.258330198092683,1.2194197183184043,10,33,21.0,21.0,22.0,114.72189324914531,27.220103480134767,64,236,111.0,94.0,130.0,119.80298693013593,35.76730333885752,7,255,128.0,113.0,140.0,image_0_4405 (2).jpg,overripe
21.851160584299805,12.915072798699972,0,175,21.0,21.0,22.0,79.75108370274647,35.96235771432995,0,217,79.0,59.0,102.0,176.27436899874044,58.98606485629624,0,255,179.5,149.0,221.0,image_0_4405 (2).jpg,overripe
20.947602990154117,5.227908128698159,0,175,22.0,20.0,23.0,137.14363344619767,61.6471366601573,0,233,135.0,92.0,202.0,97.34928451863995,73.91946529321805,0,255,60.0,35.0,161.0,image_0_4408.jpg,overripe
21.673158965437175,7.65668579549506,0,43,22.0,21.0,26.0,188.68306029866883,53.59145005352056,78,255,186.0,146.0,250.0,140.28675744332813,90.99349671957089,0,255,128.0,55.0,255.0,image_0_4408.jpg,overripe
21.507161744880385,3.827167109150971,0,170,22.0,21.0,23.0,144.9444215327139,55.813003596970525,32,234,142.0,100.0,205.0,97.40644678336632,70.9497102108584,4,255,62.0,36.0,160.0,image_0_4408.jpg,overripe
21.438663371998324,3.870678569843877,0,170,22.0,20.0,23.0,139.12412882476684,61.226084123964604,6,234,137.0,92.0,205.0,101.56410567429224,74.27491201605051,4,255,71.0,36.0,162.0,image_0_4408.jpg,overripe
27.772380236148702,30.786684511946405,0,179,22.0,18.0,24.0,88.89741359293286,41.95870517964127,5,160,82.0,52.0,136.0,96.96421380225752,86.74641063707598,1,255,69.0,14.0,181.0,image_0_4408.jpg,overripe
20.668002645633223,4.155863693894963,0,177,22.0,20.0,22.0,121.83756009437408,54.20028364781369,34,243,112.0,81.0,149.0,118.229424772209,66.3606190445339,0,255,122.0,65.0,164.0,image_0_4427.jpg,overripe
20.066979930700203,11.06402660147973,0,174,21.0,20.0,22.0,102.70185786631654,60.12564249159417,0,242,100.0,63.0,138.0,119.04275955340131,74.08520600173341,0,255,128.0,63.0,169.0,image_0_4427.jpg,overripe
16.509462087483588,14.28588889748968,0,172,21.0,0.0,22.0,74.13508030681447,60.32987877233014,0,243,78.0,0.0,114.0,110.14766680816197,82.32749534666222,0,255,124.0,0.0,169.0,image_0_4427.jpg,overripe
20.619102853927483,4.140943473144855,0,176,21.0,20.0,22.0,144.02830235244178,48.49526245143256,66,252,136.0,108.0,169.0,98.68786463834786,49.58086904310817,0,255,106.0,62.0,133.0,image_0_4427.jpg,overripe
20.70981450952132,4.183242142949588,0,177,22.0,20.0,22.0,135.05445759583017,54.4986653331232,48,255,125.0,94.0,163.0,122.00945715160071,62.81051284770125,0,255,130.0,74.0,166.0,image_0_4427.jpg,overripe
22.406365402089012,11.885898580599838,0,176,22.0,21.0,23.0,79.23207542451297,33.897452150248995,0,188,84.0,58.0,104.0,172.74369169980244,58.26019238720928,0,255,169.0,147.0,213.0,image_0_4460.jpg,overripe
22.28870216153583,4.741540874919954,0,177,22.0,21.0,23.0,84.67100140879118,27.431501267674435,0,199,86.0,64.0,105.0,176.4572152616267,49.02065012137953,0,255,170.0,149.0,211.0,image_0_4460.jpg,overripe
16.919215411675463,16.13686970381395,0,177,21.0,0.0,22.0,57.89529096956511,45.907718393859234,0,201,66.0,0.0,98.0,129.38432490559433,92.47819713971572,0,255,156.0,0.0,194.0,image_0_4460.jpg,overripe
22.272071756654245,1.7078833873327024,0,36,22.0,21.0,23.0,85.79690065938097,26.33881250113287,29,201,86.0,64.0,106.0,175.0458649060945,48.80187538659891,4,255,169.0,148.0,208.0,image_0_4460.jpg,overripe
21.995140087195004,1.7605421691230891,0,38,22.0,21.0,22.0,63.90805345070481,20.0664441407787,20,157,64.0,48.0,78.0,183.460099532348,44.09374458096326,2,255,188.0,162.0,214.0,image_0_4460.jpg,overripe
24.17340173736322,4.210401606074863,0,45,24.0,22.0,27.0,158.48132520415876,59.12272804492839,50,255,151.0,107.0,215.0,100.74237580083522,70.55267857645939,0,255,84.0,41.0,138.0,image_0_4463.jpg,overripe
22.735839002689072,8.43068178768986,0,170,24.0,21.0,26.0,119.78344919885498,61.18247005973713,0,228,113.0,74.0,175.0,74.98994386408417,57.35361147361888,0,255,58.0,24.0,121.0,image_0_4463.jpg,overripe
22.523606825532546,8.892328885359976,0,172,24.0,21.0,26.0,115.51116522299466,61.12056172166099,0,227,110.0,71.0,167.0,75.30310296541383,58.399506166112694,0,255,60.0,23.0,121.0,image_0_4463.jpg,overripe
21.960227765592276,12.04856568243494,0,172,23.0,19.0,26.0,112.25388180477589,70.88691597900714,0,230,108.0,57.0,178.0,71.79022764167193,58.237154416639235,0,255,56.0,24.0,116.0,image_0_4463.jpg,overripe
23.207139051018007,4.385053685818643,0,43,24.0,21.0,26.0,130.89816845731565,55.53239375694421,30,230,123.0,82.0,184.0,74.66791206612389,53.76519549826913,0,255,58.0,26.0,119.0,image_0_4463.jpg,overripe
23.518090956313028,2.1396044371412577,16,39,23.0,22.0,24.0,99.61968690107292,36.44382874612503,31,196,97.0,71.0,125.0,176.4863870031704,59.255795305870116,9,255,184.0,153.0,218.0,image_0_4520.jpg,overripe
21.086854502140465,14.160150972283043,0,176,23.0,22.0,24.0,78.0167207007111,53.280680796375314,0,196,84.0,34.0,116.0,150.55282201006645,86.59700553133301,0,255,177.0,76.0,218.0,image_0_4520.jpg,overripe
23.636703147109927,2.1643456725077304,15,38,23.0,23.0,24.0,109.59559547905211,37.666483942026154,37,211,108.0,80.0,137.0,176.19864228268463,59.51240556060475,8,255,185.0,153.0,222.0,image_0_4520.jpg,overripe
22.87812785469917,12.011818069810676,0,179,22.0,22.0,23.0,63.78957172795501,25.417995815002808,12,137,62.0,45.0,80.0,172.4971967973634,55.79696457534425,6,255,177.0,139.0,219.0,image_0_4520.jpg,overripe
23.748267029679916,12.562618342548655,0,177,23.0,22.0,24.0,91.84963012054666,45.09405600669602,0,186,94.0,61.0,124.0,174.76504146590483,66.52591798219994,0,255,186.0,153.0,223.0,image_0_4520.jpg,overripe
23.55374143183549,2.7197351958563303,3,35,23.0,23.0,25.0,74.45055217060168,28.205342876720284,18,226,68.0,55.0,88.0,182.93754760091394,48.388311178661546,11,255,190.0,152.0,222.0,image_0_4526.jpg,overripe
24.86070068545316,8.795994213743102,0,176,24.0,23.0,25.0,81.53850913937548,32.1160604500048,0,222,80.0,60.0,100.0,170.58449162223914,49.6922622413654,0,255,167.0,141.0,204.0,image_0_4526.jpg,overripe
20.149438309215537,16.713704485257836,0,174,24.0,19.0,25.0,60.20795887281036,44.51250191781897,0,180,66.0,2.0,94.0,139.10119002284844,85.99787672125426,0,255,161.0,86.0,200.0,image_0_4526.jpg,overripe
24.50324638233054,1.8624411668550587,6,35,24.0,23.0,25.0,85.4172220106626,29.80486841634307,30,227,82.0,63.0,102.0,167.14728674790555,49.072994995619446,9,255,165.0,138.0,199.0,image_0_4526.jpg,overripe
41.76482292460015,48.316235768227955,0,179,23.0,19.0,26.0,53.791289032749425,18.639925290283518,5,170,53.0,42.0,63.0,142.8346058644326,63.46701063958172,0,255,150.0,87.0,196.0,image_0_4526.jpg,overripe
19.66463327820916,3.85481969343706,0,165,21.0,16.0,22.0,114.2701431403257,53.61094635042643,20,226,106.0,70.0,150.0,116.63858984327942,72.14527231673426,0,255,136.0,31.0,172.0,image_0_4570.jpg,overripe
15.584914959094942,14.240224181229612,0,174,21.0,0.0,22.0,79.27145188316595,71.26896376496629,0,245,78.0,0.0,128.0,99.83595264431764,82.37544238641748,0,255,121.0,0.0,160.0,image_0_4570.jpg,overripe
19.826939294045495,3.791705511243021,0,165,21.0,16.0,22.0,132.18585243513783,54.84109946231101,30,245,125.0,88.0,168.0,108.25587839095817,61.45738187700662,0,255,117.0,42.0,154.0,image_0_4570.jpg,overripe
19.36046282403706,10.942307535199708,0,176,21.0,16.0,22.0,113.95743574017895,65.36380389069348,0,240,112.0,68.0,152.0,113.99060881183674,69.576827844991,0,255,126.0,45.0,162.0,image_0_4570.jpg,overripe
19.814563734133547,7.4598152031298595,0,175,21.0,16.0,22.0,125.87262482340185,59.21188840709601,0,240,121.0,83.0,162.0,111.60774403399446,64.79001548682014,0,255,122.0,45.0,157.0,image_0_4570.jpg,overripe
23.123443496801706,9.802139386031126,0,177,22.0,22.0,23.0,85.2075053304904,36.75118075591036,0,222,86.0,57.0,110.0,174.88754797441365,48.58678405512271,0,255,166.0,145.0,210.0,image_0_4602.jpg,overripe
22.537665245202557,1.3011841772807378,13,36,22.0,22.0,23.0,90.34128997867803,33.42451944050194,29,227,89.0,63.0,112.0,170.3416737739872,47.05803008059606,7,255,163.0,142.0,200.0,image_0_4602.jpg,overripe
18.990980810234543,14.557464387745712,0,172,22.0,20.0,23.0,64.3447867803838,44.53844105808122,0,175,68.0,27.0,100.0,146.3401172707889,83.76694000073336,0,255,160.0,124.0,206.0,image_0_4602.jpg,overripe
22.479808102345416,2.133207232667199,0,172,22.0,22.0,23.0,89.59182302771855,33.65947832500584,0,224,88.0,62.0,112.0,170.85309168443496,46.723008764534676,0,255,163.0,142.0,201.0,image_0_4602.jpg,overripe
22.53810234541578,1.319849373624253,12,36,22.0,22.0,23.0,104.37211087420043,34.97090503179042,40,248,103.0,75.0,127.0,159.12713219616205,38.375915975477874,8,255,155.0,139.0,188.0,image_0_4602.jpg,overripe
18.94669803624344,10.769247407571225,0,177,21.0,16.0,22.0,90.02676414394215,61.14583217684873,0,236,82.0,48.0,122.0,96.53748295989853,67.8366095833177,0,255,90.0,38.0,143.0,image_0_4675.jpg,overripe
20.58177932871211,3.926110640110203,0,177,21.0,19.0,23.0,89.08285568415678,47.691152815646625,18,197,75.0,50.0,118.0,100.95517203265383,68.31365997688735,3,255,95.0,40.0,154.0,image_0_4675.jpg,overripe
15.276031222202922,14.162073102923582,0,177,21.0,0.0,22.0,56.65914533693346,52.36666839285271,0,239,56.0,0.0,94.0,81.11958335307091,75.42131102174294,0,255,78.0,0.0,136.0,image_0_4675.jpg,overripe
20.857900027895763,4.09989168581958,0,176,21.0,19.0,23.0,153.78672898475207,49.24134972027377,79,255,140.0,114.0,184.0,85.04260683288332,51.24021359779808,0,255,77.0,51.0,102.0,image_0_4675.jpg,overripe
20.39784623644029,8.047949390701538,0,177,21.0,19.0,23.0,106.42371561057513,58.16265345798538,0,237,96.0,64.0,140.0,96.62517040101477,61.55118662972337,0,255,88.0,41.0,138.0,image_0_4675.jpg,overripe
26.16066156887882,2.037952013863519,0,40,26.0,25.0,28.0,86.28674605252466,29.497746079480915,0,234,88.0,62.0,108.0,172.74344344434715,52.36947240503035,6,255,165.0,137.0,215.0,image_0_4687.jpg,overripe
26.201603365623335,1.907322591985599,8,36,26.0,25.0,28.0,86.8276833352894,29.677104379644756,30,237,88.0,62.0,108.0,172.66979335000497,52.53620430389015,10,255,165.0,136.0,214.0,image_0_4687.jpg,overripe
26.672772576669946,12.76913796708227,0,172,26.0,25.0,28.0,79.64159000424314,35.23986759616325,0,230,84.0,56.0,106.0,174.17751676943493,59.65706768892462,0,255,168.0,138.0,229.0,image_0_4687.jpg,overripe
22.090884469201114,15.444466607852597,0,172,25.0,24.0,27.0,70.67188783663005,45.72215434569386,0,237,81.0,37.0,106.0,140.84974766852943,82.30273186790984,0,255,151.0,116.0,194.0,image_0_4687.jpg,overripe
28.785567903798064,24.91035627678984,0,179,25.0,23.0,28.0,76.43898453510522,25.551449884414737,13,242,75.0,60.0,90.0,169.10893136042324,59.01505431624529,3,255,182.0,128.0,216.0,image_0_4687.jpg,overripe
25.461206415361143,3.1185203688467538,6,36,25.0,25.0,28.0,119.81032386906313,55.87478182145972,32,229,105.0,74.0,176.0,119.42182363958868,73.31523194068566,5,242,133.0,36.0,169.0,image_0_4698.jpg,overripe
24.1210942829854,10.501805851129193,0,175,25.0,24.0,27.0,105.12430692516652,63.38075236421956,0,239,97.0,61.0,141.0,126.38042520993811,82.81305511142628,0,255,140.0,34.0,182.0,image_0_4698.jpg,overripe
25.472909611878094,3.1198449279423,5,35,26.0,25.0,27.0,122.50775871692777,59.27259715272037,30,239,107.0,74.0,183.0,129.35108969349656,76.86170860780997,6,255,140.0,46.0,179.0,image_0_4698.jpg,overripe
14.25268237016088,16.05532073795256,0,174,23.0,0.0,25.0,47.80382416055768,54.99213549870326,0,210,26.0,0.0,93.0,90.54039370371748,100.30701869425187,0,255,24.0,0.0,175.0,image_0_4698.jpg,overripe
22.34186730175269,9.677338157010825,0,37,25.0,24.0,28.0,163.41039333159677,62.129288924764154,60,255,150.0,112.0,238.0,137.2081891365559,77.72648903048476,0,255,148.0,92.0,187.0,image_0_4698.jpg,overripe
18.459105426911535,15.356822232425397,0,172,21.0,20.0,22.0,65.78516754315923,43.26444752523038,0,210,79.0,25.0,100.0,142.10319667391724,83.95946107705437,0,255,163.0,105.0,196.0,image_0_4706.jpg,overripe
22.30645805225915,12.404220229980558,0,177,21.0,20.0,22.0,82.80202511082354,31.134045706163153,0,209,88.0,66.0,103.0,173.62171315289518,52.397042601971805,0,255,171.0,148.0,205.0,image_0_4706.jpg,overripe
21.533088741430106,1.778145653778242,6,165,21.0,21.0,22.0,88.5386643354718,24.296760679575204,30,210,90.0,72.0,104.0,171.7272433161706,46.96761107219567,3,255,169.0,147.0,199.0,image_0_4706.jpg,overripe
21.53094110520664,1.7775764612938987,6,165,21.0,21.0,22.0,88.51288581734079,24.257260899296913,30,210,90.0,72.0,104.0,171.71333186486413,46.95684728145536,3,255,169.0,147.0,199.0,image_0_4706.jpg,overripe
20.71002092568628,12.760198354530987,0,179,20.0,19.0,21.0,75.15878741154768,20.20671366402945,18,204,74.0,63.0,85.0,188.73352790550402,51.45619577112734,3,255,202.0,158.0,228.0,image_0_4706.jpg,overripe
22.582089700534546,10.59256086111329,0,176,21.0,20.0,23.0,76.03953460644239,32.49064311931404,0,220,73.0,54.0,98.0,139.544423027244,60.67648131083497,0,255,138.0,102.0,174.0,image_0_4710.jpg,overripe
22.07683365459134,4.441293100912548,7,40,21.0,19.0,23.0,57.00851499314429,23.159243777145697,19,175,53.0,38.0,72.0,148.84936311428174,55.420226974254305,3,255,155.0,115.0,189.0,image_0_4710.jpg,overripe
23.00834608429545,15.74933400696516,0,179,21.0,19.0,23.0,64.21656101583768,29.47512072661698,16,222,60.0,40.0,82.0,163.07444905907835,60.63931672469497,4,255,172.0,122.0,212.0,image_0_4710.jpg,overripe
22.20754923196153,4.179886299567504,6,36,21.0,20.0,23.0,81.72939808834927,29.77681174246186,29,227,77.0,59.0,102.0,134.64954394610814,58.574728804667465,4,255,134.0,95.0,168.0,image_0_4710.jpg,overripe
18.15708522941796,16.07355420403786,0,172,20.0,15.0,22.0,54.90423861852433,42.572818051802265,0,166,56.0,1.0,88.0,106.96366472587087,78.26435119023684,0,255,121.0,34.0,159.0,image_0_4710.jpg,overripe
22.938152196183438,11.556697761719455,0,175,23.0,22.0,24.0,89.85696017408384,46.14913699019978,0,228,92.0,61.0,123.0,161.70395857030826,63.14579787650474,0,255,167.0,142.0,200.0,image_0_4725.jpg,overripe
23.708826417787073,2.621742533126909,0,170,23.0,23.0,24.0,129.7763545545107,33.976153762256004,62,251,128.0,103.0,154.0,141.75025610953716,49.535368735493854,0,255,139.0,115.0,165.0,image_0_4725.jpg,overripe
23.112349072000338,3.044797825581605,0,174,23.0,22.0,24.0,98.6176867480094,38.65075717384307,22,248,93.0,69.0,125.0,189.13383401275956,48.62003045034939,0,255,196.0,168.0,224.0,image_0_4725.jpg,overripe
18.90713644809631,14.55484129427445,0,174,23.0,17.0,24.0,72.54960046912203,54.76909327001825,0,212,78.0,1.0,117.0,128.7272027186469,84.77625414279474,0,255,153.0,31.0,187.0,image_0_4725.jpg,overripe
23.644124317335613,2.6166583267558248,0,172,23.0,22.0,24.0,100.33844610395575,35.88711352683335,30,229,98.0,72.0,125.0,166.40962689256116,49.69180584874584,0,255,166.0,144.0,196.0,image_0_4725.jpg,overripe
22.259186934138114,13.244212394704386,0,175,21.0,19.0,23.0,71.08909797423911,35.292466472665964,0,222,70.0,48.0,95.0,138.71574254886877,65.34185890738303,0,255,139.0,97.0,178.0,image_0_4730.jpg,overripe
17.591267727873444,16.05961384960131,0,174,20.0,0.0,22.0,53.48319427185041,43.00745333657843,0,168,54.0,0.0,86.0,103.53519932145886,78.94697497822656,0,255,117.0,0.0,158.0,image_0_4730.jpg,overripe
22.17589798212912,4.462636193668108,0,36,21.0,20.0,24.0,128.28199893484822,31.760219755431592,71,255,124.0,104.0,150.0,113.40956072351422,61.01469460618011,0,255,107.0,67.0,150.0,image_0_4730.jpg,overripe
22.221275420636328,4.225825328467143,0,37,21.0,20.0,23.0,83.45863660571631,24.57847425591281,40,203,80.0,64.0,100.0,104.4299662701935,42.970435221891954,5,200,107.0,74.0,136.0,image_0_4730.jpg,overripe
22.331745468173658,6.89484507939279,0,176,21.0,20.0,23.0,79.15535436021855,30.35582630214184,0,223,76.0,57.0,100.0,137.08114878592423,58.69419699553141,0,255,136.0,98.0,172.0,image_0_4730.jpg,overripe
20.63232392781007,10.954778532881631,0,176,22.0,20.0,22.0,109.71070623077297,64.77799520849943,0,237,104.0,63.0,160.0,114.26740198350171,77.82476893720452,0,255,123.0,38.0,169.0,image_0_474.jpg,overripe
21.035671252466138,3.34466318513463,3,35,21.0,20.0,22.0,105.65924287965255,52.74175344598269,19,215,93.0,62.0,150.0,119.95553672391192,76.83876340151447,5,255,141.0,28.0,183.0,image_0_474.jpg,overripe
20.55645300107252,9.979987431278479,0,175,22.0,20.0,22.0,111.53096407716855,64.34046464630998,0,238,106.0,64.0,166.0,111.57162718642003,76.94905404496068,0,255,119.0,36.0,167.0,image_0_474.jpg,overripe
21.471710604716446,3.0772651553458354,3,35,22.0,21.0,22.0,126.79455706650072,55.51370349805018,34,240,116.0,80.0,174.0,112.55179658293942,71.43627214971094,8,255,115.0,39.0,164.0,image_0_474.jpg,overripe
21.48277566657398,3.046356121230137,0,36,22.0,20.0,22.0,138.71071064443944,48.86959466091662,57,238,130.0,98.0,180.0,88.42192886052372,53.83063536926686,5,241,85.0,35.0,134.0,image_0_474.jpg,overripe
20.637479577869033,15.61418307090037,0,172,24.0,21.0,25.0,61.33704979320293,48.646696549515866,0,178,62.0,2.0,102.0,114.49180171030747,84.67121623218878,0,255,131.0,31.0,173.0,image_0_4756.jpg,overripe
24.757414521422998,2.08782714852758,9,41,24.0,24.0,25.0,117.98445710248598,28.332224110480105,62,244,116.0,94.0,139.0,118.18091432272118,41.543039591094356,3,255,125.0,105.0,142.0,image_0_4756.jpg,overripe
24.578568169441134,12.894945630235219,0,175,24.0,23.0,25.0,82.60763750901518,40.84766525665726,0,221,85.0,56.0,113.0,158.23745602802433,67.38402050154923,0,255,159.0,132.0,204.0,image_0_4756.jpg,overripe
25.27731414020989,12.197934800778624,0,175,24.0,24.0,25.0,85.29875921755641,38.3929671410989,0,232,86.0,59.0,114.0,163.8731031336012,62.993800625746175,0,255,162.0,136.0,209.0,image_0_4756.jpg,overripe
24.76346388778499,2.090539253949362,8,40,24.0,24.0,25.0,91.84453422822743,31.97900141180241,29,234,90.0,64.0,116.0,163.0423602831869,59.25798135371822,4,255,161.0,136.0,202.0,image_0_4756.jpg,overripe
24.80308373427931,2.320367683468101,0,42,24.0,24.0,25.0,123.61397456757192,31.249311607576235,61,255,122.0,97.0,147.0,135.06152105751974,54.93253666215663,0,255,143.0,109.0,164.0,image_0_4783.jpg,overripe
24.77852419292892,2.302497079054396,13,42,24.0,23.0,25.0,94.96389042129006,32.560103834384336,30,241,93.0,68.0,119.0,160.78627542719076,60.4195849966383,9,255,162.0,135.0,199.0,image_0_4783.jpg,overripe
24.810967647325825,2.2994398029568854,0,41,24.0,24.0,25.0,109.78949463349231,34.102491592151964,41,255,108.0,81.0,135.0,155.113566056577,57.45145096817773,0,255,162.0,129.0,199.0,image_0_4783.jpg,overripe
25.3844472532,10.71108470729981,0,176,24.0,23.0,25.0,89.3913116345328,38.01665700709561,0,209,90.0,63.0,117.0,163.3238130486093,62.16550141161223,0,255,164.0,136.0,205.0,image_0_4783.jpg,overripe
24.743259568584456,2.4840471035729417,0,170,24.0,23.0,25.0,94.45130339448195,32.58191464840534,0,239,92.0,68.0,118.0,160.87505848341166,60.09008310225157,5,255,162.0,135.0,199.0,image_0_4783.jpg,overripe
20.525691887963593,4.182870566843166,0,172,21.0,18.0,23.0,131.21341601439175,58.43299842722325,36,233,116.0,82.0,202.0,90.98338634928578,60.66991518951405,4,255,72.0,39.0,140.0,image_0_4892.jpg,overripe
11.77234116063238,13.88018852973231,0,172,14.0,0.0,21.0,48.876085635655315,53.62381728464281,0,226,34.0,0.0,94.0,75.41847457021338,83.39890459345357,0,255,36.0,0.0,148.0,image_0_4892.jpg,overripe
20.105489831659458,8.803026073440599,0,170,21.0,17.0,23.0,121.30012390245065,64.68542991478036,0,232,110.0,72.0,194.0,94.64544241514469,65.44054653546226,0,255,79.0,39.0,146.0,image_0_4892.jpg,overripe
20.79712760761047,4.529430715898696,0,172,21.0,18.0,23.0,164.5486019276362,56.52913684100603,72,255,151.0,116.0,233.0,113.86710866483196,68.69102691155955,0,255,102.0,60.0,150.0,image_0_4892.jpg,overripe
20.518031380678366,4.18412517798803,0,172,21.0,18.0,23.0,162.9529289824511,52.59641488580265,78,252,150.0,118.0,226.0,88.7569248364845,51.148181801814296,5,255,78.0,51.0,122.0,image_0_4892.jpg,overripe
22.496406189144214,1.4408812224859282,15,36,22.0,22.0,23.0,112.09523303709474,32.649086917087516,45,248,110.0,85.0,138.0,180.80152014068383,40.539855511075196,6,255,186.0,161.0,207.0,image_0_4937.jpg,overripe
22.719906997604127,12.802636569548936,0,175,22.0,22.0,23.0,92.93728239445763,41.61166061542338,0,184,95.0,67.0,124.0,192.3183915778541,58.64373095991721,0,255,195.0,169.0,242.0,image_0_4937.jpg,overripe
22.897366899172656,14.984123950753027,0,176,22.0,22.0,23.0,90.40506792243505,43.52909461185951,0,184,92.0,66.0,123.0,188.59089567916533,63.07229869665141,0,255,194.0,168.0,241.0,image_0_4937.jpg,overripe
22.50172904200451,1.4439775580271634,15,35,22.0,22.0,23.0,98.76603052083702,32.908714439252584,32,237,96.0,72.0,125.0,197.89506544394482,45.520235826375036,7,255,196.0,171.0,240.0,image_0_4937.jpg,overripe
22.53223807669157,22.15758799811048,0,179,21.0,18.0,22.0,85.056804635957,25.90085374340432,10,223,84.0,69.0,98.0,177.27351910207838,51.26685282031592,9,255,188.0,137.0,219.0,image_0_4937.jpg,overripe
21.822362674623626,19.660768046940756,0,179,21.0,16.0,22.0,94.92939102129391,57.57791680487877,12,227,80.0,48.0,131.0,120.43603417876034,68.7542809314763,6,255,119.0,54.0,177.0,image_0_4949.jpg,overripe
20.291577376915775,4.497288345478542,0,176,21.0,18.0,22.0,88.67233419232335,46.80082229128803,18,194,78.0,50.0,118.0,101.27527465075275,65.42483820201244,3,255,98.0,42.0,148.0,image_0_4949.jpg,overripe
20.42242777702428,4.524453553711164,0,177,21.0,19.0,22.0,116.17168588091685,54.87857060470839,32,238,104.0,71.0,151.0,96.90465210904652,55.492764853593755,8,255,89.0,48.0,130.0,image_0_4949.jpg,overripe
19.30018174420182,10.767654454131264,0,177,21.0,16.0,22.0,95.8731099959311,62.991642061388575,0,238,86.0,52.0,132.0,99.80692798046928,67.48478697725,0,255,92.0,45.0,140.0,image_0_4949.jpg,overripe
20.35146616031466,6.903643894117942,0,177,21.0,19.0,22.0,111.32873457208734,56.072290277084385,0,238,101.0,68.0,146.0,98.98814593788146,57.89502564849551,0,255,91.0,49.0,133.0,image_0_4949.jpg,overripe
16.29315199738278,16.398572669751566,0,172,23.0,0.0,26.0,57.77526376669354,64.84789680703128,0,246,42.0,0.0,102.0,87.75596761190367,85.78999681259089,0,255,85.0,0.0,151.0,image_0_4953.jpg,overripe
23.928850175844463,3.337166816328735,5,41,24.0,23.0,26.0,130.37394697792888,69.92296676761138,20,254,107.0,77.0,214.0,161.76093916132123,61.26761586898942,8,255,171.0,124.0,209.0,image_0_4953.jpg,overripe
23.429171486323856,9.250556837226373,0,175,24.0,22.0,26.0,116.89400259385187,70.04847250648008,0,246,105.0,68.0,155.0,133.86749740030612,72.28628942251959,0,255,133.0,77.0,189.0,image_0_4953.jpg,overripe
24.20579644104829,3.3878940542699794,0,165,24.0,23.0,26.0,130.5195999392431,64.10547315443037,0,246,113.0,80.0,199.0,133.39470947690654,67.45030924526039,0,255,127.0,78.0,185.0,image_0_4953.jpg,overripe
24.228445908841294,3.1679910048102484,5,39,24.0,23.0,26.0,131.5932034070595,63.91131996878839,30,247,114.0,80.0,207.0,133.2677859955367,67.2629634861602,7,255,126.0,78.0,185.0,image_0_4953.jpg,overripe
25.7223400154202,13.46454789002763,0,174,23.0,22.0,25.0,77.45131071703932,40.75345532906528,0,226,74.0,50.0,101.0,112.11100616808018,61.78205059359006,0,255,110.0,62.0,152.0,image_0_4967.jpg,overripe
21.05065535851966,18.9879191382827,0,172,23.0,0.0,34.0,40.08350038550501,42.319969339116064,0,229,34.0,0.0,63.0,60.580281418658444,64.34037248698142,0,255,47.0,0.0,91.0,image_0_4967.jpg,overripe
25.684984579799536,14.729648416141481,0,172,23.0,22.0,25.0,74.41578643022359,42.4711185985695,0,227,72.0,46.0,100.0,111.95539707016191,63.307969279871706,0,255,109.0,63.0,152.0,image_0_4967.jpg,overripe
32.81156515034696,33.97998862910626,0,179,23.0,21.0,27.0,43.621144949884346,28.678090185175222,5,169,40.0,20.0,58.0,146.0827101002313,65.94917000321206,0,255,153.0,91.0,200.0,image_0_4967.jpg,overripe
25.354240555127216,4.518499981119068,0,43,24.0,23.0,27.0,128.60973400154202,36.66205070004876,70,255,122.0,98.0,153.0,99.17789128758673,70.69483366802545,0,255,79.0,42.0,133.0,image_0_4967.jpg,overripe
25.027934874551722,2.394849970980512,0,42,25.0,24.0,26.0,127.38144106482484,34.19365932632546,57,255,126.0,98.0,155.0,155.84993743315135,62.77462061590065,0,255,165.0,124.0,190.0,image_0_497.jpg,overripe
24.786825309164122,2.3053596125576648,13,41,24.0,23.0,25.0,94.81071256300376,32.65536528793062,30,239,93.0,67.0,119.0,161.43017329968472,60.68749877478481,6,255,162.0,135.0,200.0,image_0_497.jpg,overripe
23.02890658315099,14.065314008746833,0,176,24.0,23.0,26.0,72.8577670276203,47.87403472615955,0,200,73.0,36.0,110.0,131.31120540801274,80.68179559657177,0,255,148.0,58.0,188.0,image_0_497.jpg,overripe
25.270980866428516,10.59840522295061,0,176,24.0,23.0,25.0,89.14128223590848,38.238179693948354,0,201,90.0,63.0,118.0,163.5363971282166,62.700217504247,0,255,164.0,136.0,206.0,image_0_497.jpg,overripe
25.158647157927113,8.68149923617237,0,176,24.0,23.0,25.0,91.58477283689976,35.95610846015935,0,238,90.0,64.0,118.0,164.0756045215908,60.290592942604135,0,255,164.0,137.0,204.0,image_0_497.jpg,overripe
21.09569804591723,1.1820336677017356,6,36,21.0,21.0,22.0,82.95350488314304,31.140355761242038,29,222,76.0,60.0,98.0,181.09851317994568,56.43036203647764,6,255,190.0,150.0,230.0,image_0_501.jpg,overripe
21.40606450867243,10.60615899164842,0,175,21.0,21.0,22.0,80.31262847660797,35.66094525302848,0,222,78.0,59.0,100.0,178.9309507888154,60.056615441835945,0,255,185.0,150.0,227.0,image_0_501.jpg,overripe
21.955948518546037,12.504861291893214,0,177,21.0,21.0,22.0,79.06331162130256,35.864493267472895,0,216,76.0,58.0,99.0,180.862859218532,58.56115129155084,0,255,185.0,151.0,228.0,image_0_501.jpg,overripe
21.222527676647598,1.2035656521710736,8,32,21.0,21.0,22.0,95.98641140583335,26.354200565951057,51,211,91.0,76.0,110.0,127.59977214750973,37.55027988722076,4,187,137.0,117.0,154.0,image_0_501.jpg,overripe
21.260494836169105,1.1832680958166275,6,36,21.0,21.0,22.0,85.97260816801645,31.455799619467456,32,224,80.0,63.0,102.0,176.65671875902947,57.47651899994502,5,255,182.0,147.0,223.0,image_0_501.jpg,overripe
25.145544153261906,12.398828720955379,0,176,24.0,23.0,25.0,80.26294066095609,37.879313804955075,0,183,74.0,56.0,110.0,196.6702475522762,58.017596146581035,0,255,201.0,159.0,251.0,image_0_5013.jpg,overripe
24.734703493248144,2.333812074430617,18,38,24.0,23.0,26.0,85.01405968770908,32.48183204280132,29,184,76.0,59.0,111.0,197.68739810966935,51.45980990194613,12,255,198.0,158.0,250.0,image_0_5013.jpg,overripe
25.22573714414949,2.484701856108815,18,38,25.0,23.0,26.0,132.88380968535324,33.71353231806916,71,227,125.0,104.0,164.0,173.17811136554246,51.522555442132244,13,255,161.0,143.0,216.0,image_0_5013.jpg,overripe
18.26102771416994,16.90954668751415,0,176,24.0,0.0,25.0,59.02896747990464,50.67079942231152,0,182,61.0,0.0,104.0,138.04845503632714,100.78954205826632,0,255,164.0,0.0,238.0,image_0_5013.jpg,overripe
24.792817497337893,13.557238141775658,0,175,24.0,23.0,25.0,78.9074246836099,39.47400256385146,0,183,73.0,55.0,110.0,192.65706423920315,63.78593216803817,0,255,198.0,157.0,251.0,image_0_5013.jpg,overripe
22.229479539818133,1.4356117108354585,11,38,22.0,22.0,23.0,94.11960078534031,32.71733480118144,32,229,92.0,68.0,118.0,164.766223477542,50.272815704458395,6,255,162.0,139.0,193.0,image_0_5022.jpg,overripe
22.54701708459631,2.42183410623455,0,36,22.0,22.0,23.0,142.83411408101406,33.467948783950256,76,255,142.0,114.0,170.0,160.60552149352438,60.63022830586075,0,255,152.0,122.0,206.0,image_0_5022.jpg,overripe
22.22539783686966,1.450819587939606,10,38,22.0,22.0,23.0,100.32588178561588,34.730004066139735,34,244,98.0,72.0,126.0,168.7395890741251,49.64266652769511,6,255,167.0,145.0,196.0,image_0_5022.jpg,overripe
16.996641636814548,14.841769775961803,0,177,22.0,0.0,22.0,63.87546500413337,50.669343417388156,0,187,70.0,0.0,106.0,121.87632612289887,85.7728058089833,0,255,146.0,0.0,178.0,image_0_5022.jpg,overripe
22.975716450812897,12.450717647589281,0,176,22.0,22.0,23.0,85.98406930283825,38.79417571546569,0,226,87.0,60.0,114.0,167.25171362634333,55.8362633259921,0,255,164.0,141.0,201.0,image_0_5022.jpg,overripe
23.949910256647485,14.576341313569845,0,172,23.0,22.0,26.0,69.96795144607073,48.26824699572535,0,212,64.0,35.0,100.0,108.82506522583869,73.82781603044877,0,255,99.0,49.0,167.0,image_0_506.jpg,overripe
25.001424791369836,4.224193121653457,13,43,24.0,22.0,26.0,87.95220472586644,36.738868440928286,36,222,77.0,59.0,113.0,103.67703495364802,62.29990606992193,2,255,94.0,47.0,152.0,image_0_506.jpg,overripe
25.201968802620137,13.767054503255286,0,172,24.0,22.0,26.0,75.62516884702922,45.26914253352413,0,212,70.0,45.0,103.0,113.22180485909368,70.51009440057629,0,255,105.0,54.0,168.0,image_0_506.jpg,overripe
25.451325796125307,4.432151099847978,0,43,24.0,23.0,28.0,121.31184427215365,40.44441000278472,61,255,110.0,88.0,153.0,103.69085728031382,70.93547210915604,0,255,83.0,42.0,148.0,image_0_506.jpg,overripe
20.014599485594804,18.594899419512135,0,172,23.0,0.0,27.0,52.37930906870455,53.192327893307265,0,214,41.0,0.0,87.0,78.48653849712267,75.52733117190544,0,255,62.0,0.0,131.0,image_0_506.jpg,overripe
23.348365623870187,14.224752835186239,0,176,23.0,22.0,24.0,88.26315901405755,48.87632239657361,0,185,91.0,54.0,130.0,157.35602177750366,73.59926971406921,0,255,169.0,119.0,209.0,image_0_5084.jpg,overripe
23.87816082176049,2.024193765320726,17,38,24.0,23.0,24.0,124.6451691797282,36.44492943591241,56,233,124.0,92.0,157.0,155.43081814508412,64.01841086681799,6,255,165.0,119.0,195.0,image_0_5084.jpg,overripe
23.885061993577338,2.0304477048951655,17,38,24.0,23.0,24.0,123.40268178048106,36.78308006819778,54,233,122.0,90.0,156.0,157.3906020714149,63.73592358233833,6,255,169.0,121.0,196.0,image_0_5084.jpg,overripe
24.334892920184597,13.020378712738724,0,176,23.0,23.0,24.0,93.01415325067524,44.88972593528768,0,185,95.0,59.0,131.0,166.1753578188469,65.90352375297988,0,255,172.0,134.0,213.0,image_0_5084.jpg,overripe
17.05943089257991,16.637729697141456,0,172,23.0,0.0,24.0,60.07119159524468,57.28311839941954,0,208,53.0,0.0,111.0,109.22999298185917,93.10876997075448,0,255,128.0,0.0,186.0,image_0_5084.jpg,overripe
23.760647581139008,8.454445799422471,0,176,23.0,22.0,24.0,97.25528169014085,37.4564840754304,0,184,101.0,71.0,124.0,171.73743876301285,53.95797513701272,0,255,172.0,150.0,206.0,image_0_5085.jpg,overripe
23.420238824249846,4.197168008771023,0,176,23.0,22.0,24.0,99.1701852418861,34.69628385322401,0,184,102.0,73.0,124.0,170.48387170851194,53.77796442956978,0,255,171.0,149.0,204.0,image_0_5085.jpg,overripe
23.439061543172077,2.348607861393262,6,43,23.0,22.0,24.0,100.3037966932027,33.42808324164505,31,184,102.0,74.0,124.0,169.3866733006736,54.40013872567563,6,255,171.0,148.0,203.0,image_0_5085.jpg,overripe
23.518240967544397,2.3275265982654973,6,43,23.0,22.0,24.0,121.178276178812,33.36890793458411,51,199,123.0,94.0,146.0,157.00465401102267,53.593755746438305,5,255,165.0,136.0,187.0,image_0_5085.jpg,overripe
22.604225352112675,14.154205216771283,0,172,23.0,22.0,24.0,82.24659369259032,48.01065158086141,0,184,91.0,46.0,119.0,146.42421157379056,75.89788235362961,0,255,163.0,104.0,196.0,image_0_5085.jpg,overripe
22.96413475306374,22.336752671905682,0,179,21.0,18.0,23.0,129.8472164516583,67.42447853811812,12,242,118.0,68.0,206.0,117.47284439393054,64.28931895713892,17,255,105.0,61.0,170.0,image_0_5146.jpg,overripe
19.093586146983988,6.592019849443935,0,179,21.0,18.0,22.0,129.89844761339015,72.4352531669726,0,247,122.0,75.0,203.0,106.99964632643041,65.97463631949772,0,255,94.0,60.0,152.0,image_0_5146.jpg,overripe
20.33522073694584,4.087965245559056,0,179,21.0,18.0,22.0,139.69056309639492,67.3052706380963,2,248,130.0,83.0,215.0,114.87698340481202,60.070898242939705,18,255,101.0,68.0,153.0,image_0_5146.jpg,overripe
20.63586387344667,3.859953674599006,2,43,21.0,19.0,22.0,145.96322481620993,63.21489053429643,34,248,139.0,90.0,216.0,109.50400543901878,58.38179696602959,18,255,94.0,64.0,147.0,image_0_5146.jpg,overripe
18.720477699679634,7.054884208673751,0,178,21.0,17.0,22.0,126.31955265444032,73.82127410460754,0,247,120.0,71.0,189.0,105.77487475491795,67.35159143606782,0,255,94.0,58.0,152.0,image_0_5146.jpg,overripe
17.622246455834244,9.535971712056778,0,40,21.0,14.0,24.0,165.56089468433143,55.56523701418318,70,255,157.0,122.0,195.0,118.75487134272257,78.83985671395375,0,255,123.0,65.0,171.0,image_0_5180.jpg,overripe
17.57398547530105,14.649821748313487,0,177,21.0,0.0,24.0,80.03670154759972,71.54703304748986,0,247,78.0,0.0,124.0,113.69415067634979,84.94206794887553,0,255,141.0,0.0,175.0,image_0_5180.jpg,overripe
21.8997238915056,4.707430534982254,3,40,22.0,20.0,26.0,128.28417364672035,61.337342559115704,29,247,115.0,81.0,161.0,136.73510754309845,56.60532055680419,10,255,144.0,88.0,173.0,image_0_5180.jpg,overripe
20.647643796839834,9.429702009532138,0,170,22.0,19.0,25.0,112.69165409870298,67.68508719612679,0,244,107.0,64.0,146.0,132.1089306016381,68.4583456154273,0,255,146.0,82.0,176.0,image_0_5180.jpg,overripe
21.437513631406762,8.271475718584883,0,165,22.0,20.0,25.0,119.7157613865751,65.17435428251365,0,244,111.0,73.0,152.0,135.3955080164273,63.261489989529224,0,255,147.0,85.0,176.0,image_0_5180.jpg,overripe
21.308791531902383,1.304782456055019,0,33,21.0,21.0,22.0,110.71369450161717,32.85707330470437,44,255,107.0,86.0,132.0,185.10488826815643,56.480379142579636,0,255,195.0,162.0,230.0,image_0_5209.jpg,overripe
20.950316083504852,1.4624607454539078,0,37,21.0,20.0,22.0,102.11237136136431,33.03884306799613,32,255,96.0,79.0,123.0,198.82315495442518,52.48206925998499,0,255,213.0,187.0,232.0,image_0_5209.jpg,overripe
21.570582181711263,8.511373243607434,0,176,21.0,21.0,22.0,92.2985224933843,33.299625627239394,0,238,90.0,70.0,112.0,184.9508967950603,55.13684787383252,0,255,187.0,162.0,228.0,image_0_5209.jpg,overripe
21.681961187885914,10.48729777767875,0,175,21.0,21.0,22.0,90.49350191120259,35.06164838414166,0,225,89.0,70.0,112.0,184.52468391649515,57.961334884568195,0,255,188.0,162.0,230.0,image_0_5209.jpg,overripe
21.200205821817114,1.128150116893409,13,35,21.0,21.0,22.0,95.24658923845928,30.2389873078845,34,240,92.0,72.0,114.0,181.82311820052925,56.65968882151768,7,255,185.0,159.0,225.0,image_0_5209.jpg,overripe
22.673352764326534,4.555559574024839,12,36,21.0,20.0,24.0,86.48784032925589,32.17632482539449,29,243,82.0,63.0,110.0,147.06780192626934,59.21283367050846,10,255,149.0,105.0,183.0,image_0_5228.jpg,overripe
22.67386531414714,4.557210611832343,13,36,21.0,20.0,24.0,85.19204553278406,31.099706162330957,30,237,80.0,62.0,108.0,142.93724707196353,57.16801294915758,9,249,145.0,102.0,178.0,image_0_5228.jpg,overripe
23.077310872941194,12.804157139209872,0,179,21.0,19.0,23.0,67.3341365830522,30.1570246708564,15,229,62.0,42.0,88.0,166.61447838493257,60.225278180369166,0,255,177.0,124.0,216.0,image_0_5228.jpg,overripe
20.114451609941938,14.310260790780495,0,172,21.0,18.0,24.0,65.05272378154667,44.07585706328891,0,240,66.0,34.0,96.0,125.81871036345137,79.52852995045677,0,255,139.0,62.0,177.0,image_0_5228.jpg,overripe
23.347967778211277,13.653058944457891,0,176,21.0,20.0,24.0,79.27267650456322,36.08722783197722,0,240,78.0,56.0,106.0,151.41303865543648,62.752248923554475,0,255,153.0,113.0,190.0,image_0_5228.jpg,overripe
21.86632189446873,2.235352685059148,0,37,22.0,21.0,23.0,102.85659828589131,33.19887334371564,39,255,98.0,77.0,126.0,162.1361907548274,64.13733706903318,0,255,171.5,108.0,221.0,image_0_5238.jpg,overripe
19.260171066671255,14.364372732728116,0,174,22.0,19.0,22.0,75.94686435135786,46.87544645319072,0,192,80.0,51.0,108.0,145.1775978384332,86.07884033549736,0,255,165.0,77.0,215.0,image_0_5238.jpg,overripe
21.75931057033697,2.51777947239454,0,176,22.0,21.0,22.0,91.84726190066431,31.66219980332023,0,223,88.0,68.0,112.0,162.75030977868033,64.43785187848997,6,255,169.0,111.0,214.0,image_0_5238.jpg,overripe
21.814218841427735,2.137929201991816,13,37,22.0,21.0,22.0,92.52872336763845,31.355807297923338,33,244,88.0,68.0,114.0,162.28293979967646,64.73416987649885,6,255,169.0,111.0,213.0,image_0_5238.jpg,overripe
22.260085017037827,13.790998221100457,0,176,22.0,21.0,23.0,83.88594981585378,40.22190178865478,0,238,84.0,61.0,110.0,161.1539427942037,71.62926286815063,0,255,171.0,111.0,219.0,image_0_5238.jpg,overripe
19.192057009266822,4.547689695559286,0,177,21.0,16.0,22.0,121.70179421457341,45.25729827271584,36,233,119.0,84.0,150.0,97.49076416077514,61.43664084013597,0,255,87.0,46.0,145.0,image_0_5323.jpg,overripe
17.85641213418584,9.876280298591128,0,176,20.0,15.0,22.0,101.50390671210883,54.523145127493045,0,231,106.0,68.0,140.0,99.09918035095626,68.93688296819323,0,255,91.0,40.0,153.0,image_0_5323.jpg,overripe
23.094594822972706,25.851497362031573,0,179,20.0,15.0,22.0,78.41546348195926,39.89567375190195,10,179,74.0,46.0,103.0,122.66784778751091,73.28376550949301,0,255,134.0,56.0,179.0,image_0_5323.jpg,overripe
17.5705884009802,10.158693565838233,0,175,20.0,15.0,22.0,98.89679182040955,55.225989874312084,0,231,104.0,64.0,139.0,98.2459285130834,69.65116148108524,0,255,90.0,37.0,153.0,image_0_5323.jpg,overripe
19.65865983156353,4.898920941134113,0,165,21.0,16.0,22.0,160.24577641326084,40.979380894009076,82,255,159.0,126.0,186.0,105.18659268230854,78.25091309045956,0,255,76.0,43.0,156.0,image_0_5323.jpg,overripe
11.28268834146779,14.68988939122193,0,178,0.0,0.0,21.0,53.27835850530981,69.45316076983299,0,245,0.0,0.0,99.0,53.8750048038123,67.66211810269202,0,255,19.0,0.0,98.0,image_0_5363.jpg,overripe
19.355520541101416,6.924053078115755,0,179,20.0,15.0,22.0,130.75016332961837,71.43512583793795,19,255,114.0,71.0,193.0,135.72846290816392,61.02068283587863,0,255,134.0,95.0,178.0,image_0_5363.jpg,overripe
19.34051983654228,4.441950734188293,2,39,20.0,15.0,22.0,140.43658327248505,62.32968902281132,40,252,127.0,89.0,195.0,98.10714422966066,45.07566934806447,10,255,95.0,66.0,127.0,image_0_5363.jpg,overripe
19.333423004496368,4.446941937725764,2,39,20.0,15.0,22.0,135.51580133994338,60.98705103987986,36,245,122.0,85.0,189.0,91.2065767393003,44.429577457817786,8,255,88.0,56.0,120.0,image_0_5363.jpg,overripe
17.494920769122377,11.3638625845693,0,178,19.0,14.0,22.0,106.05827344580659,72.74366564527746,0,244,101.0,50.0,155.0,90.83335254858255,62.83346469685973,0,255,87.5,41.0,131.0,image_0_5363.jpg,overripe
22.49546720635947,10.905228301291872,0,175,22.0,21.0,22.0,89.629030743712,39.831006705132275,0,238,86.0,64.0,117.0,154.29871579540358,67.28165332801971,0,255,157.0,101.0,207.0,image_0_5376.jpg,overripe
14.401347841054905,17.45484393768976,0,172,21.0,0.0,22.0,45.57093378678657,51.83705785689129,0,181,25.0,0.0,86.0,91.02275264195625,94.54915630790721,0,255,68.0,0.0,174.0,image_0_5376.jpg,overripe
21.994794329052652,2.6210581606625314,15,37,22.0,21.0,22.0,94.74327383498336,34.22005807932427,34,242,88.0,67.0,118.0,149.8924439529716,65.74184214598782,6,255,153.0,95.0,199.0,image_0_5376.jpg,overripe
22.23371271790271,8.07617654982385,0,172,22.0,21.0,22.0,91.40142086649905,37.74591928950847,0,232,87.0,64.0,118.0,154.49727197805063,65.66685561844828,0,255,157.0,102.0,206.0,image_0_5376.jpg,overripe
22.17542798126376,2.821854244560172,0,38,22.0,21.0,23.0,119.03392553491138,34.14196510907867,57,255,113.0,91.0,144.0,135.78064199797615,64.43413836851114,0,255,140.0,81.0,184.0,image_0_5376.jpg,overripe
23.637192513105997,7.137518071306223,0,177,22.0,21.0,24.0,88.54697012914204,34.55006954216982,0,241,88.0,63.0,116.0,170.87713310580205,50.3196939091767,0,255,165.0,142.0,203.0,image_0_538.jpg,overripe
23.564467743997795,3.6819770829901786,0,37,22.0,21.0,25.0,117.6607390504667,32.73744023943312,56,255,116.0,92.0,143.0,140.18213649910004,44.905937849973185,0,255,144.0,112.0,170.0,image_0_538.jpg,overripe
24.000118027756194,10.426387830165107,0,176,22.0,21.0,24.0,86.27966676830168,36.30226916782461,0,241,87.0,61.0,115.0,172.65517207463287,51.57176262659375,0,255,166.0,144.0,207.0,image_0_538.jpg,overripe
23.520610596925376,3.655814114792088,11,40,22.0,21.0,24.0,91.42499827876189,33.445934609288244,29,242,90.0,65.0,117.0,168.06818070049474,50.9542748321214,5,255,163.0,140.0,199.0,image_0_538.jpg,overripe
53.681207030520014,56.60760860547198,0,179,22.0,19.0,116.0,49.210158255549764,19.239536783266928,7,160,52.0,34.0,63.0,160.6018038575405,65.67759405311676,0,255,172.0,102.0,220.0,image_0_538.jpg,overripe
22.024439187191078,10.2698485105748,0,177,21.0,21.0,22.0,84.98557306408686,35.465504623738845,0,240,80.0,60.0,110.0,173.1172109332094,68.57244576077952,0,255,179.0,130.0,242.0,image_0_5431.jpg,overripe
21.469171137679016,1.363650774386952,0,35,21.0,21.0,22.0,101.62941996535845,34.609447793270476,44,255,95.0,74.0,126.0,164.25179544590426,64.45351328820642,0,255,182.0,115.0,221.0,image_0_5431.jpg,overripe
20.869196485150606,18.7887447686789,0,179,20.0,17.0,21.0,69.12278737695915,27.571242315757594,14,212,68.0,52.0,83.0,163.27173545688817,55.23592441229423,10,255,165.0,122.0,209.0,image_0_5431.jpg,overripe
21.439641333277006,1.21695929541631,13,35,21.0,21.0,22.0,89.64475518567023,32.84093908618277,34,242,84.0,64.0,112.0,168.92256347429344,68.70887413773539,8,255,176.0,117.0,236.0,image_0_5431.jpg,overripe
17.8034514807148,15.18042818146001,0,176,21.0,19.0,22.0,67.9638164843057,48.53716521332907,0,179,70.0,2.0,106.0,151.95113218706433,95.1266437660623,0,255,177.0,67.0,242.0,image_0_5431.jpg,overripe
18.476755264572237,15.984450949928524,0,174,21.0,20.0,22.0,66.80298773635609,44.04430644969536,0,178,72.0,45.0,96.0,164.20656422533835,92.29698199047769,0,255,189.0,147.0,245.0,image_0_5507.jpg,overripe
21.203644891777007,1.126739370043807,16,32,21.0,20.0,22.0,88.77142473249621,30.05293892475556,32,227,84.0,65.0,104.0,191.29987296623833,52.98494557327697,9,255,192.0,163.0,240.0,image_0_5507.jpg,overripe
21.237504275174672,1.1321529272002226,15,32,21.0,21.0,22.0,120.26387599550496,27.59691134692135,68,248,116.0,98.0,135.0,140.77000781746224,45.80708495490836,8,255,142.0,125.0,157.0,image_0_5507.jpg,overripe
21.47241901597694,7.613531130988361,0,176,21.0,20.0,22.0,86.74075340792496,32.62364016431709,0,178,84.0,64.0,104.0,194.5622587580007,50.49715238334026,0,255,195.0,165.0,243.0,image_0_5507.jpg,overripe
28.60657399716617,41.724786687065745,0,179,19.0,14.0,21.0,78.10695265549421,25.282157564463052,11,220,78.0,65.0,88.0,163.3974690965945,56.87647801464957,14,255,175.0,110.0,212.0,image_0_5507.jpg,overripe
22.96702933240491,2.0241580124642837,15,37,22.0,22.0,24.0,124.6370789450779,36.6148096094647,50,241,124.0,94.0,153.0,161.41321263817565,57.06431917702205,7,255,163.0,125.0,198.0,image_0_5556.jpg,overripe
22.624170946122376,1.7547346574875615,14,37,22.0,22.0,23.0,125.43544259726696,28.406327650460025,70,211,124.0,102.0,146.0,111.81092349203585,42.502115443096294,5,255,113.0,86.0,132.0,image_0_5556.jpg,overripe
22.640847767429715,1.7505586475803272,14,35,22.0,22.0,23.0,96.41680738097311,34.032310624803536,30,199,94.0,68.0,121.0,159.53583427626424,52.25867796517279,7,255,158.0,130.0,190.0,image_0_5556.jpg,overripe
23.193271825224127,11.784578644934067,0,176,22.0,22.0,23.0,88.74902950648446,41.379630321272785,0,191,90.0,60.0,118.0,161.57802245626252,56.99800928205911,0,255,160.0,132.0,196.0,image_0_5556.jpg,overripe
22.916215510488293,13.396787941596036,0,175,22.0,22.0,23.0,86.11112368352337,43.33153753781021,0,188,88.0,57.0,118.0,161.8290625815998,59.760996688607634,0,255,161.0,134.0,198.0,image_0_5556.jpg,overripe
23.912249662120654,2.835064019935986,14,43,23.0,23.0,24.0,91.28428553876398,33.790684333457314,32,182,84.0,64.0,116.0,147.2725519105541,76.47176305054747,7,255,156.0,70.0,210.0,image_0_5560.jpg,overripe
23.577503378793462,3.087356172714498,12,41,23.0,22.0,24.0,87.25309006020396,35.120640135563576,25,180,79.0,60.0,112.0,154.9262931564074,67.86625660270428,8,255,176.0,90.0,205.0,image_0_5560.jpg,overripe
23.89874677478806,2.8335105547323596,14,40,23.0,23.0,24.0,88.60581152475734,28.459323872180942,38,165,82.0,66.0,110.0,120.79569971741,61.16198763912365,6,221,132.0,58.0,169.0,image_0_5560.jpg,overripe
23.624474751197937,13.225241815834721,0,174,23.0,22.0,24.0,80.10058975304091,43.64042604624888,0,182,76.0,53.0,112.0,147.23603636810418,80.90711862544866,0,255,157.0,72.0,218.0,image_0_5560.jpg,overripe
19.18558791006266,16.244596366248327,0,172,23.0,0.0,24.0,58.95541221280256,49.289051081024816,0,174,59.0,0.0,91.0,115.72087480034402,96.5608147376069,0,255,116.0,0.0,203.0,image_0_5560.jpg,overripe
26.303692665808455,10.121179697159642,0,175,25.0,23.0,28.0,81.91347629040507,30.38640964733051,0,203,82.0,62.0,104.0,155.40521452378013,52.769134999406894,0,255,150.0,126.0,187.0,image_0_557.jpg,overripe
25.699596169785035,3.33407877427565,17,40,25.0,23.0,28.0,85.07134921614616,26.914205155519515,29,208,84.0,64.0,105.0,152.75978274287124,50.67771707389073,10,255,148.0,124.0,182.0,image_0_557.jpg,overripe
24.180259932636183,15.322211282532605,0,174,25.0,22.0,28.0,69.95217521646357,41.11974908455312,0,208,76.0,44.0,102.0,133.2051863085686,71.12617356929287,0,255,141.0,94.0,173.0,image_0_557.jpg,overripe
25.697515297935,3.3489948728736283,18,41,25.0,23.0,28.0,115.98101645299522,25.868611436467486,63,234,115.0,96.0,135.0,111.34726753310879,29.999915628787917,10,243,114.0,94.0,131.0,image_0_557.jpg,overripe
26.244528894140053,12.984002264818013,0,176,25.0,23.0,28.0,79.9346112472887,33.38008861822193,0,204,82.0,60.0,104.0,152.94485689597406,57.444936923692055,0,255,149.0,125.0,187.0,image_0_557.jpg,overripe
22.913676718761465,11.170440981888854,0,177,22.0,21.0,22.0,87.21685376770122,37.276467179801536,0,176,82.0,61.0,116.0,195.99377552767382,64.30432202878339,0,255,213.0,174.0,251.0,image_0_561.jpg,overripe
23.77644483576687,2.6191707880971213,15,36,23.0,22.0,25.0,138.60014185437913,31.0685066040224,75,240,138.0,112.0,165.0,180.62211705432046,72.3908700146329,11,255,179.0,150.0,255.0,image_0_561.jpg,overripe
22.133392031697117,1.421729352144849,15,36,22.0,21.0,23.0,113.22559737813975,28.342585054398775,63,186,108.0,90.0,136.0,136.55213148433486,52.3265932503184,7,249,151.0,123.0,166.0,image_0_561.jpg,overripe
22.787952160833516,10.134672380008857,0,176,22.0,21.0,22.0,87.93357301831878,36.54062595225959,0,175,82.0,61.0,116.0,195.3952845647761,64.47276561521464,0,255,212.0,173.0,251.0,image_0_561.jpg,overripe
22.130542715288477,1.423631120403348,16,35,22.0,21.0,22.0,91.68637953383715,33.088662703411636,33,177,86.0,64.0,118.0,190.48682955462615,68.0488261376487,9,255,208.0,168.0,250.0,image_0_561.jpg,overripe
48.2655267355502,58.34604197412724,0,179,20.0,17.0,23.0,52.36163857478131,21.704484004807593,6,174,55.0,34.0,67.0,153.64072866185091,59.9017019716659,4,255,156.0,102.0,206.0,image_0_5612.jpg,overripe
20.95191360094283,1.4239197277923146,6,35,21.0,20.0,22.0,87.20309467930548,28.908375441701626,33,224,84.0,64.0,108.0,144.82476353033212,60.21585586592619,9,255,151.0,101.0,184.0,image_0_5612.jpg,overripe
21.332693265059383,8.544347765390873,0,176,21.0,20.0,22.0,83.58202525729729,32.204256087408815,0,221,82.0,61.0,107.0,150.0312515874709,61.22923012433882,0,255,155.0,110.0,189.0,image_0_5612.jpg,overripe
20.954941225476748,1.517924589240855,0,37,21.0,20.0,22.0,112.32938116573705,33.26892017692269,50,255,109.0,85.5,137.0,142.12326902171154,57.794493988451364,0,255,153.0,93.0,185.0,image_0_5612.jpg,overripe
18.971562680971683,14.630258836032768,0,174,21.0,19.0,21.0,69.06612006868035,43.71524636782195,0,166,72.0,38.0,104.0,139.87652778201104,81.38670562931061,0,255,155.0,86.0,196.0,image_0_5612.jpg,overripe
22.342490887296034,1.5145414615266422,14,36,22.0,22.0,23.0,107.08991608973261,34.244489060722934,42,210,101.0,78.0,137.0,193.54162487462386,68.15390202520501,10,255,226.0,173.0,241.0,image_0_5640.jpg,overripe
21.31269418010128,13.791327986152897,0,172,22.0,21.0,22.0,77.47596447880225,42.90895568238385,0,165,77.0,52.0,113.0,176.76079457885854,81.71209835079196,0,255,200.0,139.0,248.0,image_0_5640.jpg,overripe
22.160041098906476,1.4860294946767347,15,35,22.0,21.0,23.0,91.15222496758568,31.194970200625644,34,182,86.0,65.0,117.0,187.72155490862832,66.91139743156492,10,255,202.0,166.0,248.0,image_0_5640.jpg,overripe
22.563862318663308,12.240356258706187,0,176,22.0,21.0,22.0,84.12193898769479,38.24575680545149,0,169,81.0,59.0,116.0,191.32175795679723,67.08224966951012,0,255,206.0,170.0,250.0,image_0_5640.jpg,overripe
22.538114343029086,8.350038431774344,0,174,22.0,21.0,23.0,88.49006776426842,34.0936090289003,0,170,84.0,64.0,117.0,190.3591261589647,65.41401565743018,0,255,204.0,169.0,249.0,image_0_5640.jpg,overripe
31.589660947151682,32.10879901140885,0,179,24.0,21.0,26.0,86.2859245024022,51.62668364385741,5,181,68.0,48.0,147.0,109.2201180507893,84.71779502820185,0,255,94.0,21.0,191.0,image_0_568.jpg,overripe
15.827195607412492,16.500242963233784,0,177,23.0,0.0,26.0,54.15130267673301,59.08114869839598,0,246,40.0,0.0,101.0,81.2913493479753,83.54317761076297,0,255,62.0,0.0,150.0,image_0_568.jpg,overripe
23.912043925875086,4.536950276646002,3,177,25.0,22.0,26.0,139.6878846945779,61.81556938468829,36,248,127.0,88.0,212.0,104.25469869595058,59.938694935218756,3,255,95.0,51.0,149.0,image_0_568.jpg,overripe
23.871687028140013,4.550764802058513,3,177,25.0,22.0,26.0,136.94775566231982,63.22675662271048,31,248,124.0,84.0,211.0,109.4516568291009,65.3404129366499,3,255,100.0,52.0,155.0,image_0_568.jpg,overripe
23.235206588881262,10.422898463649124,0,174,25.0,22.0,26.0,122.41700480439259,70.3940869457893,0,244,116.0,69.0,190.0,109.55722717913521,70.78604016874594,0,255,102.0,50.0,158.0,image_0_568.jpg,overripe
21.5706910953183,13.492229696626662,0,176,21.0,21.0,22.0,82.37867148666967,40.03821795992692,0,177,80.0,57.0,115.0,191.03550644264607,64.59008771107824,0,255,195.0,168.0,251.0,image_0_5787.jpg,overripe
21.90069698339016,10.961430150508093,0,176,21.0,21.0,22.0,86.17953141902532,36.15564403472393,0,176,83.0,59.0,115.0,195.47813882156404,55.49921505373005,0,255,195.0,169.0,250.0,image_0_5787.jpg,overripe
21.267277382957456,1.0092888552026598,14,36,21.0,21.0,22.0,88.35815908748579,28.99631747627958,36,168,85.0,63.0,112.0,178.46663654164783,51.29842872237055,5,243,178.0,151.0,231.0,image_0_5787.jpg,overripe
43.77488395021156,57.663517078657655,0,179,20.0,16.0,22.0,73.82293335524244,25.186704097185864,12,148,78.0,55.0,92.0,160.038450478577,59.25109882137226,9,255,165.0,103.0,215.0,image_0_5787.jpg,overripe
21.415259691355487,7.164415774871383,0,172,21.0,21.0,22.0,87.08686959974804,34.56486016333065,0,177,84.0,60.0,114.0,194.5552999493352,55.42391420744749,0,255,195.0,167.0,250.0,image_0_5787.jpg,overripe
17.80570190966076,15.524697320255497,0,172,21.0,19.0,22.0,65.93213103146671,47.04193649532213,0,173,72.0,2.0,103.0,150.96275432641247,95.14427100815382,0,255,179.0,58.0,237.0,image_0_5789.jpg,overripe
21.319550594556322,5.041893581893982,0,175,21.0,21.0,22.0,87.03064412003582,31.531161616418128,0,237,84.0,63.0,108.0,169.0479705949728,69.11590007228818,0,255,178.0,117.0,233.0,image_0_5789.jpg,overripe
20.586923925945978,17.388496013561216,0,179,20.0,17.0,21.0,55.605624856827504,21.44306449911749,12,171,56.0,43.0,66.0,164.6363835148587,56.83699959980854,3,255,167.0,124.0,214.0,image_0_5789.jpg,overripe
21.23293904496137,2.0224842495489446,0,30,21.0,21.0,22.0,122.48967075532602,30.114397845445247,69,255,119.0,98.0,143.0,133.98609925237926,59.83047234308781,0,255,153.0,81.0,169.0,image_0_5789.jpg,overripe
21.50567483704367,14.575146469110797,0,175,21.0,21.0,22.0,77.6341968804015,38.74180138240809,0,237,78.0,56.0,106.0,168.8608779857973,76.4773705799329,0,255,182.0,120.0,241.0,image_0_5789.jpg,overripe
24.683651682703815,10.468105810845689,0,176,24.0,22.0,25.0,87.4277945330078,34.0303135532574,0,204,92.0,65.0,112.0,152.10274307051557,52.348505926236136,0,255,150.0,115.0,182.0,image_0_5799.jpg,overripe
22.09767820383934,11.969959961138022,0,172,23.0,22.0,24.0,68.94713964287423,42.38127742442277,0,188,73.0,32.0,104.0,136.67648044425295,66.29983582123018,0,255,140.0,100.0,175.0,image_0_5799.jpg,overripe
24.03960936377998,2.2467771207535767,15,40,24.0,22.0,25.0,92.24408061659247,28.5804079910162,32,204,93.0,69.0,114.0,149.46521135525876,50.415106094774444,14,255,148.0,112.0,178.0,image_0_5799.jpg,overripe
24.600679783618173,15.814445540296363,0,179,23.0,22.0,25.0,60.11512279190004,22.044885159339124,11,156,60.0,46.0,74.0,178.00701804777634,49.191660701362856,17,255,183.0,143.0,219.0,image_0_5799.jpg,overripe
24.72303126047202,11.387861595621436,0,176,24.0,22.0,25.0,86.40758293838863,35.0978175575492,0,201,91.0,64.0,112.0,151.5118579156494,53.55545074414691,0,255,150.0,115.0,182.0,image_0_5799.jpg,overripe
21.306788154223074,1.2866198590956148,0,33,21.0,21.0,22.0,108.84480729517479,32.27213148810721,41,255,105.0,86.0,128.0,185.2317195028978,55.531195722385284,0,255,193.0,164.0,228.0,image_0_5818.jpg,overripe
21.730768376719983,11.014111477694348,0,175,21.0,21.0,22.0,89.9963731375321,35.16919889251905,0,224,90.0,70.0,110.0,183.8539114601452,56.62129978601331,0,255,188.0,164.0,223.0,image_0_5818.jpg,overripe
20.783113624419887,11.820158560113084,0,176,21.0,20.0,22.0,86.00699466333094,39.46380048343767,0,232,88.0,68.0,110.0,178.34851187612415,63.76238936468628,0,255,186.0,161.0,220.0,image_0_5818.jpg,overripe
21.39440278898322,1.7757053372845404,0,32,21.0,21.0,22.0,133.4963028208108,28.522004878980642,72,255,131.0,112.0,151.0,155.51139500973332,57.46263100996102,0,255,157.0,133.0,177.0,image_0_5818.jpg,overripe
21.20390368829708,10.469928035307225,0,174,21.0,20.0,22.0,88.67822328149634,37.37930300110666,0,231,90.0,70.0,110.0,182.55510980511167,57.993004750837734,0,255,187.0,163.0,222.0,image_0_5818.jpg,overripe
22.61162543794458,2.037950457066509,0,33,22.0,22.0,24.0,122.2604204267969,36.78961127684816,55,255,119.0,90.0,150.0,161.81687015606752,45.374866189568245,0,255,159.0,139.0,183.0,image_0_5862.jpg,overripe
20.88562480093428,13.977160793423371,0,172,22.0,21.0,23.0,76.02519375729908,46.048822073839055,0,229,80.0,46.0,110.0,155.5489542414269,72.14014211067003,0,255,158.0,134.0,203.0,image_0_5862.jpg,overripe
23.197505042998195,13.754205917435108,0,176,22.0,22.0,23.0,80.51973670241003,40.03848621089448,0,228,80.0,53.0,110.0,173.49059348126127,56.90416572187903,0,255,166.0,143.0,220.0,image_0_5862.jpg,overripe
22.537562373925045,1.3004797285528236,16,35,22.0,22.0,23.0,115.98242913260431,33.31889306218332,56,253,113.0,88.0,140.0,140.28914959125171,35.935209360742945,9,255,138.0,124.0,159.0,image_0_5862.jpg,overripe
22.875825459178255,8.313082013784088,0,176,22.0,22.0,23.0,85.76496443359167,36.30300617844793,0,227,84.0,58.0,112.0,174.68749336447607,48.275022349614225,0,255,165.0,143.0,211.0,image_0_5862.jpg,overripe
24.446469935964796,1.3465054251361859,9,32,24.0,24.0,25.0,80.60555939366847,24.264606594044768,22,175,80.0,63.0,98.0,179.20303165765839,41.90507010498536,8,255,181.0,151.0,210.0,image_0_5906.jpg,overripe
21.60799191867587,13.97292440525863,0,177,24.0,23.0,25.0,75.61361169005335,43.56014052708592,0,194,87.0,53.0,108.0,143.95584299473435,74.50643709738256,0,255,157.0,124.0,189.0,image_0_5906.jpg,overripe
28.816376292460333,28.90936569302711,0,179,23.0,22.0,24.0,58.400089405453734,15.761688457924816,8,136,59.0,49.0,67.0,172.25782442858883,61.618531172087955,0,255,188.0,137.0,220.0,image_0_5906.jpg,overripe
24.575382150259216,1.3978407658074175,8,32,24.0,24.0,25.0,96.01184331984511,26.83290398739741,29,194,97.0,77.0,115.0,162.43795319566442,42.24258230059536,9,255,158.0,138.0,186.0,image_0_5906.jpg,overripe
24.139042897201143,11.355323774858762,0,177,24.0,24.0,25.0,88.51719313319671,36.271178363270465,0,176,95.0,70.0,114.0,160.70454400315822,53.90895576194657,0,255,160.0,138.0,189.0,image_0_5906.jpg,overripe
24.225025099075296,2.927436903223621,17,43,23.0,22.0,26.0,82.22596565389696,26.840180530508974,21,196,86.0,64.0,102.0,163.79908058124175,57.86842983594584,2,255,175.0,150.0,201.0,image_0_5915.jpg,overripe
24.821738441215324,13.209993848590681,0,174,23.0,22.0,26.0,89.66130515191546,37.74425714758295,0,176,99.0,66.0,118.0,149.2581241743725,59.87868001543997,0,255,160.0,134.0,180.0,image_0_5915.jpg,overripe
24.51940819022457,7.427451390240445,0,175,23.0,22.0,26.0,94.99138705416117,31.80857207403625,0,176,102.0,74.0,118.0,149.43345838837516,55.33683223261168,0,255,160.0,134.0,178.0,image_0_5915.jpg,overripe
30.793595772787317,30.570657695871258,0,179,22.0,21.0,24.0,66.07203170409511,23.583758384069096,4,181,72.0,50.0,82.0,170.2908745046235,70.80569381833085,0,255,195.0,112.0,230.0,image_0_5915.jpg,overripe
20.71661822985469,14.132346744081058,0,176,22.0,22.0,24.0,81.10024834874504,48.56909891100339,0,216,100.0,40.0,118.0,135.64919418758257,72.38635996964136,0,255,157.0,121.0,176.0,image_0_5915.jpg,overripe
25.827796365453764,3.8477825825081435,0,177,25.0,24.0,27.0,53.576154711166026,24.361360072963326,13,195,46.0,35.0,68.0,167.95161805333814,55.63872760454803,2,255,176.0,136.0,211.0,image_0_5970.jpg,overripe
19.636281600977355,17.907703448104265,0,172,24.0,0.0,26.0,54.81441323874443,48.41437180202064,0,243,55.0,0.0,96.0,112.1676500395663,82.77097480026262,0,255,132.0,0.0,163.0,image_0_5970.jpg,overripe
26.53281226138746,6.483647196890832,0,174,26.0,25.0,28.0,78.27899098999042,33.717766474896564,0,242,76.0,52.0,101.0,157.10900862128807,45.989604759629785,0,255,150.0,131.0,181.0,image_0_5970.jpg,overripe
52.27815801529897,49.09489722990158,0,178,25.0,23.0,117.0,43.30872818647527,17.23580464258807,8,170,40.0,32.0,50.0,140.35127931029695,69.67113965712981,0,255,149.0,79.0,199.0,image_0_5970.jpg,overripe
27.108370007357944,12.258807171202058,0,175,26.0,25.0,28.0,72.93526398356263,37.05551104201252,0,240,71.0,46.0,99.0,158.86198997653787,52.45771800867843,0,255,152.0,131.0,188.0,image_0_5970.jpg,overripe
20.577313887497912,13.835672623730623,0,174,22.0,22.0,24.0,80.21157778334168,47.99008262427521,0,207,98.0,40.0,117.0,137.3442142380237,71.68350149870035,0,255,158.0,126.0,177.0,image_0_5976.jpg,overripe
24.81835252879319,2.779346297003644,0,40,24.0,23.0,26.0,150.92593056251044,28.851834103071955,77,255,158.0,132.0,174.0,163.23944249707895,80.57157910721001,0,255,179.0,94.0,246.0,image_0_5976.jpg,overripe
24.518329577699884,8.306670202432867,0,175,23.0,22.0,26.0,94.10286262727425,32.082422231007385,0,173,100.0,74.0,117.0,148.40885286262727,56.64485005910403,0,255,160.0,135.0,179.0,image_0_5976.jpg,overripe
30.7365944750459,30.372092297132813,0,179,22.0,21.0,24.0,65.6259284760474,23.29686832136313,4,170,72.0,50.0,82.0,167.89396594892338,70.35319738446981,3,255,190.0,110.0,228.0,image_0_5976.jpg,overripe
24.5648577032215,8.899444971606526,0,176,23.0,22.0,26.0,93.61362877649808,32.64870170138335,0,173,100.0,74.0,117.0,148.60685820397262,56.93664864470505,0,255,160.0,135.0,179.0,image_0_5976.jpg,overripe
15.69142746865404,16.0574853147546,0,172,22.0,0.0,26.0,52.481884901151666,54.283166359944126,0,247,46.0,0.0,95.0,82.29861107169413,80.23766007770467,0,255,84.0,0.0,143.0,image_0_6013.jpg,overripe
22.055551456189445,10.479958641776099,0,178,23.0,20.0,26.0,102.94608892092701,55.864871043955624,0,246,96.0,68.0,141.0,93.73808456172415,65.09573630385462,0,255,92.0,36.0,141.0,image_0_6013.jpg,overripe
21.180010103360786,7.497388719523956,0,177,24.0,19.0,26.0,156.48603976637398,48.796710496073416,65,255,147.0,120.0,192.0,89.12561656043002,67.14705481814356,0,255,79.0,34.0,121.0,image_0_6013.jpg,overripe
22.416474154127336,4.658173156901625,0,177,24.0,21.0,26.0,115.15616503669564,49.52526088219055,29,247,104.0,80.0,146.0,90.8044829406456,57.39777360116385,5,255,89.0,37.0,136.0,image_0_6013.jpg,overripe
20.87411666543686,10.18672193181601,0,177,23.0,19.0,26.0,94.10561985253634,55.7062323422953,0,245,90.0,59.0,132.0,91.64722810323592,68.37473143855644,0,255,92.0,30.0,142.0,image_0_6013.jpg,overripe
22.970963479237074,9.47140893307906,0,175,22.0,22.0,23.0,86.26350379474466,33.549551208504425,0,186,85.0,63.0,110.0,194.95717610187924,56.09443349058048,0,255,199.0,164.0,248.0,image_0_6016.jpg,overripe
22.523487656847497,1.3755869600054766,18,35,22.0,22.0,23.0,89.88354986961046,29.68766943107879,31,186,87.0,66.0,111.0,191.416439605674,56.662480226424655,7,255,195.0,159.0,246.0,image_0_6016.jpg,overripe
17.67155871037152,17.426521264972585,0,174,22.0,0.0,23.0,62.82830680715213,49.41562960867942,0,186,71.0,0.0,103.0,145.53004806286762,100.38128188196127,0,255,180.0,0.0,239.0,image_0_6016.jpg,overripe
23.02131839603335,1.8110818592796702,17,35,22.0,22.0,23.0,142.55198624770503,28.242502879026475,82,242,142.0,118.0,166.0,165.67112602762154,61.550986734737016,9,255,155.0,126.0,219.0,image_0_6016.jpg,overripe
49.34178429010794,59.70681898183922,0,179,21.0,16.0,25.0,66.31699273794628,21.36200209672079,7,140,72.0,50.0,80.0,145.2219077801036,60.21580855664534,6,255,144.0,86.0,198.0,image_0_6016.jpg,overripe
16.76343767834119,18.042264591427337,0,172,22.0,0.0,24.0,51.0463634249963,50.19831668817738,0,189,46.0,0.0,100.0,94.78665638012302,86.95303621489786,0,255,118.0,0.0,163.0,image_0_6036.jpg,overripe
25.553486504195643,2.72567729200599,15,40,25.0,23.0,27.0,154.74789161083046,28.6356917571148,78,252,165.0,134.0,176.0,176.87056921223393,83.56064460224144,5,255,207.0,104.0,255.0,image_0_6036.jpg,overripe
24.556001775485615,12.828717156400543,0,176,23.0,22.0,26.0,88.0443025934772,37.48937049065721,0,174,97.0,65.0,116.0,150.74778592716282,61.51597939205242,0,255,162.0,138.0,182.0,image_0_6036.jpg,overripe
24.30864915136015,14.921551217028197,0,176,23.0,22.0,26.0,84.21905053792987,40.88486956874328,0,174,94.0,59.0,116.0,147.92802942233308,65.32537920885486,0,255,161.0,135.0,181.0,image_0_6036.jpg,overripe
24.25457081862569,2.788997506749026,16,38,23.0,22.0,26.0,96.65890596267253,28.01874506342391,29,189,102.0,76.0,118.0,148.24363255902432,56.41229070369781,2,255,160.0,135.0,178.0,image_0_6036.jpg,overripe
22.653237376776044,3.1456621712966877,0,172,22.0,22.0,23.0,79.89314805387143,28.779288481999053,0,216,76.0,58.0,98.0,160.558615263572,60.33447503969653,0,255,162.0,126.0,201.0,image_0_604.jpg,overripe
22.707907159716758,2.194517239162218,6,38,22.0,22.0,23.0,97.64807701207941,24.363147200807237,53,216,94.0,78.0,112.0,110.29522839820429,38.24056761632626,5,172,122.0,87.0,137.0,image_0_604.jpg,overripe
19.86838755958717,13.634290444519428,0,172,22.0,20.0,23.0,65.21461794788726,40.749809806376405,0,180,69.0,42.0,94.0,144.35379738047854,79.31773416177617,0,255,158.0,105.0,195.0,image_0_604.jpg,overripe
22.73078169111862,2.5306375295884935,0,36,22.0,22.0,23.0,128.13495626417364,29.234362654353376,74,255,124.0,104.0,147.0,124.22379321516175,55.04139244768516,0,255,129.0,85.0,150.0,image_0_604.jpg,overripe
22.71585597260147,2.1697258720356674,6,36,22.0,22.0,23.0,81.1737168510205,28.3205421143546,29,218,78.0,59.0,98.0,159.12012310825196,60.86010695155638,5,255,162.0,125.0,199.0,image_0_604.jpg,overripe
18.621180626874256,13.849095273377579,0,177,21.0,20.0,22.0,70.63974037711046,44.09088151874763,0,206,76.0,50.0,98.0,156.23611715893685,82.23040718309143,0,255,176.0,137.0,214.0,image_0_6060.jpg,overripe
21.286176724315,1.1832607161351218,11,32,21.0,21.0,22.0,86.78604116173027,31.094776635197125,31,221,82.0,64.0,102.0,175.33067411576224,55.47812420548435,7,255,181.0,147.0,216.0,image_0_6060.jpg,overripe
21.160859384628026,10.868691743126668,0,174,21.0,21.0,22.0,80.4360021361377,36.621536289063776,0,217,80.0,60.0,100.0,175.28095961878157,61.239879527526845,0,255,183.0,148.0,219.0,image_0_6060.jpg,overripe
21.235706363225567,1.1779820827731313,11,32,21.0,21.0,22.0,84.07543030850758,30.80088918306925,29,218,79.0,62.0,98.0,179.17742266770736,55.68500380561369,8,255,186.0,148.0,226.0,image_0_6060.jpg,overripe
20.929384217228773,11.009449865446785,0,176,21.0,21.0,22.0,79.84886825781538,37.33480916581177,0,218,80.0,60.0,100.0,173.41614427145382,63.495819587543885,0,255,182.0,147.0,219.0,image_0_6060.jpg,overripe
22.523129696516794,11.877741069790485,0,174,24.0,22.0,25.0,102.22147839083323,61.6297333298889,0,234,95.0,60.0,146.0,124.04541350105866,81.23995604545965,0,255,141.0,38.0,184.0,image_0_6148.jpg,overripe
21.443418649063812,9.47626655797256,0,41,24.0,23.0,26.0,173.35320401046206,54.431997869520885,75,255,165.0,127.0,230.0,135.8233642628804,85.94411353207872,0,255,145.0,68.0,205.0,image_0_6148.jpg,overripe
23.515018474695893,3.5029868048951593,0,41,24.0,23.0,25.0,131.87756881305268,51.82992920944592,45,241,120.0,88.0,176.0,109.69012849254784,58.02617595585816,5,255,125.0,44.0,156.0,image_0_6148.jpg,overripe
23.540955702246023,3.485506630955644,0,40,24.0,22.0,25.0,121.63762610536804,54.9622960622654,30,238,109.0,76.0,168.0,127.68273861419023,74.62340141386372,5,255,141.0,45.0,182.0,image_0_6148.jpg,overripe
22.788226014032464,11.394937674061214,0,172,24.0,22.0,25.0,104.69142068335617,61.07728211220587,0,234,97.0,63.0,148.0,125.48227778469715,80.41155857353101,0,255,142.0,39.0,185.0,image_0_6148.jpg,overripe
24.431887624835714,2.376684066444332,15,38,24.0,23.0,26.0,107.71247394459931,31.82455616767584,39,250,108.0,82.0,132.0,160.04749826297328,51.57114714824648,11,255,167.0,122.0,200.0,image_0_6160.jpg,overripe
22.67862913014725,12.221465180494649,0,172,23.0,22.0,25.0,72.67430121298878,42.61811390220767,0,233,76.0,39.0,107.0,152.30855454263877,73.54987720004124,0,255,161.0,107.0,206.0,image_0_6160.jpg,overripe
24.710456482248844,12.177346291356583,0,175,24.0,22.0,26.0,86.59670006780682,39.45245160456756,0,229,91.0,62.0,117.0,164.3423491298124,60.58372055384009,0,255,166.0,124.0,207.0,image_0_6160.jpg,overripe
24.632420033987124,9.750909415273824,0,175,24.0,23.0,26.0,89.40045371974853,36.74088824950028,0,228,92.0,65.0,118.0,166.32243401391295,57.833426952785494,0,255,166.0,126.0,208.0,image_0_6160.jpg,overripe
24.421649631248066,2.3682984901535886,15,38,24.0,23.0,26.0,95.35190905514118,30.19129603359082,31,233,95.0,71.0,118.0,164.06002159772973,55.80976977297458,11,255,164.0,122.0,202.0,image_0_6160.jpg,overripe
21.069388232933072,16.318262755928856,0,172,25.0,22.0,26.0,63.207905475465765,47.01283379223238,0,217,67.0,3.0,102.0,125.59441582767502,83.4883938769684,0,255,140.0,54.0,180.0,image_0_6236.jpg,overripe
32.16998361039569,33.800133328946394,0,179,24.0,23.0,26.0,71.63951232565141,22.839253408847004,7,229,71.0,59.0,82.0,161.18179917717498,66.15740668520074,0,255,179.0,107.0,216.0,image_0_6236.jpg,overripe
26.236704351607184,12.354615486303961,0,174,25.0,24.0,27.0,83.79906010636519,34.45880997210653,0,231,86.0,60.0,110.0,166.5150934876409,55.848398194845146,0,255,158.0,134.0,206.25,image_0_6236.jpg,overripe
25.766021674415494,10.426429057409093,0,174,25.0,24.0,27.0,83.7376994347259,33.92336653057604,0,222,86.0,60.0,109.0,166.36786299628724,55.829751549404754,0,255,158.0,134.0,206.0,image_0_6236.jpg,overripe
30.727263605043984,31.0653689789045,0,179,24.0,23.0,26.0,57.08877144864033,18.302037456529725,6,181,56.0,46.0,66.0,163.07898785831355,64.63049250107584,0,255,179.0,113.0,216.0,image_0_6236.jpg,overripe
18.671816172107604,15.715961145665556,0,172,23.0,0.0,25.0,67.09819942343742,61.768134299188176,0,229,62.0,0.0,106.0,97.68717016997569,90.77107870354104,0,255,68.0,0.0,173.0,image_0_6249.jpg,overripe
22.707733184904352,11.088751555395518,0,174,24.0,22.0,25.0,104.06224565346383,60.29537407118695,0,236,97.0,63.0,146.0,127.58984766775713,79.47968831080061,0,255,143.0,41.0,185.0,image_0_6249.jpg,overripe
24.132724914539565,17.61328941585148,0,179,23.0,20.0,25.0,92.00361795640599,48.521174590006,8,199,72.0,57.0,132.0,126.92327201886168,82.42798041678998,0,255,143.0,31.0,202.0,image_0_6249.jpg,overripe
23.51864901622042,3.562248533841109,5,43,24.0,22.0,25.0,122.00322938053655,55.20182919354354,30,237,108.0,76.0,170.0,128.19968598868928,73.80610428431683,6,255,141.0,47.0,181.0,image_0_6249.jpg,overripe
24.551746228451105,19.698077058903014,0,179,23.0,20.0,25.0,101.03801742290182,53.32840323938882,9,220,79.0,63.0,145.0,128.60474482642735,79.685217448979,0,255,142.0,42.0,201.0,image_0_6249.jpg,overripe
21.38606511172798,1.1964144132688308,13,36,21.0,21.0,22.0,95.74828499409719,26.52852160920866,51,220,91.0,74.0,114.0,122.75829318358274,46.85271375514284,7,190,137.0,89.0,161.0,image_0_6277.jpg,overripe
21.39921083139232,1.1840355480016793,13,35,21.0,21.0,22.0,89.89097348521106,32.78475872535397,34,243,84.0,64.0,112.0,169.08082065026642,67.0743373421158,10,255,176.0,121.0,230.0,image_0_6277.jpg,overripe
21.93678142582134,12.216653943565662,0,175,21.0,21.0,22.0,82.85319549471937,37.605750215449945,0,235,80.0,58.0,110.0,172.8343915850377,69.27861458150603,0,255,180.0,135.0,238.0,image_0_6277.jpg,overripe
21.402741882305392,1.1770523395415906,10,36,21.0,21.0,22.0,104.79877264073684,28.759107677478497,57,239,100.0,82.0,124.0,126.31713516905438,48.242863661866615,9,234,145.0,89.0,163.0,image_0_6277.jpg,overripe
21.663763121789348,14.291568144297651,0,176,21.0,21.0,22.0,79.06720695999915,40.73081813639663,0,240,76.0,55.0,107.0,168.09859289748252,75.5414710835028,0,255,179.0,121.0,239.0,image_0_6277.jpg,overripe
31.799630877868722,39.417667091584796,0,179,21.0,16.0,23.0,64.68220533278308,36.59579045850215,6,184,59.0,36.0,82.0,124.66059678565696,70.46209622464663,0,255,123.0,65.0,184.0,image_0_6280.jpg,overripe
20.97703303757709,3.95530733647161,3,177,22.0,20.0,23.0,108.69916546300755,42.430830306699384,30,237,103.0,76.0,133.0,98.87972579498819,61.58899609173903,5,255,88.0,40.0,146.0,image_0_6280.jpg,overripe
15.399941536556847,15.082501236327573,0,172,21.0,0.0,23.0,59.267814155031296,56.733328684498964,0,237,57.0,0.0,104.0,75.54387050920512,75.46745259402402,0,255,59.0,0.0,134.25,image_0_6280.jpg,overripe
19.342452484123164,9.762080910027406,0,172,22.0,18.0,23.0,88.91740032556113,48.564030904013094,0,237,93.0,58.0,122.0,98.10308480638284,70.60046342834006,0,255,90.0,35.0,152.0,image_0_6280.jpg,overripe
19.599364926519478,11.690730526244185,0,170,22.0,19.0,23.0,85.65143751289635,51.02961006522082,0,236,90.0,53.0,120.0,98.36975835110164,70.64469242321888,0,255,89.0,36.0,151.0,image_0_6280.jpg,overripe
20.947241884700563,4.5750318468365565,0,170,22.0,17.0,24.0,112.89291642200943,43.27896610423412,38,209,107.0,78.0,138.0,88.82403635876074,44.37236345746851,5,210,87.0,54.0,121.0,image_0_6304.jpg,overripe
20.02257627526134,8.257645789774157,0,172,22.0,16.0,24.0,107.27694889707752,59.564528378088774,0,236,104.0,64.0,144.0,113.30265062023496,62.346365892901105,0,255,111.0,67.0,153.0,image_0_6304.jpg,overripe
20.60750199963937,10.403487987197947,0,176,22.0,16.0,24.0,106.89713762604663,57.93331318890052,0,236,104.0,66.0,142.0,116.2395128739788,61.66063223380521,0,255,113.0,71.0,154.0,image_0_6304.jpg,overripe
20.969859770954603,4.553508142755042,0,172,22.0,17.0,24.0,120.67618787825548,52.24355811096281,31,236,114.0,78.0,151.0,113.84434252319812,53.88694919166584,8,255,107.0,72.0,148.0,image_0_6304.jpg,overripe
22.268104249407042,18.852764661716908,0,179,22.0,16.0,24.0,87.61460823250373,49.030904876032125,9,200,77.0,48.0,115.0,132.64862753075747,67.72160222606607,0,255,142.0,81.0,184.0,image_0_6304.jpg,overripe
22.768428289077942,13.911610886814456,0,172,22.0,22.0,23.0,84.27012975852882,45.5148272219533,0,190,86.0,53.0,117.0,156.20795737733093,63.658486874907645,0,255,159.0,126.0,196.0,image_0_6337.jpg,overripe
17.13810260376386,15.687957743379878,0,172,22.0,0.0,22.0,59.28644839735327,50.99759884025964,0,190,62.0,0.0,100.0,115.38209160436539,85.42964647405586,0,255,136.0,0.0,176.0,image_0_6337.jpg,overripe
23.2994844031967,2.329953116480995,11,37,23.0,22.0,24.0,136.2772364011343,35.448726120212214,62,250,136.0,106.0,166.0,158.36205207527712,62.65722230739408,8,255,157.0,118.0,198.0,image_0_6337.jpg,overripe
22.70024061184154,14.066075090363146,0,175,22.0,21.0,23.0,83.76722522987023,45.891946594129024,0,190,86.0,52.0,116.75,155.59777434046575,64.34233200696471,0,255,159.0,126.0,196.0,image_0_6337.jpg,overripe
22.680622153475984,1.7582958769185473,13,36,22.0,22.0,23.0,97.04968634527799,34.48949793807604,30,207,95.0,68.0,122.0,158.81648191114547,53.343595686072845,5,255,159.0,129.0,192.0,image_0_6337.jpg,overripe
23.01924460051192,5.6181457339634795,0,172,23.0,22.0,25.0,140.69632771349396,52.20944240195103,53,255,130.0,102.0,164.0,119.5850961436761,56.16848788941373,0,255,124.0,77.0,158.0,image_0_6339.jpg,overripe
22.98737122670446,5.58883439781705,0,172,23.0,22.0,25.0,120.01560087153344,52.614118420043695,32,245,108.0,81.0,144.0,115.88647325111586,58.66172398542508,0,255,123.0,63.0,162.0,image_0_6339.jpg,overripe
22.988894294840605,5.576023981231952,0,172,23.0,22.0,25.0,116.77347005690352,47.56167853899725,36,230,106.0,82.0,138.0,100.70808918410086,53.72226684886226,0,229,109.0,45.0,145.0,image_0_6339.jpg,overripe
22.869513252808158,6.583666120308167,0,175,23.0,22.0,25.0,116.82012459543503,54.22222685605741,0,245,107.0,80.0,142.0,116.91278319548157,60.26472055163457,0,255,128.0,63.0,163.0,image_0_6339.jpg,overripe
17.180837899012122,14.741645677348082,0,172,22.0,0.0,24.0,63.751523068136144,54.11154835823354,0,238,69.0,0.0,107.0,94.45407526495039,80.97897582964909,0,255,101.0,0.0,161.0,image_0_6339.jpg,overripe
25.009576287288617,12.425217055570469,0,175,24.0,23.0,25.0,76.98422952688581,36.42108951105766,0,218,78.0,54.0,100.0,172.74480334410032,56.64525087908069,0,255,170.0,142.0,215.0,image_0_6382.jpg,overripe
23.785331559946798,2.4128104966938633,9,34,24.0,23.0,25.0,72.5874406232187,28.017759594806442,19,212,67.0,52.0,87.0,180.67408322249668,47.17664190578892,8,255,184.0,154.0,217.0,image_0_6382.jpg,overripe
24.504664639939197,1.916152105380398,12,35,24.0,23.0,25.0,84.80402812084363,30.615538318153487,30,221,82.0,61.0,103.0,169.32909937298118,51.82226937118809,6,255,166.0,139.0,204.0,image_0_6382.jpg,overripe
23.767148014440433,13.257499176615283,0,174,24.0,23.0,25.0,72.1330039901197,39.543202063239605,0,221,74.0,48.0,98.0,166.3583317499525,67.33679888845,0,255,169.0,138.0,217.0,image_0_6382.jpg,overripe
25.106336690100704,10.560650082616515,0,172,24.0,23.0,25.0,79.63386851605549,33.86463854332927,0,217,78.0,57.0,101.0,173.91469694090821,53.08628905592271,0,255,170.0,143.0,213.0,image_0_6382.jpg,overripe
24.393768219919536,2.4792393166873246,0,38,24.0,22.0,26.0,145.94108779163224,32.58122733696839,74,255,148.0,119.0,172.0,157.50509022549562,66.44975463387607,0,255,157.0,104.0,212.0,image_0_6383.jpg,overripe
22.09128804046752,13.888180310544975,0,172,23.0,22.0,25.0,65.58427252004759,42.89098562867406,0,203,68.0,30.0,102.0,127.1176427851389,72.82429367193247,0,255,126.0,84.0,175.0,image_0_6383.jpg,overripe
24.012859517041584,2.2132950357051264,11,38,24.0,22.0,25.0,92.0640614641323,29.293319897777877,30,203,92.0,68.0,114.0,147.91663109714565,58.060596555268,11,255,147.0,106.0,186.0,image_0_6383.jpg,overripe
24.118024211491832,10.029222763958924,0,175,23.0,22.0,25.0,84.4192874592464,36.26300935921219,0,200,88.0,59.0,112.0,151.0572230345191,61.04769979965114,0,255,149.0,109.0,191.0,image_0_6383.jpg,overripe
24.429513318136824,10.657815573095743,0,176,24.0,22.0,25.0,85.50172095937809,35.2316299868012,0,201,88.0,62.0,112.0,151.14254447703723,59.916796558248606,0,255,149.0,109.0,191.0,image_0_6383.jpg,overripe
22.830845581943677,9.832770297492008,0,174,24.0,22.0,26.0,112.23090769650067,62.303726295602985,0,228,108.0,70.0,149.0,106.18760497677043,69.57994239864965,0,255,107.0,42.0,155.0,image_0_6414.jpg,overripe
23.33259176158151,8.711160206542369,0,174,24.0,22.0,26.0,117.74893676357806,60.26603210797585,0,228,110.0,77.0,159.0,106.93846222103909,67.86122640083178,0,255,107.0,43.0,155.0,image_0_6414.jpg,overripe
16.06009900299798,17.378110385621213,0,174,23.0,0.0,26.0,55.37012670101982,63.30085200480545,0,232,32.0,0.0,104.0,77.50751395992977,78.13024667905233,0,255,71.0,0.0,135.0,image_0_6414.jpg,overripe
23.711579294302574,2.9659067439973295,0,38,24.0,22.0,26.0,128.70039233582426,54.56441885302486,30,232,115.0,88.0,192.0,105.4566941111597,63.80268619848191,0,255,103.0,44.0,152.0,image_0_6414.jpg,overripe
23.819062830775863,10.372765485928404,0,179,23.0,22.0,25.0,95.23100276980219,48.74938200730754,12,190,80.0,59.0,153.0,119.8881050623364,81.45490548967359,0,255,132.0,25.0,193.0,image_0_6414.jpg,overripe
18.935922507168694,15.674952658952394,0,174,23.0,0.0,24.0,59.11687759010264,44.4340278590785,0,156,66.0,0.0,94.0,139.36756406229418,88.70428630742964,0,255,161.0,0.0,202.0,image_0_6449.jpg,overripe
24.191796783966442,8.753725432217037,0,176,23.0,23.0,25.0,84.98637188047785,33.71870425279241,0,226,83.0,61.0,110.0,182.33646763194957,44.37548386702816,0,255,176.0,155.0,213.0,image_0_6449.jpg,overripe
23.796226682743455,1.7863868121347382,8,36,23.0,23.0,25.0,87.81748452271184,31.495272801752883,29,227,84.0,64.0,110.0,179.36551731125815,43.935014449762924,7,255,174.0,153.0,208.0,image_0_6449.jpg,overripe
23.758209802113626,3.3794046692177835,0,172,23.0,23.0,25.0,86.93771594743295,31.889989304330776,0,224,84.0,63.0,110.0,180.33017539237838,43.236546735742095,0,255,174.0,154.0,209.0,image_0_6449.jpg,overripe
22.957403260616253,1.9951430068546383,4,39,23.0,22.0,24.0,82.46659844163213,31.015145288205016,21,238,76.0,61.0,102.0,191.01284792234506,42.548319778364544,8,252,196.0,171.0,222.0,image_0_6449.jpg,overripe
22.17788672160217,14.310102635724718,0,175,22.0,20.0,23.0,85.03343068738917,39.28439577596561,0,172,92.0,64.0,114.0,180.30689475331178,65.1131930412509,0,255,186.0,165.0,224.0,IMG20200717083337.jpg,fully_ripe
22.20437050172108,3.291166998236713,0,60,22.0,20.0,23.0,93.60892875769271,28.09756986511201,29,212,94.0,72.0,116.0,179.37078335245644,56.29284791926115,0,255,183.0,161.0,213.0,IMG20200717083337.jpg,fully_ripe
22.282570147074164,3.328465304640392,0,52,22.0,20.0,23.0,117.94311046208408,30.46149877003404,47,249,120.0,94.0,142.0,174.6817356837384,57.96710806294734,0,255,187.0,147.0,211.0,IMG20200717083337.jpg,fully_ripe
22.206571398769167,3.286752793299137,0,51,22.0,20.0,23.0,93.70245123604882,28.18586149828558,29,212,95.0,72.0,116.0,179.39693334724106,56.26332083601945,0,255,183.0,161.0,213.0,IMG20200717083337.jpg,fully_ripe
21.473891728382185,3.818916850370838,0,60,21.0,20.0,23.0,72.5021383122979,22.894721220051625,20,178,72.0,57.0,89.0,190.5340148117242,52.89312113355744,0,255,200.0,179.0,224.0,IMG20200717083337.jpg,fully_ripe
23.05054672337176,5.253223677514271,0,83,22.0,21.0,23.0,91.2157515722937,27.001476304384973,31,206,92.0,70.0,109.0,182.45383872986244,55.63080712945648,0,255,187.0,165.0,217.0,IMG20200717083346.jpg,fully_ripe
22.067950662325405,7.9644447138530685,0,172,22.0,21.0,23.0,87.31682380765518,33.02637505690146,0,161,90.0,66.0,108.0,185.01081780483406,56.16047195574639,0,255,188.0,167.0,220.0,IMG20200717083346.jpg,fully_ripe
23.170083466788277,13.449723046261523,0,176,22.0,21.0,23.0,85.62356160315625,35.00085324706823,0,160,90.0,66.0,108.0,183.60873484711897,60.295260444897835,0,255,189.0,167.0,222.0,IMG20200717083346.jpg,fully_ripe
23.00443317884377,5.277841952999873,0,84,22.0,21.0,23.0,93.92753131330272,28.311678205998884,33,215,94.0,72.0,112.0,188.64053070877833,55.85120885010232,0,255,196.0,172.0,227.0,IMG20200717083346.jpg,fully_ripe
23.25662590546087,10.082338437956462,0,176,22.0,21.0,23.0,88.42101411617475,31.05560554616624,0,160,90.0,68.0,108.0,184.61238320482772,55.65014195969652,0,255,188.0,167.0,220.0,IMG20200717083346.jpg,fully_ripe
22.388789717957874,3.0888425527627565,5,50,22.0,21.0,23.0,86.7507822836382,27.025058601483778,30,161,88.0,66.0,107.0,190.76431736564672,50.96151873589724,3,255,199.0,175.0,224.0,IMG20200717083356.jpg,fully_ripe
22.31809017787765,15.013420956274928,0,176,22.0,21.0,23.0,81.6791272024697,39.05120707399884,0,163,90.0,61.0,110.0,175.86815633072223,66.07952106082327,0,255,184.0,162.0,217.0,IMG20200717083356.jpg,fully_ripe
20.36174055484386,12.83005813099223,0,174,22.0,21.0,23.0,79.13923598714744,43.02322313676486,0,164,91.0,53.0,112.0,162.5936640275532,75.81485344596605,0,255,178.0,154.0,209.0,IMG20200717083356.jpg,fully_ripe
22.577346325892012,3.012739342665649,5,50,22.0,21.0,23.0,91.18964865489217,27.296604238113357,30,164,94.0,70.0,112.0,180.4537560115085,51.90549232577636,3,255,183.0,163.0,212.0,IMG20200717083356.jpg,fully_ripe
22.787103345443853,3.2258910300085293,4,52,22.0,21.0,23.0,135.6275804859609,28.546893998318843,69,214,139.0,114.0,159.0,171.16006888296198,60.81782657905276,2,255,171.0,139.0,218.0,IMG20200717083356.jpg,fully_ripe
22.194647201946474,12.019085638134214,0,172,22.0,20.0,23.0,85.4297269532306,40.52582421808105,0,166,94.0,59.0,114.0,177.7072289808056,67.63422220418391,0,255,189.0,167.0,219.0,IMG20200717083401.jpg,fully_ripe
22.94568261692349,9.533550643672994,0,174,22.0,21.0,23.0,89.40661800486617,35.068303544479654,0,179,94.0,64.0,114.0,188.46862395241956,53.387727909585266,0,255,192.0,172.0,222.0,IMG20200717083401.jpg,fully_ripe
22.890013517166803,3.405369751820457,6,60,22.0,21.0,23.0,121.46157339821573,24.821337087586112,68,225,122.0,102.0,139.0,127.03039740470398,45.41383929714485,1,255,129.0,105.0,151.0,IMG20200717083401.jpg,fully_ripe
22.88470397404704,3.387020553847408,6,60,22.0,21.0,23.0,109.15590159502568,24.851302874773335,56,212,110.0,90.0,126.0,130.9934036226007,39.13493863914154,1,219,138.0,118.0,153.0,IMG20200717083401.jpg,fully_ripe
22.89574479589078,3.38182710002927,5,55,22.0,21.0,23.0,93.06302243849689,29.878721553617368,29,217,94.0,70.0,114.0,184.61537712895378,52.34801977339193,3,255,189.0,169.0,217.0,IMG20200717083401.jpg,fully_ripe
23.4172106200111,3.7623177760243824,0,68,22.0,21.0,25.0,93.36320131697326,27.66049522477738,38,189,94.0,70.0,118.0,151.28965754866866,43.0274940897124,1,222,156.0,136.0,181.0,IMG20200717083408.jpg,fully_ripe
23.525095231714555,10.731918066783232,0,177,22.0,21.0,25.0,90.91454030359296,38.20641909526195,0,172,94.0,62.0,124.0,185.85632931988286,58.35671689237506,0,255,190.0,161.0,233.0,IMG20200717083408.jpg,fully_ripe
22.03141210926284,12.940080876496413,0,172,22.0,20.0,25.0,82.17248904117456,44.48394045785456,0,209,85.0,52.0,122.0,173.0130261671867,74.85172924947754,0,255,186.0,154.0,231.0,IMG20200717083408.jpg,fully_ripe
23.42279052851209,3.757974428800965,0,66,22.0,21.0,25.0,95.71394115732853,32.871634937528576,29,209,97.0,68.0,125.0,183.93567313029996,55.244664872468135,2,255,187.0,159.0,225.0,IMG20200717083408.jpg,fully_ripe
23.950297658926896,10.639657033530206,0,174,22.0,21.0,25.0,91.73342776746235,37.15544908079236,0,178,94.0,63.0,124.0,187.2625236882908,54.43802368800838,0,255,190.0,161.0,231.0,IMG20200717083408.jpg,fully_ripe
21.8978639706581,2.108930722817433,5,37,22.0,21.0,23.0,90.6343950133977,25.655945667583712,29,183,94.0,70.0,112.0,194.66696756047966,45.623779145980386,5,255,196.0,172.0,228.0,IMG20200717083420.jpg,fully_ripe
22.47042055453146,13.357793588120291,0,176,21.0,20.0,23.0,85.37044145873321,33.84150397712743,0,145,93.0,66.0,111.0,193.76296535603657,54.02897418988525,0,255,198.0,173.0,233.0,IMG20200717083420.jpg,fully_ripe
19.281180517283975,13.44908736221106,0,174,21.0,20.0,22.0,73.41249691187929,42.3395091012969,0,145,86.0,46.0,108.0,167.40335607457098,81.8636166534137,0,255,190.0,154.0,224.0,IMG20200717083420.jpg,fully_ripe
21.895402975998177,2.113601095487449,3,37,22.0,21.0,23.0,123.70848140476235,21.876235496442497,71,202,127.0,107.0,142.0,133.20660952851523,36.58709693089822,2,228,138.0,109.0,157.0,IMG20200717083420.jpg,fully_ripe
22.02371676707018,6.298103723838866,0,176,22.0,21.0,23.0,89.24335341403622,27.766693147693957,0,150,94.0,70.0,111.0,196.62027517531024,44.276404471664975,0,255,197.0,174.0,230.0,IMG20200717083420.jpg,fully_ripe
23.855122788354425,9.239272458428744,0,177,23.0,22.0,24.0,91.21461617976175,29.54213750885728,28,232,87.0,72.0,112.0,179.64827433939163,65.55376670032648,0,255,198.0,168.0,221.0,IMG20200717083440.jpg,fully_ripe
23.074285198157423,11.356159431084473,0,177,23.0,22.0,24.0,82.74770932228054,37.694027969089696,0,219,84.0,64.0,111.0,166.95760866292665,75.13287253700763,0,255,179.0,141.0,224.0,IMG20200717083440.jpg,fully_ripe
23.089118151801934,12.42520193211451,0,172,23.0,22.0,24.0,82.77454512610018,36.54799680878697,0,218,84.0,64.0,110.0,170.60979697520148,71.19462834573831,0,255,180.0,150.0,223.0,IMG20200717083440.jpg,fully_ripe
28.738968116174743,32.28050924732849,0,179,22.0,19.0,23.0,73.65307146513051,24.825997238188616,8,199,74.0,60.0,90.0,163.41339582308842,68.57796219428648,0,255,178.0,116.0,222.0,IMG20200717083440.jpg,fully_ripe
24.342753630460745,9.059581709254259,0,177,23.0,22.0,24.0,92.68960187870698,28.15704300967538,34,219,90.0,72.0,114.0,166.52639924530575,67.94553317862496,0,255,176.0,143.0,213.0,IMG20200717083440.jpg,fully_ripe
23.8361720844948,7.7586780031176295,0,177,23.0,22.0,24.0,95.67106169646738,29.618345631472952,32,228,96.0,72.0,119.0,177.5780135454536,68.60677178931911,0,255,187.0,161.0,229.0,IMG20200717083454.jpg,fully_ripe
22.531007217882543,14.964907364587985,0,175,23.0,22.0,23.0,83.83221867746346,42.36356944157642,0,218,92.0,61.0,116.0,178.5555967736807,75.38334549920766,0,255,190.0,165.0,240.0,IMG20200717083454.jpg,fully_ripe
22.542793246351312,8.468210565011715,0,179,22.0,21.0,23.0,70.77180468261454,22.590467781680356,17,183,73.0,54.0,86.0,178.39079375510073,64.22724751701465,0,255,195.0,165.0,221.0,IMG20200717083454.jpg,fully_ripe
23.818916999650234,7.781846548748199,0,177,23.0,22.0,24.0,94.81934095750883,28.750293147691306,34,223,96.0,72.0,117.0,172.6709345091098,66.5601997313451,0,250,182.0,157.0,222.0,IMG20200717083454.jpg,fully_ripe
9.125046370390784,16.81754374964026,0,172,0.0,0.0,21.0,26.044801746706376,39.82987297967554,0,164,0.0,0.0,57.0,71.88389914042544,105.54502290452012,0,255,0.0,0.0,191.0,IMG20200717083454.jpg,fully_ripe
27.596705235471756,31.026909246196222,0,179,22.0,20.0,22.0,73.01930965807618,23.782926470582996,10,184,76.0,57.0,92.0,179.86325211875874,67.46541873010923,0,255,206.0,136.0,233.0,IMG20200717083502.jpg,fully_ripe
23.364534738984077,7.183875585904191,0,165,22.0,22.0,23.0,96.17030165928844,29.425270154275353,32,212,100.0,72.0,121.0,170.42694476615182,57.43336857153516,0,255,177.0,159.0,199.0,IMG20200717083502.jpg,fully_ripe
22.415222591434045,10.981524115520815,0,176,22.0,21.0,23.0,89.30756908289948,37.17239319324687,0,207,96.0,64.0,120.0,173.39314204071914,60.48129582372696,0,255,179.0,162.0,205.0,IMG20200717083502.jpg,fully_ripe
22.656344370000756,13.775745050370793,0,179,22.0,20.0,23.0,64.9866975505742,21.158377496533877,14,161,67.0,50.0,82.0,185.31649871737977,62.34444671904273,0,255,204.0,164.0,229.0,IMG20200717083502.jpg,fully_ripe
22.51291820454816,10.91325989791115,0,176,22.0,21.0,23.0,89.6635205489831,36.789156588412396,0,205,96.0,64.0,120.0,173.43892671205447,60.13340552750935,0,255,179.0,162.0,205.0,IMG20200717083502.jpg,fully_ripe
21.770926446498272,5.83088128588248,0,172,21.0,20.0,22.0,96.43393936942584,26.337846992805588,33,213,98.0,78.0,116.0,174.68521851679577,53.2206393772622,0,255,181.0,160.0,203.0,IMG20200717083511.jpg,fully_ripe
21.8769389447287,8.81767852424739,0,172,21.0,20.0,22.0,94.07438267235626,29.128493559856093,0,208,97.0,76.0,115.0,176.76278641778066,52.8855753489592,0,255,182.0,162.0,204.0,IMG20200717083511.jpg,fully_ripe
21.67247760228123,10.402844785057509,0,176,21.0,20.0,22.0,92.37082128339433,31.794796220397735,0,212,96.0,74.0,115.0,177.8862519465286,52.60432388290807,0,255,182.0,162.0,205.0,IMG20200717083511.jpg,fully_ripe
21.712581147491253,5.873671272948938,0,174,21.0,20.0,22.0,105.73127793394949,29.935844552612032,35,242,107.0,84.0,128.0,192.04787954779866,56.25818427732357,0,255,203.0,175.0,230.0,IMG20200717083511.jpg,fully_ripe
22.61967358990434,5.930403728597546,0,120,21.0,20.0,23.0,145.64495318219508,26.39109996000253,76,255,151.0,128.0,166.0,184.54664590369487,69.08884843534807,0,255,193.0,141.0,255.0,IMG20200717083511.jpg,fully_ripe
25.233203500429966,12.61412324646727,0,175,24.0,22.0,26.0,85.98488542667813,34.35923762197513,0,214,87.0,64.0,112.0,170.3724417016541,60.50046551385656,0,255,172.0,146.0,209.0,IMG20200717083519.jpg,fully_ripe
25.29928676210228,7.617521886121183,0,177,24.0,22.0,26.0,91.0156811169002,28.99649250188364,32,217,90.0,68.0,114.0,167.36053416965956,59.622008354758584,0,255,170.0,144.0,203.0,IMG20200717083519.jpg,fully_ripe
19.24987606859224,17.875805186271553,0,177,24.0,0.0,26.0,56.86276493499924,46.20579466510399,0,209,61.0,0.0,95.0,116.57320046537508,92.97378836837582,0,255,141.0,0.0,187.0,IMG20200717083519.jpg,fully_ripe
23.883737164247055,14.385599018735432,0,175,24.0,22.0,26.0,80.71352116950781,39.728350277372655,0,208,85.0,56.0,111.0,163.48402043603622,70.1822144445725,0,255,170.0,141.0,208.0,IMG20200717083519.jpg,fully_ripe
25.4140523041125,7.41590387909449,0,177,24.0,23.0,26.0,122.5076028124842,33.20849291345739,52,255,122.0,96.0,150.0,170.262876220345,60.108123985998745,0,255,179.0,144.0,206.0,IMG20200717083519.jpg,fully_ripe
20.693666689374844,13.555809258686613,0,174,22.0,20.0,23.0,89.83819288325726,47.82247639618204,0,181,105.0,53.0,128.0,172.35138633421894,75.92414247393121,0,255,190.0,162.0,219.0,IMG20200717083535.jpg,fully_ripe
21.95091627495061,7.782645803947756,0,176,22.0,21.0,23.0,102.85677952630742,35.711372815756576,0,174,111.0,76.0,130.0,184.03305175193586,55.09826863360868,0,255,190.0,171.0,214.0,IMG20200717083535.jpg,fully_ripe
21.945500374684926,4.502628210908487,0,172,22.0,21.0,23.0,105.83435520130799,32.283384826405076,36,198,112.0,81.0,130.0,182.15622090514793,55.35130437059369,0,255,189.0,169.0,213.0,IMG20200717083535.jpg,fully_ripe
21.943388514203964,4.457291707108872,0,170,22.0,21.0,23.0,95.20315870745056,26.596460029416008,37,171,100.0,75.0,116.0,157.17638576651453,48.15087549273969,0,233,162.0,146.0,185.0,IMG20200717083535.jpg,fully_ripe
21.93935781274837,4.420192933707784,0,170,22.0,21.0,23.0,119.46601721279833,28.21201244869814,58,200,125.0,98.0,141.0,147.32297840452347,45.19408664452636,0,225,158.0,138.0,174.0,IMG20200717083535.jpg,fully_ripe
24.525587856337573,23.412437777143108,0,179,22.0,19.0,23.0,85.69507972298277,24.76635776610679,15,162,85.0,72.0,98.0,177.1160311644387,60.16991090518225,0,255,191.0,148.0,221.0,IMG20200717083623.jpg,fully_ripe
22.355330971170883,12.2483793915857,0,176,23.0,22.0,23.0,89.81177524561122,38.96469113429787,0,175,93.0,70.0,116.0,179.71489974230954,66.44764783509262,0,255,189.0,164.0,224.0,IMG20200717083623.jpg,fully_ripe
23.378653970043484,8.083643787528336,0,172,23.0,22.0,23.0,111.9086809470124,29.73807816820888,46,191,111.0,90.0,133.0,168.69657956192623,54.31341012257405,0,255,180.0,157.0,203.0,IMG20200717083623.jpg,fully_ripe
20.03262401352875,14.807950542697167,0,172,22.0,21.0,23.0,82.00966339185054,48.5085867827203,0,176,92.0,58.0,118.0,159.3516367369947,83.94014625088434,0,255,180.0,150.0,215.0,IMG20200717083623.jpg,fully_ripe
21.19840151393139,13.99976254966837,0,176,22.0,21.0,23.0,84.53268440972782,43.589004893176025,0,176,90.0,64.0,114.0,171.80624899339668,75.82971769118402,0,255,187.0,161.0,222.0,IMG20200717083623.jpg,fully_ripe
21.7249934784499,6.334024260390353,0,170,21.0,20.0,22.0,107.55543317584997,29.743480701390986,33,200,107.0,87.0,128.0,205.82929963382705,57.03797464358532,0,255,223.0,196.0,239.0,IMG20200717083656.jpg,fully_ripe
21.76359139348618,9.18347566060916,0,176,21.0,20.0,22.0,93.94605953450625,30.407473021082666,0,161,96.0,77.0,114.0,190.80261441697343,56.40472664376823,0,255,197.0,174.0,229.0,IMG20200717083656.jpg,fully_ripe
20.944774547597653,11.697185696809566,0,172,21.0,20.0,22.0,87.89156836033739,37.585220926950115,0,169,94.0,70.0,114.0,186.50942484758895,66.52533030323883,0,255,197.0,173.0,233.0,IMG20200717083656.jpg,fully_ripe
20.841048085562736,12.145785282298688,0,175,21.0,20.0,22.0,88.15583123194497,37.78730737445111,0,161,94.0,72.0,114.0,189.46448895201107,62.5697874565654,0,255,198.0,175.0,233.0,IMG20200717083656.jpg,fully_ripe
23.62329594311276,26.154156187605164,0,180,20.0,17.0,21.0,83.80292358675594,22.90072857208946,14,157,86.0,72.0,98.0,182.59090074683826,56.52985886536513,0,255,194.0,157.0,224.0,IMG20200717083656.jpg,fully_ripe
21.17924746191619,13.3859463532579,0,175,20.0,19.0,22.0,90.29554241185744,40.01060920070421,0,161,96.0,64.0,123.0,187.37217195706094,60.127160787080825,0,255,189.0,169.0,236.0,IMG20200717083701.jpg,fully_ripe
19.766446080154243,12.10529239310971,0,175,20.0,19.0,21.0,85.86559955012402,43.85690237726493,0,163,93.0,56.0,122.0,180.43017382484962,70.67063601604058,0,255,188.0,166.0,236.0,IMG20200717083701.jpg,fully_ripe
49.75065021138146,59.536728393571934,0,180,20.0,17.0,30.0,65.7695188937871,22.34328483660808,4,118,72.0,50.0,83.0,168.19510358193668,59.52678860923999,0,255,177.0,119.0,221.0,IMG20200717083701.jpg,fully_ripe
20.928853318337467,3.4018003353266586,0,165,21.0,19.0,22.0,97.30369641404657,31.087222702834296,31,171,100.0,70.0,123.0,187.1188957954671,55.518554330207635,0,255,188.0,168.0,228.0,IMG20200717083701.jpg,fully_ripe
20.928742857716678,3.3423206174500333,0,165,21.0,19.0,22.0,114.80026711386482,27.45208728714491,57,180,116.0,91.0,138.0,144.71374632216342,40.78712528621253,0,225,153.0,136.0,169.0,IMG20200717083701.jpg,fully_ripe
22.3288369393036,5.194266729566592,0,177,22.0,21.0,23.0,97.23166760136564,27.968170017766035,36,214,100.0,76.0,119.0,179.76785029074057,54.30628290261379,0,255,188.0,168.0,207.0,IMG20200717083707.jpg,fully_ripe
21.52713086769582,12.741885358871382,0,176,22.0,20.0,23.0,88.93487607859342,38.70016161942049,0,211,96.0,66.0,118.0,178.4945147928412,61.68145897223832,0,255,189.0,169.0,209.0,IMG20200717083707.jpg,fully_ripe
16.24053248324921,15.763429698364165,0,172,20.0,0.0,22.0,65.25219162312938,51.843668366035125,0,166,76.0,0.0,108.0,128.00172181390636,94.85639034086789,0,255,173.0,0.0,199.0,IMG20200717083707.jpg,fully_ripe
22.177356671290966,4.585719984445644,0,177,22.0,21.0,23.0,96.4720033058827,28.57115652242908,0,211,98.0,75.0,118.0,180.22476066786703,53.61522690000352,0,255,188.0,168.0,207.0,IMG20200717083707.jpg,fully_ripe
24.379851825614686,6.061671680256239,0,178,23.0,21.0,28.0,155.8888987278255,24.676710995814446,91,255,164.0,139.0,174.0,197.64462744866535,73.45930372984722,0,255,243.0,149.0,255.0,IMG20200717083707.jpg,fully_ripe
13.00761513200424,15.487586611761046,0,176,20.0,0.0,23.0,49.38917332505883,52.2217564001251,0,162,36.0,0.0,100.0,100.83559589377602,97.15979238259754,0,255,146.0,0.0,185.0,IMG20200717083744.jpg,fully_ripe
23.258112895301633,3.109560941983543,0,172,23.0,22.0,24.0,77.90018876218551,25.02452587908237,24,204,78.0,60.0,96.0,186.2570527241228,51.97278537507305,0,255,194.0,170.0,223.0,IMG20200717083744.jpg,fully_ripe
23.572324360665064,13.899444351266117,0,175,23.0,22.0,24.0,86.28110050939932,37.104251741294654,0,229,91.0,70.0,112.0,175.49168670648774,58.048393606023765,0,255,179.0,163.0,206.0,IMG20200717083744.jpg,fully_ripe
23.174695524009,14.383307961957975,0,177,23.0,22.0,24.0,85.11553280066197,38.664152066434,0,228,91.0,70.0,112.0,172.42527086080727,62.066270382877825,0,255,178.0,162.0,205.0,IMG20200717083744.jpg,fully_ripe
23.375959972073538,3.0997318175830126,0,172,24.0,22.0,24.0,92.53838595402478,27.798226145341268,32,230,92.0,72.0,113.0,174.42157319059808,51.38047395416106,0,255,177.0,161.0,202.0,IMG20200717083744.jpg,fully_ripe
23.99251643047854,10.469518194137807,0,175,24.0,23.0,25.0,80.5039664202095,32.702327845873974,0,171,86.0,66.0,102.0,180.7060741425344,65.30532737535135,0,255,189.0,162.0,228.0,IMG20200717083802.jpg,fully_ripe
24.576568597247896,2.8574533940783975,0,60,24.0,24.0,25.0,92.47469963031423,22.58267373613331,40,181,92.0,79.0,106.0,148.17820651057713,48.30385504477845,0,220,155.0,134.0,179.0,IMG20200717083802.jpg,fully_ripe
24.576619942493323,2.8377123918673295,0,55,24.0,24.0,25.0,88.38372869172315,25.55861039639,30,189,88.0,73.0,104.0,178.75388940234134,59.337583044577045,0,255,185.0,158.0,221.0,IMG20200717083802.jpg,fully_ripe
24.567056890531937,2.8393879321744624,0,60,24.0,24.0,25.0,108.10154805914972,23.153914664495023,55,199,108.0,94.0,122.0,133.26936999383858,43.839013585173916,0,229,141.0,119.0,164.0,IMG20200717083802.jpg,fully_ripe
10.348801088519203,17.54008956913021,0,174,0.0,0.0,23.0,29.159054734031628,42.29088462877324,0,155,0.0,0.0,70.0,72.34968679400288,98.08701303228202,0,255,0.0,0.0,174.0,IMG20200717083802.jpg,fully_ripe
20.570803751246007,14.496332585590054,0,176,21.0,20.0,22.0,87.86827918709442,42.29716621361179,0,171,98.0,72.0,116.0,177.51778993836075,70.49494515642478,0,255,191.0,165.0,222.0,IMG20200717083842.jpg,fully_ripe
20.7545822568505,13.345044267005115,0,176,21.0,20.0,22.0,88.44757613361271,40.72618484738302,0,171,98.0,68.0,117.0,177.89827491506804,67.63743494252833,0,255,190.0,164.0,220.0,IMG20200717083842.jpg,fully_ripe
21.58102610004679,2.9184469654294007,0,75,21.0,20.0,23.0,99.94056797607665,26.181753595948344,36,176,101.0,82.0,118.0,187.2994588766605,49.81987313770038,0,255,191.0,168.0,219.0,IMG20200717083842.jpg,fully_ripe
22.05690949407002,3.323056715719101,0,80,21.0,20.0,23.0,131.1567223386293,27.10786477745809,61,219,135.0,113.0,153.0,191.58672213519947,56.34339155847766,0,255,198.0,166.0,238.0,IMG20200717083842.jpg,fully_ripe
22.13067314929715,3.384116917329996,0,80,21.0,20.0,23.0,139.08254165225705,25.576161016720125,72,223,143.0,122.0,159.0,186.5309111621946,60.42339817674947,0,255,190.0,152.0,245.0,IMG20200717083842.jpg,fully_ripe
21.025714429209984,12.03615507083425,0,176,21.0,19.0,22.0,87.45335744061072,34.72919177349617,0,147,98.0,73.0,112.0,187.7656571744262,57.631314903049585,0,255,188.0,170.0,228.0,IMG20200717083846.jpg,fully_ripe
15.51975290040681,15.855034832369403,0,174,19.0,0.0,21.0,61.606157400431925,49.25164731714564,0,160,80.0,0.0,106.0,134.49526392446387,97.5452828227162,0,255,172.0,0.0,208.0,IMG20200717083846.jpg,fully_ripe
21.28759981919542,3.0176642363574944,0,165,21.0,20.0,22.0,95.07710310883431,23.80226838090662,31,169,99.0,82.0,112.0,188.60806589322485,49.04095942271905,0,255,187.0,170.0,221.0,IMG20200717083846.jpg,fully_ripe
21.094028426497914,14.714686913003375,0,177,21.0,20.0,22.0,85.99561046657627,37.58707381457864,0,164,98.0,72.0,112.0,182.53235899753903,64.13576505236203,0,255,187.0,168.0,225.0,IMG20200717083846.jpg,fully_ripe
28.827592787906184,37.5038984868739,0,179,19.0,18.0,21.0,84.55994174074632,22.1663008925831,10,156,90.0,73.0,101.0,187.62084275023855,56.07135019870892,0,255,205.0,149.0,233.0,IMG20200717083846.jpg,fully_ripe
22.248755034217147,3.79288372626518,4,51,22.0,20.0,24.0,119.91863462713145,28.709835992618085,63,219,115.0,98.0,141.0,153.01869778132087,52.15804431775052,2,255,154.0,132.0,173.0,IMG20200717083900.jpg,fully_ripe
19.71052604333827,15.938704657038459,0,172,20.0,17.0,23.0,68.10885297497644,44.15264923158825,0,181,71.0,42.0,98.0,165.3984097568046,89.34293724992764,0,255,193.0,129.0,238.0,IMG20200717083900.jpg,fully_ripe
22.18644980277257,3.7700513910752713,4,55,22.0,20.0,24.0,85.49478719108801,28.40127931111728,30,183,80.0,64.0,106.0,186.7714853658284,53.73710993513083,1,249,193.0,165.0,232.0,IMG20200717083900.jpg,fully_ripe
21.624242926213128,15.027903821457482,0,176,21.0,19.0,24.0,76.46491836544534,40.60497970257116,0,179,76.0,54.0,104.0,188.41361852798974,72.35334732811864,0,255,203.0,173.0,246.0,IMG20200717083900.jpg,fully_ripe
22.198594042799904,3.764224137457546,4,51,22.0,20.0,24.0,88.92046713393864,30.22506366199989,30,192,84.0,66.0,110.0,194.17517522699274,55.62332739106797,3,255,200.0,173.0,240.0,IMG20200717083900.jpg,fully_ripe
22.559571028524484,9.778380329748332,0,172,22.0,22.0,23.0,83.10984885292532,33.59968083241713,0,201,90.0,64.0,108.0,192.62325421153523,59.667274470798425,0,255,198.0,171.0,241.0,IMG20200717083943.jpg,fully_ripe
21.611125343415694,12.887423767755509,0,174,22.0,21.0,23.0,78.06131571275873,37.955028813334785,0,152,86.0,57.0,107.0,182.304069752034,71.7700805841456,0,255,195.0,163.0,238.0,IMG20200717083943.jpg,fully_ripe
22.999452301658113,3.5221830589296927,0,165,22.0,22.0,23.0,88.45542000512363,25.602708312870195,29,201,90.0,70.0,108.0,190.97689066351003,54.80812850903382,0,255,195.0,169.0,234.0,IMG20200717083943.jpg,fully_ripe
23.13529032429042,3.547671862263405,0,165,22.0,22.0,24.0,120.04855080785505,28.756895348523866,52,251,123.0,98.0,144.0,182.11611204848015,53.14416035864019,0,255,189.0,159.0,212.0,IMG20200717083943.jpg,fully_ripe
22.086704181058472,12.622578020136924,0,174,22.0,21.0,23.0,79.8313972491409,36.48172991741874,0,160,88.0,60.0,107.0,185.7418044010212,67.78181786363726,0,255,196.0,166.0,239.0,IMG20200717083943.jpg,fully_ripe
21.440163220994112,4.275586050008753,0,179,21.0,20.0,23.0,75.87439283474811,26.854844114228428,23,205,80.0,52.0,94.0,195.44852080974084,49.656434305610595,0,255,206.0,179.0,231.0,IMG20200717083947.jpg,fully_ripe
23.031230989527277,10.16264092546148,0,175,22.0,21.0,24.0,78.17303858716507,30.51424405739883,0,196,80.0,56.0,100.0,188.16269689000364,51.60353510017318,0,255,190.0,167.0,224.0,IMG20200717083947.jpg,fully_ripe
22.733661522335257,13.06791421525068,0,177,22.0,21.0,24.0,75.72974945951763,34.44264484900154,0,196,80.0,54.0,100.0,186.20350213853195,60.18991063931533,0,255,191.0,167.0,229.0,IMG20200717083947.jpg,fully_ripe
15.264625780306789,15.895426679926896,0,176,20.0,0.0,22.0,49.41239506219057,44.93572359977137,0,158,51.0,0.0,88.0,126.55601830620783,100.94328112226633,0,255,169.0,0.0,210.0,IMG20200717083947.jpg,fully_ripe
22.71839699014497,3.298360685577554,0,165,22.0,21.0,24.0,82.03769805987889,26.818957913968017,29,201,82.0,60.0,102.0,185.1337120609458,51.150049571881716,0,255,187.0,164.0,219.0,IMG20200717083947.jpg,fully_ripe
44.31075230432673,57.97916522935293,0,179,19.0,14.0,23.0,54.86367172840523,17.0758137044398,4,141,58.0,44.0,68.0,158.07417781072942,55.439875717085435,0,255,158.0,110.0,206.0,IMG20200717084008.jpg,fully_ripe
18.47435721412161,14.546481424916221,0,172,20.0,19.0,22.0,72.73637769905996,44.287188518825644,0,168,80.0,47.0,108.0,162.61307447986746,86.08184864626942,0,255,188.0,157.0,220.0,IMG20200717084008.jpg,fully_ripe
21.43289306276373,7.568160136888674,0,177,21.0,20.0,22.0,88.60682282084375,29.266859214575387,0,200,88.0,68.0,110.0,197.312775169106,49.04315494951179,0,255,198.0,178.0,235.0,IMG20200717084008.jpg,fully_ripe
21.227915533953922,2.632658769206283,0,110,21.0,20.0,22.0,90.63501478247339,26.940257565286334,36,220,90.0,70.0,111.0,194.96852202725833,51.26745184990172,0,255,197.0,177.0,232.0,IMG20200717084008.jpg,fully_ripe
21.237544736432618,5.446525207531589,0,177,21.0,20.0,22.0,89.19112868532096,28.42291758788276,0,208,88.0,68.0,110.0,196.66973300015562,49.29460099645562,0,255,198.0,177.0,234.0,IMG20200717084008.jpg,fully_ripe
21.309543467247106,5.881093864903268,0,165,21.0,20.0,22.0,93.28526260484492,24.69109430194755,36,164,94.0,76.0,112.0,183.59323926219204,52.215949070790344,0,255,188.0,169.0,213.0,IMG20200717084015.jpg,fully_ripe
15.802403692792675,16.0078559936473,0,172,19.0,0.0,21.0,63.263561818625334,49.14518689613005,0,158,75.0,0.0,106.0,130.67249920252192,94.36734724395612,0,255,176.0,0.0,198.0,IMG20200717084015.jpg,fully_ripe
21.64379937327604,6.024649676204697,0,165,21.0,20.0,22.0,139.4216970333815,24.52414383629174,80,220,141.0,122.0,160.0,169.79118270692211,61.64950730247613,0,255,167.0,134.0,217.0,IMG20200717084015.jpg,fully_ripe
21.31685211941531,5.928953510418086,0,165,21.0,20.0,22.0,93.3335334846978,24.758735417960008,36,168,94.0,76.0,112.0,183.6311147805528,52.202668969889,0,255,188.0,170.0,213.0,IMG20200717084015.jpg,fully_ripe
21.352851218734166,5.930147601710627,0,165,21.0,20.0,22.0,127.20480175632822,24.657604337372064,70,202,128.0,110.0,146.0,156.34087966524683,52.96440475317821,0,255,155.0,133.0,181.0,IMG20200717084015.jpg,fully_ripe
20.54566908809322,6.82468586905965,0,179,20.0,19.0,22.0,68.7442936686456,21.348590541204178,18,190,68.0,55.0,80.0,199.41186068807846,54.84267600272755,0,255,215.0,184.0,236.0,IMG20200717084021.jpg,fully_ripe
21.604640657841365,5.379244712937874,0,172,21.0,20.0,22.0,92.29529112430399,26.537788262372146,29,228,92.0,74.0,108.0,180.9216324348243,51.27724581738158,0,255,187.0,169.0,208.0,IMG20200717084021.jpg,fully_ripe
18.492357756554444,13.926755595292287,0,174,20.0,18.0,21.0,71.988246248018,44.76854447832158,0,228,84.0,39.0,105.0,155.29304177882665,84.39896789105538,0,255,183.0,147.0,209.0,IMG20200717084021.jpg,fully_ripe
21.40087208230392,8.555872184179066,0,176,21.0,20.0,22.0,89.03140786902172,30.4908644807481,0,223,92.0,72.0,108.0,183.85694531509273,51.90850617184752,0,255,188.0,171.0,211.0,IMG20200717084021.jpg,fully_ripe
21.592960654891403,12.843880269526325,0,176,21.0,20.0,22.0,85.52776651056455,34.808555362880796,0,225,90.0,68.0,108.0,182.35061211696598,56.253767664286755,0,255,188.0,170.0,213.0,IMG20200717084021.jpg,fully_ripe
22.67981247088057,6.895621084000612,0,172,22.0,21.0,23.0,113.80997631619817,22.185296103506182,66,191,111.0,96.0,130.0,124.77183957136201,41.60510905176849,0,219,134.0,112.0,150.0,IMG20200717084028.jpg,fully_ripe
22.687548532380806,6.91719248705903,0,172,22.0,21.0,23.0,101.16142840503184,27.120819458049876,43,195,98.0,80.0,121.0,170.03694284826835,53.684427509138985,0,255,181.0,159.0,206.0,IMG20200717084028.jpg,fully_ripe
22.102733343686907,8.026992259601146,0,174,22.0,20.0,23.0,82.31285913961796,30.39264008098486,0,163,81.0,63.0,104.0,187.41723287777606,58.93055966119087,0,255,192.0,170.0,231.0,IMG20200717084028.jpg,fully_ripe
22.45715561422581,10.655487641693899,0,176,22.0,20.0,23.0,81.8713988973443,30.550462031759913,0,157,80.0,63.0,104.0,186.91951389967386,59.156569989801646,0,255,191.0,170.0,230.0,IMG20200717084028.jpg,fully_ripe
22.710737303929182,6.913240183540838,0,172,22.0,21.0,23.0,86.16850442615313,25.689076382674383,31,175,82.0,66.0,105.0,184.42024188538593,59.93955925093756,0,255,190.0,168.0,227.0,IMG20200717084028.jpg,fully_ripe
20.722221160644335,3.11966795489868,6,96,20.0,19.0,22.0,67.84438117440239,21.835731792870263,26,178,67.0,51.0,82.0,203.48184701813386,45.78745847431691,2,255,215.0,189.0,231.0,IMG20200717084032.jpg,fully_ripe
21.076777559092733,2.9076858155864107,6,96,21.0,19.0,22.0,85.55400989815222,26.632371597719498,34,216,84.0,64.0,104.0,196.02359887642598,48.90231814304496,3,255,198.0,176.0,233.0,IMG20200717084032.jpg,fully_ripe
20.707689220950453,11.681353228907506,0,172,20.0,19.0,22.0,77.50534079834904,35.03322704867753,0,216,80.0,56.0,102.0,192.0256148128332,61.7543016931118,0,255,199.0,175.0,238.0,IMG20200717084032.jpg,fully_ripe
21.19148529608469,10.582651459401982,0,175,21.0,19.0,22.0,81.14374295377678,31.928039010178033,0,215,82.0,61.0,103.0,197.33768367951387,53.07162405651172,0,255,200.0,178.0,238.0,IMG20200717084032.jpg,fully_ripe
21.054564041809183,5.018313760368967,0,174,21.0,19.0,22.0,84.34079834903407,27.92700180734672,0,212,83.0,63.0,104.0,197.09371715743413,48.33569291689916,0,255,198.0,176.0,234.0,IMG20200717084032.jpg,fully_ripe
21.09929178757686,2.591165996629755,0,165,21.0,20.0,22.0,142.29777389963272,27.24740727232814,80,255,149.0,123.0,164.0,187.53362487063455,63.00185788007386,0,255,200.0,140.0,249.0,IMG20200717084053.jpg,fully_ripe
20.88859351853731,11.477174291031139,0,175,21.0,19.0,22.0,89.66210759146898,35.25754554730035,0,205,100.0,70.0,116.0,186.39967328882486,51.71452728319217,0,255,188.0,173.0,213.0,IMG20200717084053.jpg,fully_ripe
14.230777816108281,16.195354089692245,0,172,19.0,0.0,21.0,55.5905050833012,51.126703135251674,0,195,55.0,0.0,106.0,120.50353091580592,99.45783915522978,0,255,169.0,0.0,199.0,IMG20200717084053.jpg,fully_ripe
20.96885082895351,6.1911966147329025,0,176,21.0,20.0,22.0,94.51854745429087,28.258803420004693,0,210,101.0,76.0,116.0,185.71772966172202,43.119379668698194,0,255,186.0,171.0,208.0,IMG20200717084053.jpg,fully_ripe
20.83781123805272,2.4776572426476604,0,170,21.0,20.0,22.0,105.57067919397716,28.69361809745971,42,233,112.0,86.0,127.0,186.10709429980315,43.475434226156736,3,255,191.0,176.0,208.0,IMG20200717084053.jpg,fully_ripe
19.411807760221773,7.5962933473355525,0,179,19.0,17.0,21.0,68.03160080877576,19.0865027913302,18,146,68.0,56.0,80.0,191.59287655190712,58.80405103468857,0,255,205.0,178.0,231.0,IMG20200717084058.jpg,fully_ripe
20.619591769517204,5.935547984480786,0,165,20.0,19.0,21.0,99.16362155881465,26.792639391924343,38,199,98.0,80.0,119.0,184.1046833972242,60.36198147305736,0,255,193.0,172.0,220.0,IMG20200717084058.jpg,fully_ripe
20.20425247710451,11.147134088972463,0,172,20.0,18.0,21.0,91.01203099697166,37.150125821563634,0,198,96.0,73.0,118.0,182.96769471459547,68.14177833393606,0,255,195.0,173.0,228.0,IMG20200717084058.jpg,fully_ripe
20.614385961702087,5.938193308969817,0,165,20.0,19.0,21.0,108.89377956285853,26.148058809472197,49,206,108.0,90.0,128.0,167.0882334104903,53.86437831014749,0,255,180.0,156.0,201.0,IMG20200717084058.jpg,fully_ripe
19.58767989313913,12.930406929784327,0,176,20.0,18.0,21.0,88.40008783085241,39.99169937011875,0,186,94.0,72.0,117.0,180.63754219997986,70.55974873241844,0,255,194.0,172.0,225.0,IMG20200717084058.jpg,fully_ripe
20.079755876508102,13.227769701358973,0,176,20.0,18.0,21.0,89.27675089592324,39.88017784470178,0,233,100.0,67.0,119.0,171.39214414594196,67.8004770230891,0,255,181.0,166.0,210.0,IMG20200717084102.jpg,fully_ripe
22.205684019722785,12.997193759047308,0,177,21.0,19.0,22.0,99.16327837228833,27.50323079591112,30,234,102.0,78.0,120.0,173.26711400467295,61.02528336759993,0,255,181.0,166.0,207.0,IMG20200717084102.jpg,fully_ripe
22.141826103586187,13.024340591617976,0,177,21.0,19.0,22.0,108.05812899631653,30.914082003693416,34,247,111.0,86.0,131.0,189.6353779507263,63.13830649056487,0,255,206.0,185.0,229.0,IMG20200717084102.jpg,fully_ripe
21.100725884906083,16.075605821723922,0,177,20.0,18.0,21.0,89.56372903622773,38.13670163151855,0,234,98.0,66.0,118.0,172.3357113755228,68.92202400378159,0,255,182.0,166.0,214.0,IMG20200717084102.jpg,fully_ripe
25.960820507703694,31.49244139000614,0,180,20.0,17.0,21.0,71.51189436836373,21.722364591809974,12,193,76.0,60.0,85.0,185.0766045548654,63.234026737426106,0,255,205.0,153.0,232.0,IMG20200717084102.jpg,fully_ripe
21.874242798015516,9.416260608869164,0,176,21.0,20.0,22.0,93.47899935129604,31.4286016360094,0,161,95.0,72.0,117.0,184.29431059214795,57.42474299445415,0,255,185.0,162.0,229.0,IMG20200717084106.jpg,fully_ripe
22.62792716242268,7.41796376529456,0,174,22.0,20.0,23.0,141.93495600690733,27.74257992690932,68,220,144.0,119.0,166.0,182.75150069895568,64.56628906846147,0,255,180.0,155.0,244.0,IMG20200717084106.jpg,fully_ripe
22.060978172482162,7.272784443343961,0,172,21.0,20.0,22.0,119.81193067090608,23.060735860014862,63,177,120.0,101.0,138.0,129.30919423658509,40.052994109577654,0,211,136.0,121.0,152.0,IMG20200717084106.jpg,fully_ripe
21.929693281802482,11.862633408055466,0,176,21.0,20.0,22.0,91.33926303575181,34.236524009984926,0,161,94.0,70.0,117.0,184.9621376166068,60.420310505134104,0,255,186.0,163.0,233.0,IMG20200717084106.jpg,fully_ripe
22.086104030187578,7.341624263447454,0,172,21.0,20.0,22.0,96.52852013266453,27.412700700821084,29,165,96.0,74.0,118.0,181.877047757403,59.06249191884799,0,255,183.0,161.0,226.0,IMG20200717084106.jpg,fully_ripe
20.22730918451093,5.111993519214047,0,179,21.0,19.0,22.0,65.74475863612624,21.047838253250234,18,159,68.0,51.0,79.0,190.01591061702604,56.197928625127275,0,255,203.0,173.0,230.0,IMG20200717084113.jpg,fully_ripe
21.726311273595464,13.388404270009723,0,177,22.0,20.0,23.0,85.45234275908379,38.886656281790756,0,211,92.0,61.0,114.0,189.15261508617473,68.62482592514772,0,255,202.0,177.0,239.0,IMG20200717084113.jpg,fully_ripe
21.78986047899724,3.5515715573081557,0,176,22.0,20.0,23.0,101.04816085950907,26.489698152245136,47,206,103.0,82.0,120.0,154.99100014922033,47.49455788958652,0,227,167.0,147.0,183.0,IMG20200717084113.jpg,fully_ripe
20.942344997388645,12.97369179860075,0,177,22.0,20.0,23.0,84.25841229575468,40.80846460396555,0,204,93.0,57.0,114.0,186.78100052227114,70.4006967917607,0,255,200.0,175.0,238.0,IMG20200717084113.jpg,fully_ripe
21.819070357382675,3.5599422061709864,0,177,22.0,20.0,23.0,93.57996344102067,29.749950295398524,33,212,96.0,72.0,115.0,190.89287846004626,59.819086538050186,0,255,200.0,176.0,234.0,IMG20200717084113.jpg,fully_ripe
22.214229185543715,10.741059030809504,0,175,22.0,21.0,23.0,83.03368621468798,33.25982935260546,0,215,90.0,64.0,107.0,190.1931251218645,61.21651295390586,0,255,198.0,176.0,232.0,IMG20200717084205.jpg,fully_ripe
22.77890052416071,3.394333251334313,0,165,22.0,21.0,23.0,88.82429720027068,24.949123316724474,34,219,91.0,69.0,108.0,188.5339213414844,55.91921894093119,0,255,195.0,174.0,225.0,IMG20200717084205.jpg,fully_ripe
22.27263238785599,10.239908129068114,0,175,22.0,21.0,23.0,83.50749538348607,32.58733097167712,0,217,90.0,64.0,107.0,190.47477261518347,60.438468574504405,0,255,198.0,176.0,231.0,IMG20200717084205.jpg,fully_ripe
23.005046623923292,9.79940795150171,0,172,22.0,21.0,23.0,83.62665305607487,30.878597648162856,0,216,90.0,64.0,106.0,190.03912280500532,59.216101154927415,0,255,196.0,175.0,231.0,IMG20200717084205.jpg,fully_ripe
22.690641953502244,3.4260111728950355,0,165,22.0,21.0,23.0,84.47797263353482,24.327917587389926,32,214,86.0,66.0,102.0,194.92646839551767,55.167279201691144,0,255,206.0,182.0,233.0,IMG20200717084205.jpg,fully_ripe
21.20246158000135,3.6155231960368077,0,120,21.0,20.0,22.0,83.54346016245528,26.66461945562721,27,216,83.0,63.0,103.0,197.6603852125194,47.949356605387095,0,255,205.0,186.0,227.0,IMG20200717084209.jpg,fully_ripe
28.176731993789797,38.028801081984085,0,180,19.0,15.0,21.0,77.00195756362082,24.592753857248145,7,206,80.0,61.0,96.0,171.03081475147943,59.334640861971636,0,255,179.0,122.0,224.0,IMG20200717084209.jpg,fully_ripe
21.7884031231015,9.031354084017869,0,172,21.0,20.0,22.0,88.03966878923565,32.57680922856837,0,222,90.0,66.0,113.0,188.62824291789482,56.08580044196907,0,255,191.0,169.0,230.0,IMG20200717084209.jpg,fully_ripe
21.917928582678936,8.206474395474883,0,176,21.0,20.0,22.0,89.81696780145354,30.261163486200854,0,220,90.0,68.0,113.0,187.3399860495466,51.762088355677946,0,255,189.0,167.0,224.0,IMG20200717084209.jpg,fully_ripe
21.734581373894653,3.3114108200732213,0,120,21.0,20.0,22.0,91.87669599261976,27.7606254489423,36,222,91.0,69.0,114.0,186.1095673109376,52.90367619656102,0,255,188.0,167.0,223.0,IMG20200717084209.jpg,fully_ripe
24.542918826440726,10.399497097950526,0,172,23.0,22.0,24.0,93.93047649113517,28.47547072476565,32,225,94.0,72.0,116.0,168.05856594396977,62.387363003169504,0,255,173.0,152.0,206.0,IMG20200717084214.jpg,fully_ripe
23.471531716854894,11.720771071241861,0,172,23.0,22.0,24.0,86.36260781897614,36.8794007894181,0,225,90.0,64.0,114.0,171.22635111052273,65.87915926996612,0,255,176.0,153.0,214.0,IMG20200717084214.jpg,fully_ripe
24.559650498487734,10.399679959059517,0,172,23.0,22.0,24.0,121.8949764249417,28.211315190068827,61,252,122.0,100.0,144.0,143.03725164719899,54.22237627509455,0,255,150.0,128.0,174.0,IMG20200717084214.jpg,fully_ripe
24.715500473537887,12.708167839233534,0,172,23.0,22.0,24.0,90.89035306577594,31.23064883405595,0,224,92.0,70.0,115.0,171.33533611006447,61.67093036446106,0,255,175.0,154.0,210.0,IMG20200717084214.jpg,fully_ripe
24.53019949692964,10.385483204296328,0,172,23.0,22.0,24.0,99.29292137234336,23.433326523901435,48,207,100.0,82.0,118.0,126.6401824903001,44.41740891509652,0,193,137.0,120.0,152.0,IMG20200717084214.jpg,fully_ripe
19.041774737057082,15.4381860686307,0,165,23.0,0.0,24.0,59.74783008271214,42.02714153482973,0,159,67.0,0.0,95.0,135.65666292249566,90.10373164651175,0,255,170.0,7.0,199.0,IMG20200717084220.jpg,fully_ripe
24.056734402123965,3.564361738215652,0,165,24.0,23.0,25.0,84.06348412131113,23.410580241072815,31,213,84.0,66.0,104.0,181.02178086388236,54.58878576139869,0,255,186.0,162.0,214.0,IMG20200717084220.jpg,fully_ripe
24.47837230674972,13.082869308405238,0,175,24.0,23.0,25.0,78.3753599509854,30.89217621084974,0,210,82.0,61.0,102.0,184.28259981619524,57.799535437973645,0,255,189.0,166.0,221.0,IMG20200717084220.jpg,fully_ripe
24.027315429388338,3.567544813365065,0,165,24.0,23.0,25.0,81.33984478709282,23.116330952824725,30,210,82.0,63.0,100.0,185.8160624936179,54.35431165119312,0,255,193.0,168.0,222.0,IMG20200717084220.jpg,fully_ripe
23.609271928928827,14.9762742282216,0,175,24.0,23.0,25.0,74.95839885632594,34.800832058252624,0,187,81.0,58.0,102.0,178.75136321862556,66.38653900793565,0,255,189.0,165.0,219.0,IMG20200717084220.jpg,fully_ripe
21.033582289467763,13.820763323681144,0,172,22.0,20.0,23.0,80.28611381974433,44.50231095728119,0,213,89.0,52.0,117.0,173.19046751604643,84.27934019722774,0,255,193.0,162.0,244.0,IMG20200717084242.jpg,fully_ripe
22.724687376102356,11.163043491488583,0,172,23.0,22.0,24.0,89.53045872935932,37.42956683940197,0,191,94.0,66.0,119.0,193.58784008229483,64.03850590744437,0,255,200.0,173.0,248.0,IMG20200717084242.jpg,fully_ripe
22.748411431265605,3.9146733674539207,0,120,23.0,22.0,23.0,80.3874393236394,24.759505757241943,27,184,80.0,61.0,100.0,192.3285578046141,55.96526629219459,0,255,208.0,176.0,230.0,IMG20200717084242.jpg,fully_ripe
23.058688640528057,6.481285946598388,0,172,23.0,22.0,24.0,93.15692808846694,31.675583881498337,0,187,96.0,70.0,119.0,195.70190628248127,60.45308909890517,0,255,201.0,174.0,248.0,IMG20200717084242.jpg,fully_ripe
23.0459050823484,3.768605417445663,0,114,23.0,22.0,24.0,95.65350449514054,29.57462640619028,32,213,97.0,72.0,120.0,193.77606806467858,60.68804780611339,0,255,199.0,172.0,246.0,IMG20200717084242.jpg,fully_ripe
21.92677925925926,4.612053312805741,0,165,21.0,21.0,22.0,114.90100148148149,29.613144642027255,49,189,116.0,92.0,138.0,177.70671407407409,51.283897505607484,0,255,186.0,159.0,207.0,IMG20200717084253.jpg,fully_ripe
21.809979259259258,6.535972616528796,0,174,21.0,21.0,22.0,88.70795851851852,31.005979983481527,0,159,92.0,66.0,113.0,188.25480296296297,54.3272953145176,0,255,188.0,169.0,228.0,IMG20200717084253.jpg,fully_ripe
21.92741925925926,5.287271665585489,0,165,21.0,21.0,22.0,91.29854814814814,27.751621229309993,0,154,92.0,70.0,113.0,186.02088296296296,53.123644364524964,0,255,186.0,168.0,221.0,IMG20200717084253.jpg,fully_ripe
21.906002962962962,4.597031582645814,0,165,21.0,21.0,22.0,91.95798518518518,27.168539116380533,32,159,94.0,70.0,113.0,185.36208592592592,53.618596101131935,0,255,186.0,167.0,220.0,IMG20200717084253.jpg,fully_ripe
21.159514074074075,14.956768159555418,0,176,21.0,20.0,22.0,81.41447111111111,39.77714907472466,0,153,88.0,60.0,111.0,179.5416651851852,67.1691357054693,0,255,186.0,166.0,225.0,IMG20200717084253.jpg,fully_ripe
22.620704969379645,14.337776447921575,0,175,22.0,21.0,23.0,88.1290963489318,41.3268285726414,0,214,94.0,66.0,116.0,173.50486185779067,70.69829192000395,0,255,181.0,154.0,228.0,IMG20200717084319.jpg,fully_ripe
23.653604319573653,7.341057452437163,0,165,22.0,21.0,23.0,96.39064326118461,30.16439067875027,32,215,96.0,74.0,117.0,175.92271282314994,61.65255992831371,0,255,179.0,155.0,220.0,IMG20200717084319.jpg,fully_ripe
19.428112290215513,14.50370790902749,0,172,22.0,20.0,23.0,75.44598195502782,49.16496006048421,0,215,85.0,38.0,114.0,148.33443971763825,88.60246562846814,0,255,172.0,84.0,213.0,IMG20200717084319.jpg,fully_ripe
22.18368706465336,10.305780248069084,0,176,22.0,21.0,23.0,87.45154504230752,38.28065395749174,0,213,92.0,64.0,115.0,180.99691459024822,63.61368717968617,0,255,184.0,158.0,233.0,IMG20200717084319.jpg,fully_ripe
22.79909775139077,7.647105391451281,0,165,22.0,21.0,23.0,78.45249170211771,25.71110165728459,18,189,78.0,61.0,94.0,181.60315085783742,56.68459442134077,0,255,191.0,166.0,219.0,IMG20200717084319.jpg,fully_ripe
17.81613415971512,19.059856232908707,0,172,24.0,0.0,26.0,46.68155550353019,43.69867542779879,0,201,52.0,0.0,84.0,108.42802222852004,98.72387314948568,0,255,141.0,0.0,190.0,IMG20200717084327.jpg,fully_ripe
27.531476027945832,21.90151965640594,0,179,23.0,21.0,25.0,57.40520226228175,19.729586930822833,9,166,60.0,44.0,69.0,165.33013788089752,70.37675071613691,1,255,183.0,128.0,223.0,IMG20200717084327.jpg,fully_ripe
26.995835232943556,10.880568175970396,5,165,24.0,23.0,26.0,85.91468388432298,25.389460531459257,30,215,84.0,69.0,100.0,163.0855502298015,66.54034468010686,2,255,174.0,146.0,201.0,IMG20200717084327.jpg,fully_ripe
32.10021316707123,33.44905545815822,0,179,22.0,19.0,25.0,56.90673632588686,20.106458868350824,5,164,60.0,44.0,70.0,148.13800411547987,67.31494340012527,1,255,157.0,101.0,203.0,IMG20200717084327.jpg,fully_ripe
26.29573542639575,12.881358020517117,0,177,24.0,22.0,26.0,81.74053994110182,29.466320196026253,0,215,82.0,66.0,98.0,166.81968283697032,65.06495669902895,0,255,175.0,149.0,204.0,IMG20200717084327.jpg,fully_ripe
21.010164018990668,5.311205951776647,0,177,21.0,19.0,22.0,108.02722505086786,30.895639971184508,42,243,111.0,86.0,132.0,192.43124480574687,55.58066841704034,0,255,206.0,173.0,232.0,IMG20200717084342.jpg,fully_ripe
20.219863779219168,12.766143657431273,0,177,21.0,18.0,22.0,83.96474117096376,39.70924109950556,0,213,93.0,57.0,115.0,180.76495706084083,70.84841259082035,0,255,196.0,166.0,230.0,IMG20200717084342.jpg,fully_ripe
21.18685937544778,12.220103556908784,0,177,21.0,19.0,22.0,89.45474432333808,35.44094667033678,0,216,96.0,66.0,116.0,187.73493308369075,59.765518540826115,0,255,196.0,172.0,228.0,IMG20200717084342.jpg,fully_ripe
21.101659295205526,12.392111185984081,0,177,21.0,19.0,22.0,87.59583695537957,36.207092905428816,0,215,96.0,64.0,115.0,189.49526666220876,61.07429874726115,0,255,197.0,175.0,232.0,IMG20200717084342.jpg,fully_ripe
20.986339711318934,5.2987012174618515,0,177,21.0,19.0,22.0,95.0471041143261,28.08875232576376,36,217,98.0,74.0,117.0,187.86962544061595,54.77934445822431,0,255,195.0,171.0,224.0,IMG20200717084342.jpg,fully_ripe
23.023067320862012,14.28862928104765,0,175,22.0,21.0,23.0,92.48516791206505,36.65231018791984,0,171,98.0,71.0,122.0,185.44425180741692,64.6822194731359,0,255,192.0,172.0,233.0,IMG20200717084347.jpg,fully_ripe
22.782425146067027,16.082218043763085,0,173,22.0,20.0,23.0,89.41766500806186,40.93878157832618,0,196,98.0,65.0,123.0,179.04694082768424,72.29670828954175,0,255,189.0,167.0,233.0,IMG20200717084347.jpg,fully_ripe
23.81890289360079,11.646467837024753,0,173,22.0,21.0,23.0,112.22024480313459,27.07010611587305,50,204,114.0,90.0,136.0,158.49949721735814,50.66898062718939,0,243,175.0,150.0,188.0,IMG20200717084347.jpg,fully_ripe
23.8398810658992,11.700151449942693,0,173,22.0,21.0,23.0,99.09737512786283,28.691194390048732,33,197,102.0,76.0,124.0,184.24845264307635,61.83434658065403,0,255,190.0,170.0,227.0,IMG20200717084347.jpg,fully_ripe
23.53957246138109,15.379444236161765,0,176,22.0,21.0,23.0,93.46792593491566,36.47513612896431,0,195,99.0,70.0,123.0,185.49895109138507,63.516888812225595,0,255,192.0,171.0,232.0,IMG20200717084347.jpg,fully_ripe
21.87113218942058,14.402037489934937,0,176,22.0,21.0,22.0,89.85213506696508,38.534309038548365,0,168,100.0,72.0,118.0,182.0739191445522,62.73458882356956,0,255,190.0,170.0,219.0,IMG20200717084352.jpg,fully_ripe
22.860510142456214,8.777634544910065,0,172,22.0,21.0,23.0,98.93464243845251,26.068276633866304,34,195,102.0,82.0,119.0,184.7240488116807,55.10571782935285,0,255,190.0,171.0,216.0,IMG20200717084352.jpg,fully_ripe
24.522940424171374,8.968370249592967,0,174,23.0,21.0,26.0,155.97202387296173,24.0257087019627,88,255,162.0,143.0,173.0,203.22229919357704,70.24204623225044,0,255,249.0,155.0,255.0,IMG20200717084352.jpg,fully_ripe
22.84141532558883,8.727034290099121,0,172,22.0,21.0,23.0,132.6006696507869,24.39687375134951,72,222,135.0,117.0,151.0,155.18291946427937,53.47973694719444,0,255,158.0,132.0,186.0,IMG20200717084352.jpg,fully_ripe
20.584479022345377,13.827622574965641,0,176,21.0,20.0,22.0,86.839656826175,41.663900348434794,0,187,98.0,68.0,117.0,174.08081992255498,72.44719047567172,0,255,189.0,167.0,217.0,IMG20200717084352.jpg,fully_ripe
19.993352379885348,11.574813850638865,0,176,20.0,19.0,22.0,79.4399099957052,37.91798056900777,0,169,84.0,57.0,108.0,188.00956062218737,73.1738749991454,0,255,201.0,172.0,247.0,IMG20200717084358.jpg,fully_ripe
20.78159953690736,15.230039194118348,0,174,21.0,19.0,22.0,79.02533004686946,38.92742681543294,0,217,84.0,60.0,108.0,189.70980150505108,71.39028647453762,0,255,201.0,174.0,247.0,IMG20200717084358.jpg,fully_ripe
21.1723152764551,3.240230240902404,0,172,21.0,20.0,22.0,109.67400519111908,29.065417824239226,50,254,110.0,86.0,132.0,186.73267604055795,50.07950618437564,0,255,200.0,170.0,218.0,IMG20200717084358.jpg,fully_ripe
21.255186450805745,3.1367229560926773,0,172,21.0,20.0,23.0,122.71845648236327,28.711233522754874,63,255,124.0,99.0,146.0,182.26448564973018,53.78156349963926,0,255,186.0,164.0,209.0,IMG20200717084358.jpg,fully_ripe
21.15716206374993,3.2129342263259812,0,172,21.0,20.0,22.0,90.04301346329804,26.613166443219562,36,224,90.0,68.0,110.0,195.9888521651448,55.434341246839395,0,255,199.0,174.0,243.0,IMG20200717084358.jpg,fully_ripe
23.20690934466341,10.55399999249528,0,176,22.0,20.0,23.0,80.17919070038602,23.14225420906656,24,197,80.0,66.0,92.0,197.08770504111865,67.50211483122617,0,255,223.0,194.0,236.0,IMG20200717084402.jpg,fully_ripe
23.427474847406124,11.701512410818221,0,177,22.0,20.0,23.0,91.5445945110371,28.09929500347873,0,222,92.0,75.0,108.0,196.00642175092085,68.23836146805228,0,255,211.0,187.0,245.0,IMG20200717084402.jpg,fully_ripe
22.914821259793833,13.47390807497541,0,177,22.0,20.0,23.0,88.28480067839129,32.28087353985488,0,221,92.0,73.0,108.0,195.6092978473443,70.50893060929444,0,255,212.0,187.0,246.0,IMG20200717084402.jpg,fully_ripe
23.504641857096168,10.116605798944496,0,177,22.0,21.0,23.0,134.48337146339955,27.316949236597996,67,255,135.0,117.0,152.0,176.80165887871107,68.24034184955019,0,255,182.0,155.0,229.0,IMG20200717084402.jpg,fully_ripe
18.655981414905174,16.167732580185692,0,177,21.0,18.0,22.0,70.06622265014266,44.55934113785797,0,217,83.0,36.0,104.0,161.56713688840992,97.6340955290494,0,255,201.0,42.0,241.0,IMG20200717084402.jpg,fully_ripe
33.55498663025545,44.33650044794124,0,179,19.0,15.0,23.0,71.25848172801578,23.713988355178227,5,174,77.0,58.0,90.0,155.100017067759,62.29919462912937,0,255,157.0,111.0,209.0,IMG20200717084410.jpg,fully_ripe
22.722430828165596,8.67059667614966,0,172,22.0,20.0,23.0,88.49680453623105,26.81715028914278,28,216,88.0,70.0,107.0,195.45669530257345,58.758297762677934,0,255,212.0,197.0,226.0,IMG20200717084410.jpg,fully_ripe
23.191111490394643,8.519628489416975,0,173,22.0,21.0,23.0,95.29331892055906,28.059001505713518,31,221,94.0,76.0,116.0,190.64387172630902,63.471713709968796,0,255,203.0,180.0,235.0,IMG20200717084410.jpg,fully_ripe
20.492622935275264,17.076696539506457,0,174,21.0,19.0,22.0,77.39789687280727,45.67007968121024,0,160,88.0,49.0,113.0,161.02885399480382,90.24772047834746,0,255,196.0,129.0,223.0,IMG20200717084410.jpg,fully_ripe
22.15214010733724,14.585356465938409,0,176,22.0,20.0,23.0,85.4110485293281,39.14059389195562,0,218,90.0,66.0,115.0,189.2452636968766,71.84774803895198,0,255,205.0,182.0,242.0,IMG20200717084410.jpg,fully_ripe
20.947177923311504,10.255762395372761,0,176,20.0,20.0,21.0,90.14245863120532,34.32277836258375,0,214,92.0,72.0,114.0,184.4009198620207,64.21382255326878,0,255,190.0,161.0,237.0,IMG20200717084423.jpg,fully_ripe
29.983502474628807,41.618233938760596,0,179,19.0,15.0,21.0,67.4879868019797,20.966509341908303,6,167,71.0,59.0,79.0,168.0839374093886,61.45678061102795,0,255,178.0,120.0,222.0,IMG20200717084423.jpg,fully_ripe
22.029605559166125,8.785577694328337,0,177,21.0,20.0,22.0,146.04099385092235,27.882778230546435,80,255,147.0,126.0,168.0,177.6694095885617,68.17823107786991,0,255,181.0,146.0,241.0,IMG20200717084423.jpg,fully_ripe
18.099745038244265,15.63654163233839,0,177,20.0,18.0,21.0,72.49840523921412,46.26270397728026,0,185,80.0,40.0,109.0,157.25072239164126,91.31111603121737,0,255,183.0,108.0,233.0,IMG20200717084423.jpg,fully_ripe
21.56752487126931,8.81843027420094,0,177,20.0,20.0,21.0,95.56384542318652,28.124103467864032,33,215,95.0,75.0,115.0,180.76022596610508,63.047419322494456,0,255,186.0,158.0,230.0,IMG20200717084423.jpg,fully_ripe
20.60547888233427,4.1483238074066495,0,170,21.0,19.0,22.0,79.14341844608127,23.826725828656755,24,163,82.0,60.0,98.0,188.1351443049612,50.86397278528206,0,255,198.0,173.0,220.0,IMG20200717084433.jpg,fully_ripe
30.409526206919196,40.60516784295852,0,180,20.0,18.0,22.0,86.99379439415995,26.13601171522446,10,185,92.0,72.0,104.0,182.89615734001686,55.18763742616365,0,255,198.0,144.0,226.0,IMG20200717084433.jpg,fully_ripe
20.39489323512351,14.831010736218937,0,175,20.0,19.0,22.0,88.90999135374142,44.34651237114364,0,167,102.0,61.0,123.0,180.0385907692981,69.72921688306312,0,255,188.0,169.0,230.0,IMG20200717084433.jpg,fully_ripe
21.15732907222362,3.6548721946606184,0,172,21.0,20.0,22.0,99.71053639637076,29.638940088093435,36,197,103.0,75.0,124.0,185.68018693429937,54.8921858995434,0,255,187.0,169.0,223.0,IMG20200717084433.jpg,fully_ripe
20.783361971784743,13.14095486124403,0,176,21.0,19.0,22.0,91.16969650537929,40.093892125766494,0,179,100.0,67.0,121.0,181.72213770534864,64.43052775769806,0,255,188.0,169.0,225.0,IMG20200717084433.jpg,fully_ripe
24.290829081891907,24.62813791540196,0,179,21.0,19.0,23.0,61.364011463647635,16.074171511788492,10,114,63.0,52.0,71.0,196.07073314498263,56.28212226908874,0,255,214.0,170.0,238.0,IMG20200717084442.jpg,fully_ripe
22.4896339356491,7.445222583783738,0,177,22.0,21.0,23.0,98.46503993983617,25.714903809787728,36,171,102.0,79.0,117.0,182.0587207057054,48.4410231241358,0,255,184.0,171.0,203.0,IMG20200717084442.jpg,fully_ripe
22.347781458972744,7.221670102012624,0,177,22.0,21.0,23.0,97.66982052480742,26.81388423716731,0,169,102.0,78.0,116.0,182.86263948454237,47.48866101086554,0,255,184.0,171.0,203.0,IMG20200717084442.jpg,fully_ripe
15.308136344234638,17.84314905249471,0,177,20.0,0.0,22.0,58.9260858960548,51.866816011884275,0,171,70.0,0.0,105.0,117.33544380983354,97.19409173076798,0,255,169.0,0.0,191.0,IMG20200717084442.jpg,fully_ripe
22.448992865708654,7.362788164672852,0,173,22.0,21.0,23.0,100.88621719953657,20.95459335079701,50,160,104.0,85.0,116.0,141.15752352690095,35.5037982373087,0,203,146.0,137.0,157.0,IMG20200717084442.jpg,fully_ripe
15.827595203670084,14.988762983569055,0,177,21.0,0.0,23.0,63.442551664909175,50.49360118879102,0,156,77.0,0.0,109.0,125.75655255633949,94.19137586507186,0,255,170.0,0.0,194.0,IMG20200717084451.jpg,fully_ripe
22.30514094382902,2.969168757867603,0,177,22.0,21.0,23.0,122.77601182775827,28.026349042274997,56,238,125.0,103.0,145.0,179.3138269538087,56.347405695765175,2,255,189.0,158.0,215.0,IMG20200717084451.jpg,fully_ripe
22.541924402361204,8.194726608045913,0,176,22.0,21.0,23.0,92.07252111711438,28.588386601079822,0,190,96.0,74.0,114.0,183.1911030906541,51.552126498698044,0,255,185.0,167.0,213.0,IMG20200717084451.jpg,fully_ripe
22.217237218302586,2.9063494170687187,0,177,22.0,21.0,23.0,94.21724808940394,25.369633840898732,35,196,96.0,76.0,114.0,181.09239349038452,53.14188110528733,3,255,184.0,166.0,212.0,IMG20200717084451.jpg,fully_ripe
22.360648787328643,11.057130228635268,0,177,22.0,21.0,23.0,89.34314631415309,32.66026714463869,0,173,95.0,72.0,113.0,182.20015871807973,57.05489262521901,0,255,186.0,168.0,216.0,IMG20200717084451.jpg,fully_ripe
21.403838383838384,6.8144121022313096,0,174,20.0,18.0,23.0,91.32162578162578,26.680118916691175,31,243,90.0,72.0,109.0,206.398835978836,52.45948542407433,0,255,222.0,193.0,239.0,IMG20200717084524.jpg,fully_ripe
21.57262145262145,6.750538275549591,0,172,21.0,18.0,23.0,94.23697931697932,26.665892891282056,34,242,92.0,74.0,112.0,197.53228475228474,53.121147821391794,0,255,208.0,181.0,236.0,IMG20200717084524.jpg,fully_ripe
21.19033189033189,10.886021628364322,0,172,20.0,18.0,23.0,80.95274651274651,30.603448530537165,0,213,83.0,64.0,102.0,202.76705146705146,57.33125521849393,0,255,211.0,184.0,247.0,IMG20200717084524.jpg,fully_ripe
21.57236171236171,6.750622293442408,0,172,21.0,18.0,23.0,86.10609908609909,24.963905995091963,31,224,84.0,68.0,102.0,200.69389129389128,54.97905829141308,0,255,207.0,182.0,243.0,IMG20200717084524.jpg,fully_ripe
21.504838864838863,7.46625247901091,0,174,21.0,18.0,23.0,85.04116402116402,25.769486685836412,0,223,84.0,66.0,102.0,201.56484848484848,53.39624179084944,0,255,207.0,183.0,244.0,IMG20200717084524.jpg,fully_ripe
21.608002825713996,12.64797154941682,0,176,21.0,19.0,23.0,82.10343122413967,34.73394676044766,0,222,90.0,62.0,107.0,194.57282268644667,62.17274001914739,0,255,201.0,173.0,245.0,IMG20200717084527.jpg,fully_ripe
23.89386416389141,25.55384903332411,0,179,21.0,18.0,23.0,69.95427389242103,19.1208404010549,16,190,72.0,58.0,81.0,188.0424664446463,51.72960932179302,0,255,201.0,158.0,230.0,IMG20200717084527.jpg,fully_ripe
21.534675547482088,9.326745736920413,0,172,21.0,19.0,23.0,83.47707134927843,31.700337184282283,0,158,89.0,63.0,106.0,197.70476334645272,57.772280286303975,0,255,203.0,174.0,247.0,IMG20200717084527.jpg,fully_ripe
22.18194570592391,5.710822161961047,0,165,22.0,19.0,24.0,89.17532546170149,26.01188955325096,33,225,91.0,70.0,108.0,196.4934302149561,53.16104591840971,0,255,200.0,173.0,241.0,IMG20200717084527.jpg,fully_ripe
33.70642849934403,44.32157349567323,0,179,21.0,18.0,24.0,69.20864870319912,19.52911796683436,9,188,74.0,59.0,80.0,176.30923402967,55.566550391059224,0,255,185.0,134.0,224.0,IMG20200717084527.jpg,fully_ripe
23.574710719385493,13.332196970719167,0,176,23.0,21.0,25.0,83.5985031266926,34.23761468643462,0,160,85.0,62.0,109.0,191.11495396129794,62.49100542042793,0,255,194.0,168.0,246.0,IMG20200717084536.jpg,fully_ripe
23.76192820916835,5.94943455088578,0,170,23.0,21.0,25.0,126.56880200896154,29.433121598816363,62,197,126.0,102.0,151.0,180.55446353833275,59.49702858837939,0,255,189.0,166.0,214.0,IMG20200717084536.jpg,fully_ripe
23.528209168349008,5.9385659888239655,0,165,23.0,21.0,25.0,89.7747304150869,26.812563199132065,32,160,88.0,68.0,110.0,187.73592003545227,61.77723935636156,0,255,191.0,166.0,242.0,IMG20200717084536.jpg,fully_ripe
22.906199222019794,12.242232199454701,0,172,23.0,20.0,25.0,82.19710473189227,35.86985216364677,0,160,84.0,60.0,109.0,185.33470874981535,70.79130116501803,0,255,193.0,166.0,246.0,IMG20200717084536.jpg,fully_ripe
23.069821261509677,6.212314394646167,0,165,23.0,20.0,24.0,90.1759121571717,26.70056903578587,31,164,88.0,70.0,110.0,191.64362597863015,54.788834377228085,0,255,206.0,185.0,221.0,IMG20200717084536.jpg,fully_ripe
23.368034617811745,8.401970436139603,0,176,23.0,22.0,24.0,86.58909378662366,29.927901404122014,0,208,87.0,65.0,106.0,197.90415994711168,55.516915472878985,0,255,204.0,172.0,246.0,IMG20200717084540.jpg,fully_ripe
23.29231817134615,13.261649518031849,0,174,23.0,21.0,24.0,82.48509010046779,35.23609233222232,0,205,86.0,62.0,106.0,193.85847365099715,63.77906182688095,0,255,204.0,171.0,246.0,IMG20200717084540.jpg,fully_ripe
23.15668165836948,2.8096646053172343,0,50,23.0,22.0,24.0,83.42863582182244,24.467650689485176,33,193,82.0,64.0,100.0,189.01243075936816,54.26950105019534,0,249,197.0,162.0,235.0,IMG20200717084540.jpg,fully_ripe
22.980928150010516,10.952154713071343,0,172,23.0,22.0,24.0,83.93645387797622,34.17803093740107,0,163,87.0,63.0,107.0,196.36255546763095,60.40671771855781,0,255,205.0,172.0,246.0,IMG20200717084540.jpg,fully_ripe
23.035489267076017,2.892373340455942,0,50,23.0,21.0,24.0,72.43480612623081,21.90653158048889,27,173,72.0,55.0,87.0,197.0404876143159,54.83580468849959,0,255,211.0,169.0,240.0,IMG20200717084540.jpg,fully_ripe
22.90857461024499,5.238684270913169,0,172,22.0,21.0,23.0,88.98391796585004,24.907652588673454,30,204,90.0,71.0,107.0,190.34818114328138,57.02610518559292,0,255,196.0,171.0,232.0,IMG20200717084543.jpg,fully_ripe
21.88626577579807,10.839231479318592,0,172,22.0,20.0,23.0,82.2384558277654,34.76129553685016,0,204,88.0,64.0,107.0,188.8045007423905,63.46928130832493,0,255,197.0,171.0,235.0,IMG20200717084543.jpg,fully_ripe
22.26604491462509,11.644836835651256,0,176,22.0,20.0,23.0,83.18463251670379,33.28436825189956,0,201,88.0,66.0,107.0,190.21263919821826,61.10244355083062,0,255,197.0,172.0,234.0,IMG20200717084543.jpg,fully_ripe
22.895694135115072,5.138004172728767,0,172,22.0,21.0,23.0,117.04167594654788,20.5885033061282,68,212,118.0,102.0,132.0,122.92101893095769,35.866316736523565,0,212,132.0,115.0,142.0,IMG20200717084543.jpg,fully_ripe
22.928433556050482,5.879927982302382,0,170,22.0,21.0,23.0,88.34799554565701,25.37973118605566,0,201,90.0,70.0,107.0,190.83636785449147,56.43325890302222,0,255,196.0,172.0,232.0,IMG20200717084543.jpg,fully_ripe
21.72543379163297,14.537752439691873,0,176,22.0,20.0,23.0,88.53297551650614,42.8373502777229,0,190,100.0,64.0,122.0,171.37103889419896,68.09264595656931,0,255,180.0,160.0,210.0,IMG20200717084601.jpg,fully_ripe
23.034252996103227,10.630865689115367,0,172,22.0,21.0,23.0,94.67608080288214,36.13149577615175,0,195,102.0,71.0,123.0,177.638197559003,58.95004015314397,0,255,181.0,161.0,212.0,IMG20200717084601.jpg,fully_ripe
23.583624365855453,9.179554381398226,0,172,22.0,21.0,23.0,100.49977942798324,28.720231580404732,31,195,104.0,80.0,124.0,174.1196235570914,57.01362860718276,0,255,179.0,160.0,204.0,IMG20200717084601.jpg,fully_ripe
25.880560252922578,24.943746312881284,0,180,22.0,20.0,23.0,78.90167083302698,23.118393192826467,15,169,82.0,64.0,95.0,184.5688736122344,60.20288665951453,0,255,201.0,162.0,227.0,IMG20200717084601.jpg,fully_ripe
23.88579883832071,9.183653266563548,0,174,23.0,21.0,24.0,129.61074553341666,31.49530221211203,50,240,135.0,106.0,157.0,187.58413903389456,63.30640722509693,0,255,199.0,163.0,236.0,IMG20200717084601.jpg,fully_ripe
20.918574738826486,13.127538875414063,0,176,21.0,20.0,22.0,84.69075485036525,40.228819835016175,0,169,90.0,63.0,114.0,184.1355156704108,70.81456926798532,0,255,194.0,168.0,239.0,IMG20200717084608.jpg,fully_ripe
22.397072107454246,6.292010647964097,0,172,21.0,21.0,22.0,94.52018694525175,28.009195054761356,36,171,94.0,74.0,116.0,188.4733131725709,58.92268577283578,0,255,193.0,168.0,234.0,IMG20200717084608.jpg,fully_ripe
21.435305553373656,12.199497556701228,0,172,21.0,20.0,22.0,87.66583536250099,38.17088531525831,0,171,92.0,68.0,115.0,185.89568769146177,67.19540758494566,0,255,194.0,168.0,238.0,IMG20200717084608.jpg,fully_ripe
20.77924946979813,15.929634598517362,0,177,21.0,20.0,22.0,80.78047678894038,42.79999054620588,0,170,86.0,60.0,112.0,178.27597007305005,76.31224358916577,0,255,192.0,163.0,238.0,IMG20200717084608.jpg,fully_ripe
22.388019401461,6.294339898980652,0,172,21.0,21.0,22.0,118.66421530123321,26.25799389019817,64,190,118.0,100.0,138.0,150.87220171235566,47.51821690720205,0,255,158.0,137.0,176.0,IMG20200717084608.jpg,fully_ripe
18.595651705319263,14.22224603633501,0,176,20.0,18.0,21.0,78.20996835288008,44.89840500808516,0,158,92.0,53.0,113.0,163.2408414410707,84.78147083655102,0,255,190.0,162.0,218.0,IMG20200717084620.jpg,fully_ripe
21.33494998187394,13.302974878877285,0,176,21.0,19.0,22.0,89.22133388201405,35.32425602155737,0,158,97.0,69.0,115.0,189.79096244476452,62.60803853472886,0,255,198.0,180.0,229.0,IMG20200717084620.jpg,fully_ripe
21.44422562534905,13.172381616961456,0,175,21.0,19.0,22.0,89.68868248042875,34.72281991365156,0,158,97.0,70.0,115.0,190.59619058816614,61.31236108654601,0,255,199.0,180.0,229.0,IMG20200717084620.jpg,fully_ripe
20.408747538285176,4.660564066026442,0,170,20.0,19.0,22.0,100.69632481898435,27.616060108694388,32,219,104.0,80.0,121.0,208.17080626671762,50.33811696478128,0,255,219.0,201.0,238.0,IMG20200717084620.jpg,fully_ripe
29.970165486023337,42.08903663228063,0,179,19.0,16.0,21.0,62.03123560937852,17.868680883924466,6,134,68.0,52.0,75.0,179.15020134622733,55.39045831085534,0,255,189.0,136.0,227.0,IMG20200717084620.jpg,fully_ripe
23.451232625358838,12.97365140199721,0,179,22.0,20.0,23.0,88.08377314563624,28.818347625530308,22,206,87.0,64.0,112.0,180.25613353194763,58.98468349384046,0,255,194.0,165.0,218.0,IMG20200717084648.jpg,fully_ripe
24.374700352178674,11.059746571431972,0,177,22.0,21.0,23.0,102.796851108327,33.37872390860722,34,224,106.0,73.0,131.0,182.62267557142715,61.56889274044845,0,255,192.0,170.0,226.0,IMG20200717084648.jpg,fully_ripe
17.058183468318717,17.38359899140083,0,172,21.0,0.0,23.0,66.68976708855764,55.71281277479495,0,180,73.0,0.0,119.0,124.68348311614004,94.62100466558827,0,255,164.0,0.0,193.0,IMG20200717084648.jpg,fully_ripe
24.466059643480747,11.761862140082764,0,178,22.0,21.0,23.0,98.2770176286636,32.76878530755005,0,212,101.0,70.0,126.0,175.12431808541072,59.88361120949849,0,255,180.0,161.0,210.0,IMG20200717084648.jpg,fully_ripe
24.43733291242885,11.026998243563567,0,177,22.0,21.0,23.0,99.60801625743571,31.71781400446141,32,213,102.0,72.0,126.0,173.63295484812912,60.86375289585365,0,255,179.0,160.0,209.0,IMG20200717084648.jpg,fully_ripe
9.588337556386278,15.814742300591202,0,172,0.0,0.0,21.0,29.34571464282062,43.45673277913423,0,159,0.0,0.0,59.0,81.06834528286879,104.23068284000877,0,255,0.0,0.0,189.0,IMG20200717084659.jpg,fully_ripe
21.738185867354474,2.6225927854703865,9,41,22.0,20.0,23.0,100.0454612596439,24.38534053530442,46,160,104.0,80.0,120.0,139.3022531786522,34.37651567893583,2,199,145.0,131.0,157.0,IMG20200717084659.jpg,fully_ripe
21.730277585246963,2.6039225341202226,9,40,22.0,20.0,23.0,95.36679203263303,29.862885611301042,29,161,100.0,70.0,120.0,185.01454396709428,48.95386430287873,4,255,186.0,167.0,213.0,IMG20200717084659.jpg,fully_ripe
21.86768398686498,13.931825615434937,0,175,22.0,20.0,23.0,88.11192037178016,39.78755175086872,0,161,98.0,64.0,119.0,184.11810155779523,57.642699640762224,0,255,187.0,167.0,218.0,IMG20200717084659.jpg,fully_ripe
21.740378824892908,2.614990379344856,10,40,22.0,20.0,23.0,95.52932086491154,29.917783728430255,29,168,100.0,70.0,120.0,185.1496665113795,49.10352979616432,4,255,186.0,167.0,214.0,IMG20200717084659.jpg,fully_ripe
23.110479256500334,2.8186319239152975,8,39,23.0,21.0,24.0,94.98324540893657,34.00187018928711,29,179,96.0,64.0,126.0,181.41257886759644,47.849870928174774,4,255,180.0,158.0,212.0,IMG20200717084705.jpg,fully_ripe
24.000340731515315,3.2622937904139926,8,40,24.0,21.0,26.0,140.4726416091927,33.13423175050358,72,234,144.0,109.0,172.0,177.847986746719,65.83814162674838,2,255,166.0,130.0,255.0,IMG20200717084705.jpg,fully_ripe
22.226962437287778,4.99648543113264,0,179,22.0,21.0,24.0,71.35661665354654,26.64172759992602,16,143,70.0,48.0,95.0,184.61016789839152,43.048197258397515,3,255,188.0,165.0,214.0,IMG20200717084705.jpg,fully_ripe
23.953390278577388,13.654810710674438,0,176,23.0,21.0,24.0,89.51032181504154,40.746045065584326,0,172,94.0,58.0,125.0,183.7798991904689,51.95414030067158,0,255,182.0,160.0,220.0,IMG20200717084705.jpg,fully_ripe
16.710671946046926,16.854936240294244,0,177,21.0,0.0,24.0,56.11011502625983,52.41172726939568,0,173,52.0,0.0,104.0,120.15096756000987,94.39886875972586,0,255,156.0,0.0,191.0,IMG20200717084705.jpg,fully_ripe
38.804413098889704,43.16198764118157,0,179,23.0,21.0,26.0,60.862303970276926,24.44653466942643,6,169,57.0,44.0,79.0,160.1957489091459,67.98873682820238,0,255,179.0,111.0,212.0,IMG20200717084709.jpg,fully_ripe
26.38657277400959,12.840016661107816,0,172,23.0,22.0,25.0,98.25718235624487,35.07111038536401,30,225,99.0,68.0,127.0,153.78538255497472,59.74138656983997,0,255,157.0,136.0,189.0,IMG20200717084709.jpg,fully_ripe
23.31916663066488,13.224759176240275,0,170,23.0,21.0,24.0,86.4894694776861,45.06655153902231,0,223,90.0,52.0,123.0,157.09463429386096,65.67608065372126,0,255,161.0,138.0,198.0,IMG20200717084709.jpg,fully_ripe
16.81628288763123,18.37918183965885,0,174,21.0,0.0,23.0,58.22111936752063,55.13947271219055,0,175,52.0,0.0,106.0,107.30344105067611,91.26783003561007,0,255,136.0,0.0,177.0,IMG20200717084709.jpg,fully_ripe
23.47414351751847,14.964767993918825,0,175,23.0,21.0,25.0,86.62355812848317,46.30964317143269,0,174,92.0,53.0,124.0,155.83788395904438,66.08907316694794,0,255,159.0,137.0,196.0,IMG20200717084709.jpg,fully_ripe
22.621108305042643,9.224834465564154,0,175,22.0,22.0,23.0,96.82067152438519,35.48721046278367,0,165,104.0,80.0,123.0,169.6578517015815,54.233314553943956,0,255,171.0,156.0,196.0,IMG20200717084715.jpg,fully_ripe
23.278276889956114,4.869498653375142,0,172,23.0,22.0,23.0,111.44371532665397,23.38940871174767,50,166,114.0,96.0,130.0,130.16752918771218,38.617637387738526,0,194,138.0,123.0,150.0,IMG20200717084715.jpg,fully_ripe
22.537416162954376,5.5605494697775075,0,179,22.0,22.0,23.0,80.45542146228368,23.780206905313737,18,141,82.0,65.0,98.0,186.5047093649085,54.34532300784737,0,255,196.0,173.0,222.0,IMG20200717084715.jpg,fully_ripe
22.612693549722614,11.60917598859303,0,174,22.0,22.0,23.0,94.54477519251469,38.13599515774754,0,166,103.0,78.0,123.0,167.7870642543678,58.39656741801072,0,255,171.0,155.0,197.0,IMG20200717084715.jpg,fully_ripe
23.282147884408378,4.853004685152725,0,172,23.0,22.0,23.0,102.25882876542188,27.47209293851725,31,167,105.0,84.0,124.0,166.6499544588888,51.79627373707367,0,255,169.0,153.0,192.0,IMG20200717084715.jpg,fully_ripe
22.609465778659487,3.86287409413889,0,110,22.0,21.0,23.0,101.76323407356425,27.97411228676331,32,168,108.0,79.0,123.0,168.90273082451063,49.753631496344724,0,255,170.0,155.0,190.0,IMG20200717084719.jpg,fully_ripe
22.522146197291445,3.741193488229936,0,174,22.0,21.0,23.0,101.22360776533938,28.55162602485917,0,166,108.0,78.0,123.0,169.23087511892953,49.05774514732438,0,255,170.0,155.0,190.0,IMG20200717084719.jpg,fully_ripe
17.14704751108322,14.750746520189493,0,172,21.0,0.0,22.0,71.60359521447802,52.82391246472885,0,167,84.0,0.0,119.0,131.51513188526084,89.14054776925414,0,255,161.0,0.0,187.0,IMG20200717084719.jpg,fully_ripe
23.2987408651997,4.140016456914617,0,112,23.0,21.0,24.0,147.848266159234,28.679992292782398,72,224,158.0,125.0,170.0,193.3414036721391,69.40164855523275,0,255,218.0,148.0,255.0,IMG20200717084719.jpg,fully_ripe
22.748527298123445,3.9237003722307224,0,110,22.0,21.0,23.0,148.77024838559484,26.65032801449304,81,214,156.0,127.0,170.0,171.65399097147716,66.85603468564173,0,255,186.0,125.0,226.0,IMG20200717084719.jpg,fully_ripe
23.291364341260767,7.076083232736869,0,110,22.0,21.0,23.0,92.36316403110602,28.378320338176223,29,172,94.0,71.0,115.0,172.97501782823767,57.56032107724864,0,255,180.0,156.0,204.0,IMG20200717084723.jpg,fully_ripe
23.278890234653566,7.114402686486489,0,110,22.0,21.0,23.0,101.17352817993502,23.82744372815236,48,169,102.0,83.0,120.0,129.5415935614593,40.897484870748926,0,199,140.0,119.0,153.0,IMG20200717084723.jpg,fully_ripe
23.291024755781443,7.118079536407266,0,110,22.0,21.0,23.0,121.3987412698233,25.13846061063761,65,189,122.0,102.0,141.0,127.02567266223696,46.61141050838883,0,255,129.0,109.0,156.0,IMG20200717084723.jpg,fully_ripe
20.818446283236927,16.089556654966316,0,172,22.0,18.0,23.0,71.86718811903603,45.09819452468052,0,172,80.0,38.0,109.0,151.2110750144324,82.25057159205709,0,255,175.0,131.0,202.0,IMG20200717084723.jpg,fully_ripe
22.756868116319346,13.259714492214611,0,176,22.0,20.0,23.0,86.05945009791381,36.50714672463721,0,171,91.0,64.0,114.0,174.4205766161439,61.34627573468168,0,255,181.0,157.0,209.0,IMG20200717084723.jpg,fully_ripe
20.58545654029014,10.39894126310683,0,176,20.0,19.0,21.0,86.71638424966476,32.022515979838325,0,214,92.0,64.0,112.0,193.42151651834695,57.80493901318886,0,255,199.0,174.0,239.0,IMG20200717090609.jpg,fully_ripe
20.20802145556504,2.348431931191781,0,165,20.0,19.0,21.0,90.99455077410704,27.182721277050163,36,219,93.0,68.0,113.0,190.93176886504938,56.39870205894074,0,255,196.0,172.0,234.0,IMG20200717090609.jpg,fully_ripe
20.445324881141048,12.559840081030087,0,176,20.0,19.0,21.0,85.3068389613556,35.032107817285834,0,208,92.0,62.0,112.75,191.27571620138974,61.230024881017854,0,255,198.0,173.0,239.0,IMG20200717090609.jpg,fully_ripe
20.309801292210167,2.2710352526167665,0,165,20.0,19.0,21.0,127.83903449957333,28.268526695000244,70,255,131.0,104.0,152.0,174.0661343410947,58.99871482381522,0,255,176.0,150.0,218.0,IMG20200717090609.jpg,fully_ripe
19.370035352919665,13.828414188629743,0,174,20.0,19.0,21.0,81.36963306107522,40.93921918988024,0,217,92.0,60.0,113.0,177.4372302816043,76.18944323525959,0,255,193.0,167.0,233.0,IMG20200717090609.jpg,fully_ripe
20.821571793135774,3.7208055283314176,0,82,20.0,19.0,22.0,88.01640539555231,26.689780823593473,36,213,86.0,66.0,108.0,189.1936617884485,60.01378952378823,0,255,200.0,176.0,229.0,IMG20200717090617.jpg,fully_ripe
20.335854903390448,10.67083627557133,0,172,20.0,19.0,22.0,82.39337794906515,34.852645360142695,0,194,84.0,63.0,108.0,191.59828915160668,63.52612310657853,0,255,202.0,179.0,234.0,IMG20200717090617.jpg,fully_ripe
20.674665382011355,3.7878823921518596,0,82,20.0,19.0,22.0,88.2499739596896,27.788877342329485,34,220,86.0,66.0,108.0,197.7236472058747,58.90441724497019,0,255,215.0,189.0,235.0,IMG20200717090617.jpg,fully_ripe
21.059554189885944,9.544194920122454,0,175,20.0,19.0,22.0,84.80429404718504,30.867580104083252,0,185,84.0,64.0,107.0,191.77675641893651,59.73918608384449,0,255,201.0,179.0,232.0,IMG20200717090617.jpg,fully_ripe
20.411554085724703,10.936745055692388,0,176,20.0,19.0,22.0,82.50660121868653,34.34286716394148,0,188,84.0,62.0,108.0,191.41944429977605,62.56254914996177,0,255,202.0,179.0,234.0,IMG20200717090617.jpg,fully_ripe
22.01490541263434,12.99348355018043,0,172,21.0,20.0,22.0,84.69723532558478,33.029223385852724,0,212,90.0,68.0,108.0,184.58995525944658,71.12074044608862,0,255,201.0,164.0,239.0,IMG20200717090624.jpg,fully_ripe
21.9203058892185,12.259697485192584,0,177,21.0,20.0,22.0,86.36051403005398,31.371829520545383,0,209,90.0,70.0,108.0,184.84466031221126,68.5468920653406,0,255,200.0,164.0,237.0,IMG20200717090624.jpg,fully_ripe
21.92167971599475,12.826384484637567,0,176,21.0,20.0,22.0,85.88142537567475,32.02479688300408,0,209,90.0,69.0,108.0,184.56912901813936,69.20251712445501,0,255,200.0,164.0,237.0,IMG20200717090624.jpg,fully_ripe
21.78766473763556,5.44930008600692,0,177,21.0,20.0,22.0,91.72921023197004,23.78038186271316,38,212,92.0,74.0,110.0,183.41934542625103,66.2535550340954,0,255,198.0,161.0,233.0,IMG20200717090624.jpg,fully_ripe
41.65457374896659,55.69401534018954,0,179,18.0,14.0,22.0,61.25002431551816,23.08716434811588,4,147,68.0,46.0,80.0,147.17533920147838,54.82047591734289,0,255,143.0,105.0,193.0,IMG20200717090624.jpg,fully_ripe
21.542305309061998,11.378070614170309,0,175,22.0,21.0,23.0,87.92259128055838,35.982771283894145,0,168,97.0,72.0,111.0,167.93632866846716,63.07061414037638,0,255,177.0,157.0,201.0,IMG20200717090635.jpg,fully_ripe
21.565021687535804,12.963883964432295,0,176,22.0,21.0,23.0,86.41060175604737,37.28507122358457,0,156,96.0,71.0,110.0,165.8664492067389,65.20729264868194,0,255,176.0,156.0,200.0,IMG20200717090635.jpg,fully_ripe
28.150994353056713,34.32502779107175,0,179,20.0,18.0,22.0,71.14132557024774,23.964275117386762,7,137,77.0,58.0,88.0,179.79699063519342,59.54052210098133,0,255,195.0,143.0,226.0,IMG20200717090635.jpg,fully_ripe
22.09470029111571,4.39928523592729,0,172,22.0,21.0,23.0,94.66113663732126,25.513258063594787,30,169,98.0,78.0,111.0,168.94285246629957,56.16724999267998,0,255,176.0,156.0,198.0,IMG20200717090635.jpg,fully_ripe
21.71477675283224,4.374263200473659,0,172,22.0,21.0,22.0,71.66743829866834,21.201078052132,19,136,74.0,58.0,84.0,186.6364677960553,56.379320128739025,0,255,200.0,172.0,223.0,IMG20200717090635.jpg,fully_ripe
15.723513905051417,17.0699639413684,0,172,20.0,0.0,21.0,65.78237585199611,55.14009027633544,0,202,75.0,0.0,119.0,119.87705132163298,94.71305627934281,0,255,161.0,0.0,186.0,IMG20200717090643.jpg,fully_ripe
21.641686655425463,12.013030590520753,0,175,21.0,20.0,22.0,91.58082979077113,37.22264972304843,0,200,96.0,69.0,122.0,168.09036502244282,63.345714225952634,0,255,173.0,153.0,203.0,IMG20200717090643.jpg,fully_ripe
22.278706628351582,7.7598641996532,0,165,21.0,20.0,22.0,97.66030588738215,28.761183612475232,31,201,98.0,76.0,122.0,168.30873726458785,59.252706370148665,0,255,172.0,153.0,200.0,IMG20200717090643.jpg,fully_ripe
21.96473270477593,7.888563269225608,0,165,21.0,20.0,22.0,74.69178521385993,22.93960386380301,21,163,74.0,57.0,94.0,176.5806397986083,57.43870067374712,0,255,186.0,164.0,211.0,IMG20200717090643.jpg,fully_ripe
22.288408103165743,7.8258780500807505,0,165,21.0,20.0,22.0,97.7898924169378,28.8288563116126,31,202,98.0,76.0,123.0,168.32013679435724,59.3159627852262,0,255,172.0,153.0,200.0,IMG20200717090643.jpg,fully_ripe
21.24470424356997,6.246564545157718,0,172,21.0,19.0,22.0,92.91255161434755,25.488253105640258,38,221,93.0,75.0,110.0,162.8583155066912,50.966633160966616,0,236,174.0,152.0,191.0,IMG20200717090654.jpg,fully_ripe
19.27304114223173,13.479032098148554,0,174,20.0,18.0,21.0,78.73828167752848,41.886542721779755,0,218,88.0,52.0,110.0,162.6639072682951,77.56053055479606,0,255,185.0,153.0,208.0,IMG20200717090654.jpg,fully_ripe
20.659330381573056,13.54083194541562,0,174,20.0,19.0,22.0,83.65901198945326,37.79844654301979,0,226,90.0,64.0,111.0,179.05922093428188,63.25726891601384,0,255,190.0,167.0,213.0,IMG20200717090654.jpg,fully_ripe
21.171503905278346,6.224275281333498,0,172,21.0,19.0,22.0,76.69260235809163,23.39456402856856,29,197,76.0,60.0,92.0,182.94809213471967,56.988516582764575,0,255,194.0,170.0,219.0,IMG20200717090654.jpg,fully_ripe
21.25026615591264,6.242614903834253,0,172,21.0,19.0,22.0,93.330112929705,27.604824616442585,33,232,94.0,74.0,112.0,177.94520670613403,56.41764151089061,0,255,188.0,164.0,208.0,IMG20200717090654.jpg,fully_ripe
16.573829661683714,15.54104352477032,0,165,20.0,0.0,22.0,67.32641620771047,52.38860331914551,0,173,78.0,0.0,113.0,129.57708497246261,93.55991128935474,0,255,167.0,0.0,198.0,IMG20200717090706.jpg,fully_ripe
22.601780094413847,13.611133282388693,0,176,21.0,20.0,23.0,90.67257081038552,38.059067035274225,0,215,96.0,70.0,116.0,172.10743509047992,61.19326884903187,0,255,178.0,158.0,207.0,IMG20200717090706.jpg,fully_ripe
22.738847364280094,7.378032223410538,0,178,22.0,20.0,23.0,97.77884539732494,29.256673923805607,34,220,98.0,76.0,117.0,169.22542289535798,58.24421273475182,0,255,176.0,157.0,202.0,IMG20200717090706.jpg,fully_ripe
22.22139063729347,7.675093109687146,0,178,21.0,20.0,23.0,77.67166601101495,25.362374398071715,23,191,77.0,60.0,94.0,184.31038552321007,58.43564249545043,0,255,196.0,173.0,221.0,IMG20200717090706.jpg,fully_ripe
23.374449252557042,19.032776198406488,0,179,21.0,19.0,23.0,83.12992722265932,27.403404582730904,18,212,84.0,65.0,98.0,187.15116050354052,60.7750454004037,0,255,205.0,169.0,230.0,IMG20200717090706.jpg,fully_ripe
22.680583397343426,5.6976114492244525,0,172,22.0,20.0,24.0,131.3695505554827,27.64224332067268,74,253,132.0,109.0,152.0,146.72762613110515,58.86492543155936,0,255,148.0,121.0,184.0,IMG20200717090711.jpg,fully_ripe
22.67790434082095,11.367981172648447,0,177,22.0,20.0,23.0,87.66925829477115,34.403161700700025,0,213,90.0,66.0,113.0,176.74645446540646,60.081343237836386,0,255,181.0,162.0,214.0,IMG20200717090711.jpg,fully_ripe
21.553993292991365,9.699605705912555,0,172,22.0,20.0,23.0,85.23321842741255,35.733438448947545,0,213,90.0,64.0,112.0,175.57065777394757,65.16578412923278,0,255,182.0,163.0,217.0,IMG20200717090711.jpg,fully_ripe
22.648191168480807,5.676743478883365,0,172,22.0,20.0,24.0,92.97741536616896,28.370728880196594,34,216,94.0,70.0,114.0,173.9289113288495,59.333772803109376,0,255,180.0,160.0,209.0,IMG20200717090711.jpg,fully_ripe
16.601523127939,14.709458703827485,0,174,20.0,0.0,22.0,64.73650636041741,48.70009299301838,0,211,74.0,0.0,108.0,130.85556513104896,94.238806435516,0,255,167.0,0.0,199.0,IMG20200717090711.jpg,fully_ripe
16.160513880685173,15.015244500070038,0,172,20.0,0.0,23.0,56.67458837861784,47.80469406509218,0,156,60.0,0.0,100.0,117.22231246308328,93.30474275044301,0,255,154.0,0.0,186.0,IMG20200717090721.jpg,fully_ripe
23.763899143532193,17.04948109786065,0,179,22.0,20.0,24.0,80.00901690785588,24.727629955993734,18,168,80.0,62.0,96.0,178.5571563053751,61.35565327063211,0,255,197.0,147.0,224.0,IMG20200717090721.jpg,fully_ripe
23.411805965741287,6.14959907875713,0,174,23.0,21.0,25.0,88.0439493502658,28.240773677945107,0,164,90.0,66.0,109.0,170.35646780862373,58.43931750108496,0,255,173.0,151.0,206.0,IMG20200717090721.jpg,fully_ripe
23.470429710572947,4.80022416459396,0,172,23.0,21.0,25.0,89.46275103366804,26.980237823463824,31,172,90.0,68.0,110.0,169.10519418192558,58.5021855389306,0,255,172.0,150.0,205.0,IMG20200717090721.jpg,fully_ripe
21.597700088600117,13.828365576006224,0,172,22.0,20.0,24.0,77.27305448907265,40.35798802893102,0,155,85.0,54.0,108.0,161.461772740697,73.65394959064301,0,255,172.0,147.0,208.0,IMG20200717090721.jpg,fully_ripe
21.79247077250098,7.12930880623823,0,172,21.0,20.0,22.0,92.98063619921314,26.912096508126165,34,206,96.0,72.0,113.0,172.66426134138837,48.06427721180012,0,255,177.0,162.0,194.0,IMG20200717090728.jpg,fully_ripe
21.910564785292088,7.161975168256869,0,174,21.0,20.0,22.0,116.43912103074715,31.542255669409393,46,250,120.0,92.0,141.0,184.8098487814883,54.66284482829742,0,255,189.0,164.0,223.0,IMG20200717090728.jpg,fully_ripe
21.06930693069307,13.714468813910734,0,176,21.0,19.0,22.0,84.55726165836923,37.6945314263827,0,201,94.0,64.0,112.0,169.7645111968824,59.84952250904921,0,255,178.0,162.0,196.0,IMG20200717090728.jpg,fully_ripe
21.068011038391976,13.742881169024574,0,176,21.0,19.0,22.0,84.54009807760437,37.71109233419535,0,201,94.0,64.0,112.0,169.75326769965133,59.86513212229621,0,255,178.0,162.0,196.0,IMG20200717090728.jpg,fully_ripe
35.48495273256139,46.06747849562232,0,179,20.0,17.0,22.0,56.996037739367154,18.791661047407555,4,145,60.0,44.0,72.0,179.9781562902053,60.264564809068126,0,255,196.0,139.0,228.0,IMG20200717090728.jpg,fully_ripe
22.00255648573229,12.73770838166888,0,177,22.0,20.0,23.0,76.43220811954271,33.297649181104696,0,204,80.0,59.0,98.0,169.22699612926456,69.04345054514208,0,255,179.0,150.0,216.0,IMG20200717090742.jpg,fully_ripe
21.92467368800072,10.634441517099194,0,172,22.0,20.0,23.0,78.36882707714466,32.64588480428273,0,206,82.0,61.0,98.0,165.7799531911063,69.75572451929247,0,255,177.0,146.0,213.0,IMG20200717090742.jpg,fully_ripe
21.860437483121792,6.738401231328113,0,165,21.0,20.0,23.0,76.40062111801242,24.938624698740707,21,206,75.0,60.0,90.0,184.81511387163562,60.64626414538406,0,255,200.0,171.0,225.0,IMG20200717090742.jpg,fully_ripe
22.625699882977766,6.457361502180682,0,165,22.0,21.0,23.0,84.47426411018094,25.222423807313504,32,206,84.0,66.0,100.0,168.42984066972724,63.54336543943025,0,255,177.0,147.0,210.0,IMG20200717090742.jpg,fully_ripe
28.17196867404807,35.77727592975631,0,179,20.0,17.0,22.0,54.134458547123955,18.765769758150384,8,152,56.0,42.0,65.0,164.03669997299488,65.34058394926501,0,255,176.0,115.0,220.0,IMG20200717090742.jpg,fully_ripe
23.212329246322565,8.842579255926058,0,177,23.0,21.0,24.0,84.95484756790793,29.209868705041078,0,201,86.0,66.0,104.0,182.3868784216326,66.21385781004416,0,255,192.0,158.0,238.0,IMG20200717090752.jpg,fully_ripe
23.567890437794063,7.092782993202617,0,177,23.0,21.0,24.0,96.63634058034387,28.608270042900212,34,228,95.0,76.0,116.0,176.76652440837458,63.14130094117909,0,255,189.0,155.0,228.0,IMG20200717090752.jpg,fully_ripe
23.561471323876656,7.093963460614974,0,177,23.0,21.0,24.0,88.18109947002957,26.92198919302148,30,212,87.0,68.0,106.0,180.67610585416193,66.01623171153119,0,255,190.0,156.0,235.0,IMG20200717090752.jpg,fully_ripe
23.767363965508196,7.127734475383133,0,177,23.0,21.0,24.0,129.29687964598673,29.62095041287891,63,255,129.0,108.0,151.0,165.93245063229148,63.07963140847809,0,255,176.0,139.0,204.0,IMG20200717090752.jpg,fully_ripe
23.5819880013293,11.180225630301575,0,177,23.0,21.0,24.0,82.03584734052787,32.38245441934523,0,212,84.0,63.0,104.0,182.85510643135746,68.55990937865994,0,255,194.0,157.0,241.0,IMG20200717090752.jpg,fully_ripe
24.016715336771846,5.277944377939061,0,165,24.0,22.0,26.0,80.13208244842232,26.75442176037972,29,203,78.0,59.0,98.0,180.78063372269418,59.59549546964048,0,255,184.0,157.0,226.0,IMG20200717090759.jpg,fully_ripe
22.247193567961165,13.15238314930875,0,175,24.0,20.0,26.0,68.07725273058253,36.96719573123767,0,160,71.0,48.0,92.0,173.3670547633495,75.41119541741605,0,255,184.0,154.0,232.25,IMG20200717090759.jpg,fully_ripe
50.58294144417476,56.584422080402554,0,179,23.0,18.0,36.0,49.48142635012136,16.37749231055824,4,139,50.0,38.0,60.0,136.42478572512135,65.90923703833535,0,255,132.0,85.0,193.0,IMG20200717090759.jpg,fully_ripe
22.492585709951456,11.774841971880942,0,174,24.0,21.0,26.0,70.90939775485437,35.84221885258869,0,172,72.0,51.0,94.0,175.3799302184466,72.62733859715841,0,255,184.0,154.0,233.0,IMG20200717090759.jpg,fully_ripe
22.81959192961165,14.529090883556801,0,176,23.0,20.0,26.0,69.00328049150485,36.51799720689702,0,191,72.0,50.0,93.0,172.2005271541262,75.01943271018375,0,255,183.0,152.0,231.0,IMG20200717090759.jpg,fully_ripe
24.390547239359776,3.583334548628164,0,110,24.0,23.0,26.0,117.94370190756474,30.796205092298283,52,255,117.0,92.0,145.0,174.77923677855236,63.22093896848924,0,255,192.0,147.0,213.0,IMG20200717090812.jpg,fully_ripe
23.801861611114912,11.772660569332597,0,174,24.0,22.0,25.0,83.43927764795605,37.336549035688236,0,218,86.0,61.0,114.0,185.274401869433,68.72964918731,0,255,194.0,165.0,243.0,IMG20200717090812.jpg,fully_ripe
24.310343478983544,3.5555432896603003,0,96,24.0,23.0,25.0,89.87216089638922,28.71947443893865,0,218,88.0,66.0,114.0,185.10148909334455,62.86489200907609,0,255,192.0,163.0,238.0,IMG20200717090812.jpg,fully_ripe
24.256558170458657,11.477660676288918,0,172,24.0,22.0,26.0,81.7998083635617,38.52620723279648,0,160,86.0,57.0,114.0,177.47102476607643,73.03453329412704,0,255,189.0,158.0,238.0,IMG20200717090812.jpg,fully_ripe
24.31155587277687,3.5821218923590568,0,110,24.0,23.0,25.0,118.18337456124056,25.445084950418767,64,234,117.0,98.0,140.0,135.49161590582437,50.11502048021556,0,255,149.0,112.0,168.0,IMG20200717090812.jpg,fully_ripe
22.892896958886315,4.454191037748584,0,170,22.0,21.0,24.0,109.890095295338,31.315892269398514,40,255,109.0,86.0,135.0,208.1918218568534,61.922849916354664,0,255,233.0,197.0,248.0,IMG20200717090824.jpg,fully_ripe
22.744127655036692,4.436168127395902,0,170,22.0,21.0,24.0,93.1291673533489,27.934467313501973,33,229,92.0,72.0,114.0,199.44073366746483,62.39962967561703,0,255,212.0,181.0,249.0,IMG20200717090824.jpg,fully_ripe
20.021637761383577,14.312225480604956,0,172,21.0,20.0,23.0,79.47342297364109,44.473433412524415,0,228,88.0,61.0,111.0,176.69299002452667,88.66428637545529,0,255,204.0,164.0,249.0,IMG20200717090824.jpg,fully_ripe
21.968221961552256,14.414686081008279,0,175,22.0,20.0,24.0,83.04034783283085,39.35282122575974,0,223,89.0,64.0,110.0,190.78386474460268,77.01534682684573,0,255,211.0,178.0,250.0,IMG20200717090824.jpg,fully_ripe
21.751408102527314,14.97611978758883,0,179,21.0,18.0,23.0,94.4630403381385,27.277983550546786,20,243,98.0,76.0,113.0,184.43109749595263,56.24073312714086,0,255,192.0,162.0,228.0,IMG20200717090824.jpg,fully_ripe
20.72217034962133,13.396833586324444,0,174,20.0,19.0,23.0,80.3970640107895,36.76833881728779,0,204,86.0,64.0,106.0,181.18049590206454,68.46144411375684,0,255,192.0,159.0,233.0,IMG20200717090830.jpg,fully_ripe
22.159217761178546,7.493232749437064,0,165,20.0,19.0,23.0,90.4356572258533,25.60547400976204,30,214,90.0,72.0,108.0,183.40257288100426,57.689059998854745,0,255,189.0,158.0,225.0,IMG20200717090830.jpg,fully_ripe
21.440585122938064,11.831947916689723,0,174,20.0,19.0,23.0,83.99482311443096,34.5757994173742,0,213,88.0,66.0,108.0,182.33300134868762,64.27656369104152,0,255,190.0,157.0,231.0,IMG20200717090830.jpg,fully_ripe
22.037815126050422,7.517281789952418,0,165,20.0,19.0,23.0,80.32970225127087,23.234088003219956,28,195,80.0,64.0,96.0,188.73732752360203,57.52120439663846,0,255,201.0,166.0,233.0,IMG20200717090830.jpg,fully_ripe
22.278016391741883,8.784424504675842,0,176,20.0,19.0,23.0,89.28849465712211,26.64068169472413,0,213,90.0,70.0,108.0,184.65565930075735,56.93411283723711,0,255,190.0,159.0,226.0,IMG20200717090830.jpg,fully_ripe
20.757683587353572,4.868044134237901,0,177,20.0,19.0,22.0,109.27986312297938,33.23244772547104,42,254,105.0,82.0,136.0,194.17020405592643,49.556368301361964,0,255,200.0,175.0,230.0,IMG20200717090837.jpg,fully_ripe
20.59081748331024,13.059881932577264,0,172,20.0,18.0,21.0,83.48981819708611,38.62856872281658,0,182,84.0,62.0,113.0,183.3791094596297,63.01872839329591,0,255,189.0,171.0,224.0,IMG20200717090837.jpg,fully_ripe
20.73823319477684,8.16192360211713,0,178,20.0,19.0,21.0,90.52721795356258,31.581334327693018,0,217,87.0,67.0,116.0,188.84304278456565,47.86427993356609,0,255,189.0,171.0,220.0,IMG20200717090837.jpg,fully_ripe
20.830803627660913,4.620926235006269,0,177,20.0,19.0,23.0,140.4560083133896,27.74943872909872,82,255,137.0,118.0,165.0,160.82732921862535,63.38043084918794,0,255,146.0,119.0,216.25,IMG20200717090837.jpg,fully_ripe
21.106898433891757,11.37361909614987,0,178,20.0,19.0,21.0,88.57315153041945,34.03615785044478,0,219,86.0,66.0,115.0,189.1920686904312,48.216070476000034,0,255,189.0,171.0,220.0,IMG20200717090837.jpg,fully_ripe
18.841024299967813,10.593309642683108,0,177,19.0,17.0,20.0,87.41440698422916,38.25597113340545,0,215,93.0,66.0,112.0,180.35875643707757,62.748770316729924,0,255,186.0,164.0,221.0,IMG20200717090840.jpg,fully_ripe
18.913411248793047,6.210335643321721,0,176,19.0,17.0,20.0,65.67302663340843,20.196850043457754,18,163,65.0,53.0,76.0,191.25385218860637,54.17579511996988,0,255,202.0,178.0,227.0,IMG20200717090840.jpg,fully_ripe
19.520156099130993,10.366012364203604,0,175,19.0,18.0,20.0,90.93131437077567,34.375743247054245,0,204,94.0,72.0,112.0,182.1032044576762,57.497936601411155,0,255,186.0,164.0,219.0,IMG20200717090840.jpg,fully_ripe
17.40905616350177,14.420575792036367,0,173,19.0,16.0,20.0,77.32543450273576,46.46462828538372,0,211,88.0,47.0,110.0,159.0814994367557,84.26526450776385,0,255,180.0,151.0,219.0,IMG20200717090840.jpg,fully_ripe
19.832434824589637,5.992631697126337,0,177,19.0,18.0,20.0,96.55997545864177,27.726598888981606,34,219,96.0,78.0,114.0,178.55742074348245,55.51410579009443,0,255,183.0,161.0,213.0,IMG20200717090840.jpg,fully_ripe
12.750878753051516,18.9939922902654,0,174,16.0,0.0,19.0,53.831816313347815,53.00983985871252,0,201,53.0,0.0,108.0,95.69895052976855,92.5703531987478,0,255,141.0,0.0,171.0,IMG20200717090844.jpg,fully_ripe
21.525976695217402,15.773329881958086,0,175,19.0,18.0,21.0,95.22222595068916,34.09851144051674,0,217,101.0,76.0,118.0,168.73811900707196,59.04934941194136,0,255,171.0,156.0,198.0,IMG20200717090844.jpg,fully_ripe
22.053278860431366,14.654572538259133,0,177,19.0,18.0,21.0,100.65326376014026,27.9871616141913,33,220,103.0,82.0,120.0,164.90051424880247,57.6024292720757,0,255,170.0,154.0,193.0,IMG20200717090844.jpg,fully_ripe
22.57428084863636,13.57340851720419,0,177,20.0,18.0,23.0,157.0235564541161,28.230179395960445,82,255,163.0,139.0,176.0,191.82180817596873,73.3295431528666,0,255,218.0,148.0,255.0,IMG20200717090844.jpg,fully_ripe
30.429930454770435,40.837040539862706,0,180,19.0,16.0,20.0,72.29021920589247,22.151736635653897,7,185,74.0,63.0,84.0,182.27957350066694,65.154107309765,0,255,205.0,144.0,233.0,IMG20200717090844.jpg,fully_ripe
23.171147261068477,9.437986483316925,0,177,23.0,20.0,24.0,112.25643785785209,30.28062799378935,40,227,113.0,88.0,137.0,194.13575412254897,56.28330452166408,0,255,208.0,178.0,232.0,IMG20200717090849.jpg,fully_ripe
23.16051261588144,9.436723960592788,0,177,23.0,20.0,24.0,116.66164011098635,29.306032486030237,48,228,118.0,94.0,140.0,183.4334035504496,54.03745506986008,0,255,195.0,170.0,213.0,IMG20200717090849.jpg,fully_ripe
23.113074303319383,9.427054725847933,0,177,23.0,20.0,24.0,89.2656341347983,25.68688042513132,29,205,90.0,69.0,110.0,189.00462133796086,59.13391281138951,0,255,193.0,165.0,237.0,IMG20200717090849.jpg,fully_ripe
20.26276667811175,14.540935630812347,0,177,22.0,18.0,24.0,76.84724529282393,40.000440846389495,0,205,85.0,56.0,108.0,167.16271192732066,82.33789046375519,0,255,186.0,152.0,230.0,IMG20200717090849.jpg,fully_ripe
20.74621616354711,14.185788750650522,0,176,22.0,19.0,24.0,76.07153794044227,40.03783410311194,0,205,84.0,56.0,107.0,176.17862677592078,77.57995372617609,0,255,191.0,158.0,237.0,IMG20200717090849.jpg,fully_ripe
21.730505974890335,3.62873929334977,0,177,21.0,20.0,23.0,92.79754386628346,26.01668038178223,30,200,94.0,74.0,112.0,199.87131296324307,53.81733946416322,0,255,214.0,193.0,233.0,IMG20200717090904.jpg,fully_ripe
21.723954394191498,3.638162062359317,0,177,21.0,20.0,23.0,82.17012365754046,22.975966547816213,27,178,83.0,66.0,99.0,197.2336163212827,53.579958057226285,0,255,212.0,186.0,232.0,IMG20200717090904.jpg,fully_ripe
21.91843140220844,8.934832421138891,0,177,21.0,20.0,23.0,91.55857661473303,32.00803617849625,0,198,95.0,72.0,115.0,196.6590058236273,58.33134776613559,0,255,204.0,182.0,241.0,IMG20200717090904.jpg,fully_ripe
21.93954205112691,9.366516164039412,0,177,21.0,20.0,23.0,91.31839925881107,32.34820496857867,0,197,95.0,72.0,115.0,196.6034450158826,58.61251409539288,0,255,204.0,182.0,242.0,IMG20200717090904.jpg,fully_ripe
14.80332967780971,15.101481224352971,0,177,20.0,0.0,23.0,58.33222091967932,52.33669059709816,0,198,62.0,0.0,107.0,127.4427091211617,105.12846065031644,0,255,180.0,0.0,218.0,IMG20200717090904.jpg,fully_ripe
22.592594254534358,14.528246035220112,0,176,23.0,21.0,24.0,76.28552325737927,39.464765942323034,0,206,82.0,54.0,106.0,163.12772487817136,66.43136695336644,0,255,173.0,146.0,199.0,IMG20200717090939.jpg,fully_ripe
24.299236271280748,16.49096397587713,0,172,23.0,21.0,25.0,77.5699157295808,38.1756376144918,0,208,82.0,54.0,106.0,159.24429447081945,67.44907872802155,0,255,171.0,142.0,196.0,IMG20200717090939.jpg,fully_ripe
23.301093989787034,12.79558512972974,0,175,23.0,21.0,24.0,79.8029113231084,36.23406060048302,0,162,84.0,58.0,107.0,168.6071149721342,58.76601911284708,0,255,174.0,149.0,199.0,IMG20200717090939.jpg,fully_ripe
24.37800533084441,14.414622761728614,0,179,23.0,21.0,24.0,79.29322336597055,26.04746837364826,16,212,80.0,60.0,98.0,187.82592190402684,60.57485798260359,0,255,205.0,171.0,230.0,IMG20200717090939.jpg,fully_ripe
25.294201584894147,10.651336640944239,0,174,24.0,22.0,26.0,132.1230850691484,28.974580216583092,64,255,133.0,110.0,157.0,159.86950200579753,65.12576071717194,0,255,154.0,124.0,207.0,IMG20200717090939.jpg,fully_ripe
21.502128036885974,7.229964941801853,0,172,21.0,20.0,23.0,73.64360702252172,22.39612801983308,19,190,75.0,59.0,88.0,196.53963468700124,52.48472242711218,0,255,208.0,182.0,231.0,IMG20200717090948.jpg,fully_ripe
22.933011172193652,6.579917063313252,0,172,22.0,21.0,23.0,88.56737010108175,26.53273818214407,33,213,88.0,69.0,108.0,193.63173435006206,55.684751886694755,0,255,200.0,178.0,233.0,IMG20200717090948.jpg,fully_ripe
22.896001064018442,11.56375313478091,0,174,22.0,21.0,23.0,84.09381095938997,32.58183709025089,0,213,88.0,64.0,108.0,193.59364248980316,59.59445420354378,0,255,201.0,179.0,237.0,IMG20200717090948.jpg,fully_ripe
21.82973931548147,12.406498911303524,0,176,22.0,21.0,23.0,80.32050895548856,35.113468889997066,0,206,86.0,62.0,106.0,191.79436956907253,64.50320415728821,0,255,201.0,179.0,238.0,IMG20200717090948.jpg,fully_ripe
22.929952119170064,6.599657289665176,0,170,22.0,21.0,23.0,89.03475793580422,21.452236182111278,44,190,89.0,74.0,105.0,152.10335165809542,43.15450158068524,0,211,161.0,141.0,179.0,IMG20200717090948.jpg,fully_ripe
24.994201778121376,10.837365648438094,0,176,23.0,23.0,24.0,87.9761848642839,29.47296617220521,0,207,88.0,70.0,106.0,180.4561644997973,58.21985129695108,0,255,182.0,159.0,222.0,IMG20200717091002.jpg,fully_ripe
25.10275580529288,10.479404448006813,0,165,23.0,22.0,24.0,68.76649664834491,21.615223108934625,20,168,68.0,54.0,82.0,183.04924245995457,57.472709953519136,0,255,192.0,164.0,225.0,IMG20200717091002.jpg,fully_ripe
25.277098437779895,10.417654398547464,0,165,23.0,23.0,24.0,90.36194103726889,27.57226691156303,32,213,89.0,72.0,107.0,178.4352814730312,59.586569100677465,0,255,181.0,158.0,219.5,IMG20200717091002.jpg,fully_ripe
23.036561795846023,10.45016178411718,0,172,23.0,22.0,24.0,83.6513713030443,36.13077066589083,0,208,87.0,66.0,106.0,175.77620749149122,66.63021331653538,0,255,181.0,157.0,222.0,IMG20200717091002.jpg,fully_ripe
24.927922916647024,10.534188294013658,0,170,23.0,22.0,24.0,84.54600394090528,26.8418329952692,24,210,83.0,66.0,100.0,187.01589561315018,55.04380735748101,0,255,197.0,177.0,219.0,IMG20200717091002.jpg,fully_ripe
21.78591507787173,5.144004987375762,0,176,22.0,21.0,23.0,91.94306408832264,25.503430399680383,0,215,94.0,76.0,110.0,200.0854322051189,54.51595424112891,0,255,206.0,183.0,242.0,IMG20200717091035.jpg,fully_ripe
28.88917730271361,39.40846434787309,0,179,19.0,16.0,22.0,87.60710480379043,24.71099884797498,8,208,93.0,76.0,106.0,166.41995193942554,53.93275332037838,0,255,167.0,130.0,212.0,IMG20200717091035.jpg,fully_ripe
19.947076692888395,14.438722428565903,0,172,22.0,20.0,23.0,79.276166942486,42.416376072072126,0,214,93.0,60.0,109.0,171.3831130557004,84.04633999040126,0,255,196.0,168.0,229.0,IMG20200717091035.jpg,fully_ripe
21.351612976355103,4.146315938320294,0,112,22.0,20.0,22.0,99.56858833397565,25.63986621185772,32,241,103.0,82.0,116.0,207.92059803677088,50.747683345493286,0,255,219.0,204.0,236.0,IMG20200717091035.jpg,fully_ripe
21.90215592482601,3.8357870262628606,0,110,22.0,21.0,23.0,93.33362426605609,23.8890600866305,36,216,94.0,76.0,110.0,198.66143365600416,55.72688559954868,0,255,205.0,182.0,241.0,IMG20200717091035.jpg,fully_ripe
21.962333269513053,7.1305611264578745,0,175,22.0,21.0,23.0,92.96073776246091,29.31200319921732,0,164,98.0,72.0,115.0,192.1920224647393,41.01147331470771,0,255,192.0,169.0,220.0,IMG20200717091047.jpg,fully_ripe
21.716574127257644,1.6458765673951958,7,30,22.0,21.0,23.0,120.51284702278384,22.34807561628055,70,178,124.0,103.0,138.0,130.38112196055906,31.2721938200164,5,228,130.0,114.0,148.0,IMG20200717091047.jpg,fully_ripe
15.463845810198482,15.679406604744187,0,177,20.0,0.0,22.0,59.59340098283234,50.63086580274697,0,164,64.0,0.0,106.0,134.30749888314506,99.03746238262863,0,255,179.0,0.0,210.0,IMG20200717091047.jpg,fully_ripe
21.969340736486057,7.172885205268709,0,175,22.0,21.0,23.0,92.9629587082775,29.30770652846991,0,164,98.0,72.0,115.0,192.19346480311444,40.99680974187087,0,255,192.0,169.0,220.0,IMG20200717091047.jpg,fully_ripe
21.72204990746059,1.6459146847468542,8,30,22.0,21.0,23.0,94.44401046652627,27.015675774105247,34,164,98.0,74.0,115.0,190.64309145446424,42.41491520547695,9,255,191.0,168.0,218.0,IMG20200717091047.jpg,fully_ripe
20.240947604143475,11.297126530055596,0,176,20.0,19.0,22.0,84.80381346498868,37.27447331921968,0,179,92.0,61.0,113.0,184.5458021765037,60.64808965466216,0,255,189.0,172.0,223.0,IMG20200717091112.jpg,fully_ripe
20.167061719987952,8.330270399398676,0,174,20.0,19.0,22.0,87.22071476277158,35.333077568234465,0,168,94.0,65.0,113.0,187.2287555165595,56.795116049626024,0,255,190.0,172.0,224.0,IMG20200717091112.jpg,fully_ripe
20.936603763701367,3.1610849682596514,0,50,21.0,19.0,22.0,92.74735794450046,27.865930408286815,34,199,95.0,71.0,114.0,186.0931365487618,50.91750111825619,3,255,188.0,170.0,217.0,IMG20200717091112.jpg,fully_ripe
39.6003457262215,51.965889315967935,0,179,19.0,16.0,22.0,62.13825120152958,20.098881255543386,6,145,67.0,52.0,76.0,174.65822867694243,56.58454975372793,3,255,186.0,130.0,223.0,IMG20200717091112.jpg,fully_ripe
20.945443354592005,3.1827985707331163,0,60,21.0,19.0,22.0,91.43033747593667,22.592918328987086,44,178,94.0,74.0,108.0,148.33153049331466,38.368248378710746,1,210,154.0,140.0,171.0,IMG20200717091112.jpg,fully_ripe
20.678961664679637,10.359235286179489,0,177,20.0,19.0,21.0,88.65553520728605,35.8335178682078,0,219,94.0,63.0,116.0,196.6056710217426,54.47287563147896,0,255,201.0,179.0,239.0,IMG20200717091115.jpg,fully_ripe
20.550361967035805,10.818608582489531,0,178,20.0,19.0,21.0,87.80076449404505,36.824267822464805,0,210,94.0,62.0,116.0,196.19323754624452,56.18121486333389,0,255,201.0,179.0,240.0,IMG20200717091115.jpg,fully_ripe
21.245658239205515,3.519629323174109,0,172,21.0,19.0,23.0,127.95234817664483,31.657602345404595,62,255,132.0,101.0,155.0,197.79794987770555,58.1430407433567,0,255,205.0,175.0,255.0,IMG20200717091115.jpg,fully_ripe
20.639950344759775,3.5524862242053628,0,172,21.0,19.0,22.0,93.97713892405453,29.781796284125555,36,222,95.0,69.0,117.0,193.29052002802325,52.74561125691566,0,255,197.0,175.0,232.0,IMG20200717091115.jpg,fully_ripe
19.401838718796476,12.872513546562072,0,172,20.0,18.0,21.0,81.58390383599021,42.50130212589403,0,222,89.0,53.0,115.0,181.94595690810092,74.641617855221,0,255,198.0,169.0,238.0,IMG20200717091115.jpg,fully_ripe
19.953488592705025,10.720952048717816,0,177,20.0,18.0,21.0,88.47845183323057,35.1286214178709,0,207,93.0,68.0,113.0,185.16230138025898,65.89311868137159,0,255,195.0,172.0,231.0,IMG20200717091135.jpg,fully_ripe
20.703457762178058,12.658916338955889,0,176,20.0,18.0,21.0,88.8535976853389,34.50895691989086,0,205,93.0,69.0,112.0,188.63406536071716,62.11324070047643,0,255,196.0,174.0,232.0,IMG20200717091135.jpg,fully_ripe
20.530626571171087,8.034183756821932,0,177,20.0,18.0,21.0,102.1871839870986,29.472556786352925,36,235,102.0,80.0,122.0,200.5194801498838,58.619968396861545,0,255,217.0,197.0,232.0,IMG20200717091135.jpg,fully_ripe
26.371398757292607,35.88869552798889,0,180,18.0,15.0,21.0,75.66165156761372,21.67441159250571,12,180,78.0,62.0,90.0,178.1646539866243,60.00337174519172,0,255,191.0,142.0,226.0,IMG20200717091135.jpg,fully_ripe
20.771057249916996,8.075815098490015,0,177,20.0,19.0,21.0,93.68240762699806,28.48091456026479,0,209,94.0,74.0,113.0,186.76607693402266,59.309513335247495,0,255,194.0,172.0,226.0,IMG20200717091135.jpg,fully_ripe
24.304294320769966,13.28940518908565,0,176,22.0,22.0,25.0,82.98193556682095,33.66457145209746,0,177,89.0,65.0,108.0,185.49243259128647,59.15894739829332,0,255,188.0,165.0,229.0,IMG20200717091159.jpg,fully_ripe
29.65456248622438,33.316134446049894,0,179,22.0,19.0,25.0,60.24732752920432,14.80863166539709,6,126,63.0,52.0,70.0,171.8848541620748,60.176824482613064,0,255,185.0,121.0,225.0,IMG20200717091159.jpg,fully_ripe
24.179891264418487,3.79644757599419,0,165,23.0,22.0,25.0,104.37821431195357,25.69079528514604,42,197,106.0,84.0,124.0,169.88382558224964,38.86174538688236,0,243,174.0,158.0,195.0,IMG20200717091159.jpg,fully_ripe
24.179165748291823,5.418358039523533,0,174,23.0,22.0,25.0,88.14380831680259,25.891302669132514,0,177,90.0,68.0,108.0,189.36460399676733,47.48540041602197,0,255,188.0,166.0,224.0,IMG20200717091159.jpg,fully_ripe
21.493663213577253,15.731038614502955,0,172,22.0,22.0,25.0,73.59781610462126,42.99808035730915,0,178,86.0,52.0,107.0,158.04097788553375,81.80940370975247,0,255,178.0,149.0,211.0,IMG20200717091159.jpg,fully_ripe
21.192615685555353,14.346183879664009,0,179,20.0,19.0,22.0,77.54543880025267,23.057072720325394,16,160,82.0,61.0,94.0,196.34912484463192,53.78075155696802,3,255,214.0,169.0,237.0,IMG20200717091212.jpg,fully_ripe
21.102879149092242,12.02191877473266,0,175,21.0,20.0,22.0,86.67248405566762,36.51120513741222,0,177,95.0,66.0,113.0,184.62739164985635,57.50495872779362,0,255,189.0,172.0,218.0,IMG20200717091212.jpg,fully_ripe
21.09695987937323,4.223034253497446,6,60,21.0,19.0,22.0,69.52548036758563,20.91846248651876,18,142,72.0,54.0,84.0,199.89697821790247,47.78048616665614,2,255,209.0,186.0,230.0,IMG20200717091212.jpg,fully_ripe
21.825559834545714,3.5520620558739378,6,55,21.0,20.0,22.0,92.87808953277502,26.718461912584644,32,178,96.0,72.0,113.0,185.38332620168308,49.682479423402384,3,255,187.0,171.0,213.0,IMG20200717091212.jpg,fully_ripe
21.24670415877091,11.696715844636465,0,176,21.0,20.0,22.0,87.06646698045928,35.89868058206111,0,176,95.0,66.0,113.0,185.77520019561098,56.10574792573224,0,255,189.0,172.0,218.0,IMG20200717091212.jpg,fully_ripe
21.726609963547997,3.9640657124982375,0,174,21.0,20.0,23.0,149.00703002950877,26.353072762232834,84,255,155.0,128.0,170.0,194.8396015352273,61.15008172724747,0,255,207.0,146.0,255.0,IMG20200717091217.jpg,fully_ripe
19.020665779475014,13.068130300821347,0,174,20.0,19.0,21.0,81.75757488090416,43.29131244683295,0,219,91.0,58.0,114.0,174.74187544600667,77.83521118674187,0,255,191.0,167.0,230.0,IMG20200717091217.jpg,fully_ripe
21.013577889641073,4.4422452008480375,0,172,21.0,20.0,21.0,95.92263110185345,27.912357405592452,34,219,98.0,74.0,116.0,197.06140909178578,47.30728728369838,0,255,197.0,177.0,235.0,IMG20200717091217.jpg,fully_ripe
21.21455572913653,14.051213746205065,0,177,21.0,20.0,21.0,89.40510906671295,37.829838647022974,0,217,97.0,69.0,116.0,190.18870180717082,62.22190765195036,0,255,196.0,175.0,237.0,IMG20200717091217.jpg,fully_ripe
19.85350730004436,5.113159151735249,0,170,20.0,18.0,21.0,95.5550444560165,26.91271703911378,28,231,96.0,76.0,113.0,202.96990298752146,40.91597539400362,0,255,210.0,188.0,229.0,IMG20200717091217.jpg,fully_ripe
25.655581430572912,11.438312795760547,0,178,25.0,23.0,27.0,82.51562914158052,36.32426182856265,0,231,80.0,57.0,107.0,173.55261463894885,65.23924856447086,0,255,179.0,147.0,225.0,IMG20200717091236.jpg,fully_ripe
18.78097428906812,16.132037067906186,0,172,23.0,0.0,26.0,62.76015752205687,50.6576868014155,0,233,64.0,0.0,102.0,133.544823734333,98.18067378091544,0,255,166.0,0.0,215.0,IMG20200717091236.jpg,fully_ripe
25.67831989094627,7.094105160916238,0,178,25.0,23.0,27.0,71.06202430989435,27.152027319038446,25,197,66.0,48.0,90.0,171.04063955469726,62.11085833956456,0,255,179.0,145.0,221.0,IMG20200717091236.jpg,fully_ripe
25.853790374493546,7.050803934278541,0,178,25.0,23.0,27.0,88.04580824718846,32.646957616674435,30,235,83.0,61.0,112.0,170.40313908137378,64.95656249204596,0,255,177.0,143.0,219.0,IMG20200717091236.jpg,fully_ripe
28.77805861638078,27.49478650753038,0,179,24.0,21.0,27.0,80.16556855617404,30.982035100638104,18,244,73.0,59.0,102.0,165.15341360899694,63.67167565302171,0,255,182.0,120.0,215.0,IMG20200717091236.jpg,fully_ripe
26.54852977151524,17.28568461964082,0,170,24.0,22.0,27.0,74.98662361172269,36.8336454800637,0,222,74.0,53.0,102.0,160.70977053671902,69.82024600872593,0,255,167.0,140.0,207.0,IMG20200717091245.jpg,fully_ripe
27.488595332452665,17.236500132436962,0,174,24.0,22.0,27.0,77.02246685258574,34.77447817109672,0,222,75.0,55.0,102.0,161.82632222711484,66.94669519100988,0,255,166.0,140.0,205.0,IMG20200717091245.jpg,fully_ripe
28.202426733206124,14.415521652904891,0,165,24.0,22.0,28.0,107.74387200939381,27.52587063088856,57,238,103.0,86.0,128.0,116.30905621605754,47.77160942795082,0,255,124.0,101.0,148.0,IMG20200717091245.jpg,fully_ripe
27.14908752874407,15.363027967566422,0,179,24.0,21.0,27.0,51.88841919859093,20.417739846433328,14,160,48.0,36.0,64.0,169.91600371838152,65.24381794760211,0,255,183.0,148.0,219.0,IMG20200717091245.jpg,fully_ripe
23.10437888350702,16.64106520131129,0,165,23.0,21.0,27.0,67.07645188120749,43.141230263311314,0,162,68.0,39.0,100.0,135.91615049659964,81.3825745802593,0,255,154.0,84.0,188.0,IMG20200717091245.jpg,fully_ripe
23.911320142038612,13.075521761770023,0,177,23.0,21.0,25.0,84.22051598981847,35.050814595594574,0,220,88.0,64.0,112.0,178.0011522306137,54.73147763537866,0,255,177.0,159.0,209.0,IMG20200717091251.jpg,fully_ripe
20.125771208899412,16.057764827495237,0,174,22.0,20.0,24.0,69.072255334304,45.198078559306424,0,157,76.0,36.0,108.0,149.52125865482313,85.99530018389765,0,255,173.0,137.0,206.0,IMG20200717091251.jpg,fully_ripe
24.056375501482187,5.270420509384687,0,165,23.0,22.0,25.0,89.1960887008076,27.675620140022524,31,221,90.0,67.0,113.0,176.9587291943813,49.51235204732888,0,255,176.0,158.0,204.0,IMG20200717091251.jpg,fully_ripe
23.428828809955274,11.676234517410563,0,175,23.0,21.0,25.0,83.29732787245855,35.36087497838856,0,208,88.0,62.0,112.0,177.95890726638524,55.15608392123775,0,255,177.0,159.0,210.0,IMG20200717091251.jpg,fully_ripe
24.667864288183353,5.02010855936726,0,165,24.0,22.0,27.0,144.1281175694219,28.26633513214625,80,255,147.0,121.0,170.0,177.0345145442928,68.98680776861359,0,255,172.0,127.0,255.0,IMG20200717091251.jpg,fully_ripe
22.0551904853797,13.201292558633938,0,174,22.0,20.0,23.0,83.7974080581765,39.04498158705015,0,201,90.0,61.0,114.0,180.71927401253313,61.669364521270296,0,255,185.0,166.0,218.0,IMG20200717091256.jpg,fully_ripe
22.41681308971247,4.150167982994996,0,172,22.0,20.0,23.0,90.28637300805411,28.17681386034587,31,207,91.0,68.0,112.0,188.06685016098072,48.27993466912321,0,255,189.0,170.0,223.0,IMG20200717091256.jpg,fully_ripe
22.450156918108046,4.1338380518995015,0,172,22.0,20.0,23.0,93.02302481235844,28.5106466779832,31,210,94.0,70.0,115.0,184.4973948547111,49.057383966951456,0,255,184.0,166.0,213.0,IMG20200717091256.jpg,fully_ripe
22.78172640388385,11.929281766155102,0,176,22.0,20.0,23.0,89.0280319726993,34.105614040007424,0,196,94.0,66.0,115.0,187.6222285418296,49.59984420691235,0,255,186.0,168.0,219.0,IMG20200717091256.jpg,fully_ripe
19.235488883697784,14.765707639284157,0,174,21.0,19.0,23.0,74.0364212514854,47.36187723906695,0,210,83.0,38.0,114.0,155.87525772148814,83.04260205297723,0,255,178.0,145.0,207.0,IMG20200717091256.jpg,fully_ripe
22.144859547905043,4.2288338089988935,0,177,22.0,21.0,23.0,92.92608531164286,29.47431691452563,29,214,98.0,68.0,116.0,193.0582805258678,47.81751829656937,0,255,193.0,174.0,225.0,IMG20200717091304.jpg,fully_ripe
22.059746524165327,3.9567193873094664,0,178,22.0,21.0,23.0,92.30848387401873,29.854326241390723,0,211,97.0,68.0,116.0,193.54945616192188,46.988214984499876,0,255,193.0,174.0,225.0,IMG20200717091304.jpg,fully_ripe
22.194779154450014,12.71970253110653,0,178,21.0,21.0,23.0,87.07307292159274,38.06959377127923,0,211,97.0,61.0,116.0,190.337595762792,57.103022733516326,0,255,193.0,174.0,228.0,IMG20200717091304.jpg,fully_ripe
17.76740754752672,15.016734599784812,0,177,21.0,18.0,22.0,72.97458621015795,49.06353591271108,0,214,88.0,2.0,114.0,151.9917620353731,89.56252914330986,0,255,182.0,128.0,210.0,IMG20200717091304.jpg,fully_ripe
22.128459283079543,4.2473521898230135,0,177,22.0,21.0,23.0,103.4768656010593,32.99990225420525,31,243,109.0,76.0,130.0,205.75259623569468,47.710198014013706,0,255,214.0,187.0,240.0,IMG20200717091304.jpg,fully_ripe
23.04547170186138,13.187423596319766,0,176,23.0,21.0,24.0,79.40961282504618,35.83764482155026,0,157,86.0,59.0,106.0,171.50551262440652,64.59548816847081,0,255,178.0,147.0,215.0,IMG20200717091309.jpg,fully_ripe
29.283746200758856,32.583944742740144,0,179,22.0,19.0,24.0,62.688899262996884,20.228687439488187,8,154,64.0,48.0,78.0,166.6866544826079,66.72669313847523,0,255,184.0,127.0,220.0,IMG20200717091309.jpg,fully_ripe
23.997536701166094,4.068694618721597,0,165,23.0,22.0,25.0,87.29541707225015,26.23308658346318,29,193,89.0,68.0,107.0,173.36093287510678,57.11863629691835,0,255,177.0,148.0,210.0,IMG20200717091309.jpg,fully_ripe
22.35138759212539,14.081849871730007,0,176,23.0,21.0,24.0,77.33425375951052,38.158993948100104,0,158,86.0,54.0,106.0,165.958282842329,70.23246108063532,0,255,175.0,144.0,212.0,IMG20200717091309.jpg,fully_ripe
23.39067124893224,13.168848215581583,0,165,23.0,22.0,25.0,75.47772105127237,37.27298816033649,0,177,82.0,51.0,104.0,163.98244899580843,73.70240052142661,0,255,175.0,141.0,216.0,IMG20200717091309.jpg,fully_ripe
22.389122188483512,4.638759220090001,0,172,21.0,19.0,26.0,135.68602386731766,26.64523527995549,74,255,137.0,112.0,159.0,157.48520983119363,64.16885727901568,0,255,155.0,125.0,208.0,IMG20200717091335.jpg,fully_ripe
22.353874978080093,5.693393657267244,0,176,21.0,19.0,25.0,92.26268816509612,28.35135495554247,0,229,94.0,68.0,116.0,181.62953049866636,57.780997510094586,0,255,187.0,167.0,220.0,IMG20200717091335.jpg,fully_ripe
21.739305392758585,11.947885286735094,0,170,20.0,19.0,25.0,84.15573747796472,37.29873951455814,0,173,90.0,62.0,115.0,179.18232747879537,68.69891337062816,0,255,188.0,168.0,228.0,IMG20200717091335.jpg,fully_ripe
22.367045381129497,4.611999800264248,0,172,21.0,19.0,26.0,93.27174224035294,27.50838623725908,30,230,94.0,69.0,117.0,180.78274834100915,58.901075150611995,0,255,186.0,166.0,220.0,IMG20200717091335.jpg,fully_ripe
13.745572178792605,14.756377842240935,0,177,18.0,0.0,22.0,54.416201349343325,51.329665277189235,0,230,58.0,0.0,104.0,114.48876316348097,101.58863953564232,0,255,164.0,0.0,199.0,IMG20200717091335.jpg,fully_ripe
23.007651069131622,5.642984142028034,0,172,21.0,19.0,27.0,89.41046406542016,27.323693532783402,29,225,88.0,67.0,111.0,195.31613305139027,52.25687148336168,0,255,197.0,175.0,239.0,IMG20200717091351.jpg,fully_ripe
26.6108483737091,29.11305034859618,0,180,20.0,17.0,27.0,78.89570153811057,22.187082328409478,13,216,80.0,66.0,94.0,175.14235200182503,59.729625587229684,0,253,188.0,128.0,228.0,IMG20200717091351.jpg,fully_ripe
21.716524379008696,12.951215398857203,0,172,20.0,18.0,26.0,81.05772521079923,38.193601352842464,0,225,84.0,60.0,111.0,185.07980100200928,71.03229270695198,0,255,195.0,172.0,241.0,IMG20200717091351.jpg,fully_ripe
22.28708180151091,6.316984342551534,0,174,21.0,18.0,27.0,91.36036360126698,27.105235240110595,24,246,90.0,72.0,111.0,199.3597669582613,45.21248880220238,0,255,208.0,184.0,229.0,IMG20200717091351.jpg,fully_ripe
22.999306841213993,7.698540362580571,0,174,21.0,19.0,27.0,87.43282062980934,29.340430663976377,0,221,87.0,66.0,111.0,197.67096015653104,51.18316793124842,0,255,198.0,177.0,242.0,IMG20200717091351.jpg,fully_ripe
23.310890285946055,12.86972682154476,0,172,24.0,22.0,25.0,79.97615667642032,36.584611480386194,0,174,86.0,59.0,106.0,187.35118926905582,66.91507803192835,0,255,200.0,166.0,240.0,IMG20200717091402.jpg,fully_ripe
23.709389576150883,3.0123720200458646,4,38,24.0,22.0,25.0,115.90659674942782,24.97804399480973,59,231,116.0,98.0,134.0,148.42282546764397,49.47843556187672,1,255,161.0,122.0,180.0,IMG20200717091402.jpg,fully_ripe
23.71286612393893,3.001664818075367,5,36,24.0,22.0,26.0,89.26030651562998,26.182621448990588,30,210,89.0,70.0,108.0,189.25868412666222,57.16720784431472,2,255,196.0,163.0,236.0,IMG20200717091402.jpg,fully_ripe
23.71235429884791,3.0081221715549282,4,38,24.0,22.0,25.0,83.5732441019401,22.22202534745014,32,186,84.0,68.0,100.0,168.62956417610647,51.05441817934318,1,233,175.0,145.0,210.0,IMG20200717091402.jpg,fully_ripe
22.53516624658381,12.36217766756591,0,172,24.0,21.0,25.0,76.97640776042724,38.56444175056224,0,160,84.0,54.0,106.0,175.5566435862522,75.4912968574404,0,255,193.0,151.0,234.0,IMG20200717091402.jpg,fully_ripe
32.54284855166884,43.38435499599803,0,179,20.0,16.0,22.0,60.64023921686546,21.756148453236566,6,154,64.0,48.0,76.0,170.4121590769882,54.25970115459976,0,255,179.0,131.0,214.0,IMG20200717091414.jpg,fully_ripe
16.780428318465805,15.326731559122429,0,174,21.0,0.0,22.0,64.80894947267605,50.364386426672986,0,215,76.0,0.0,106.0,139.5301638212333,95.09302650417075,0,255,183.0,0.0,210.0,IMG20200717091414.jpg,fully_ripe
21.776151815843107,3.5689888882600638,0,165,22.0,20.0,23.0,91.81931776419097,28.602425898715417,0,212,94.0,70.0,110.0,186.36557415388728,52.136494146012204,0,255,193.0,175.0,217.0,IMG20200717091414.jpg,fully_ripe
21.852961812167987,3.7824112359430138,0,177,22.0,20.0,23.0,92.4163130756295,28.22505165186538,29,215,94.0,72.0,110.0,185.97437439444056,53.086807036034735,0,255,193.0,175.0,217.0,IMG20200717091414.jpg,fully_ripe
21.760538126580023,4.531160132426084,0,176,22.0,20.0,23.0,91.30476763222077,29.216124388827073,0,212,94.0,70.0,110.0,187.15317452362657,51.392192752847286,0,255,194.0,175.0,217.0,IMG20200717091414.jpg,fully_ripe
23.51007130779975,7.90856479462282,0,177,22.0,21.0,23.0,87.67134700678771,31.133191348931593,32,220,85.0,63.0,109.0,186.12301208066847,55.89585605821994,0,255,190.0,169.0,223.0,IMG20200717091422.jpg,fully_ripe
23.4915704869024,8.585030327489882,0,178,22.0,21.0,23.0,86.51486191771423,32.085300310642026,0,219,84.0,62.0,109.0,187.36684309833615,55.095232684366586,0,255,190.0,170.0,225.0,IMG20200717091422.jpg,fully_ripe
23.027812492342374,12.571166164934109,0,178,22.0,21.0,23.0,82.70626577470657,36.15857538861524,0,218,84.0,59.0,108.0,189.25778627263594,56.56865557411204,0,255,192.0,171.0,230.0,IMG20200717091422.jpg,fully_ripe
23.52912347766424,7.896056516640111,0,177,22.0,21.0,23.0,98.5892817760788,31.000677006394287,43,230,96.0,74.0,120.0,166.4387267514519,48.96289255015418,0,255,173.0,153.0,199.0,IMG20200717091422.jpg,fully_ripe
23.501139454532087,7.857986547733797,0,177,22.0,21.0,23.0,112.25210125217477,28.85896181585227,61,235,110.0,89.0,132.0,140.23058639025706,45.863132204292555,0,255,144.0,125.0,166.0,IMG20200717091422.jpg,fully_ripe
22.777397179650162,13.150841982316159,0,172,22.0,21.0,23.0,82.18731313416673,38.45328631662506,0,220,88.0,59.0,113.0,169.02617887327258,70.0516193144607,0,255,176.0,154.0,214.0,IMG20200717091428.jpg,fully_ripe
23.84237351978718,8.007881431950258,0,177,22.0,21.0,24.0,91.89121171457495,28.024758042420817,36,220,92.0,68.0,114.0,171.40079337052993,59.76357280048315,0,255,175.0,155.0,206.0,IMG20200717091428.jpg,fully_ripe
23.31994961979424,8.251111988118533,0,177,22.0,20.0,23.0,75.3756738941074,24.28624427023859,24,195,74.0,56.0,94.0,183.74867575393742,57.24138563318203,0,255,195.0,173.0,218.0,IMG20200717091428.jpg,fully_ripe
23.72274407326318,8.393151257985815,0,178,22.0,21.0,23.0,90.3234103161711,29.307159764403323,0,220,90.0,68.0,114.0,172.91992136921158,59.23422759898996,0,255,176.0,156.0,208.0,IMG20200717091428.jpg,fully_ripe
22.28108152647315,12.248390105497162,0,176,22.0,21.0,23.0,82.9199566824399,37.78407990198524,0,219,88.0,60.0,113.0,174.9456293994397,64.1834453217312,0,255,178.0,159.0,217.0,IMG20200717091428.jpg,fully_ripe
21.168966613672495,3.881810249536388,0,177,21.0,20.0,22.0,139.5141070482247,25.77205626627488,83,251,142.0,120.0,159.0,153.11710651828298,58.384585835388904,0,255,150.0,116.0,200.0,IMG20200717091432.jpg,fully_ripe
20.829019607843136,13.404945636118772,0,176,21.0,20.0,22.0,86.70290408055114,39.3710735432484,0,214,96.0,67.0,115.0,175.28093269740327,66.61070743086347,0,255,186.0,167.0,212.0,IMG20200717091432.jpg,fully_ripe
21.14905140434552,3.8798528292565257,0,177,21.0,20.0,22.0,107.34140964493906,31.398747441342067,39,243,111.0,84.0,130.0,191.5718600953895,52.94035041989598,0,255,200.0,178.0,224.0,IMG20200717091432.jpg,fully_ripe
16.585151033386328,14.830857487927506,0,172,20.0,0.0,21.0,67.05767885532592,48.0630969002466,0,209,80.0,0.0,110.0,139.49671436142023,91.26451341813177,0,255,178.0,0.0,200.0,IMG20200717091432.jpg,fully_ripe
20.322045574986753,8.728346601469214,0,175,21.0,19.0,22.0,88.36674085850557,34.65647419048083,0,212,96.0,68.0,114.0,182.70381558028618,57.236899661360354,0,255,188.0,170.0,214.0,IMG20200717091432.jpg,fully_ripe
21.503127991920994,14.823428601021389,0,175,21.0,20.0,23.0,82.79115243878448,40.603947858318556,0,213,92.0,60.0,113.0,178.87619185017115,64.06361364040278,0,255,185.0,166.0,217.0,IMG20200717091452.jpg,fully_ripe
21.501016433433445,14.790723706897067,0,175,21.0,20.0,23.0,82.8143926974176,40.58173277438092,0,214,92.0,60.0,113.0,178.92314451716132,63.98283079484454,0,255,185.0,166.0,217.0,IMG20200717091452.jpg,fully_ripe
21.540965546185422,2.9556148312551658,0,172,22.0,20.0,23.0,110.00982333731163,25.70644267166383,57,221,111.0,90.0,129.0,131.10127611578162,38.009576382546626,0,207,138.0,121.0,154.0,IMG20200717091452.jpg,fully_ripe
20.17828898186158,13.114687211331024,0,172,21.0,20.0,22.0,82.64121867089852,43.85496468173212,0,225,92.0,52.0,116.0,168.55261190604222,72.53394404624869,0,255,181.0,159.0,211.0,IMG20200717091452.jpg,fully_ripe
21.53817199365221,2.9512693137725075,0,172,21.0,20.0,23.0,97.26582029456897,28.476999098830436,38,220,98.0,74.0,118.0,161.76951224310466,45.74782022897544,0,232,168.0,151.0,189.0,IMG20200717091452.jpg,fully_ripe
23.647153571248804,5.762912155981948,0,174,24.0,22.0,25.0,87.60751497458097,30.143988942440444,0,157,87.0,66.0,112.0,194.99093974933305,56.742813290118576,0,255,199.0,168.0,246.0,IMG20200717091524.jpg,fully_ripe
23.802146776060805,2.7337335939631027,0,75,24.0,22.0,25.0,124.02796094025268,29.558223516049793,60,210,123.0,100.0,150.0,176.38538782906326,54.39327270789015,0,255,182.0,158.0,206.0,IMG20200717091524.jpg,fully_ripe
23.67291236724216,2.6474986584217115,0,75,24.0,22.0,25.0,91.74411083706649,26.00161537844555,36,165,90.0,70.0,113.0,174.26824633814869,49.92077918868633,0,234,181.0,154.0,214.0,IMG20200717091524.jpg,fully_ripe
23.410844616701063,9.26285674626319,0,174,24.0,22.0,25.0,84.7667111290079,34.02135595350875,0,168,86.0,63.0,112.0,196.7929229375346,58.347664446760476,0,255,202.0,169.0,248.0,IMG20200717091524.jpg,fully_ripe
23.67861277495344,2.6334225465268166,0,75,24.0,22.0,25.0,89.658806060301,27.832276455012288,31,168,88.0,67.0,113.0,193.48440881864397,57.70659329383678,0,255,197.0,167.0,245.0,IMG20200717091524.jpg,fully_ripe
21.281509462759463,3.2297131434419133,0,165,21.0,20.0,22.0,92.29307081807082,25.707945272910006,38,188,92.0,71.0,110.0,177.28086843711844,52.91587750249219,0,235,190.0,161.0,215.0,IMG20200717091549.jpg,fully_ripe
44.2040521978022,57.86074703438426,0,179,18.0,14.0,22.0,68.88408119658119,23.922581493681996,4,147,72.0,53.0,90.0,148.82254273504273,61.93965941783191,0,255,147.0,102.0,201.0,IMG20200717091549.jpg,fully_ripe
21.287896825396825,3.21683653203707,0,165,21.0,20.0,22.0,90.69945818070818,27.698230588404197,32,194,91.0,68.0,110.0,197.10909645909646,59.74591412691975,0,255,209.0,177.0,244.0,IMG20200717091549.jpg,fully_ripe
19.79654304029304,11.442010396245648,0,176,20.0,19.0,22.0,81.17941086691087,39.33172589091005,0,158,88.0,59.0,109.0,188.9275412087912,74.76350212522703,0,255,209.0,174.0,245.0,IMG20200717091549.jpg,fully_ripe
21.1938721001221,12.065999212289368,0,174,21.0,19.0,22.0,83.3769536019536,36.893391607731225,0,186,88.0,61.0,109.0,194.46665903540904,68.19476951970204,0,255,211.0,177.0,247.0,IMG20200717091549.jpg,fully_ripe
22.655878997534316,4.940122062867553,0,172,22.0,20.0,25.0,126.36496522283149,23.705083147336197,70,207,127.0,108.0,144.0,146.0608030029809,46.71241422477587,0,255,144.0,126.0,165.0,IMG20200717091600.jpg,fully_ripe
22.680646229713318,4.914436294504865,0,172,22.0,21.0,25.0,83.98560335627278,23.527235860155947,29,164,84.0,66.0,101.0,193.22815294593897,56.2973476250135,0,255,198.0,164.0,244.0,IMG20200717091600.jpg,fully_ripe
22.602774813233726,10.892511078032882,0,176,22.0,20.0,25.0,78.78109152467523,29.85260608713089,0,149,82.0,62.0,100.0,192.73309535200383,60.932355076479325,0,255,200.0,164.0,246.0,IMG20200717091600.jpg,fully_ripe
22.70009936333861,5.412304070921665,0,174,22.0,21.0,25.0,83.36470025392853,23.72171632871312,0,152,84.0,66.0,101.0,193.7337724947558,55.756038093997155,0,255,198.0,164.0,244.0,IMG20200717091600.jpg,fully_ripe
22.77926618334376,10.67283107579942,0,174,22.0,20.0,25.0,78.92219482574615,30.16429289275102,0,160,82.0,62.0,100.0,193.6930850476576,59.83346759674072,0,255,200.0,165.0,247.0,IMG20200717091600.jpg,fully_ripe
23.976268072529756,2.7825964167417134,9,37,25.0,22.0,26.0,102.71611151050404,21.432446830993847,54,168,103.0,86.0,118.0,132.4455387810528,32.374377414732265,4,191,134.0,118.0,154.0,IMG20200717091605.jpg,fully_ripe
21.8422797348031,12.914862760135607,0,174,23.0,21.0,26.0,76.34946880741273,39.43269877352942,0,163,84.0,57.0,105.0,173.04225577122773,76.54525683341423,0,255,187.0,151.0,233.0,IMG20200717091605.jpg,fully_ripe
23.2743190350667,14.26172890572121,0,176,24.0,21.0,26.0,78.43427590063104,38.10416528557574,0,162,85.0,59.0,106.0,181.51294033069735,69.4438756224326,0,255,190.0,157.0,239.0,IMG20200717091605.jpg,fully_ripe
23.979654924514737,2.771840388271315,9,36,25.0,22.0,26.0,88.79534307852065,26.013960485614156,29,168,90.0,68.0,108.0,190.17344835849508,50.88398408720702,6,255,191.0,161.0,234.0,IMG20200717091605.jpg,fully_ripe
22.92268551801262,12.493002969573414,0,174,25.0,21.0,26.0,78.67902388369679,37.610270942438,0,162,84.0,59.0,106.0,178.8975237638789,70.2756329923706,0,255,189.0,154.0,235.0,IMG20200717091605.jpg,fully_ripe
24.636446879459143,3.1761016078122988,8,50,24.0,22.0,26.0,110.2134665130369,26.356553599387603,55,200,110.0,88.0,130.0,151.78695317090293,41.002546195747776,2,255,159.0,139.0,177.0,IMG20200717091613.jpg,fully_ripe
24.65144104203707,3.1526340388823493,8,50,24.0,22.0,26.0,87.23972346643673,27.557578918965813,29,182,88.0,64.0,108.0,194.6221013193337,53.35873953016178,3,255,199.0,173.0,238.0,IMG20200717091613.jpg,fully_ripe
24.76734248498676,13.274302704373317,0,174,24.0,22.0,26.0,81.62237602154886,35.4667419488994,0,179,86.0,59.0,108.0,191.26910134222555,62.57668626348955,0,255,200.0,173.0,241.0,IMG20200717091613.jpg,fully_ripe
28.942205706175457,30.670382557509424,0,179,23.0,20.0,26.0,75.0891179769708,23.203727183237994,16,161,78.0,58.0,94.0,166.54540598698216,61.05394709714143,0,255,175.0,120.0,220.0,IMG20200717091613.jpg,fully_ripe
21.562460416173856,14.425420403420167,0,172,23.0,21.0,26.0,70.49951545581492,43.47785767857445,0,179,76.0,44.0,106.0,164.82137488458693,86.7143778201032,0,255,190.0,138.0,233.0,IMG20200717091613.jpg,fully_ripe
23.394430977686618,10.823499481637223,0,177,23.0,22.0,27.0,82.9601668842066,35.66946409171941,0,204,86.0,64.0,108.0,187.92068338616446,75.90415816913895,0,255,208.0,165.0,251.0,IMG20200717091626.jpg,fully_ripe
24.24557150848406,6.991481889049624,0,176,23.0,22.0,27.0,89.53164429113059,28.076463148006702,0,204,90.0,71.0,110.0,196.94464385605073,61.9274345690579,0,255,209.0,171.0,250.0,IMG20200717091626.jpg,fully_ripe
24.290563428429362,4.566791680953573,0,176,23.0,22.0,27.0,120.60523494312885,21.87584554232683,73,215,120.0,104.0,136.0,130.42908198147802,41.53247587684535,0,255,139.0,115.0,153.0,IMG20200717091626.jpg,fully_ripe
24.297672322704955,4.65050937195477,0,177,23.0,22.0,27.0,91.45255298651253,26.108450885984475,34,204,90.5,72.0,110.0,195.60143576356518,61.82916292962529,0,255,207.0,170.0,249.0,IMG20200717091626.jpg,fully_ripe
25.194674933184164,12.466676643190882,0,176,24.0,22.0,27.0,86.3098700975822,31.535929726817265,0,204,88.0,68.0,108.0,198.42869351730997,61.2142174236922,0,255,211.0,172.0,251.0,IMG20200717091626.jpg,fully_ripe
22.290949798588745,12.021271006990334,0,177,22.0,21.0,23.0,92.1856011598352,38.74394863941286,0,224,96.0,68.0,121.0,193.55701452546774,68.57332275449372,0,255,208.0,184.0,244.0,IMG20200717091647.jpg,fully_ripe
22.34212385645204,13.787769098231342,0,176,22.0,20.0,23.0,91.18392196804948,40.182324065045734,0,225,96.0,65.0,122.0,192.76549123241665,68.89695381304095,0,255,208.0,183.0,243.0,IMG20200717091647.jpg,fully_ripe
22.98051954010332,7.280303134406458,0,172,22.0,21.0,23.0,99.25569594699994,30.509241529561844,34,227,100.0,75.0,123.0,194.1404464998486,63.133165542259384,0,255,206.0,182.0,241.0,IMG20200717091647.jpg,fully_ripe
22.9749405859737,7.303485431489534,0,172,22.0,21.0,23.0,120.69513951973279,26.379874413371212,64,231,122.0,100.0,141.0,147.56172176801462,52.17627136356724,0,255,158.0,133.0,178.0,IMG20200717091647.jpg,fully_ripe
22.442480799405402,7.507070341289308,0,174,22.0,20.0,23.0,81.39677558473495,25.310139659966318,23,194,82.0,63.0,100.0,191.41525587028931,57.75298533405958,0,255,207.0,183.0,225.0,IMG20200717091647.jpg,fully_ripe
20.218493830662318,15.111255985150661,0,174,22.0,20.0,23.0,82.49350919491324,48.75806830784897,0,235,92.0,52.0,120.0,170.77923698766133,89.0501119349671,0,255,204.0,151.0,236.0,IMG20200717091702.jpg,fully_ripe
22.744461778471138,13.05050956188909,0,176,22.0,21.0,24.0,95.23409445468728,39.65791950717841,0,231,98.0,78.0,125.0,194.70862761783198,63.84199384055862,0,255,208.0,185.0,238.0,IMG20200717091702.jpg,fully_ripe
22.639011014986053,13.131296589845896,0,176,22.0,21.0,24.0,94.31926440693991,39.59200094733248,0,214,98.0,78.0,124.0,194.0933673710585,65.79437612031671,0,255,209.0,186.0,238.0,IMG20200717091702.jpg,fully_ripe
22.7486408547251,3.653573513008385,0,110,23.0,21.0,24.0,102.70241573299296,29.24998578048315,32,235,101.0,83.0,125.0,194.97417860350777,58.610705600303945,0,255,207.0,183.0,234.0,IMG20200717091702.jpg,fully_ripe
22.172590176334324,14.831061307621763,0,180,21.0,19.0,23.0,82.75060747884461,23.675507454460277,15,204,84.0,68.0,99.0,186.10834397012243,56.19176830454918,0,255,198.0,165.0,228.0,IMG20200717091702.jpg,fully_ripe
22.35816882667104,10.397469610586164,0,179,23.0,21.0,24.0,71.0417783124624,22.574587608394218,14,176,74.0,54.0,85.0,186.73178578589526,56.381309168136546,0,255,200.0,168.0,227.0,IMG20200717091707.jpg,fully_ripe
23.179845427535042,4.125843592975622,0,177,23.0,22.0,24.0,99.8729972111336,30.27531044290475,33,228,98.0,77.0,123.0,187.4371502524562,60.67705159765724,0,255,197.0,169.0,231.0,IMG20200717091707.jpg,fully_ripe
22.945626218989812,10.839435897366034,0,177,23.0,22.0,24.0,93.94266418767431,38.010296916293555,0,228,96.0,72.0,122.0,187.63824027998032,65.35711293181559,0,255,199.0,170.0,235.0,IMG20200717091707.jpg,fully_ripe
23.389775979293123,9.4717868863799,0,177,23.0,22.0,24.0,96.64779169173,34.407462024586984,0,227,98.0,74.0,123.0,189.78605019959534,60.46658644345335,0,255,199.0,171.0,234.0,IMG20200717091707.jpg,fully_ripe
23.231065784437032,12.171979168468397,0,176,23.0,22.0,24.0,93.61706859153132,38.32944387048644,0,226,96.0,72.0,122.0,187.69839230054137,63.8723969257995,0,255,199.0,170.0,234.0,IMG20200717091707.jpg,fully_ripe
24.200822285618393,4.528770551370905,0,165,23.0,22.0,25.0,97.83016445712367,27.66758656241563,29,201,98.0,78.0,119.0,181.40032723611344,66.39016994333724,0,255,192.0,161.0,232.0,IMG20200717091712.jpg,fully_ripe
24.259171001845946,4.544808447403039,0,165,24.0,22.0,25.0,133.51088269843933,25.568124795944087,69,222,133.0,114.0,153.0,151.33295015942272,64.18604906168775,0,255,159.0,121.0,193.0,IMG20200717091712.jpg,fully_ripe
23.68671757006209,9.836854260612624,0,172,23.0,22.0,25.0,91.03532471891256,36.23421082241089,0,201,94.0,72.0,118.0,182.90011746937407,69.78053416582227,0,255,195.0,165.0,239.0,IMG20200717091712.jpg,fully_ripe
23.620733344520893,10.998042422918372,0,176,23.0,22.0,25.0,90.82395536163786,36.58081892470747,0,201,94.0,72.0,118.0,181.8306678972982,70.3385717883772,0,255,194.0,163.0,237.0,IMG20200717091712.jpg,fully_ripe
25.168207752978688,4.716657861158153,0,170,25.0,23.0,27.0,149.2025927168988,25.60129832467746,78,245,152.0,131.0,170.0,181.08977177378756,77.20479303923547,0,255,198.0,135.0,255.0,IMG20200717091712.jpg,fully_ripe
22.881283039154198,12.415750305982458,0,176,23.0,22.0,24.0,86.38696353373354,38.683444443883495,0,175,91.0,64.0,116.0,180.2429800197115,69.61936598850873,0,255,190.0,164.0,234.0,IMG20200717091718.jpg,fully_ripe
23.91478362153929,5.184982853523342,0,165,23.0,22.0,25.0,118.99220499955202,29.619132252916017,47,195,120.0,96.0,143.0,178.029217812024,64.61337226091831,0,255,199.0,149.0,218.0,IMG20200717091718.jpg,fully_ripe
23.808278828062,5.207692089380356,0,165,23.0,22.0,24.0,107.17486784338321,31.135299038218204,32,187,108.0,82.0,132.0,195.60142460353015,65.72097570724485,0,255,215.0,176.0,243.0,IMG20200717091718.jpg,fully_ripe
22.01597527103306,11.982001448597767,0,172,23.0,22.0,24.0,84.90599408655139,40.96969140843369,0,176,91.0,64.0,116.0,175.38169518860317,75.97970543778752,0,255,189.0,161.0,234.0,IMG20200717091718.jpg,fully_ripe
23.816261983693217,5.182629250696992,0,165,23.0,22.0,24.0,94.94186900815339,27.617571665997396,29,176,95.0,73.0,117.0,180.97181256159843,63.64811856797691,0,255,188.0,162.0,227.0,IMG20200717091718.jpg,fully_ripe
21.929081334113516,2.9406107894156617,0,170,22.0,20.0,23.0,127.14003690867354,28.17469592458616,57,255,130.0,108.0,150.0,195.6890849349597,56.48138345515671,0,255,203.0,177.0,242.0,IMG20200717091725.jpg,fully_ripe
21.133789440518523,3.086894213809185,0,172,21.0,20.0,22.0,73.5971913399649,20.422976064517275,21,181,76.0,60.0,87.0,200.60118827924563,48.82749735390211,0,255,213.0,192.0,228.0,IMG20200717091725.jpg,fully_ripe
21.886060224152676,8.078274663000364,0,176,21.0,20.0,22.0,98.26671467794932,31.287573481775063,0,234,101.0,78.0,120.0,204.18189674573526,53.273133563154666,0,255,210.0,186.0,247.0,IMG20200717091725.jpg,fully_ripe
21.550227303416303,10.65961085017471,0,172,21.0,20.0,22.0,95.6689742089391,36.30136366711947,0,238,101.0,77.0,121.0,202.57276860062115,59.59271323509923,0,255,211.0,187.0,248.0,IMG20200717091725.jpg,fully_ripe
21.660548228833775,2.760979713910666,0,172,21.0,20.0,22.0,100.56290228203628,27.984429682134447,34,238,102.0,81.0,121.0,202.4419228518702,54.2558850525662,0,255,209.0,185.0,246.0,IMG20200717091725.jpg,fully_ripe
22.07258916164891,3.3018601734751396,0,170,22.0,21.0,23.0,109.87185734136175,34.44574637433311,36,255,113.0,80.0,137.0,212.00568781843447,56.993170121979034,0,255,232.0,199.0,249.0,IMG20200717091728.jpg,fully_ripe
21.939036591014357,10.976576939721314,0,176,22.0,20.0,23.0,93.9949698934692,39.20148028094411,0,229,100.0,66.0,123.0,195.71643353404355,63.55460907635763,0,255,207.0,182.0,243.0,IMG20200717091728.jpg,fully_ripe
21.92869847151459,3.108073713086175,0,165,22.0,21.0,23.0,99.25041222788327,31.731992972620123,34,229,102.0,72.0,123.0,197.95055118110236,56.14939874609507,0,255,206.0,182.0,240.0,IMG20200717091728.jpg,fully_ripe
22.20880037054192,8.216520846344626,0,177,22.0,21.0,23.0,96.65511811023622,34.43395300389194,0,227,100.0,69.0,122.0,199.96259379342288,54.93931107483821,0,255,207.0,183.0,242.0,IMG20200717091728.jpg,fully_ripe
21.062380731820287,13.549763470895044,0,176,22.0,20.0,23.0,89.78595646132469,44.01840832554657,0,223,100.0,62.0,122.0,190.02751273737843,71.51065052403865,0,255,206.0,181.0,242.0,IMG20200717091728.jpg,fully_ripe
20.43549751397743,12.442098848257816,0,177,21.0,19.0,22.0,87.1985413958862,38.652712997783425,0,211,94.0,70.0,117.0,182.46607249695694,67.35182495290863,0,255,192.0,176.0,224.0,IMG20200717091739.jpg,fully_ripe
21.189824843720988,6.265075353574391,0,177,21.0,20.0,22.0,95.82146025458522,29.256533084543474,0,211,96.0,78.0,118.0,187.49955643580697,58.8711334652208,0,255,193.0,178.0,224.0,IMG20200717091739.jpg,fully_ripe
21.31183594314126,3.9559023511093456,0,177,21.0,20.0,22.0,98.29448536238164,26.99047468554517,38,212,98.0,80.0,119.0,185.340409729529,59.697451295905225,0,255,192.0,177.0,221.0,IMG20200717091739.jpg,fully_ripe
14.74423882321388,14.731702960596031,0,177,20.0,0.0,21.0,61.58659817210291,50.857408518328505,0,202,74.0,0.0,106.0,130.853283406573,100.8276354355481,0,255,180.0,0.0,209.0,IMG20200717091739.jpg,fully_ripe
24.2593509521157,28.460971460544236,0,179,20.0,17.0,22.0,90.08887788574611,25.355436254106838,15,210,93.0,76.0,107.0,184.39177033690248,62.053671492002294,0,255,203.0,147.0,235.0,IMG20200717091739.jpg,fully_ripe
22.44123945993482,5.661528948599075,0,177,22.0,21.0,23.0,99.82995189074543,25.515659828427317,37,211,103.0,82.0,118.0,188.53347472970876,54.34288731673467,0,255,192.0,173.0,224.0,IMG20200717091745.jpg,fully_ripe
21.82895866742538,9.361004961625213,0,172,22.0,21.0,23.0,94.5411515182867,33.46417667723625,0,211,102.0,78.0,118.0,185.51136516476126,59.91679410458483,0,255,191.0,171.0,225.0,IMG20200717091745.jpg,fully_ripe
22.4151156174021,5.6761143787697845,0,177,22.0,21.0,23.0,134.2258548445502,25.36057076178785,72,245,138.0,116.0,153.0,171.42174745227874,53.4779927669391,0,255,176.0,154.0,206.0,IMG20200717091745.jpg,fully_ripe
22.28941079095753,11.488225338187666,0,175,22.0,21.0,23.0,94.40005173038125,33.41391201757524,0,209,102.0,78.0,118.0,190.50540582484092,56.28817592907729,0,255,194.0,174.0,228.0,IMG20200717091745.jpg,fully_ripe
21.96923076923077,14.478177882847827,0,179,21.0,20.0,22.0,94.73315400134499,24.03886277836419,20,215,98.0,82.0,109.0,195.7318503957374,53.67882828892651,0,253,212.0,176.0,233.0,IMG20200717091745.jpg,fully_ripe
17.04227883459827,16.644691116244047,0,172,20.0,0.0,21.0,64.56740253131666,46.53163301353764,0,217,80.0,0.0,103.0,149.30300011909532,95.12151820558869,0,255,182.0,0.0,221.0,IMG20200717091748.jpg,fully_ripe
21.806166971622837,15.098820178031184,0,176,21.0,20.0,22.0,86.22825157259942,36.96541356852031,0,221,94.0,70.0,110.0,186.6151597501164,63.2061022036133,0,255,193.0,170.0,230.0,IMG20200717091748.jpg,fully_ripe
21.74527678832433,11.23575629760885,0,176,21.0,20.0,22.0,87.59345192338924,31.557343043713267,0,214,93.0,70.0,110.0,198.931054643093,46.629248708947806,0,255,198.0,176.0,236.0,IMG20200717091748.jpg,fully_ripe
21.557604235462254,4.205671174329055,0,165,21.0,20.0,22.0,93.81830386626679,26.53559764575205,31,224,96.0,74.0,111.0,197.31183482563364,42.21668102883651,0,255,195.0,174.0,230.0,IMG20200717091748.jpg,fully_ripe
21.549689810854996,4.216274959139703,0,165,21.0,20.0,22.0,75.84620464904778,21.398654407625685,25,181,78.0,60.0,90.0,195.7208839037277,43.87584124284407,0,255,195.0,171.0,231.0,IMG20200717091748.jpg,fully_ripe
21.40715737264492,1.5177491100807885,10,35,21.0,20.0,22.0,116.40753625185134,26.086224284260553,58,217,115.0,96.0,136.0,174.53052273849298,32.80104509442581,3,255,175.0,158.0,194.0,IMG20200717091754.jpg,fully_ripe
22.184192700260624,15.176421497296246,0,177,21.0,20.0,22.0,84.81329291955132,34.82887060401072,0,178,88.0,68.0,109.0,191.5672969838919,57.08560042249768,0,255,195.0,171.0,234.0,IMG20200717091754.jpg,fully_ripe
21.411439855796278,1.5010975495582415,10,36,21.0,20.0,22.0,81.41207132114032,20.562435001784117,35,161,80.0,66.0,97.0,180.93859860618377,37.498015519862214,2,240,181.0,158.0,211.0,IMG20200717091754.jpg,fully_ripe
22.351198061975452,14.996832848752755,0,176,21.0,20.0,22.0,85.53841031469936,34.03779536677727,0,174,88.0,69.0,109.0,193.1639169221231,54.4109121671759,0,255,196.0,171.0,234.0,IMG20200717091754.jpg,fully_ripe
19.78705840480373,15.352492541101666,0,172,21.0,20.0,22.0,76.02928851077509,42.636459680194896,0,187,84.0,56.0,108.0,173.259865210852,78.92399526628594,0,255,190.0,162.0,230.0,IMG20200717091754.jpg,fully_ripe
22.4534680049925,10.95790096219191,0,176,22.0,20.0,23.0,93.4462729303672,33.211283937759106,0,210,100.0,70.0,118.0,180.839296015439,53.97158647864925,0,255,185.0,167.0,211.0,IMG20200717091801.jpg,fully_ripe
22.262295081967213,6.085048099651193,0,120,22.0,20.0,23.0,96.52099262662178,28.913239031725308,33,211,100.0,74.0,118.0,178.37136444206706,54.1061351288961,0,255,184.0,166.0,207.0,IMG20200717091801.jpg,fully_ripe
21.35350261686752,12.471754079524445,0,179,21.0,19.0,22.0,75.52142265294778,23.86958850342191,18,183,78.0,59.0,92.0,192.70653325362113,56.94741848909433,0,255,209.0,175.0,233.0,IMG20200717091801.jpg,fully_ripe
40.654185414765635,50.99051387505556,0,179,21.0,18.0,23.0,72.21475095182656,25.296669824166102,6,176,78.0,59.0,90.0,172.1117544025256,58.6172688470959,0,255,184.0,127.0,221.0,IMG20200717091801.jpg,fully_ripe
15.046715542829574,16.576297779686737,0,172,20.0,0.0,22.0,60.88813022455765,54.32215495405831,0,210,72.0,0.0,111.0,115.86233913344451,97.40126924032542,0,255,164.0,0.0,193.0,IMG20200717091801.jpg,fully_ripe
20.81876034936199,2.8081525908927056,0,83,21.0,19.0,23.0,89.32306243709212,23.11928169379219,38,203,91.0,72.0,106.0,200.91917757070036,53.39056826561758,0,255,206.0,185.0,242.0,IMG20200717092037.jpg,fully_ripe
27.419250625020293,37.95496070846853,0,180,19.0,16.0,22.0,81.79907626871002,21.083773388541132,15,192,86.0,70.0,96.0,179.5575099840904,53.4034799066487,0,255,186.0,143.0,225.0,IMG20200717092037.jpg,fully_ripe
20.60264943667002,14.21773159854867,0,175,20.0,19.0,22.0,79.82694243319588,35.680349320228416,0,201,88.0,64.0,104.0,194.05250982174746,68.60033871574086,0,255,206.0,184.0,244.0,IMG20200717092037.jpg,fully_ripe
42.80180362998799,57.26973338015539,0,179,18.0,13.0,22.0,68.62526380726646,21.59915222423016,5,155,76.0,59.0,84.0,153.19458423974805,48.621336169176196,0,255,153.0,116.0,190.0,IMG20200717092037.jpg,fully_ripe
21.405475827137245,12.604563878581093,0,176,21.0,19.0,22.0,83.89334069287963,30.91742852727331,0,201,89.0,68.0,104.0,201.00713497191467,57.08537662791125,0,255,208.0,186.0,244.0,IMG20200717092037.jpg,fully_ripe
21.59685437079424,10.403103163151666,0,176,21.0,19.0,23.0,89.42227834342982,29.557164516797812,0,208,92.0,74.0,108.0,205.85085433882645,49.45681426113791,0,255,210.0,186.0,246.0,IMG20200717092040.jpg,fully_ripe
20.299226379809152,2.9662380828243733,7,165,20.0,19.0,22.0,75.93806243306747,19.362528272664488,24,178,78.0,63.0,87.0,206.71156274475328,43.29592805799032,1,255,215.0,196.0,233.0,IMG20200717092040.jpg,fully_ripe
20.778838930358198,2.580012550604948,9,165,21.0,19.0,23.0,78.40507967968288,20.420606060784287,29,181,79.0,64.0,91.0,207.10141777088694,45.775147067662395,1,255,221.0,194.0,234.0,IMG20200717092040.jpg,fully_ripe
21.063296197432987,2.4113432895087974,8,165,21.0,19.0,23.0,92.75879513450442,24.294272662295786,37,209,93.0,76.0,109.0,204.59787733964163,48.898324795769796,2,255,209.0,185.0,244.0,IMG20200717092040.jpg,fully_ripe
20.828596774451352,11.311162689113027,0,176,21.0,19.0,23.0,86.27855122036986,33.627901756478444,0,207,92.0,70.0,108.0,202.56685261256652,58.01600553700255,0,255,210.0,185.0,247.0,IMG20200717092040.jpg,fully_ripe
21.2380238287494,2.6798659645984597,6,36,21.0,20.0,23.0,91.82264390356443,23.10094701939774,36,161,94.0,76.0,108.0,190.597852775901,47.89737216322337,3,255,192.0,170.0,224.0,IMG20200717092046.jpg,fully_ripe
13.715249740454492,15.548481333804071,0,174,19.0,0.0,20.0,54.066715554603434,47.663640501023494,0,157,68.0,0.0,98.0,123.89532488505841,102.30088580982365,0,255,169.0,0.0,211.0,IMG20200717092046.jpg,fully_ripe
21.424311586441014,7.759818953447051,0,174,21.0,19.0,23.0,89.2507127202017,26.91439666605363,0,159,93.0,74.0,108.0,192.5930738427566,48.351002810869446,0,255,193.0,171.0,227.0,IMG20200717092046.jpg,fully_ripe
21.804887695071105,3.328463457787468,6,40,21.0,20.0,23.0,148.16248372690868,23.460569704111325,86,226,152.0,132.0,167.0,192.76990260863835,61.89250948822778,2,255,205.0,147.0,255.0,IMG20200717092046.jpg,fully_ripe
21.234439628891124,2.687327678182305,5,40,21.0,20.0,23.0,111.3995435294893,23.811312431888634,54,183,114.0,94.0,129.0,166.64453800899759,39.0158616931296,2,255,173.0,155.0,190.0,IMG20200717092046.jpg,fully_ripe
21.92146154618138,13.08128587670848,0,175,22.0,20.0,23.0,82.55027932960894,37.86336954488242,0,169,88.0,60.0,110.0,184.35888000535243,63.966985334381384,0,255,189.0,164.0,234.0,IMG20200717092052.jpg,fully_ripe
20.15415816411869,13.610921311932906,0,174,22.0,19.0,23.0,76.27538219650086,43.21579506100099,0,169,82.0,51.0,109.0,168.0883400796173,80.73111447686804,0,255,183.0,153.0,230.0,IMG20200717092052.jpg,fully_ripe
21.994580671060113,13.116586089053161,0,175,22.0,20.0,23.0,82.7518900745994,37.67953935631553,0,169,88.0,61.0,110.0,184.75321981734854,63.39007869924249,0,255,189.0,164.0,235.0,IMG20200717092052.jpg,fully_ripe
22.385282507610476,3.6785720395737296,0,172,22.0,21.0,23.0,91.29496872177432,27.90811017904334,32,169,92.0,68.0,111.0,187.90046164653933,52.78349433676846,0,255,187.0,164.0,229.0,IMG20200717092052.jpg,fully_ripe
22.208736158966982,3.8048052013757125,0,174,22.0,21.0,23.0,74.67087612484528,23.048653351722724,28,141,75.0,56.0,91.0,189.91160974141104,50.74510674198798,0,255,196.0,166.0,230.0,IMG20200717092052.jpg,fully_ripe
21.37219128096793,12.145797393916403,0,172,22.0,20.0,23.0,83.34627299371247,38.087974685905,0,221,92.0,61.0,112.0,185.74631975350908,65.62083258687854,0,255,194.0,174.0,229.0,IMG20200717092106.jpg,fully_ripe
22.054592062524527,6.926084790227108,0,176,22.0,21.0,23.0,89.3821444376717,29.801423149751294,0,213,94.0,66.0,112.0,193.5954693097085,48.47095085435062,0,255,194.0,175.0,227.0,IMG20200717092106.jpg,fully_ripe
32.87186145740266,43.74313574588707,0,179,21.0,17.0,23.0,79.4350999073154,23.47394923064236,10,213,83.0,65.0,98.0,176.87159425856498,60.55413482661386,0,255,195.0,123.0,229.0,IMG20200717092106.jpg,fully_ripe
21.938226968712687,2.2651366309419765,0,110,22.0,21.0,23.0,91.08590442631575,27.688341739708267,31,221,95.0,68.0,112.0,191.58595870107965,49.921548606354854,0,255,193.0,174.0,225.0,IMG20200717092106.jpg,fully_ripe
22.06396072177086,11.644010044755012,0,175,22.0,21.0,23.0,85.96331025960038,34.49923524803313,0,208,94.0,64.0,112.0,191.20228622005493,55.98005803427834,0,255,194.0,175.0,229.0,IMG20200717092106.jpg,fully_ripe
22.533626481291407,5.687553728293386,0,176,22.0,21.0,23.0,90.21187132593076,35.505989772958685,0,209,88.0,61.0,116.0,183.3254408883083,49.5016055072674,0,255,185.0,163.0,217.0,IMG20200717092152.jpg,fully_ripe
22.429726136045534,3.6028694902272114,0,172,22.0,21.0,23.0,91.0900671829803,34.54105963966977,0,208,88.0,61.0,117.0,182.42276290006532,49.977121356131455,0,255,184.0,162.0,216.0,IMG20200717092152.jpg,fully_ripe
22.90195483810768,3.935939976636665,0,170,22.0,21.0,25.0,118.88347951852198,37.32142763883901,48,255,117.0,86.0,150.0,181.96141644116824,53.54760343209343,0,255,184.0,160.0,213.0,IMG20200717092152.jpg,fully_ripe
20.432793692264628,14.679294038793513,0,172,22.0,19.0,23.0,75.57398292432583,47.721754254535206,0,212,77.0,42.0,112.0,165.09781188765513,79.0641779223639,0,255,181.0,154.0,221.0,IMG20200717092152.jpg,fully_ripe
30.896554539516657,39.37738879157627,0,179,22.0,18.0,23.0,74.2823551366987,28.73672997174047,13,194,72.0,54.0,91.0,171.25443221050668,59.83764149934679,0,255,185.0,125.0,220.0,IMG20200717092152.jpg,fully_ripe
20.41541671936259,15.810595534719836,0,172,21.0,19.0,23.0,76.40572910079676,44.22525706994489,0,160,84.0,50.0,110.0,149.22856962185406,78.359631643269,0,255,163.0,128.0,198.0,IMG20200717092159.jpg,fully_ripe
21.919021120526118,6.511959881856259,0,120,21.0,20.0,23.0,127.22419375237132,24.179713387227103,72,186,126.0,109.0,146.0,127.57162008347034,50.39419667981886,0,255,127.0,101.0,160.0,IMG20200717092159.jpg,fully_ripe
21.916453775135956,9.048221848766286,0,174,21.0,20.0,23.0,90.01378525357278,30.412076707922292,0,160,90.0,70.0,112.0,172.2056026305805,57.13092874330109,0,255,171.0,147.0,211.0,IMG20200717092159.jpg,fully_ripe
21.06642215758189,6.983488042067264,0,120,20.0,19.0,22.0,68.7726571392437,21.685727771534285,17,125,68.0,53.0,84.0,183.1415201719995,52.31436752041717,0,255,191.0,167.0,216.0,IMG20200717092159.jpg,fully_ripe
21.927570507145568,6.495193031713235,0,120,21.0,20.0,23.0,92.80060705703806,26.97529148991244,31,160,91.0,72.0,114.0,170.0935753130138,57.70507747207926,0,255,170.0,146.0,208.0,IMG20200717092159.jpg,fully_ripe
20.956092122378042,3.3114096063964924,0,103,21.0,20.0,22.0,138.64780788527332,23.794947255257576,75,255,139.0,122.0,156.0,168.05748357690163,56.75009777326101,0,255,169.0,140.0,207.0,IMG20200717092206.jpg,fully_ripe
20.863991605364696,3.347966290713106,0,103,21.0,20.0,22.0,83.82835812738422,21.6828984090718,27,196,84.0,69.0,100.0,193.54523593516018,55.79361721936012,0,255,198.0,168.0,245.0,IMG20200717092206.jpg,fully_ripe
20.889547148775236,10.329640090734296,0,175,21.0,20.0,22.0,93.734508728016,33.44842418213716,0,226,98.0,78.0,117.0,196.39395761146392,57.04765572163425,0,255,199.0,175.0,245.0,IMG20200717092206.jpg,fully_ripe
20.39811120705674,14.049657484107318,0,176,21.0,19.0,22.0,89.46099445822904,39.33264669692995,0,161,98.0,75.0,117.0,189.35694688862898,68.4670730294445,0,255,197.0,172.0,245.0,IMG20200717092206.jpg,fully_ripe
18.267885054707225,14.134873357995884,0,172,20.0,19.0,21.0,81.09834184091729,46.305243421401535,0,162,95.0,57.0,115.0,165.85852634800574,87.45671895795515,0,255,189.0,156.0,236.0,IMG20200717092206.jpg,fully_ripe
22.06506521629652,13.211128425463396,0,172,22.0,19.0,23.0,82.57394117943295,39.50392338779556,0,215,80.0,57.0,114.0,168.8405977740847,60.34745533131218,0,255,173.0,141.0,208.0,IMG20200717092228.jpg,fully_ripe
21.673830387268975,4.048932278278426,0,120,22.0,20.0,23.0,120.67364153698948,27.778559855954914,70,230,116.0,98.0,143.0,112.77218361283175,44.99662024519601,0,251,114.0,92.0,137.0,IMG20200717092228.jpg,fully_ripe
21.788349196756812,11.823878852722958,0,174,22.0,19.0,23.0,82.98234879387621,38.98055152189116,0,210,80.0,58.0,113.0,166.61808178476105,60.396194216681835,0,255,171.0,140.0,205.0,IMG20200717092228.jpg,fully_ripe
21.068854811905123,4.393480340213784,0,110,21.0,19.0,23.0,70.91418643299592,28.363775588031114,19,189,66.0,48.0,92.0,176.69052475197662,55.07981908672708,0,255,183.0,151.0,217.0,IMG20200717092228.jpg,fully_ripe
13.165382484766077,16.828045144496304,0,172,18.0,0.0,22.0,46.610250793171176,49.57875728948129,0,168,47.0,0.0,86.0,105.32132245555724,101.65652582193255,0,255,132.0,0.0,196.0,IMG20200717092228.jpg,fully_ripe
23.25943380233938,7.045215520843622,0,177,23.0,21.0,24.0,95.45311634740351,37.37344843978488,0,218,92.0,66.0,126.0,188.7116573430525,55.26763163122492,0,255,194.0,169.0,229.0,IMG20200717092238.jpg,fully_ripe
23.38484488896423,10.166704439227832,0,177,23.0,21.0,24.0,93.99886986494886,39.826740928093216,0,219,92.0,64.0,127.0,190.9064135164152,54.747943239200765,0,255,195.0,171.0,232.0,IMG20200717092238.jpg,fully_ripe
23.194903090919365,4.66785319955701,0,177,23.0,22.0,24.0,97.83261569757586,35.86045639471377,29,228,94.0,68.0,127.0,187.62051195117817,55.675777432355304,0,255,193.0,169.0,228.0,IMG20200717092238.jpg,fully_ripe
24.31552240492739,4.793982414411976,0,177,24.0,22.0,27.0,133.80143527151495,35.896732591168,58,255,134.0,104.0,165.0,189.37980448663615,63.39937221138232,0,255,191.0,159.0,255.0,IMG20200717092238.jpg,fully_ripe
21.082488557382607,14.434928771132652,0,172,23.0,20.0,24.0,83.22845680058767,50.13968674827998,0,192,88.0,49.0,125.0,170.01616093123127,80.10050186021373,0,255,189.0,159.0,226.0,IMG20200717092238.jpg,fully_ripe
20.32195802142962,2.2854414425248053,0,177,20.0,19.0,21.0,89.8301898331621,26.033866194232484,38,208,88.0,70.0,106.0,200.52294632809824,48.815635956322964,0,255,204.0,182.0,239.0,IMG20200717092255.jpg,fully_ripe
19.677711727579627,2.584003871987359,0,176,20.0,19.0,21.0,67.1115269827291,19.833774926403887,24,163,68.0,52.0,78.0,205.27155193502617,43.173312725490156,0,255,214.0,196.0,230.0,IMG20200717092255.jpg,fully_ripe
20.48565242917951,12.752473126755284,0,176,20.0,19.0,21.0,83.04520769117863,34.83007173919782,0,171,87.0,66.0,106.0,198.5111796076129,58.8623175719058,0,255,205.0,182.0,244.0,IMG20200717092255.jpg,fully_ripe
15.911615049659964,14.77376455791289,0,177,19.0,0.0,21.0,66.04983120504917,47.70861023062155,0,208,78.0,0.0,103.0,149.83388375165126,95.8453381446547,0,255,187.0,0.0,221.0,IMG20200717092255.jpg,fully_ripe
20.312551983952247,2.2086931090996567,0,177,20.0,19.0,21.0,89.64944468907481,25.92143329572579,35,205,88.0,70.0,106.0,200.4943979646754,48.71829119830648,0,255,204.0,182.0,239.0,IMG20200717092255.jpg,fully_ripe
18.90256921699514,15.173834111752743,0,172,21.0,19.0,22.0,76.88530888402825,45.24833707141205,0,178,91.0,50.0,110.0,164.7023130886136,85.61328792801287,0,255,190.0,157.0,223.0,IMG20200717092258.jpg,fully_ripe
21.119179029205437,1.6477231547066482,0,36,21.0,20.0,22.0,94.08924827453336,24.56775302745547,36,178,96.0,78.0,111.0,197.09020025612838,47.13144045345985,3,255,199.0,176.0,232.0,IMG20200717092258.jpg,fully_ripe
20.94796967258633,16.37712315180981,0,179,20.0,19.0,22.0,77.66059589514603,19.647848751434967,19,153,80.0,66.0,90.0,199.3330348946587,45.78103893694926,2,255,210.0,179.0,233.0,IMG20200717092258.jpg,fully_ripe
35.97750376826048,49.705483717905295,0,179,18.0,14.0,21.0,66.07207860648028,19.29667654236562,4,121,72.0,59.0,80.0,163.15707696317872,51.74819566019713,1,255,163.0,120.0,204.0,IMG20200717092258.jpg,fully_ripe
21.10683726781282,1.6774404641017373,0,60,21.0,20.0,22.0,93.80349513242744,24.625846856477864,0,175,96.0,78.0,111.0,197.04991103505333,46.918403230149394,2,255,199.0,176.0,232.0,IMG20200717092258.jpg,fully_ripe
21.253801197377175,2.2792474982403315,0,177,21.0,20.0,22.0,112.42075691342772,25.964642039544444,52,179,114.0,95.0,133.0,159.2425045139219,41.14639767237748,2,255,165.0,148.0,183.0,IMG20200717092304.jpg,fully_ripe
21.445037061674427,12.014322998966515,0,176,21.0,20.0,23.0,87.18064002660839,34.96117435032411,0,156,94.0,68.0,113.0,185.15734581393139,55.3067078856961,0,255,186.0,168.0,221.0,IMG20200717092304.jpg,fully_ripe
14.443956096170293,16.398627710644956,0,177,19.0,0.0,21.0,56.60307184263043,50.55066125569548,0,157,67.0,0.0,104.0,120.09947258386391,96.60482036025284,0,255,167.0,0.0,192.0,IMG20200717092304.jpg,fully_ripe
21.66690820108334,11.030515613257583,0,177,21.0,20.0,23.0,89.11896559916373,32.73758573288555,0,156,94.0,72.0,114.0,186.44716335645728,51.28412750173856,0,255,186.0,168.0,219.0,IMG20200717092304.jpg,fully_ripe
30.91163403972251,40.40838514012271,0,179,21.0,18.0,22.0,68.22402119167538,19.87554411642854,10,122,72.0,56.0,83.0,189.21283141689634,53.162346865481226,4,255,205.0,151.0,233.0,IMG20200717092304.jpg,fully_ripe
21.221968244605023,12.73947947272483,0,176,21.0,20.0,22.0,82.56005751364106,35.99361167404053,0,196,89.0,63.0,107.0,193.40415622081306,61.29170197981884,0,255,203.0,173.0,240.0,IMG20200717092310.jpg,fully_ripe
21.53997689622966,10.386339003212324,0,176,21.0,21.0,22.0,86.20162955316324,32.49182754778033,0,195,90.0,66.0,108.0,198.30124612888955,51.515015208565956,0,255,203.0,175.0,239.0,IMG20200717092310.jpg,fully_ripe
14.276876566878041,15.88222656981312,0,172,20.0,0.0,22.0,55.482168313424765,51.2315090171603,0,169,61.0,0.0,104.0,120.73987366661751,99.92550492372398,0,255,161.0,0.0,201.0,IMG20200717092310.jpg,fully_ripe
46.22069016369267,58.957729332810274,0,179,19.0,15.0,23.0,59.370680332301035,18.40978999897423,2,135,64.0,48.0,72.0,156.5755419554638,51.604227744802934,5,255,152.0,112.0,199.0,IMG20200717092310.jpg,fully_ripe
27.833038391584328,38.004626885358654,0,179,20.0,16.0,22.0,67.06590719166299,18.574705427149887,8,156,70.0,55.0,80.0,175.97023546182962,49.97697399192528,5,255,183.0,139.0,218.0,IMG20200717092310.jpg,fully_ripe
20.513964831063927,9.536544070607984,0,176,20.0,19.0,21.0,93.91358928634695,34.21542675047597,0,175,98.0,68.0,121.0,199.65793544882317,53.4035972656137,0,255,205.0,186.0,239.0,IMG20200717092316.jpg,fully_ripe
19.087284622742892,3.98170331397909,0,180,20.0,18.0,21.0,89.62632119701927,26.665337280465337,27,220,91.0,70.0,109.0,199.61272836779764,46.28332776917532,3,255,209.0,185.0,230.0,IMG20200717092316.jpg,fully_ripe
20.361101597836484,2.5315132911442992,0,170,20.0,19.0,21.0,98.05189130460455,29.532287891027885,38,227,100.0,73.0,122.0,198.26178301073492,52.10048422303802,3,255,204.0,185.0,236.0,IMG20200717092316.jpg,fully_ripe
15.354405564675178,15.413695697569283,0,174,19.0,0.0,21.0,67.52629403497998,53.67388882046731,0,227,74.0,0.0,115.0,147.39305832752694,102.26056891600687,0,255,195.0,0.0,230.0,IMG20200717092316.jpg,fully_ripe
18.99148529116525,4.584842769612341,0,179,20.0,17.0,21.0,79.67915726820742,23.601581086139362,24,196,81.0,62.0,96.0,197.0177261830249,47.04622427113801,2,255,206.0,177.0,230.0,IMG20200717092316.jpg,fully_ripe
21.25796607676847,7.32866543955875,0,176,21.0,20.0,22.0,98.04837246923869,31.406738615706605,0,227,98.0,78.0,123.0,196.73926417961664,50.42366172848515,0,255,201.0,181.0,231.0,IMG20200717092323.jpg,fully_ripe
21.171613804598266,3.1570217393511952,0,172,21.0,20.0,22.0,121.7330874062454,29.324551303727013,57,253,121.0,100.0,146.0,183.06372861414775,53.170257298875,0,255,191.0,163.0,210.0,IMG20200717092323.jpg,fully_ripe
20.411552036864553,13.449304872269714,0,172,21.0,19.0,22.0,90.05899799009755,42.58963723328335,0,228,97.0,68.0,122.0,184.12809451443698,70.3310514727771,0,255,199.0,177.0,228.0,IMG20200717092323.jpg,fully_ripe
21.63228589636747,11.446304297806213,0,175,21.0,20.0,22.0,95.42460414726212,35.0177990718266,0,227,98.0,76.0,122.0,197.38517819500956,52.990773027126295,0,255,202.0,182.0,234.0,IMG20200717092323.jpg,fully_ripe
23.0872959458797,24.567540319336835,0,179,20.0,18.0,22.0,87.58626648365116,25.192614960523905,18,217,90.0,72.0,104.0,194.05652237854798,50.48573358909521,0,255,208.0,168.0,232.0,IMG20200717092323.jpg,fully_ripe
37.24717878215043,50.66710022461596,0,179,19.0,15.0,22.0,67.3702812625308,21.095167983954003,6,160,72.0,58.0,83.0,161.84340952053617,51.596493826504165,0,255,161.0,122.0,203.0,IMG20200717092329.jpg,fully_ripe
21.43684481869737,9.261238283135345,0,176,21.0,20.0,22.0,90.2923182677436,30.410171584915595,0,211,94.0,74.0,112.0,199.94831872601247,53.67679439981881,0,255,205.0,182.0,243.0,IMG20200717092329.jpg,fully_ripe
11.735074755112562,15.636214183873859,0,172,15.0,0.0,21.0,44.12000916537779,47.71901271899205,0,215,3.0,0.0,91.0,110.30524145042104,111.44872832944846,0,255,81.0,0.0,228.0,IMG20200717092329.jpg,fully_ripe
21.28786160279544,2.5609445877022736,0,172,21.0,20.0,22.0,94.18879532565732,25.413580082454015,38,217,95.0,77.0,112.0,197.60748123961736,53.42722898148773,0,255,203.0,179.0,240.0,IMG20200717092329.jpg,fully_ripe
21.196093257718967,10.180484836152068,0,177,21.0,20.0,22.0,88.62798877241221,32.32724766258568,0,182,94.0,72.0,111.0,198.5081514578679,57.15512202164003,0,255,205.0,182.0,243.0,IMG20200717092329.jpg,fully_ripe
7.9542827470989295,15.651142633596598,0,174,0.0,0.0,19.0,24.269585045378605,38.100769292665746,0,142,0.0,0.0,56.0,73.31432022395809,105.76221618065064,0,255,0.0,0.0,195.0,IMG20200717092335.jpg,fully_ripe
43.868740687226264,55.6372597287228,0,179,20.0,17.0,23.0,66.70896735449496,22.691994918091392,4,112,76.0,55.0,83.0,170.8255294170768,55.44634900506925,0,255,177.0,123.0,219.0,IMG20200717092335.jpg,fully_ripe
21.254831354133742,2.486846650828309,0,55,22.0,20.0,23.0,94.366945861742,27.080157894359182,32,161,98.0,72.0,117.0,185.788899173703,53.89191562374517,0,255,188.0,167.0,223.0,IMG20200717092335.jpg,fully_ripe
20.274834063304287,13.01600708051114,0,177,21.0,19.0,22.0,81.60703481284146,40.751807645073754,0,153,92.0,53.0,115.0,178.87745518580394,71.24285558312734,0,255,189.0,164.0,231.0,IMG20200717092335.jpg,fully_ripe
20.2213956743577,13.101824981202757,0,177,21.0,19.0,22.0,81.36684426784666,40.88461643906299,0,153,92.0,53.0,115.0,178.18038560527384,71.88555550797251,0,255,189.0,164.0,231.0,IMG20200717092335.jpg,fully_ripe
21.143139203262315,12.309592396250707,0,177,21.0,19.0,22.0,85.34453033255475,38.99502387380012,0,219,88.0,59.0,117.0,184.70624975803642,60.64603551522775,0,255,186.0,164.0,233.0,IMG20200717092348.jpg,fully_ripe
21.218154366313506,7.612592847734014,0,177,21.0,20.0,22.0,89.67791098321095,33.503075272366594,0,218,89.0,64.0,117.0,184.5924688028287,53.925701095649245,0,255,183.0,163.0,226.0,IMG20200717092348.jpg,fully_ripe
21.123343356002632,2.560771310595692,0,120,21.0,20.0,22.0,120.37661147746189,25.68971392581865,72,227,118.0,99.0,142.0,123.74794492263618,39.23058487708153,0,229,128.0,108.0,148.0,IMG20200717092348.jpg,fully_ripe
21.154663122169026,2.5857813166672323,0,120,21.0,20.0,22.0,105.50340039488457,35.02333886597738,40,251,103.0,76.0,135.0,193.4325405530965,54.75132916084589,0,255,202.0,174.0,236.0,IMG20200717092348.jpg,fully_ripe
21.133602611916224,2.558817115990421,0,120,21.0,20.0,22.0,92.0055232220516,30.946243227266855,34,221,90.0,66.0,118.0,181.8503439109058,54.11750915536271,0,255,181.0,162.0,220.0,IMG20200717092348.jpg,fully_ripe
21.926863026005876,3.063785045130684,0,90,22.0,20.0,23.0,131.68848796833646,29.020505320660817,68,255,137.0,108.0,156.0,181.54505499842168,59.77518549265336,0,255,183.0,152.0,231.0,IMG20200717092355.jpg,fully_ripe
21.643287278731517,12.079941989290104,0,177,21.0,20.0,22.0,86.7784644149285,36.29203194830625,0,212,96.0,64.0,114.0,182.48272345385232,58.63410439108901,0,255,186.0,168.0,217.0,IMG20200717092355.jpg,fully_ripe
22.077228468057207,3.2306079447110236,0,75,22.0,20.0,23.0,139.41620328776438,27.83812775769567,78,255,145.0,117.0,163.0,181.24644877740815,65.01704217145686,0,255,182.0,142.0,245.0,IMG20200717092355.jpg,fully_ripe
21.656581599203555,2.9204170127213196,0,96,22.0,20.0,23.0,93.11346914989194,27.24861136331032,36,214,96.0,71.0,114.0,183.4288541388437,51.42628586343245,0,255,186.0,168.0,212.0,IMG20200717092355.jpg,fully_ripe
21.97488041182041,13.970962176207998,0,175,21.0,20.0,22.0,86.64020348201927,36.722586875609345,0,210,95.0,66.0,114.0,183.76223198892748,58.222790837332205,0,255,187.0,170.0,217.0,IMG20200717092355.jpg,fully_ripe
22.349348355472873,11.64880505233349,0,175,22.0,21.0,24.0,89.84945809512861,40.47863524003253,0,230,95.0,67.0,120.0,169.3214640315214,72.40659922512087,0,255,181.0,160.0,216.0,IMG20200717092414.jpg,fully_ripe
23.582142745163615,6.9967695113091555,0,170,22.0,22.0,24.0,101.83528600244563,32.20090297290668,34,243,102.0,78.0,125.0,173.87028772692594,67.0806590098184,0,255,187.0,163.0,219.0,IMG20200717092414.jpg,fully_ripe
14.31576802081918,16.105715668738053,0,172,21.0,0.0,22.0,56.27259330483586,54.22222426863889,0,207,55.0,0.0,110.0,109.06510174433795,100.95344767897578,0,255,155.0,0.0,194.0,IMG20200717092414.jpg,fully_ripe
23.639813547099216,6.972974940005452,0,165,23.0,22.0,24.0,114.7152830760548,31.998063778149223,46,254,116.0,90.0,138.0,160.98959040979923,62.946589193746014,0,255,178.0,145.0,204.0,IMG20200717092414.jpg,fully_ripe
23.636709482551396,6.974099077192596,0,165,23.0,22.0,24.0,99.5594945704999,31.113245511006543,34,235,100.0,76.0,122.0,169.28813453036653,66.52426694845467,0,255,180.0,158.0,210.0,IMG20200717092414.jpg,fully_ripe
25.37402309109425,12.653397471826615,0,170,23.0,21.0,24.0,126.62073621457097,26.050267947745716,78,251,124.0,106.0,146.0,115.04462599979404,56.87749907079343,0,255,119.0,90.0,144.0,IMG20200717092418.jpg,fully_ripe
9.795635806071424,17.55421321782584,0,172,0.0,0.0,21.0,29.213541130296477,42.400352615100886,0,158,0.0,0.0,62.0,68.06372363919307,96.07578625769447,0,255,0.0,0.0,166.0,IMG20200717092418.jpg,fully_ripe
23.068232009428673,15.574764010261926,0,174,22.0,21.0,24.0,75.98947284107423,39.09850248574789,0,221,78.0,54.0,105.0,164.63592049706497,71.84829642933218,0,255,174.0,150.0,211.0,IMG20200717092418.jpg,fully_ripe
24.691245294245533,13.016100663214857,0,174,22.0,21.0,24.0,82.87789639902509,30.33005197529835,26,237,79.0,61.0,104.0,177.20849495955053,67.08687531331701,0,255,195.0,167.0,221.0,IMG20200717092418.jpg,fully_ripe
25.383955236689438,12.700807446359063,0,172,23.0,21.0,24.0,86.88745094000663,28.90420601164938,33,224,84.0,64.0,108.0,160.75225704575882,67.67990020160379,0,255,171.0,146.0,201.0,IMG20200717092418.jpg,fully_ripe
21.961054531072328,8.439872721797117,0,176,22.0,20.0,23.0,93.56502447224007,33.866429886346054,0,221,96.0,68.0,119.0,183.61189251989916,54.81133748257725,0,255,184.0,165.0,220.0,IMG20200717092424.jpg,fully_ripe
44.42705294902853,55.706759883195076,0,179,21.0,17.0,24.0,67.97956938745241,23.49003180622887,5,181,74.0,52.0,84.0,164.76552380481536,60.33848229892431,0,255,177.0,112.0,217.0,IMG20200717092424.jpg,fully_ripe
19.289625253374204,16.07637004565496,0,172,21.0,19.0,23.0,77.9166584268552,49.4716024612974,0,227,90.0,48.0,117.0,153.02059128887132,85.38865496645722,0,255,177.0,136.0,209.0,IMG20200717092424.jpg,fully_ripe
22.086802293963515,12.400333562098096,0,176,22.0,20.0,23.0,91.08502249468532,38.0745126560328,0,221,96.0,67.0,119.0,182.7941983487418,59.50998033015427,0,255,184.0,165.0,223.0,IMG20200717092424.jpg,fully_ripe
20.510629356800315,5.330283567446744,0,179,21.0,19.0,23.0,90.01312601967668,29.27020914470522,22,232,91.0,66.0,109.0,191.13409057200772,51.10526307842305,0,255,203.0,172.0,226.0,IMG20200717092424.jpg,fully_ripe
23.74803207443227,5.104030091033721,0,177,23.0,22.0,25.0,115.8140172614311,24.13127838388218,58,236,116.0,100.0,132.0,136.20373385566506,40.402549538314844,0,208,146.0,124.0,163.0,IMG20200717092429.jpg,fully_ripe
24.100801860806758,13.370659531141538,0,175,23.0,22.0,25.0,87.9473097875987,34.45322989427601,0,217,94.0,72.0,111.0,180.17325090285854,57.10271178651328,0,255,183.0,158.0,219.0,IMG20200717092429.jpg,fully_ripe
23.75197404664259,5.1314948728516905,0,176,23.0,22.0,25.0,125.25133133378222,24.064656069846972,68,245,126.0,110.0,142.0,134.28324661810615,43.13053358561113,0,230,143.0,117.0,161.0,IMG20200717092429.jpg,fully_ripe
23.24014200893677,15.836465086087768,0,175,23.0,22.0,25.0,83.1981759196915,39.47851812387557,0,217,92.0,67.0,110.0,172.70693517781723,68.65785640777494,0,255,182.0,155.0,218.0,IMG20200717092429.jpg,fully_ripe
18.872461284201506,16.011821282508535,0,176,22.0,0.0,25.0,66.68742119116116,48.91466348064795,0,225,80.0,0.0,108.0,132.89633347615842,88.84151556740436,0,255,163.0,0.0,195.0,IMG20200717092429.jpg,fully_ripe
26.740970533890888,28.944513358420426,0,179,22.0,20.0,23.0,78.2901682388408,27.435657040694135,12,206,81.0,61.0,96.0,176.4049499173393,66.94216933740279,0,255,199.0,135.0,231.0,IMG20200717092448.jpg,fully_ripe
23.17353885053,10.980427008758966,0,176,23.0,22.0,24.0,93.23453272391326,36.48119691073001,0,227,96.0,71.0,119.0,177.80812992317416,63.32383934830716,0,255,189.0,162.0,218.0,IMG20200717092448.jpg,fully_ripe
10.914840027229408,15.994922020129234,0,172,0.0,0.0,22.0,37.351765049110185,47.35735681935101,0,221,0.0,0.0,84.0,83.53797529903724,101.4461561736875,0,255,0.0,0.0,187.0,IMG20200717092448.jpg,fully_ripe
22.23813089565302,5.542603192398156,0,179,22.0,21.0,23.0,85.06286103277253,29.043778413568365,20,217,86.0,65.0,104.0,186.46262763784887,62.35605178476821,0,255,205.0,174.0,228.0,IMG20200717092448.jpg,fully_ripe
22.03957988913741,12.055522831811743,0,175,23.0,21.0,23.0,87.30900515413789,41.00100358129086,0,222,94.0,63.0,118.0,175.70709909559466,71.57768915743068,0,255,191.0,163.0,222.0,IMG20200717092448.jpg,fully_ripe
20.84798349313318,6.981649418979378,0,179,21.0,20.0,22.0,91.14817373855925,31.40142987672936,20,230,96.0,67.0,113.0,194.01589164529167,55.5240072123931,0,255,209.0,181.0,231.0,IMG20200717092454.jpg,fully_ripe
21.7461501329825,5.206390942392126,0,172,22.0,21.0,22.0,97.6157894238687,30.570495919606298,0,221,103.0,73.0,120.0,173.7538451345442,56.056121089809565,0,255,180.0,160.0,205.0,IMG20200717092454.jpg,fully_ripe
21.717897267469926,5.243679123304083,0,177,22.0,21.0,22.0,97.41876709605974,30.75405461677014,0,222,103.0,72.0,120.0,174.00280162418483,55.946337211227366,0,255,180.0,161.0,205.0,IMG20200717092454.jpg,fully_ripe
21.7926703453759,5.314016974828646,0,172,22.0,21.0,22.0,98.02522408261005,30.507288771466776,34,222,103.0,73.0,121.0,173.63807937304193,56.273500428978046,0,255,180.0,160.0,205.0,IMG20200717092454.jpg,fully_ripe
25.756892847339877,29.877085140449655,0,180,21.0,19.0,22.0,76.99576916888304,27.44164052008645,13,201,82.0,58.0,96.0,189.0575090153616,59.56151924712807,0,253,211.0,150.0,235.0,IMG20200717092454.jpg,fully_ripe
22.36393851662794,5.291793356365125,0,178,22.0,21.0,22.0,132.40617500285703,30.218535465534494,57,255,136.0,111.0,156.0,192.98181974020036,66.78203258036956,0,255,210.0,170.0,252.0,IMG20200717092458.jpg,fully_ripe
20.920660165327035,11.908515068324133,0,176,21.0,21.0,22.0,89.2363243305017,39.59351221829146,0,208,96.0,69.0,117.0,181.5975200944726,66.67469787335884,0,255,190.0,165.0,230.0,IMG20200717092458.jpg,fully_ripe
20.693506914022322,12.776315959065313,0,174,21.0,20.0,22.0,87.05955963582339,41.40754787118323,0,210,95.0,66.0,116.0,170.33808235876728,76.23011040872873,0,255,185.0,156.0,224.0,IMG20200717092458.jpg,fully_ripe
29.527065635594834,39.232604187569045,0,179,20.0,16.0,21.0,66.66797455335035,20.33915190918771,6,158,71.0,57.0,80.0,168.25167612662375,62.737202005777334,0,255,180.0,123.0,222.0,IMG20200717092458.jpg,fully_ripe
21.399260980534073,13.604547925761208,0,177,21.0,21.0,22.0,89.22295341129862,40.16053238646381,0,209,96.0,69.0,117.0,180.33712049064798,66.73177316716395,0,255,189.0,164.0,228.0,IMG20200717092458.jpg,fully_ripe
21.497527135441246,13.330331330642345,0,177,21.0,20.0,22.0,90.14582350165172,42.34161627051145,0,229,94.0,66.0,121.0,175.2491363850873,71.89957889951184,0,255,186.0,157.0,227.0,IMG20200717092504.jpg,fully_ripe
22.320821142048135,6.612895126874713,0,177,21.0,21.0,22.0,99.21532798489854,32.43104384801322,30,230,98.0,73.0,123.0,179.3626616328457,61.110842832883165,0,255,185.0,158.0,222.0,IMG20200717092504.jpg,fully_ripe
21.71772534214252,14.79057038346126,0,176,21.0,20.0,22.0,88.0375176970269,43.12126407530443,0,225,93.0,64.0,120.0,178.68007550731477,69.15858446351153,0,255,188.0,159.0,230.0,IMG20200717092504.jpg,fully_ripe
22.3433978291647,6.610260701984247,0,177,21.0,21.0,22.0,106.28739971684757,33.415552620715765,34,241,105.0,79.0,131.0,177.67561113732893,59.329668717904525,0,255,188.0,156.0,223.0,IMG20200717092504.jpg,fully_ripe
23.360424728645587,6.118625554612525,0,177,23.0,21.0,25.0,144.56409627182634,31.44980828214463,68,255,148.0,119.0,170.0,184.92987258140633,69.22832219676525,0,255,182.0,152.0,255.0,IMG20200717092504.jpg,fully_ripe
22.249671950916763,12.823943101371668,0,176,23.0,21.0,24.0,84.57262297407526,38.00793979517985,0,226,92.0,63.0,110.0,185.9988296627301,67.95945206459761,0,255,198.0,168.0,239.0,IMG20200717092509.jpg,fully_ripe
22.529506685108345,5.703409105772714,0,177,23.0,21.0,24.0,94.019053445402,30.46051859404696,29,237,96.0,72.0,112.0,186.99658651629605,60.489271886725945,0,255,197.0,166.0,234.0,IMG20200717092509.jpg,fully_ripe
22.866413093591518,19.465807733770045,0,179,22.0,19.0,23.0,83.41939745362981,29.031829317882686,18,229,85.0,64.0,102.0,182.0857272050218,58.24469182835956,0,255,195.0,155.0,228.0,IMG20200717092509.jpg,fully_ripe
20.437156435081747,13.223567210313679,0,172,22.0,20.0,24.0,80.00069156293223,42.54164933028637,0,228,90.0,56.0,110.0,174.02694435578252,80.52806063169457,0,255,195.0,155.0,237.0,IMG20200717092509.jpg,fully_ripe
22.306513104230948,12.484710135084752,0,177,23.0,21.0,24.0,85.097288718658,37.54348915773241,0,226,92.0,63.0,110.0,186.54863106004186,66.98252538625181,0,255,198.0,168.0,239.0,IMG20200717092509.jpg,fully_ripe
24.559808470727614,5.505319392732537,0,177,24.0,23.0,25.0,97.64467370915195,31.809447593127732,30,236,98.0,76.0,119.0,184.33979662355614,64.9469066999993,0,255,195.0,166.0,234.0,IMG20200717092518.jpg,fully_ripe
24.40087866521868,16.51395665362401,0,179,23.0,21.0,24.0,72.09552769276335,24.458657814514662,15,191,74.0,55.0,88.0,173.74741830387995,64.91844941188675,0,255,188.0,143.0,226.0,IMG20200717092518.jpg,fully_ripe
21.413969789712706,15.385574194805205,0,172,24.0,22.0,25.0,77.69610030605193,47.83113265497239,0,236,86.0,49.0,112.0,157.863569947675,92.38210459720291,0,255,191.0,80.0,232.0,IMG20200717092518.jpg,fully_ripe
23.489001875802153,14.525443562692235,0,175,24.0,23.0,25.0,84.44359759107513,43.48232957444928,0,232,92.0,60.0,116.0,181.57854674696415,76.70151779004819,0,255,198.0,169.0,241.0,IMG20200717092518.jpg,fully_ripe
24.830022707078683,9.763007959865798,0,177,24.0,23.0,25.0,93.98257478527002,34.55845743660773,0,234,96.0,72.0,118.0,186.67213940171783,64.09201884807216,0,255,196.0,169.0,237.0,IMG20200717092518.jpg,fully_ripe
24.60582151076044,12.757868545970029,0,174,24.0,23.0,26.0,89.40142798135363,39.140071696010125,0,237,91.0,66.0,116.0,199.09250689123232,64.52398065594352,0,255,217.0,179.0,248.0,IMG20200717092542.jpg,fully_ripe
24.39422063744953,4.113871450238812,0,172,24.0,23.0,26.0,95.8600257947045,32.056484691780135,31,239,94.0,72.0,118.0,200.45997184499575,57.776188562420714,0,255,214.0,178.0,247.0,IMG20200717092542.jpg,fully_ripe
24.385302076220825,3.9872769405916126,0,174,24.0,23.0,26.0,97.05365467128611,27.37614595079965,41,219,95.0,76.0,116.0,163.09431926426086,46.244214292728344,0,221,175.0,148.0,194.0,IMG20200717092542.jpg,fully_ripe
24.423479924807594,6.926846850121895,0,177,24.0,23.0,26.0,93.7681005487697,33.514256045286594,0,237,92.0,70.0,117.0,202.18256918628666,56.984716704674476,0,255,216.0,180.0,247.0,IMG20200717092542.jpg,fully_ripe
22.01251801835976,14.354581280867166,0,172,24.0,21.0,26.0,78.09897242664104,46.35002210732091,0,239,84.0,50.0,110.0,180.32253496194016,87.54093401123703,0,255,213.0,165.0,247.0,IMG20200717092542.jpg,fully_ripe
18.572665184243963,14.689923287766954,0,174,22.0,17.0,23.0,69.7196712198221,47.4944768468845,0,213,80.0,25.0,110.0,142.1088786531131,89.50976869491703,0,255,169.0,38.75,204.0,IMG20200717092548.jpg,fully_ripe
22.941272236340534,5.009495992291993,0,172,23.0,21.0,24.0,71.94139930114358,21.897857741010057,22,175,72.0,56.0,88.0,187.8201159466328,50.120967110362535,0,255,195.0,174.0,218.0,IMG20200717092548.jpg,fully_ripe
23.187809720457434,5.057452236567934,0,172,23.0,21.0,24.0,93.12098157560355,27.39584830773261,29,213,95.0,72.0,114.0,178.02623888182973,53.364184544319286,0,255,179.0,158.0,209.0,IMG20200717092548.jpg,fully_ripe
23.544766518424396,12.042372000765695,0,174,23.0,21.0,24.0,87.8876747141042,34.35752989948212,0,211,93.0,67.0,113.0,179.48542725540025,55.39369170329313,0,255,180.0,159.0,213.0,IMG20200717092548.jpg,fully_ripe
22.7983958068615,14.20775243730795,0,174,23.0,21.0,24.0,84.05167566709022,39.36724679586023,0,211,92.0,63.0,113.0,173.96407242693775,65.4522008258332,0,255,179.0,157.0,215.0,IMG20200717092548.jpg,fully_ripe
22.535524309673047,2.149644733549706,6,36,22.0,21.0,24.0,87.05886837201423,24.70525743130117,30,177,88.0,68.0,106.0,198.1377519905133,52.57986388876341,4,255,204.0,173.0,242.0,IMG20200717092555.jpg,fully_ripe
22.57478400813146,2.1815815560398195,6,37,22.0,21.0,24.0,122.68666779603592,26.872396156808595,60,222,123.0,102.0,144.0,174.64566322209046,49.246874868456544,3,255,179.0,156.0,199.0,IMG20200717092555.jpg,fully_ripe
23.097120108419446,12.191299604557527,0,175,22.0,21.0,24.0,81.87967135354904,31.619987134838034,0,161,85.0,64.0,105.0,197.73774352024395,58.49954282193161,0,255,207.0,175.0,245.0,IMG20200717092555.jpg,fully_ripe
22.522844316449262,2.1580946291218144,6,36,22.0,21.0,24.0,111.57223445705573,24.294287924413002,55,200,112.0,94.0,130.0,157.02758766728783,38.90693047415349,3,241,167.0,146.0,181.0,IMG20200717092555.jpg,fully_ripe
22.116559376588175,14.47233015277708,0,176,22.0,21.0,24.0,77.16396747416567,36.90653109205949,0,165,82.0,60.0,104.0,186.99331695747924,72.7826508284899,0,255,203.0,169.0,243.0,IMG20200717092555.jpg,fully_ripe
23.916997376740433,11.68877244519298,0,176,23.0,21.0,26.0,82.58275879464586,34.160628734981586,0,249,80.0,62.0,106.0,201.91982242550614,65.97861932984281,0,255,224.0,182.0,252.0,IMG20200717092609.jpg,fully_ripe
23.71797437277191,3.7077829388373496,0,38,23.0,22.0,26.0,133.2779225802112,26.714603873329125,81,255,130.0,112.0,154.0,150.08963644312908,62.415828125087444,0,255,142.0,119.0,192.0,IMG20200717092609.jpg,fully_ripe
23.685578798681643,3.923153569147689,0,165,23.0,22.0,26.0,88.77588787246923,29.907196441065665,32,250,84.0,66.0,110.0,201.11740768144213,63.10891049849452,0,255,220.0,179.0,252.0,IMG20200717092609.jpg,fully_ripe
23.49066724961324,12.91901058145601,0,174,23.0,21.0,26.0,79.14240431828883,36.20913478579227,0,227,78.0,60.0,105.0,198.45426111522164,72.9071486235166,0,255,224.0,181.0,255.0,IMG20200717092609.jpg,fully_ripe
24.213324813344993,14.386519637827611,0,177,23.0,22.0,26.0,80.48981805340688,36.151067867925825,0,241,79.0,61.0,106.0,200.02586264881953,70.05277359273276,0,255,224.0,182.0,252.0,IMG20200717092609.jpg,fully_ripe
24.487080700672934,10.686627716848058,0,177,24.0,22.0,26.0,89.85936028492662,37.54386106499636,0,234,91.0,64.0,117.0,198.20484238283592,59.97222327978193,0,255,211.0,173.0,247.0,IMG20200717092613.jpg,fully_ripe
24.43631102207154,3.831302847107172,0,165,25.0,22.0,27.0,118.52774781253746,33.413085434603744,49,255,118.0,92.0,145.0,180.29875344600265,57.39845193502256,0,255,188.0,157.0,213.0,IMG20200717092613.jpg,fully_ripe
24.451798770568995,3.9062895026856808,0,165,25.0,23.0,27.0,136.323068098149,29.012737304847207,76,255,136.0,114.0,159.0,154.80684406088938,64.13511413088449,0,255,143.0,117.0,205.0,IMG20200717092613.jpg,fully_ripe
22.432184380404443,13.514205509622162,0,172,24.0,22.0,26.0,83.49583055084673,45.04744663112925,0,233,90.0,58.0,117.0,178.74919950000856,80.73611104583652,0,255,202.0,160.0,242.0,IMG20200717092613.jpg,fully_ripe
24.416414102498244,11.028603529491448,0,175,24.0,22.0,26.0,89.29046591667951,38.1775743841881,0,235,90.0,63.0,117.0,198.04737076419923,60.86982127751669,0,255,212.0,173.0,247.0,IMG20200717092613.jpg,fully_ripe
21.986871491519285,13.863669160146774,0,176,22.0,20.0,23.0,83.33790064586226,37.457056099215194,0,217,88.0,63.0,112.0,196.00247479929982,69.27705935887728,0,255,209.0,186.0,249.0,IMG20200717092630.jpg,fully_ripe
45.51796744532303,57.41334313626511,0,180,20.0,15.0,29.0,72.22536769883905,24.008977707751793,5,176,78.0,59.0,90.0,146.63010804611577,55.62895170798936,3,255,144.0,101.0,194.0,IMG20200717092630.jpg,fully_ripe
22.45273736946943,3.4680235265868387,5,82,22.0,21.0,23.0,91.43074586024426,26.835611691801635,38,220,90.0,69.0,112.0,200.88131023520654,57.28931549325994,3,255,208.0,186.0,248.0,IMG20200717092630.jpg,fully_ripe
21.913714009778474,13.85689032355616,0,176,22.0,20.0,23.0,83.15446369288344,37.67785711431344,0,218,88.0,62.0,112.0,195.56102492907587,69.86670562885637,0,255,209.0,186.0,249.0,IMG20200717092630.jpg,fully_ripe
22.404508963602343,3.5073758092809157,5,82,22.0,21.0,23.0,93.60939417717954,27.6428014830386,39,227,92.0,70.0,115.0,204.2051568378906,56.41867414057954,3,255,216.0,191.0,247.0,IMG20200717092630.jpg,fully_ripe
22.898013412628117,3.7747113250423365,0,177,23.0,22.0,24.0,109.11095997300603,28.749963345065556,49,178,108.0,86.0,130.0,179.20945632460248,51.722171299337454,0,255,190.0,165.0,215.0,IMG20200717092703.jpg,fully_ripe
22.392266649795435,4.045520395834529,0,177,23.0,21.0,24.0,85.00191910245054,24.162942633925837,29,151,82.0,68.0,100.0,190.48533257412797,50.802430947222526,0,255,201.0,176.0,220.0,IMG20200717092703.jpg,fully_ripe
21.449839723311822,13.481466176756928,0,177,23.0,21.0,24.0,83.38754270530178,42.07484078441096,0,164,90.0,62.0,113.0,176.17008309080938,76.15377682077457,0,255,187.0,162.0,238.0,IMG20200717092703.jpg,fully_ripe
22.11869964992197,14.337561845691672,0,176,23.0,21.0,24.0,84.02522248935004,41.22966034941607,0,164,90.0,63.0,113.0,183.47747690750347,70.53461999091058,0,255,191.0,165.0,242.0,IMG20200717092703.jpg,fully_ripe
22.903623096714327,3.7739479749406195,0,177,23.0,22.0,24.0,94.71955797376523,27.453576505072807,38,164,94.0,72.0,114.0,189.19159390948585,57.73804607023016,0,255,191.0,166.0,238.0,IMG20200717092703.jpg,fully_ripe
21.007766889614768,10.317223445662364,0,176,21.0,19.0,22.0,87.00786021672629,33.83920757226204,0,193,94.0,66.0,113.0,186.60994452221703,57.56326643253478,0,255,190.0,175.0,219.0,IMG20200717092708.jpg,fully_ripe
21.626660444859233,3.5266712683257735,0,165,21.0,20.0,22.0,92.90747135376161,25.008764236955237,38,200,96.0,72.0,113.0,188.60248872297402,50.37715541964951,0,255,190.0,175.0,217.0,IMG20200717092708.jpg,fully_ripe
21.629823196972055,3.5418546065410075,0,165,21.0,20.0,22.0,92.48946959091616,23.878607563446266,40,195,96.0,72.0,112.0,179.9726551563229,47.259585900614496,0,244,183.0,168.0,207.0,IMG20200717092708.jpg,fully_ripe
17.202022087416395,14.098762150056706,0,172,20.0,17.0,22.0,70.1460672992171,46.16543955562496,0,150,82.0,7.0,110.0,149.0255923679162,88.88025275321952,0,255,182.0,65.0,205.0,IMG20200717092708.jpg,fully_ripe
21.565023072535904,3.5793127093608,0,165,21.0,20.0,22.0,85.12081713070981,23.288851086937555,34,187,88.0,66.0,104.0,193.5829315082698,49.611891708367644,0,255,197.0,180.0,230.0,IMG20200717092708.jpg,fully_ripe
23.672454856450006,4.605466452598848,0,174,24.0,23.0,25.0,91.29331399125276,29.230245920338604,0,229,90.0,71.0,114.0,196.18161347594508,57.013229599951515,0,255,202.0,175.0,246.0,IMG20200717092723.jpg,fully_ripe
23.91574286580349,3.117485511983464,0,165,24.0,23.0,26.0,117.60876672584766,29.798313116080845,50,255,117.0,96.0,142.0,185.08320703243407,57.43787473302726,0,255,201.0,162.0,218.0,IMG20200717092723.jpg,fully_ripe
23.790813233447366,3.0150082951119117,0,165,24.0,23.0,25.0,92.66237604468887,28.042956174461114,31,231,92.0,72.0,115.0,194.86403888624258,58.04850627654123,0,255,201.0,174.0,245.0,IMG20200717092723.jpg,fully_ripe
23.65533928030139,9.48280620982391,0,172,24.0,22.0,25.0,87.2395639371238,34.03694486121801,0,227,89.0,67.0,113.0,192.70639371238036,65.06145728600858,0,255,203.0,174.0,247.0,IMG20200717092723.jpg,fully_ripe
23.79244792794353,3.0251955364148078,0,165,24.0,23.0,25.0,97.34833066297146,25.23366789462508,42,222,96.0,79.0,117.0,164.3324817044126,47.69165035331483,0,223,174.0,151.0,198.0,IMG20200717092723.jpg,fully_ripe
22.797935621069104,11.63182147810844,0,176,22.0,21.0,23.0,83.49381589110351,32.860019664210114,0,178,86.0,66.0,107.0,193.04445737328345,61.476612585476104,0,255,203.0,169.0,243.0,IMG20200717092728.jpg,fully_ripe
21.17517127925289,12.98840709559282,0,172,22.0,21.0,23.0,76.16244194561195,39.113434314181916,0,207,82.0,54.0,105.0,176.23124454564604,78.35001737160802,0,255,194.0,157.0,239.0,IMG20200717092728.jpg,fully_ripe
26.8488128316498,31.819570580733608,0,179,21.0,18.0,23.0,82.67010061088764,25.261913432756565,15,205,90.0,66.0,99.0,172.07029721840487,56.37928467913024,0,255,178.0,137.0,219.0,IMG20200717092728.jpg,fully_ripe
22.648453722000983,2.813452689483794,0,120,22.0,22.0,24.0,88.51187168350202,26.18709486685577,33,207,88.0,70.0,108.0,190.83332497417018,59.04916620689553,0,255,199.0,166.0,239.0,IMG20200717092728.jpg,fully_ripe
22.671595229258408,7.061755226397936,0,176,22.0,21.0,24.0,86.39764873458988,28.675212145066485,0,200,87.0,68.0,107.0,193.18193217040655,58.13872942028699,0,255,201.0,168.0,241.0,IMG20200717092728.jpg,fully_ripe
23.69816720726383,3.1293864456113627,0,170,23.0,22.0,25.0,103.97518490667684,29.80416598418382,42,240,103.0,82.0,128.0,183.05279520533338,48.5672263008626,0,255,192.0,167.0,216.0,IMG20200717092746.jpg,fully_ripe
22.832355020819538,10.167778970270424,0,176,23.0,22.0,25.0,78.76825778067094,34.645179379909415,0,153,83.0,58.0,106.0,188.333247286726,62.69050887174081,0,255,194.0,169.0,237.0,IMG20200717092746.jpg,fully_ripe
24.012547840043098,12.970711291700246,0,174,23.0,22.0,25.0,79.99867563047846,34.27964042832585,0,205,84.0,62.0,106.0,188.99649827719728,60.67514762758846,0,255,193.0,169.0,237.0,IMG20200717092746.jpg,fully_ripe
23.660568581016623,3.145719253213341,0,165,23.0,22.0,25.0,126.98618390778796,26.37513360587927,72,248,126.0,107.0,148.0,148.86763038866877,51.83112841875391,0,255,149.0,119.0,181.0,IMG20200717092746.jpg,fully_ripe
17.110405279520535,15.274330280792068,0,165,23.0,0.0,25.0,57.08196500521891,47.24523937231048,0,207,63.0,0.0,100.0,134.31743341676113,98.91879470385554,0,255,172.0,0.0,213.0,IMG20200717092746.jpg,fully_ripe
24.291843434881788,7.282921024623907,0,165,23.0,22.0,24.0,118.00087406996823,22.843091977484168,58,215,119.0,102.0,134.0,140.19805146353423,47.349215609728326,0,252,148.0,130.0,169.0,IMG20200717092801.jpg,fully_ripe
23.514859189459994,12.649532314327951,0,172,23.0,22.0,24.0,82.09261943846334,33.21944558390189,0,180,88.0,68.0,104.0,177.91372289850128,62.48561636975913,0,255,184.0,157.0,220.0,IMG20200717092801.jpg,fully_ripe
24.123851450742958,7.352944269770231,0,165,23.0,22.0,24.0,77.65228004349031,20.25589329873045,25,169,78.0,64.0,92.0,184.3388620035389,59.44041033367087,0,255,200.0,169.0,222.0,IMG20200717092801.jpg,fully_ripe
13.003101882448249,16.388828097675688,0,165,20.0,0.0,22.0,42.67892851813162,45.332776560368956,0,151,22.0,0.0,86.0,99.9608693798367,103.07478134901393,0,255,52.0,0.0,198.0,IMG20200717092801.jpg,fully_ripe
24.310710554927837,7.280963527827872,0,165,23.0,22.0,24.0,89.86193958257829,22.655792749754962,30,186,90.0,74.0,106.0,173.19071780331294,60.32293528310953,0,255,180.0,153.0,211.0,IMG20200717092801.jpg,fully_ripe
23.760664993726476,5.498738719500007,0,120,23.0,22.0,24.0,93.4682984579269,24.106813969781115,35,183,94.0,76.0,111.0,181.98002590359008,58.277867124034564,0,255,185.0,160.0,223.0,IMG20200717092805.jpg,fully_ripe
23.760240012951794,5.534907718794251,0,120,23.0,22.0,24.0,98.17490994455012,22.166491976012583,44,180,100.0,82.0,114.0,157.3378293601004,48.13506199914209,0,223,164.0,143.0,189.0,IMG20200717092805.jpg,fully_ripe
17.53016351641235,16.237530461891232,0,172,22.0,0.0,23.0,64.76271906747075,49.79294398236331,0,183,79.0,0.0,107.0,133.08585623507508,95.18849224583394,0,255,165.0,0.0,202.0,IMG20200717092805.jpg,fully_ripe
22.542801635164125,6.726144831593854,0,179,22.0,21.0,23.0,89.6548245436516,22.18104519250904,22,187,90.0,77.0,103.0,190.43522078763104,55.794165762480226,0,253,203.0,172.0,230.0,IMG20200717092805.jpg,fully_ripe
23.180414457441213,14.245472706650746,0,177,23.0,22.0,24.0,84.85080139231796,36.324701268336376,0,172,92.0,69.0,110.0,179.11030274820902,68.1019554532902,0,255,187.0,160.0,229.0,IMG20200717092805.jpg,fully_ripe
23.39276917296372,9.1019115045813,0,174,22.0,21.0,24.0,92.31721496263516,31.346007097512402,0,233,94.0,72.0,114.0,181.5459650148207,55.969379276790065,0,255,184.0,161.0,219.0,IMG20200717092809.jpg,fully_ripe
23.440957291362253,5.317256066403309,0,177,22.0,21.0,24.0,95.41474971819814,27.759354287636455,32,237,96.0,74.0,115.0,179.84965348808083,56.23690236640628,0,255,183.0,160.0,217.0,IMG20200717092809.jpg,fully_ripe
22.54224940508496,5.830173192168179,0,176,22.0,21.0,23.0,64.11877426627144,18.871863986697765,16,175,63.0,52.0,76.0,188.09472717404918,53.23868477950013,0,255,198.0,169.0,226.0,IMG20200717092809.jpg,fully_ripe
23.567799440571118,9.897792387559274,0,175,22.0,21.0,24.0,92.05502442282804,31.842822221145894,0,235,94.0,72.0,114.0,182.78367010395357,55.87080147016132,0,255,185.0,162.0,221.0,IMG20200717092809.jpg,fully_ripe
19.042969565398906,15.781838382355538,0,172,22.0,20.0,23.0,74.4735732476099,49.14349075581207,0,171,87.0,3.0,113.0,145.23845656076483,88.48783857867758,0,255,174.0,64.0,205.0,IMG20200717092809.jpg,fully_ripe
21.63774119486102,3.6175701233594912,0,177,22.0,21.0,22.0,144.91723902105417,24.01411011376802,82,231,150.0,130.0,162.0,173.94009086024133,50.61916151857982,0,255,177.0,137.0,213.0,IMG20200717092830.jpg,fully_ripe
21.563499584778466,3.5821244803289916,0,177,22.0,21.0,22.0,101.70799667822774,25.327360411821537,36,191,106.0,86.0,119.0,184.9919788969762,37.97113903848,0,255,181.0,166.0,205.0,IMG20200717092830.jpg,fully_ripe
18.68362073176689,15.315447108473487,0,178,21.0,19.0,22.0,80.98654682233403,48.45927333489135,0,191,100.0,45.0,117.0,154.19532020907624,81.17292896068656,0,255,177.0,151.0,201.0,IMG20200717092830.jpg,fully_ripe
21.543715499975576,3.5905927721517314,0,177,22.0,21.0,22.0,111.97725562991549,22.637522353602815,53,191,116.0,98.0,128.0,150.2682624200088,27.620980226690435,0,207,151.0,139.0,167.0,IMG20200717092830.jpg,fully_ripe
21.77437350398124,7.021457013829034,0,177,22.0,21.0,22.0,100.56837477407063,27.28415959759318,0,188,106.0,85.0,119.0,185.8297005520004,37.402725121543305,0,255,181.0,166.0,206.0,IMG20200717092830.jpg,fully_ripe
23.455663185748712,4.6999400735084,0,110,23.0,21.0,24.0,92.25592779851628,27.16560719430199,29,163,94.0,70.0,116.0,173.95708547937437,57.72860901720402,0,255,178.0,154.0,210.0,IMG20200717092838.jpg,fully_ripe
22.48589519444313,13.621278947657505,0,176,23.0,21.0,24.0,83.62306856305817,38.70099188708055,0,153,90.0,63.0,114.0,170.62218022019562,67.78682045840596,0,255,179.0,153.0,215.0,IMG20200717092838.jpg,fully_ripe
22.591447337334028,5.41491415241164,0,110,22.0,21.0,23.0,68.59562443887917,20.636216803815092,18,129,70.0,52.0,86.0,185.1348202050749,55.471469905628425,0,255,198.0,168.0,221.0,IMG20200717092838.jpg,fully_ripe
20.205386759911164,13.655709924704443,0,172,22.0,20.0,23.0,78.11544677030666,44.058506859306824,0,157,89.0,54.0,114.0,155.77934130321788,80.5248814411823,0,255,174.0,140.0,207.0,IMG20200717092838.jpg,fully_ripe
24.133912961300382,18.96295626426873,0,179,22.0,20.0,23.0,82.82149978736474,24.371980756500193,18,156,84.0,64.0,102.0,180.9819023767897,61.23532730881803,0,255,200.0,152.0,227.0,IMG20200717092838.jpg,fully_ripe
24.137013449117656,11.458520473819723,0,172,24.0,23.0,27.0,84.00975578996676,37.62641218428465,0,176,87.0,62.0,114.0,185.14734575852845,63.75211264578483,0,255,190.0,166.0,234.0,IMG20200717092844.jpg,fully_ripe
24.88022808550504,2.886482729846336,11,50,24.0,23.0,27.0,120.62413634684852,30.907557611116797,52,214,120.0,96.0,147.0,180.7855888155228,50.585339625903764,2,255,183.0,158.0,208.0,IMG20200717092844.jpg,fully_ripe
24.875381718928754,8.009853332578308,0,176,24.0,23.0,26.0,89.34000234211024,31.754657317594816,0,171,90.0,66.0,114.0,191.61366891569304,51.133430604151975,0,255,191.0,169.0,234.0,IMG20200717092844.jpg,fully_ripe
24.5402257433948,13.571563096312826,0,176,24.0,23.0,26.0,84.12281665780868,37.966390257914576,0,173,88.0,63.0,114.0,186.5166515030042,62.341519493350404,0,255,191.0,167.0,236.0,IMG20200717092844.jpg,fully_ripe
24.751736314419293,2.886283523041175,12,50,24.0,23.0,26.0,91.85267225770419,28.702044936651244,30,176,91.0,68.0,115.0,189.59888659682375,51.54728231639909,2,255,190.0,167.0,230.0,IMG20200717092844.jpg,fully_ripe
21.131131678209528,12.301549969016131,0,176,21.0,20.0,22.0,87.55034807773288,39.51916977066212,0,172,95.0,62.0,117.0,169.714298513614,68.43987886520415,0,255,182.0,161.0,210.0,IMG20200717092856.jpg,fully_ripe
23.01379767589797,8.830177522663279,0,172,22.0,21.0,22.0,98.51984087875068,25.174782268114978,45,194,101.0,78.0,118.0,141.0180355334952,50.78577796328506,0,217,153.0,135.0,170.0,IMG20200717092856.jpg,fully_ripe
23.028374830888875,8.798950459280192,0,172,22.0,21.0,22.0,96.25512261116536,29.115431831628072,34,207,100.0,72.0,118.0,171.044403429708,62.84530190486869,0,255,181.0,161.0,208.0,IMG20200717092856.jpg,fully_ripe
20.24569718581169,12.862996129938246,0,174,21.0,20.0,22.0,85.20329173124995,42.455632867650635,0,172,95.0,59.0,117.0,163.95149310564182,73.43558408946146,0,255,180.0,158.0,207.0,IMG20200717092856.jpg,fully_ripe
18.039905745746463,15.301341847358767,0,172,21.0,17.0,22.0,72.50521892611076,49.53817486450857,0,181,82.0,22.0,114.0,140.74380224525817,90.51481615535336,0,255,174.0,21.0,204.0,IMG20200717092856.jpg,fully_ripe
21.02822998541726,10.974887230268152,0,176,22.0,20.0,22.0,92.08213109792449,36.74123701373089,0,194,102.0,72.0,118.0,183.53160969614703,59.761332697484015,0,255,188.0,169.0,220.0,IMG20200717092859.jpg,fully_ripe
20.422459255454772,6.564043577647123,0,179,21.0,19.0,22.0,92.18481560628433,24.66132745025617,24,195,96.0,76.0,108.0,194.50404006126587,53.84506262875959,0,253,208.0,178.0,230.0,IMG20200717092859.jpg,fully_ripe
21.74257334935295,4.994548722587313,0,165,22.0,21.0,22.0,99.01010703181606,26.662431675095807,36,196,103.0,80.0,119.0,183.9841607586694,55.21221301755439,0,255,187.0,169.0,217.0,IMG20200717092859.jpg,fully_ripe
20.630157842121193,7.452531303006869,0,172,22.0,20.0,22.0,93.66338631423514,34.836665676721886,0,174,102.0,74.0,118.0,182.05604725174948,60.51690572285116,0,255,187.0,168.0,219.0,IMG20200717092859.jpg,fully_ripe
21.215934625296928,9.226607284398733,0,177,22.0,20.0,22.0,94.232039841149,33.7070302720118,0,194,102.0,74.0,118.0,187.3463905423129,54.65767271174917,0,255,189.0,171.0,222.0,IMG20200717092859.jpg,fully_ripe
23.031606984314887,8.828367254225352,0,175,22.0,21.0,23.0,91.11683930156852,31.887007672627693,0,228,94.0,70.0,113.0,180.2039558054651,63.63015781422961,0,255,186.0,166.0,223.0,IMG20200717092916.jpg,fully_ripe
23.152185064614777,6.584392120882593,0,177,22.0,21.0,23.0,84.17527868205583,25.54221817359169,27,218,84.0,65.0,102.0,183.5561112755253,60.94741476445091,0,255,199.0,175.0,222.0,IMG20200717092916.jpg,fully_ripe
23.37722205780803,6.449040193799675,0,177,22.0,21.0,23.0,94.8550656012627,27.8498182521476,34,233,96.0,74.0,114.0,176.78539015487817,63.165037331074224,0,255,184.0,163.0,217.0,IMG20200717092916.jpg,fully_ripe
21.354858439380486,12.455263947510566,0,176,22.0,21.0,23.0,83.15696951760876,40.65584610898517,0,190,92.0,60.0,113.0,177.39812567820854,73.13047676301625,0,255,188.0,166.0,229.0,IMG20200717092916.jpg,fully_ripe
14.3237446976423,16.097231367984993,0,177,20.0,0.0,22.0,53.32561901943376,52.054453921855334,0,203,56.0,0.0,104.0,110.19071717470652,101.61375192802603,0,255,160.0,0.0,197.0,IMG20200717092916.jpg,fully_ripe
22.193683813085457,9.319795718142078,0,174,21.0,20.0,22.0,93.3298513098042,30.959415103545606,0,213,98.0,75.0,114.0,183.72759308869271,57.80660206956167,0,255,188.0,167.0,220.0,IMG20200717092923.jpg,fully_ripe
22.011030403279456,5.904988477559446,0,165,21.0,20.0,22.0,91.30459914777325,25.901632242473806,28,213,92.0,73.0,108.0,191.4711519444794,56.47002771043667,0,255,205.0,185.0,223.0,IMG20200717092923.jpg,fully_ripe
22.57278088423021,5.860394124563322,0,165,21.0,20.0,23.0,125.37089843398839,28.729967661692747,49,255,129.0,104.0,147.0,180.0525090346824,60.2144691023528,0,255,190.0,161.0,215.0,IMG20200717092923.jpg,fully_ripe
21.904663873856055,10.040773400512112,0,176,21.0,20.0,22.0,91.39769683021989,32.98593260272061,0,199,96.0,73.0,113.0,181.68964742264333,60.04223319138188,0,255,187.0,166.0,219.0,IMG20200717092923.jpg,fully_ripe
17.398514895988782,14.647047565882,0,172,21.0,0.0,22.0,71.45019687516856,49.344659930904925,0,176,86.0,0.0,110.0,140.47754364515723,93.0927751131067,0,255,175.0,0.0,208.0,IMG20200717092923.jpg,fully_ripe
21.398639337868875,14.326756133034957,0,177,22.0,21.0,24.0,75.70804697317675,42.285621317812506,0,197,86.0,47.0,110.0,154.39414135286216,78.36121768541724,0,255,174.0,138.0,202.0,IMG20200717092937.jpg,fully_ripe
24.356233479221736,4.523192945367892,0,177,24.0,22.0,26.0,144.90718030939897,28.873498533198106,79,255,152.0,120.0,169.0,174.8201239329202,73.240403990125,0,255,181.0,127.0,255.0,IMG20200717092937.jpg,fully_ripe
35.00443731854227,42.03600329350499,0,179,22.0,20.0,23.0,56.03587121376262,19.10300964512684,4,142,60.0,44.0,71.0,167.11548294839017,67.87338529194935,0,255,190.0,111.0,224.0,IMG20200717092937.jpg,fully_ripe
22.343051523161588,13.98974918347602,0,177,22.0,22.0,24.0,80.3176236079213,39.30644319004821,0,191,90.0,56.0,110.0,165.3450448498505,69.67127164071596,0,255,177.0,149.0,206.0,IMG20200717092937.jpg,fully_ripe
23.660267799107338,4.402674910604026,0,177,23.0,22.0,24.0,89.25134982883391,27.75417322504584,30,199,93.0,66.0,111.0,171.84788317372275,57.42809307102624,0,255,178.0,153.0,204.0,IMG20200717092937.jpg,fully_ripe
21.793204158186317,12.171624488389297,0,172,21.0,20.0,24.0,74.41015999342868,37.52038085044552,0,195,73.0,51.0,102.0,173.26480600910858,72.91009293354416,0,255,182.0,152.0,232.0,IMG20200717092941.jpg,fully_ripe
23.107441109093067,4.3575442315418265,0,174,22.0,20.0,25.0,132.2537442843192,31.993583676343672,70,255,130.0,105.0,160.0,163.0931849918315,64.67046346961865,0,255,159.0,131.0,212.0,IMG20200717092941.jpg,fully_ripe
22.685717414915075,6.245209672563958,0,175,21.0,20.0,24.0,81.52687396752673,30.88960537764503,0,203,78.0,57.0,104.0,181.4746502140243,59.99730473477605,0,255,184.0,157.0,230.0,IMG20200717092941.jpg,fully_ripe
22.437631768689478,12.712248532764802,0,176,21.0,20.0,24.0,76.50244142853231,36.35800873070535,0,203,76.0,53.0,102.0,178.30456250513384,68.51855474210369,0,255,185.0,156.0,233.0,IMG20200717092941.jpg,fully_ripe
22.72549216461161,4.751778141908197,0,172,22.0,20.0,24.0,83.05128368943204,30.170748855684877,29,204,79.0,58.0,104.0,180.09871585422619,60.72974051921195,0,255,183.0,155.0,228.0,IMG20200717092941.jpg,fully_ripe
12.124479216665067,15.90271218844816,0,172,0.0,0.0,21.0,38.091225880771816,45.3417833427208,0,152,0.0,0.0,76.0,93.10508783718922,100.7152438306248,0,255,0.0,0.0,182.0,IMG20200717092951.jpg,fully_ripe
23.775194393779397,12.209457815754346,0,177,22.0,21.0,25.0,83.34694249784008,33.97506923143564,0,215,88.0,58.0,110.0,175.2129883843717,62.1204672939431,0,255,181.0,158.0,213.0,IMG20200717092951.jpg,fully_ripe
23.493347412882787,5.960728644429078,0,172,22.0,21.0,25.0,87.90741096284918,28.930267075583213,30,218,90.0,63.0,110.0,173.02829989440337,60.68770096802801,0,255,180.0,157.0,208.0,IMG20200717092951.jpg,fully_ripe
22.435509263703562,13.718961319832195,0,176,22.0,20.0,24.0,77.93574925602381,38.712866121713205,0,202,84.0,53.0,109.0,172.0361332437362,69.90275228997805,0,255,182.0,158.0,216.0,IMG20200717092951.jpg,fully_ripe
23.41055966209081,5.977550064584615,0,172,22.0,21.0,25.0,83.67481040606701,28.435253948342112,29,214,86.0,59.0,106.0,178.60179514255543,59.75434600761373,0,255,188.0,165.0,221.0,IMG20200717092951.jpg,fully_ripe
20.96051649827512,4.053268437513957,0,165,21.0,19.0,22.0,90.69506061217861,29.864074363142723,36,220,90.0,67.0,110.0,180.30073471967415,54.843741976572765,0,255,181.0,160.0,217.0,IMG20200717093009.jpg,fully_ripe
19.376295854144537,12.23180305912557,0,176,20.0,18.0,22.0,78.91329956724397,40.82462642791027,0,210,84.0,53.0,108.0,170.5206502751907,70.64092315340997,0,255,180.0,155.0,217.0,IMG20200717093009.jpg,fully_ripe
21.29128079985253,4.225717116910883,0,170,21.0,19.0,22.0,128.91178974903661,32.1356614411074,66,255,129.0,103.0,154.0,175.3355922086358,58.61481153517343,0,255,178.0,150.0,211.0,IMG20200717093009.jpg,fully_ripe
20.083505236084655,11.356770813704435,0,176,20.0,19.0,22.0,82.40400804065976,38.81645486517559,0,210,86.0,57.0,109.0,177.96573941591103,63.21397273522189,0,255,182.0,160.0,220.0,IMG20200717093009.jpg,fully_ripe
21.768716917864133,4.644746582842768,0,170,21.0,19.0,24.0,144.9793541138157,29.654862164283774,84,255,147.0,121.0,169.0,177.82389550653522,66.92025788427523,0,255,176.0,137.0,252.0,IMG20200717093009.jpg,fully_ripe
21.140783670120012,14.743619736932043,0,174,20.0,19.0,22.0,83.49599958970151,42.47123096605525,0,209,84.0,60.0,114.0,157.26330905733923,66.53624870908956,0,255,167.0,147.0,195.0,IMG20200717093015.jpg,fully_ripe
23.01514685266865,10.728173741685337,0,172,21.0,19.0,22.0,103.99935890860601,27.60597483174427,52,204,100.0,82.0,124.0,124.08245290115225,41.57899395807487,0,215,133.0,119.0,147.0,IMG20200717093015.jpg,fully_ripe
18.91037542312032,15.292968549333587,0,172,20.0,18.0,21.0,76.25935993435225,48.13571741630757,0,209,80.0,48.0,113.0,139.84350531678461,77.94748816565989,0,255,162.0,125.0,188.0,IMG20200717093015.jpg,fully_ripe
22.690908469244707,10.628013582207759,0,176,21.0,19.0,22.0,91.64196327828495,33.46929420650302,0,209,88.0,67.0,116.0,162.64634834341985,55.17581067691584,0,255,167.0,149.0,193.0,IMG20200717093015.jpg,fully_ripe
23.020720073853727,10.706795270214831,0,172,21.0,19.0,22.0,93.98415222074058,31.763344667018554,35,209,90.0,68.0,118.0,160.68927582316135,56.39891978744343,0,255,167.0,148.0,192.0,IMG20200717093015.jpg,fully_ripe
22.319201258313573,13.49835571259811,0,176,23.0,22.0,24.0,81.05821297116897,39.40641194927104,0,179,86.0,60.0,110.0,178.431635089064,70.28210364379136,0,255,187.0,159.0,231.0,IMG20200717093036.jpg,fully_ripe
23.479300901418796,10.358731261766998,0,176,23.0,22.0,24.0,86.92274465655863,33.265273617437465,0,179,90.0,66.0,110.0,185.08690826925994,61.147547746246076,0,255,190.0,162.0,232.0,IMG20200717093036.jpg,fully_ripe
23.816682235901858,3.209150987499773,0,170,23.0,22.0,25.0,132.95340407355067,29.019124865234797,64,218,135.0,110.0,157.0,178.40891997413112,60.343918983156414,0,255,182.0,155.0,222.0,IMG20200717093036.jpg,fully_ripe
20.561849784825185,13.322627370853361,0,172,22.0,22.0,24.0,76.58987440816945,43.25083059502797,0,180,85.0,55.0,108.0,158.92869290282403,83.44234827287391,0,255,179.0,142.0,218.5,IMG20200717093036.jpg,fully_ripe
23.33763682962466,2.917852757305814,0,165,23.0,22.0,24.0,121.02168515014331,23.35629500132819,70,194,121.0,102.0,138.0,126.3330538855222,42.365824322140334,0,255,131.0,115.0,146.0,IMG20200717093036.jpg,fully_ripe
21.720113197128658,13.579671119780597,0,172,20.0,19.0,22.0,87.35104914411927,37.220546063984095,0,179,94.0,66.0,111.0,168.7913829069268,62.14629969009771,0,255,179.0,158.0,202.0,IMG20200717093050.jpg,fully_ripe
21.955066261733847,12.552890659487145,0,172,20.0,19.0,22.0,90.35378704214982,35.097407734903925,0,205,96.0,72.0,112.0,170.7626694889257,57.77242857152854,0,255,179.0,159.0,201.0,IMG20200717093050.jpg,fully_ripe
22.62626541505614,9.360582627909611,0,165,21.0,20.0,22.0,124.71475243879992,25.164602378793095,68,237,127.0,107.0,140.0,133.20887784526658,48.35876767230998,0,255,139.0,118.0,155.0,IMG20200717093050.jpg,fully_ripe
22.59316522486042,9.344908905366662,0,165,21.0,20.0,22.0,99.38600527639733,27.10313807912341,39,220,102.0,80.0,116.0,162.43343916804713,51.92173537824477,0,255,171.0,152.0,190.0,IMG20200717093050.jpg,fully_ripe
21.490091416651328,13.205716694607439,0,174,20.0,19.0,22.0,88.56145315663538,37.230780505586445,0,201,96.0,69.0,112.0,169.06935241425853,60.67328703324602,0,255,178.0,158.0,201.0,IMG20200717093050.jpg,fully_ripe
24.077092282275196,3.1209653142926927,0,165,24.0,22.0,25.0,91.09698371489262,26.38699994722298,29,184,90.0,72.0,110.0,176.0428038706632,55.15463137889598,0,255,177.0,153.0,212.0,IMG20200717093116.jpg,fully_ripe
31.38940759971678,36.50224298433183,0,179,22.0,19.0,25.0,65.57985367004956,18.98164021274822,6,142,69.0,57.0,77.0,161.18874675477932,63.80677118425922,0,255,172.0,109.0,217.0,IMG20200717093116.jpg,fully_ripe
24.04138777436866,3.126176049269819,0,165,24.0,22.0,25.0,90.59229643615765,26.49739170083146,0,169,90.0,71.0,109.0,176.14968137833372,54.88199470204937,0,255,177.0,154.0,212.0,IMG20200717093116.jpg,fully_ripe
24.252187868775078,10.614883190795187,0,175,24.0,22.0,25.0,86.03702619778144,33.01025148601139,0,180,89.0,68.0,108.0,179.36863818739675,56.43513899213575,0,255,180.0,155.0,218.0,IMG20200717093116.jpg,fully_ripe
24.05927779088978,3.1310798506904294,0,165,24.0,22.0,25.0,81.52671229643616,23.835284358169712,26,166,81.0,64.0,98.0,176.80030210054284,56.29278235440326,0,255,179.0,152.0,217.0,IMG20200717093116.jpg,fully_ripe
33.93242450189046,10.842089349047608,0,165,35.0,34.0,36.0,64.8533619387549,26.288547693713156,0,220,67.0,50.0,83.0,142.7835063448236,53.107024518918486,0,255,142.0,124.0,167.0,IMG20200713141604.jpg,unripe
34.45205545346969,3.143194662979268,0,105,35.0,34.0,36.0,112.91807048093666,18.313464760287047,76,245,112.0,99.0,126.0,76.12556882137325,24.197845305307254,0,146,78.0,64.0,92.0,IMG20200713141604.jpg,unripe
36.084315442117315,6.101778796936239,0,178,36.0,35.0,37.0,42.63632952675986,15.24487147071361,11,175,42.0,31.0,51.0,175.3371655618945,60.1170368954182,0,255,191.0,142.0,223.0,IMG20200713141604.jpg,unripe
26.450362217753963,17.474434327699797,0,165,35.0,0.0,36.0,51.31793386760051,36.56993928731047,0,192,59.0,0.0,80.0,109.25071433381757,74.98596159431634,0,255,130.0,0.0,155.0,IMG20200713141604.jpg,unripe
34.28316481148322,9.769772442412064,0,165,35.0,34.0,36.0,66.28128878327544,25.173947948934448,0,221,68.0,51.0,84.0,142.96450939457202,51.165864050246604,0,255,142.0,124.0,166.0,IMG20200713141604.jpg,unripe
36.02079829273145,12.390432450289973,0,176,36.0,35.0,37.0,81.00531712875048,32.27246263984933,0,237,83.0,61.0,100.0,140.96169497043024,51.440958110641844,0,255,139.0,119.0,167.0,IMG20200713141623.jpg,unripe
35.82219268261805,7.755636621001216,0,177,36.0,35.0,37.0,85.53202032807046,28.9654047939544,29,248,86.0,64.0,102.0,138.88782486028973,48.4500246927653,0,255,138.0,117.0,165.0,IMG20200713141623.jpg,unripe
33.31557339988787,16.676856646424696,0,177,36.0,35.0,37.0,70.92272077839871,39.15156843711555,0,241,77.0,50.0,96.0,136.26516918959,65.84735021176265,0,255,141.0,117.0,172.0,IMG20200713141623.jpg,unripe
34.29198090174163,14.633104550941885,0,176,36.0,35.0,37.0,74.595871086756,36.90117095626975,0,235,80.0,54.0,98.0,139.81772557104878,60.86790053605317,0,255,141.0,120.0,172.0,IMG20200713141623.jpg,unripe
35.41553180330241,6.593805094672027,0,177,36.0,35.0,37.0,100.18114408695494,34.14746713722753,34,255,100.0,75.0,120.0,146.83506049590363,49.16335945861572,0,255,147.0,127.0,173.0,IMG20200713141623.jpg,unripe
36.9728520110712,10.313473402804588,0,165,38.0,36.0,39.0,70.40437631975233,29.082655513847744,0,220,71.0,56.0,86.0,145.2969116743924,58.3503462190799,0,255,141.0,113.0,178.0,IMG20200713141640.jpg,unripe
46.72911741694499,17.42444413311163,0,179,40.0,38.0,48.0,53.28052361042173,21.484509101718846,11,212,48.0,40.0,64.0,154.87339631689198,60.49648718610018,0,255,160.0,104.0,205.0,IMG20200713141640.jpg,unripe
35.83966954663616,11.918234146317346,0,165,38.0,36.0,39.0,67.66274071020553,30.715831614380733,0,218,70.0,54.0,84.0,144.2800356701187,61.48138888235106,0,255,142.0,113.0,179.0,IMG20200713141640.jpg,unripe
37.20393380837407,3.8705567547605897,0,170,38.0,36.0,39.0,75.71479889288028,24.544921374480083,0,224,72.0,60.0,88.0,142.19217276451832,52.84428498011259,0,255,138.0,111.0,172.0,IMG20200713141640.jpg,unripe
37.04577384808231,3.4573314041918026,0,56,38.0,36.0,39.0,133.86733912692335,26.867859553331876,80,255,130.0,116.0,147.0,107.26049281970606,45.13546138086667,0,255,97.0,80.0,133.0,IMG20200713141640.jpg,unripe
36.85643564356435,4.789607524413048,0,177,38.0,36.0,39.0,78.52283215047169,25.18527676763761,0,231,76.0,60.0,96.0,146.95790618884897,51.389748061804504,0,255,142.0,113.0,177.0,IMG20200713141737.jpg,unripe
36.78179853383568,3.6525286410203948,0,177,38.0,35.0,39.0,79.85141213236368,24.557904197691663,32,234,77.0,61.0,97.0,145.40391804667192,51.488464542171805,0,255,141.0,111.0,175.0,IMG20200713141737.jpg,unripe
36.898361517567686,8.285746247518775,0,177,38.0,36.0,39.0,76.68002132071614,27.15030140366573,0,231,75.0,59.0,96.0,148.29045824936475,52.765836094088385,0,255,143.0,114.0,178.0,IMG20200713141737.jpg,unripe
57.82920061917696,27.43836738842792,0,179,44.0,38.0,75.0,37.654502175881305,14.427055354769161,5,151,36.0,27.0,48.0,145.47520371506178,61.00432448512713,0,255,144.0,91.0,198.0,IMG20200713141737.jpg,unripe
32.29620462046205,15.679352716332238,0,165,37.0,34.0,39.0,67.59251876515086,37.3823696807095,0,164,72.0,51.0,94.0,134.85317182160694,71.79417764071812,0,255,141.0,105.0,179.0,IMG20200713141737.jpg,unripe
33.67782570107283,14.98434057527266,0,165,38.0,35.0,39.0,57.42852249194214,31.056630969072298,0,145,60.0,41.0,78.0,112.3979026205565,59.91344470963634,0,255,120.0,91.0,145.0,IMG20200713141824.jpg,unripe
36.66631113464024,12.239962889648027,0,165,38.0,36.0,39.0,63.44484063341793,26.66730704259848,0,138,63.0,48.0,81.0,123.83840680130172,52.00752386669102,0,255,124.0,101.0,149.0,IMG20200713141824.jpg,unripe
37.047358422994876,3.298126235031014,10,82,38.0,36.0,39.0,96.4655419398035,20.10526712721908,60,168,94.0,80.0,110.0,81.05840586705698,27.072251045925118,1,171,82.0,68.0,96.0,IMG20200713141824.jpg,unripe
36.90999330457936,10.410959276770086,0,170,38.0,36.0,39.0,64.12577269825452,24.90611665734699,0,143,63.0,49.0,80.0,126.13494386746181,49.08611048087066,0,255,125.0,102.0,149.0,IMG20200713141824.jpg,unripe
40.84635566697289,10.067413193588639,0,179,39.0,37.0,42.0,46.48914719025894,19.0033511786406,11,123,42.0,32.0,58.0,161.7796038802298,59.71809555427045,3,255,169.0,119.0,211.0,IMG20200713141824.jpg,unripe
37.45471020909338,8.280343705582116,0,172,37.0,36.0,38.0,83.13779383463795,33.919465238378855,31,244,75.0,58.0,101.0,139.65779997402566,61.953571842023635,0,255,147.0,111.0,179.0,IMG20200713141846.jpg,unripe
36.92859419827861,11.573205260831642,0,170,37.0,36.0,38.0,77.46569617114724,33.9119554343408,0,243,72.0,55.0,96.0,141.7952100969315,63.410735000614665,0,255,149.0,114.0,182.0,IMG20200713141846.jpg,unripe
39.122250557857825,8.996722870247075,0,172,37.0,36.0,40.0,57.9493382448435,28.1642504597585,15,204,50.0,38.0,70.0,160.53744436179883,69.14045689172873,0,255,177.0,121.0,215.0,IMG20200713141846.jpg,unripe
24.84218231620208,21.727787188322342,0,165,35.0,0.0,37.0,48.19634824496157,43.96954691714254,0,197,52.0,0.0,80.0,94.18893965690268,84.05070663563693,0,255,117.0,0.0,161.0,IMG20200713141846.jpg,unripe
36.99583230026329,11.42655831334505,0,170,37.0,36.0,38.0,77.77877542828132,33.87013822195225,0,242,72.0,55.0,96.0,141.75995584363451,63.26538718354196,0,255,149.0,114.0,181.0,IMG20200713141846.jpg,unripe
33.89573271382283,2.2567502777103545,0,50,34.0,33.0,35.0,76.98444855413584,23.076865478426793,29,163,74.0,60.0,93.0,152.93193281164028,48.411634899426765,0,255,147.0,124.0,179.0,IMG20200713142056.jpg,unripe
33.74896068961301,11.963149588855304,0,170,34.0,33.0,35.0,70.4298159809256,28.98978658560684,0,147,72.0,55.0,90.0,155.49975545637952,56.03954506139295,0,255,151.0,126.0,187.0,IMG20200713142056.jpg,unripe
33.9096869841658,2.267842382619845,0,50,34.0,33.0,35.0,120.67228862260806,22.74689248031205,74,206,118.0,104.0,136.0,103.53124808950297,33.80789876599416,0,228,103.0,79.0,129.0,IMG20200713142056.jpg,unripe
31.020419392309105,15.03474187820714,0,172,35.0,33.0,35.0,65.72141896435777,35.01132453397954,0,162,70.0,48.0,90.0,141.6160512318885,67.24047957625574,0,255,145.0,120.0,179.0,IMG20200713142056.jpg,unripe
33.92377116830715,10.071419406092947,0,170,35.0,33.0,35.0,72.58819618511951,27.6815601023448,0,158,72.0,57.0,91.0,156.90805924069207,51.722366307762144,0,255,151.0,127.0,185.0,IMG20200713142056.jpg,unripe
34.648817069522984,2.7442589453145465,0,165,35.0,34.0,36.0,108.71694417935534,17.56587055825305,63,229,108.0,98.0,120.0,88.89265315424387,26.927962799748364,0,161,90.0,73.0,105.0,IMG20200713142139.jpg,unripe
34.88824476191833,10.993883374579354,0,172,35.0,34.0,36.0,78.21480764026379,26.06049434005722,0,219,81.0,68.0,94.0,138.81501844545414,48.023817487637075,0,255,135.0,114.0,161.0,IMG20200713142139.jpg,unripe
34.62401185067016,2.7461997817275217,0,165,35.0,34.0,36.0,82.92022163032176,20.32322641015367,30,223,82.0,70.0,96.0,136.30888657826142,43.68387090484427,0,255,133.0,112.0,158.0,IMG20200713142139.jpg,unripe
25.736557608215705,18.401826836501932,0,172,34.0,0.0,35.0,56.16843049838335,40.88134928797837,0,164,70.0,0.0,88.0,99.55166151523352,74.79190157322324,0,255,115.0,0.0,147.0,IMG20200713142139.jpg,unripe
34.64876009514721,2.75064130666057,0,165,35.0,34.0,36.0,85.45993277023659,16.292661241510913,42,198,85.0,75.0,96.0,104.3139216887205,32.288718865922135,0,192,103.0,86.0,121.0,IMG20200713142139.jpg,unripe
35.3735901623595,2.6654768846022994,8,41,36.0,35.0,37.0,73.08723220290133,21.335549834226672,31,210,72.0,57.0,86.0,135.40706119704103,46.089027931048584,7,255,132.0,110.0,159.0,IMG20200713142211.jpg,unripe
35.385704678643485,2.6909553224154896,0,41,36.0,35.0,37.0,117.9855029301566,24.03418585614492,70,255,118.0,100.0,133.0,100.42779325583629,33.72471897781629,0,255,100.0,79.0,124.0,IMG20200713142211.jpg,unripe
34.267883562301854,10.482321756589664,0,165,36.0,34.0,37.0,66.76585647036218,28.61323337480021,0,210,70.0,51.0,85.0,137.49431261408395,54.56065390630959,0,255,136.0,112.0,165.0,IMG20200713142211.jpg,unripe
35.36387741377654,2.6815513135438587,8,41,36.0,35.0,37.0,67.7565280046114,20.02368534326083,28,197,68.0,53.0,80.0,137.34435584590258,46.57944257134343,7,255,134.0,112.0,162.0,IMG20200713142211.jpg,unripe
35.43002209626285,11.528644473425771,0,170,36.0,35.0,37.0,67.57631857046786,27.11149118763301,0,202,70.0,52.0,84.0,139.87067921990584,52.06191730876538,0,255,136.0,113.0,166.0,IMG20200713142211.jpg,unripe
36.1431186415733,4.526135302535914,0,170,37.0,35.0,38.0,66.80457898706699,23.439537893193037,18,213,67.0,49.0,83.0,165.71369832772228,58.08039816809621,0,255,172.5,138.0,208.0,IMG20200713142220.jpg,unripe
32.942012988207594,13.891095999263767,0,165,36.0,35.0,37.0,67.29550011957981,32.9970488470771,0,195,74.0,50.0,92.0,115.45449528119653,61.16324516625186,0,255,122.0,93.0,148.0,IMG20200713142220.jpg,unripe
35.76891660687676,5.719984389472249,0,172,36.0,35.0,37.0,77.21461817245249,22.25082844506917,0,200,78.0,62.0,94.0,123.99569512666262,48.04729236412914,0,255,124.0,103.0,148.0,IMG20200713142220.jpg,unripe
35.679866438545176,4.210772931010853,0,165,36.0,35.0,37.0,129.92263185974207,22.767505214926086,79,255,130.0,113.0,147.0,90.7633791416009,36.03556319920598,0,255,90.0,68.0,117.0,IMG20200713142220.jpg,unripe
34.24042901558217,13.13090898242386,0,165,36.0,35.0,37.0,68.23456960465073,30.786733202797222,0,191,74.0,53.0,90.0,124.77067351031145,56.68759989969236,0,255,127.0,104.0,152.0,IMG20200713142220.jpg,unripe
35.35912818010467,2.8279486364900848,11,42,36.0,35.0,37.0,101.11229752097745,23.450900331345526,48,242,99.0,85.0,115.0,122.2203469292077,33.851285932860065,7,228,121.0,103.0,139.0,IMG20200713142228.jpg,unripe
35.35621956236785,2.8143751589584687,12,42,36.0,35.0,37.0,77.72904886286442,20.80978517832085,31,203,76.0,64.0,90.0,139.4668618502253,42.18057695579018,9,255,134.0,115.0,159.0,IMG20200713142228.jpg,unripe
35.64390481931169,9.516607106572836,0,170,36.0,35.0,37.0,74.10236612225762,25.31840800427865,0,195,74.0,61.0,89.0,142.53199001119435,46.12937555013988,0,255,136.0,117.0,163.0,IMG20200713142228.jpg,unripe
26.35810442320388,19.537972209591945,0,165,35.0,0.0,37.0,51.299941636288835,39.94706330576894,0,203,63.0,0.0,81.0,98.85155524938527,73.4551878873754,0,255,118.0,0.0,145.0,IMG20200713142228.jpg,unripe
35.43668494120573,2.8826307098541024,11,42,36.0,35.0,37.0,76.7841690825416,24.216642169672415,26,225,74.0,61.0,90.0,167.72065788340652,43.41454349662044,10,255,166.0,141.0,197.0,IMG20200713142228.jpg,unripe
34.56005534109931,6.342114175334013,0,165,35.0,34.0,36.0,74.40558705974789,26.44403554476926,0,190,74.0,56.0,93.0,149.47081781846754,51.49518572655156,0,255,146.0,120.0,177.0,IMG20200713142241.jpg,unripe
36.84992142930346,8.167763470119935,0,179,35.0,34.0,38.0,55.11084446418201,19.726887924305522,13,174,51.0,40.0,68.0,168.07872442182216,58.90545154301382,4,251,180.0,132.0,215.0,IMG20200713142241.jpg,unripe
34.49036654937998,2.8527530848013734,13,43,35.0,34.0,36.0,117.09221808492468,23.776794210453126,70,234,116.0,99.0,134.0,96.02673965770505,29.051624190185265,4,194,97.0,81.0,114.0,IMG20200713142241.jpg,unripe
27.157243876609844,17.692611380739862,0,165,34.0,23.0,36.0,54.12652444231886,38.54299395371209,0,151,60.0,2.0,84.0,116.76721723089537,79.01881040685716,0,255,131.0,36.0,166.0,IMG20200713142241.jpg,unripe
34.178594609366996,11.868539863530055,0,170,35.0,34.0,36.0,69.90544187476515,30.99505133886209,0,172,72.0,51.0,92.0,149.5110511392751,57.9560197148847,0,255,147.0,119.0,181.0,IMG20200713142241.jpg,unripe
34.375382581229644,6.136411203703513,0,176,35.0,34.0,36.0,76.43719954620765,23.830819977559646,0,205,78.0,60.0,93.0,158.5239179582609,57.07249921717612,0,255,157.0,128.0,195.0,IMG20200713142258.jpg,unripe
34.39015531777707,5.542618427191416,0,176,35.0,34.0,36.0,81.32942386327466,20.481489799780714,40,197,82.0,66.0,96.0,127.09719807709573,42.31585595039723,0,210,130.0,107.0,155.0,IMG20200713142258.jpg,unripe
34.66598108110314,9.981939436149132,0,175,35.0,34.0,36.0,73.91324894101515,26.369593767940124,0,190,76.0,58.0,92.0,160.98247675946558,58.256820615881175,0,255,159.0,130.0,199.0,IMG20200713142258.jpg,unripe
33.70095410657591,12.027691740817838,0,177,35.0,34.0,36.0,69.27205504272668,30.708615975042576,0,210,72.0,49.0,91.0,162.52230193514686,63.747299601307716,0,255,162.0,131.0,208.0,IMG20200713142258.jpg,unripe
34.37778213070199,5.60601409454099,0,177,35.0,34.0,36.0,77.3852174693731,23.44334724371314,30,210,78.0,61.0,94.0,157.5230120059091,57.454682616568036,0,255,156.0,127.0,194.0,IMG20200713142258.jpg,unripe
33.911201632763216,3.37706700213123,7,39,35.0,33.0,36.0,76.90701852039267,16.999163525419085,42,161,74.0,64.0,87.0,111.2196049657592,35.648239648930904,1,195,114.0,93.0,132.0,IMG20200713142856.jpg,unripe
33.89080895995682,3.339335212787927,8,39,35.0,33.0,36.0,69.97902540228722,19.620517844213907,29,167,67.0,56.0,82.0,144.4604881422258,50.13485641690569,2,255,144.0,118.0,171.0,IMG20200713142856.jpg,unripe
33.87762709577303,11.518834019493351,0,174,35.0,33.0,36.0,64.5465202577337,24.53014677944201,0,163,65.0,52.0,79.0,148.5083156225753,53.064189344704154,0,255,147.0,122.0,175.0,IMG20200713142856.jpg,unripe
32.929325641804134,11.280946576702522,0,150,35.0,33.0,36.0,62.8836234524171,26.24921322413256,0,162,64.0,50.0,78.0,145.66528354080222,56.582056889104315,0,255,146.0,122.0,174.0,IMG20200713142856.jpg,unripe
30.873890969200147,14.104263446712638,0,174,35.0,31.0,36.0,59.52025773369767,29.624920880230206,0,167,63.0,47.0,78.0,133.33195864116317,64.37820168405119,0,255,141.0,112.0,169.0,IMG20200713142856.jpg,unripe
63.11570981851848,32.759644228167325,0,179,46.0,36.0,98.0,32.56722184958102,11.559661757366738,6,144,31.0,25.0,42.0,126.57802949428914,63.48154138742188,0,255,117.0,71.0,177.0,IMG20200713142909.jpg,unripe
27.992848437898555,16.0379563868303,0,177,34.0,30.0,35.0,49.72915702260725,32.69347792323243,0,215,53.0,29.0,71.0,122.97227234508885,77.87480809473709,0,255,134.0,69.0,178.0,IMG20200713142909.jpg,unripe
33.88738887681741,3.2188382006917364,0,177,35.0,34.0,35.0,67.15928994530047,20.356442710477786,29,215,64.0,52.0,80.0,145.36313308329633,51.29407051864745,0,255,148.0,116.0,179.0,IMG20200713142909.jpg,unripe
32.87994445021776,10.790111599880888,0,165,35.0,34.0,35.0,59.31737064364059,26.06292102553057,0,127,61.0,46.0,76.0,149.00868201528564,58.72152794462184,0,255,152.0,123.0,185.0,IMG20200713142909.jpg,unripe
33.824460798669826,6.354502104029044,0,165,35.0,34.0,35.0,64.56645662298892,21.933078574771976,0,212,64.0,50.0,78.0,148.04526173583622,52.28942925284431,0,255,150.0,120.0,181.0,IMG20200713142909.jpg,unripe
34.45891702924977,5.735230020051051,0,172,35.0,34.0,36.0,116.51594946471836,21.350430581414088,74,227,114.0,101.0,129.0,71.56979619895543,27.018245894361502,0,154,74.0,60.0,90.0,IMG20200713142917.jpg,unripe
33.99040097918396,11.280758771709808,0,172,35.0,34.0,36.0,66.60706051993998,26.89953624361195,0,185,68.0,52.0,83.0,123.35103074201689,56.328491472570214,0,255,128.0,103.0,154.0,IMG20200713142917.jpg,unripe
34.33988917113084,9.614789540465983,0,172,35.0,34.0,36.0,68.77859376440901,24.947490382885512,0,172,69.0,54.0,84.0,123.07892155629888,53.72399283706388,0,255,127.0,102.0,152.0,IMG20200713142917.jpg,unripe
39.611025879630795,14.40990286204159,0,172,36.0,35.0,39.0,40.44655147841687,16.10189463586519,10,143,38.0,30.0,48.0,153.20862151354342,70.36918215634464,0,255,170.0,99.0,211.0,IMG20200713142917.jpg,unripe
30.00011736794011,15.08522716732539,0,172,35.0,31.0,36.0,56.47276644618261,33.28288843470644,0,163,61.0,35.0,78.0,111.33023146634474,69.01419859292434,0,255,122.0,63.0,153.0,IMG20200713142917.jpg,unripe
35.916473559261114,13.698232059285868,0,165,38.0,37.0,38.0,64.16820679675013,29.283805392121636,0,210,68.0,50.0,84.0,128.2042902948159,58.14161376552586,0,255,127.0,101.0,158.0,IMG20200713142946.jpg,unripe
34.17373045674236,13.558460079539152,0,165,38.0,36.0,38.0,63.262194141515415,32.60920753606642,0,214,68.0,44.0,84.0,120.4804543777843,61.32201085023942,0,255,122.0,96.0,153.0,IMG20200713142946.jpg,unripe
35.96056825598002,11.359700905714718,0,170,38.0,37.0,38.0,66.0144333992263,28.373556817585875,0,218,68.0,51.0,84.0,129.8222308398044,54.26611501341254,0,255,128.0,104.0,157.0,IMG20200713142946.jpg,unripe
37.22421897906873,4.915859869356484,0,172,38.0,37.0,38.0,83.23828350374076,19.22100781557186,49,201,82.0,70.0,94.0,85.4790072545329,29.04870080110081,0,171,86.0,71.0,103.0,IMG20200713142946.jpg,unripe
37.35957702384443,5.096047941228367,0,174,38.0,37.0,39.0,69.4401524681491,26.529044565799733,25,235,67.0,52.0,84.0,150.51715266677385,53.030923763883045,0,255,151.0,119.0,188.0,IMG20200713142946.jpg,unripe
33.43787674894464,18.440691617109803,0,172,38.0,35.0,39.0,60.56502663741774,39.942503049342655,0,227,62.0,33.0,86.0,108.44425498184232,73.76700346229198,0,255,115.0,43.0,153.0,IMG20200713143028.jpg,unripe
40.6757700886685,10.707437210179773,0,172,39.0,37.0,41.0,48.627177539771786,25.368227885450214,11,173,41.0,32.0,58.0,146.1893376592254,71.69419421125377,0,255,160.0,107.0,200.0,IMG20200713143028.jpg,unripe
39.23876896418235,9.921952740415621,0,172,38.0,37.0,39.0,81.32263535310709,31.651750699177633,30,227,74.0,59.0,95.0,107.84517116153889,56.415923473932345,0,255,111.0,80.0,139.0,IMG20200713143028.jpg,unripe
38.26206979187789,14.70496545675789,0,172,38.0,37.0,39.0,71.79073497151916,33.990755191421876,0,221,70.0,52.0,90.0,113.82104079488266,61.43020012217649,0,255,115.0,88.0,146.0,IMG20200713143028.jpg,unripe
38.68696886463768,13.195178393583982,0,165,38.0,37.0,39.0,74.41843788596604,32.76902446142308,0,220,72.0,55.0,91.0,112.70454587350453,59.79014586651768,0,255,114.0,87.0,144.0,IMG20200713143028.jpg,unripe
38.8187130231539,7.875154769825702,0,172,39.0,38.0,40.0,72.81450405375794,24.855920054000887,0,221,70.0,58.0,84.0,113.80404097582354,43.11590534425986,0,255,115.0,95.0,136.0,IMG20200713143043.jpg,unripe
38.99936089401797,8.731712608887385,0,176,39.0,38.0,40.0,72.21132495800161,25.333944962642303,0,221,70.0,57.0,84.0,114.78647469140311,43.44976531347264,0,255,115.0,95.0,136.0,IMG20200713143043.jpg,unripe
27.91969176831495,20.125267715869025,0,165,39.0,0.0,40.0,47.66851398729092,38.07465398345605,0,219,53.0,0.0,76.0,83.29080235191002,67.51199266492539,0,255,99.0,0.0,126.0,IMG20200713143043.jpg,unripe
38.860948798480756,7.99921377552786,0,174,39.0,38.0,40.0,84.72808779490175,26.824200695603885,41,242,81.0,68.0,96.0,103.30955554743993,37.449589655771824,0,225,105.0,87.0,124.0,IMG20200713143043.jpg,unripe
38.88274231246805,8.003813788732085,0,172,39.0,38.0,40.0,73.7096906727047,25.325984396834162,32,222,70.0,58.0,84.0,113.25417244905412,43.04033532657924,0,255,114.0,94.0,136.0,IMG20200713143043.jpg,unripe
36.47979200058283,10.920946694385062,0,170,37.0,36.0,38.0,62.902830394871046,24.898907364343483,0,211,63.0,50.0,78.0,127.13332361940842,48.382735919497584,0,255,128.0,106.0,150.0,IMG20200713143050.jpg,unripe
37.83121448346204,5.50582173807018,0,174,38.0,37.0,39.0,47.55068847442809,19.59848723352836,16,198,43.0,33.0,58.0,172.97264315896837,58.03914744739437,0,255,181.0,141.0,219.0,IMG20200713143050.jpg,unripe
36.55311999125747,4.101027908433888,0,172,37.0,36.0,38.0,69.02422410024771,20.859598870452526,31,213,66.0,54.0,82.0,122.44131575112924,42.4460626871249,0,255,125.0,104.0,146.0,IMG20200713143050.jpg,unripe
36.25092889406965,11.71854092372734,0,170,37.0,36.0,38.0,61.76967069794551,25.86254606723711,0,211,63.0,49.0,78.0,127.25443501384234,49.90936254655219,0,255,128.0,106.0,151.0,IMG20200713143050.jpg,unripe
51.29326642867551,22.60874262674922,0,179,41.0,38.0,56.0,31.389470712516392,12.90105367286821,8,148,29.0,24.0,38.0,146.61290616348535,62.72490280933183,0,255,146.0,92.0,199.0,IMG20200713143050.jpg,unripe
37.85518404775293,9.865763582592146,0,174,36.0,35.0,38.0,103.53154548207102,31.019191329145382,51,247,100.0,82.0,118.0,66.73507504649855,27.32965540909409,0,169,72.0,54.0,84.0,IMG20200713143109.jpg,unripe
35.86883515722998,12.870057075318984,0,165,36.0,35.0,37.0,71.40891907089407,31.41668457351242,0,218,73.0,55.0,91.0,86.93442622950819,44.00101223633242,0,255,90.0,72.0,108.0,IMG20200713143109.jpg,unripe
37.317219602924,10.76060827984133,0,165,36.0,35.0,38.0,77.07667286647346,30.19326181355471,0,218,76.0,59.0,93.0,85.83414507547904,40.912864147874664,0,255,89.0,70.0,107.0,IMG20200713143109.jpg,unripe
36.7172109520308,9.087641249826023,0,172,36.0,35.0,37.0,116.53780007785804,33.817535493340934,58,255,112.0,92.0,132.0,70.59618495609672,34.30452789738448,0,255,74.0,56.0,88.0,IMG20200713143109.jpg,unripe
37.84617846792681,9.861422222425992,0,172,36.0,35.0,38.0,81.30811021237943,29.92412313562442,31,220,78.0,61.0,95.0,82.98762922271725,37.63401174469579,0,255,88.0,66.0,105.0,IMG20200713143109.jpg,unripe
35.54891441732438,2.383945891484517,19,42,36.0,35.0,37.0,66.54941063019034,17.44048090170396,31,150,66.0,53.0,78.0,141.95649243041316,53.03582137239006,6,255,139.0,109.0,173.0,IMG20200713143206.jpg,unripe
35.045267720884944,10.116815358873932,0,165,36.0,35.0,37.0,61.076295068767614,23.139906304964413,0,145,63.0,48.0,76.0,146.07285902873355,57.18981216561544,0,255,143.0,115.0,179.0,IMG20200713143206.jpg,unripe
35.513374341113575,2.4011686727289288,19,41,36.0,35.0,37.0,56.65677985937515,14.569595488065811,27,126,56.0,45.0,66.0,139.04514600829518,51.54551131192214,6,250,136.0,107.0,170.0,IMG20200713143206.jpg,unripe
34.25287194899306,10.681577088985362,0,165,35.0,35.0,37.0,59.30013388384874,24.533286771625058,0,145,62.0,46.0,76.0,143.35256392251588,62.94464858136028,0,255,143.0,110.0,181.0,IMG20200713143206.jpg,unripe
35.70233781797414,8.635755650389806,0,165,36.0,35.0,37.0,62.88058122442865,21.22406716016197,0,140,64.0,50.0,77.0,145.91536293758017,54.65399671734195,0,255,142.0,112.0,177.0,IMG20200713143206.jpg,unripe
34.01764041258155,3.2782729803999144,13,40,35.0,34.0,35.0,82.51816889601633,23.28234089985196,34,172,81.0,64.0,98.0,133.94942960236176,51.28387291349157,3,255,125.0,105.0,159.0,IMG20200713143223.jpg,unripe
34.77984109049823,10.778442532088949,0,172,35.0,34.0,36.0,67.09882640230346,23.756999288759392,0,141,68.0,53.0,82.0,135.56441119655938,53.61724345205744,0,255,124.0,105.0,161.0,IMG20200713143223.jpg,unripe
34.02224186317746,3.2619878628976062,13,40,35.0,34.0,36.0,70.86402485694501,19.75984071794706,29,147,70.0,56.0,84.0,131.8057458905857,51.02628337512141,2,255,123.0,103.0,156.0,IMG20200713143223.jpg,unripe
25.3494277800051,18.746103528766962,0,165,34.0,0.0,35.0,46.18946131136786,34.58600397850071,0,138,54.0,0.0,74.0,96.61655793271859,75.95916032425765,0,255,107.0,0.0,136.0,IMG20200713143223.jpg,unripe
33.78487990669534,8.945314125389004,0,165,35.0,34.0,36.0,67.26732150016402,23.522337355102838,0,137,68.0,53.0,82.0,132.7204140394358,55.03548451453305,0,255,124.0,104.0,160.0,IMG20200713143223.jpg,unripe
33.666463480225175,3.767135510370734,0,165,34.0,33.0,35.0,74.08943490264978,20.61428769440668,0,152,74.0,60.0,88.0,131.66763777833555,44.73079984592186,0,255,129.0,106.0,154.0,IMG20200713143259.jpg,unripe
43.60326652085052,22.304614657145798,0,177,36.0,34.0,40.0,36.96737961203342,11.668205260690065,7,102,36.0,29.0,44.0,158.92382301265732,64.87483160481834,0,255,170.0,108.0,213.0,IMG20200713143259.jpg,unripe
33.671035175158664,3.0686470624960953,0,165,34.0,33.0,35.0,74.45379002474094,20.133862765971227,0,154,74.0,61.0,88.0,130.87262899350998,44.3637208224083,0,255,128.0,106.0,153.0,IMG20200713143259.jpg,unripe
33.663227437340886,2.9331398659474806,17,41,34.0,33.0,35.0,66.08603750582667,16.174068429063276,29,134,66.0,55.0,78.0,119.3826508659328,39.03290310332528,5,232,118.0,98.0,140.0,IMG20200713143259.jpg,unripe
33.644877908852955,2.8891292269649167,19,40,34.0,33.0,35.0,74.97551005772885,19.87279843550465,29,158,75.0,61.0,89.0,130.499157373875,44.55962836609748,6,255,128.0,106.0,153.0,IMG20200713143259.jpg,unripe
35.652979954258036,8.708011668426696,0,165,36.0,34.0,37.0,77.87256827660433,24.676294618975167,34,201,74.0,60.0,90.0,94.27741154311853,44.58641887418542,0,213,98.0,70.0,124.0,IMG20200713143317.jpg,unripe
35.49534956724517,8.232132263467129,0,165,36.0,34.0,37.0,78.94052648100812,28.087520037173228,0,220,76.0,59.0,94.0,109.57972106372483,53.624322253257176,0,255,111.0,80.0,143.0,IMG20200713143317.jpg,unripe
35.64549979819723,8.680606777676589,0,165,36.0,34.0,37.0,85.40608099017894,27.687939999390114,36,223,82.0,66.0,100.0,97.18560473563836,45.76180754398604,0,220,100.0,74.0,127.0,IMG20200713143317.jpg,unripe
35.31419346159021,11.733627608348652,0,165,36.0,34.0,37.0,73.79206242432396,30.51225412339473,0,210,73.0,55.0,92.0,113.99478003497914,57.095317387752885,0,255,115.0,85.0,147.0,IMG20200713143317.jpg,unripe
29.18442082604601,17.334699485717795,0,165,35.0,28.0,37.0,57.97534418583793,39.23224114139553,0,222,63.0,29.0,84.0,97.2890084757164,69.32132198457231,0,255,104.0,25.0,142.0,IMG20200713143317.jpg,unripe
35.456075314700236,14.985933524942146,0,165,38.0,35.0,40.0,68.17656105540146,34.36213360282734,0,170,70.0,46.0,93.0,95.44828781736719,56.482678619676925,0,255,92.0,65.0,124.0,IMG20200713143325.jpg,unripe
38.97188144513193,12.51017154646265,0,165,38.0,36.0,40.0,80.95151482824835,27.62222380762759,30,180,78.0,59.0,100.0,91.47237927601167,48.04010420950489,0,255,90.0,65.0,119.0,IMG20200713143325.jpg,unripe
38.99300369817225,12.532694421681084,0,170,38.0,36.0,40.0,76.50564504658274,28.69471450441024,26,180,74.0,53.0,96.0,103.2161475001778,55.27501654005463,0,255,100.0,71.0,136.0,IMG20200713143325.jpg,unripe
38.93177938980158,12.517063410509108,0,165,38.0,36.0,40.0,97.00429379133774,27.16426307442422,46,194,94.0,75.0,116.0,72.25,34.03227355159832,0,183,75.0,55.0,92.0,IMG20200713143325.jpg,unripe
33.14750017779674,17.881539001699135,0,165,38.0,33.0,40.0,61.69041142166275,37.80117490515634,0,174,64.0,38.0,90.0,89.06913626342366,58.89279100627734,0,255,90.0,54.0,121.0,IMG20200713143325.jpg,unripe
31.700276991400294,13.271429310126468,0,165,34.0,32.0,35.0,66.30896368589327,34.305959269051705,0,213,66.0,48.0,88.0,107.28852126271451,59.62787785221976,0,255,107.0,79.0,138.0,IMG20200713143333.jpg,unripe
27.946890905067495,16.92435127213754,0,165,33.0,30.0,35.0,57.05397135466345,38.673901496027895,0,181,61.0,30.0,84.0,92.41976787662819,66.27698290132041,0,255,99.0,32.0,129.0,IMG20200713143333.jpg,unripe
34.099045409802294,8.040811456661963,0,165,34.0,32.0,35.0,57.39377799482644,24.8607117132107,20,192,52.0,39.0,70.0,124.4011796934018,61.420383352285945,0,255,124.0,90.0,164.0,IMG20200713143333.jpg,unripe
33.83580438150033,8.015838282606127,0,170,34.0,32.0,35.0,118.06137305323881,32.7417396236478,64,255,112.0,94.0,135.0,80.98847776819711,36.860026846040306,0,255,82.0,59.0,102.0,IMG20200713143333.jpg,unripe
34.082929546512425,7.982735566946474,0,165,34.0,32.0,35.0,78.43932514822474,29.63226818841355,30,237,73.0,57.0,94.0,105.58703863381432,52.293216054780835,0,255,105.0,78.0,134.0,IMG20200713143333.jpg,unripe
35.01450712533233,10.39792511718531,0,165,35.0,32.0,36.0,63.79430144387358,23.781122288149728,24,175,59.0,46.0,76.0,108.32317464116878,53.6601734591417,0,255,110.0,77.0,142.0,IMG20200713143359.jpg,unripe
34.94847705104422,13.93487067505317,0,165,35.0,32.0,36.0,69.3972832266172,29.17478581843662,0,189,67.0,51.0,86.0,109.18366858442258,54.79360486427009,0,255,110.0,81.0,140.0,IMG20200713143359.jpg,unripe
35.57606196089829,10.617169672669519,0,170,35.0,33.0,37.0,57.133804081144156,28.550663010662465,15,198,50.0,36.0,71.0,148.6553681492943,68.33884824960846,0,255,156.0,106.0,205.0,IMG20200713143359.jpg,unripe
35.03553690041632,10.376828180007587,0,165,35.0,32.0,36.0,75.7020439915539,27.310957456985,29,203,70.0,55.0,90.0,104.19443993263633,50.9664765675051,0,255,106.0,76.0,135.0,IMG20200713143359.jpg,unripe
29.745573916239945,16.3169790909164,0,165,34.0,30.0,36.0,55.414534481137316,35.5298018937654,0,174,57.0,34.0,78.0,102.4460620463852,64.43862843694686,0,255,107.0,68.0,140.0,IMG20200713143359.jpg,unripe
38.42890047158104,5.735981602258395,0,165,38.0,37.0,39.0,48.31548275006205,23.431938564617667,16,235,44.0,32.0,59.0,162.70860263092578,59.50654120117119,0,255,170.0,129.0,209.0,IMG20200713143438.jpg,unripe
29.53288657235046,18.211783614728013,0,165,37.0,33.0,39.0,44.22754033258873,31.248397527043128,0,130,47.0,2.0,66.0,90.20988830975428,65.8484688233235,0,255,101.0,16.0,127.0,IMG20200713143438.jpg,unripe
37.38493919086622,9.100550117292615,0,170,38.0,36.0,39.0,62.22665673864483,22.456783554007213,0,215,61.0,48.0,76.0,114.7236237279722,47.65919158921077,0,255,111.0,91.0,136.0,IMG20200713143438.jpg,unripe
35.91677339290146,11.33414213662512,0,150,38.0,36.0,39.0,58.780928270042196,24.562208360717317,0,229,59.0,46.0,74.0,113.9153040456689,51.09741740648392,0,255,112.0,93.0,138.0,IMG20200713143438.jpg,unripe
37.3133978654753,4.709810812664874,0,165,38.0,36.0,39.0,52.2265078183172,18.782284715986926,22,192,49.0,38.0,62.0,119.78274509803921,49.910781936340676,0,255,118.0,95.0,144.0,IMG20200713143438.jpg,unripe
38.042658186204626,4.803123812819732,0,165,39.0,38.0,40.0,73.88408816756223,19.836995191372477,31,213,72.0,60.0,86.0,113.6983620612308,43.07043649979638,0,255,118.0,95.0,138.0,IMG20200713143447.jpg,unripe
37.678752654298215,12.8447355252033,0,165,39.0,38.0,40.0,66.10028013438475,26.06408932337381,0,212,69.0,55.0,82.0,117.61155030954352,49.396313259881836,0,255,120.0,97.0,141.0,IMG20200713143447.jpg,unripe
38.057970870011665,4.844744771248773,0,150,39.0,38.0,40.0,54.80610912281052,16.80610142104125,20,174,54.0,42.0,65.0,131.93630681195108,50.26715318944195,0,255,136.0,109.0,161.0,IMG20200713143447.jpg,unripe
38.23233209383007,7.655421222283785,0,165,39.0,38.0,40.0,71.2622297101955,21.233462879716757,0,211,71.0,59.0,84.0,116.13975814732477,44.563919863256736,0,255,119.0,96.0,139.0,IMG20200713143447.jpg,unripe
37.800745695799975,4.67112012368564,0,80,39.0,38.0,40.0,130.88529444017985,22.736188666272234,81,255,129.0,114.0,145.0,87.12896150893738,37.668009260793696,0,255,86.0,65.0,110.0,IMG20200713143447.jpg,unripe
37.181994173301575,3.9232481422532386,0,90,38.0,36.0,39.0,49.287918616016775,15.710845930027501,20,180,48.0,38.0,59.0,150.03603253081792,52.84527759019577,1,255,151.0,118.0,185.0,IMG20200713143503.jpg,unripe
29.208650844112093,17.776180474259306,0,172,37.0,24.0,39.0,45.051956309251544,30.89881931432157,0,207,50.0,16.0,68.0,99.69604372870741,68.76805323216081,0,255,114.0,33.0,142.0,IMG20200713143503.jpg,unripe
37.1294969490496,3.92003843304402,0,165,38.0,36.0,39.0,69.30760981997969,14.014253726543442,40,185,68.0,59.0,78.0,91.21048236332406,31.60419358198404,1,194,91.0,75.0,108.0,IMG20200713143503.jpg,unripe
35.657591314992835,14.030760812268866,0,165,38.0,36.0,39.0,56.032208166867534,25.86649371990102,0,130,60.0,44.0,74.0,119.5852036023041,54.36815789324509,0,255,121.0,98.0,146.0,IMG20200713143503.jpg,unripe
37.100031316131606,3.8748372069059553,0,165,38.0,36.0,39.0,66.70801028687474,16.996773118604143,32,207,66.0,54.0,78.0,116.87613995463906,42.338287899129725,3,255,116.0,94.0,139.0,IMG20200713143503.jpg,unripe
35.62434186562469,13.987787961995869,0,165,38.0,37.0,39.0,55.39047650584457,26.82299286355988,0,211,57.0,43.0,72.0,112.43456736978045,52.32456823436485,0,255,112.0,93.0,136.0,IMG20200713143508.jpg,unripe
37.81716281996093,5.546121262527357,0,172,38.0,37.0,39.0,67.88336534322329,23.891734798347404,31,213,63.0,52.0,78.0,106.1885575681314,42.174299409891546,0,255,107.0,90.0,127.0,IMG20200713143508.jpg,unripe
38.572121593430246,5.978876769239577,0,170,38.0,37.0,39.0,49.6289695023014,25.566853418233237,18,212,42.0,32.0,60.0,162.39482267624757,60.93202810856544,0,250,170.0,132.0,210.0,IMG20200713143508.jpg,unripe
32.995711778535714,16.15032986954261,0,165,38.0,36.0,39.0,50.40661114606444,29.886186455759056,0,170,53.0,36.0,69.0,102.40420212589821,59.59705796776271,0,255,107.0,85.0,132.0,IMG20200713143508.jpg,unripe
37.82594622338488,5.540711992303628,0,172,38.0,37.0,39.0,105.7757210503659,25.07770958876208,67,255,100.0,88.0,116.0,69.74582767641313,24.1406622688815,0,255,71.0,59.0,84.0,IMG20200713143508.jpg,unripe
37.63419289498286,10.233188193312486,0,165,36.0,35.0,37.0,72.04829386101589,27.831518776616885,29,212,65.0,52.0,85.0,133.46659395450297,65.02470218555177,0,255,138.0,105.0,176.0,IMG20200713143524.jpg,unripe
38.446151449049545,10.324158572227196,0,165,37.0,36.0,38.0,59.72451698348395,27.963511210444935,20,210,52.0,41.0,70.0,160.40680118416952,70.3997972375993,0,251,177.0,131.0,215.0,IMG20200713143524.jpg,unripe
37.294679027734496,9.86765839442003,0,165,36.0,35.0,37.0,70.16776254284824,27.211657750959077,0,210,64.0,52.0,84.0,134.83370208787784,65.09686218417896,0,255,139.0,106.0,178.0,IMG20200713143524.jpg,unripe
37.95535213462138,10.259664371641248,0,165,36.0,35.0,37.0,63.28776098473045,28.497752664411852,24,212,55.0,44.0,76.0,157.25776721720163,70.34834530573733,0,255,173.0,130.0,210.0,IMG20200713143524.jpg,unripe
34.06388282954191,12.867904081242061,0,165,36.0,35.0,37.0,61.51850264880025,30.597167564164952,0,211,60.0,46.0,78.0,135.28588345278902,69.21938081292535,0,255,141.0,106.0,182.0,IMG20200713143524.jpg,unripe
35.05414266953917,3.5159891468175655,0,41,36.0,35.0,37.0,82.23924742719322,20.554740007805286,40,255,80.0,68.0,94.0,125.90665796904906,41.140310341766934,0,255,127.0,108.0,148.0,IMG20200713143542.jpg,unripe
35.08506785000043,3.498156759068783,0,43,36.0,35.0,37.0,64.57343335593569,17.12677977464365,29,214,63.0,53.0,74.0,134.34347292437366,45.614518945809756,0,255,135.0,114.0,159.0,IMG20200713143542.jpg,unripe
34.960731973186164,9.76525320684881,0,170,36.0,35.0,37.0,59.82098929678045,20.66359566853139,0,197,62.0,50.0,73.0,139.21580677555855,50.86036860545826,0,255,138.0,118.0,164.0,IMG20200713143542.jpg,unripe
35.036735990112184,8.906502176820558,0,170,36.0,35.0,37.0,60.52607139485181,19.931587430970378,0,198,62.0,50.0,73.0,138.89802329473767,49.759996430423975,0,255,138.0,118.0,163.0,IMG20200713143542.jpg,unripe
30.609225196769295,15.087687996120664,0,165,35.0,33.0,37.0,49.20076905250328,28.910254531797754,0,214,55.0,30.0,70.0,127.44957813693598,72.12680182695735,0,255,135.0,100.0,169.0,IMG20200713143542.jpg,unripe
25.305147212100493,18.306441663359585,0,172,35.0,0.0,37.0,41.49944550525728,32.86059181428765,0,135,46.0,0.0,67.0,94.00793803000109,74.96304823064482,0,255,111.0,0.0,144.0,IMG20200713143556.jpg,unripe
35.43281441519566,12.898204889342654,0,174,37.0,35.0,38.0,60.547799114476064,26.221675855067296,0,149,62.0,46.0,78.0,127.12200551993263,53.281958131298694,0,255,126.0,103.0,153.0,IMG20200713143556.jpg,unripe
35.69677892753212,4.3202097989197625,13,45,37.0,35.0,38.0,68.0716006970791,19.356372265628586,30,152,66.0,52.0,82.0,121.87740246312401,42.303465072080655,2,255,123.0,101.0,146.0,IMG20200713143556.jpg,unripe
35.64858374538269,4.360487879452233,14,45,37.0,35.0,38.0,96.8248963970349,16.633612279412212,64,168,96.0,84.0,108.0,70.28708652619467,20.8550597159142,1,134,74.0,62.0,83.0,IMG20200713143556.jpg,unripe
35.66813698104712,4.329072700597878,11,45,37.0,35.0,38.0,88.39896105195574,22.627876131334173,44,186,86.0,70.0,104.0,108.8375038564484,35.43588742662727,2,221,112.0,93.0,129.0,IMG20200713143556.jpg,unripe
33.92374040003376,11.365404105620126,0,165,36.0,34.0,37.0,59.41408557684193,25.63203722936211,0,216,61.0,46.0,76.0,134.76214026500128,56.603046481350674,0,255,134.0,105.0,167.0,IMG20200713143602.jpg,unripe
33.24128618448814,11.104188078999409,0,165,35.0,33.0,37.0,57.5217486707739,26.74817728772702,0,218,59.0,42.0,75.0,136.14927842011983,60.066980334057604,0,255,136.0,103.0,172.0,IMG20200713143602.jpg,unripe
35.298556840239684,3.805032239724508,0,165,36.0,34.0,37.0,105.59111317410752,16.284386831262207,74,230,104.0,94.0,115.0,66.19823613807073,22.00699001102919,0,122,68.0,51.0,83.0,IMG20200713143602.jpg,unripe
34.682952147860576,11.498308286603834,0,165,36.0,34.0,37.0,59.67245337159254,24.283610059263832,0,201,62.0,46.0,76.0,137.18963625622416,55.003884262239666,0,255,135.0,106.0,169.0,IMG20200713143602.jpg,unripe
35.29304582665204,3.825967184203239,0,165,36.0,34.0,37.0,82.3092159675922,17.012844491113764,50,213,80.0,70.0,92.0,89.52356316988775,30.62802437943675,0,168,91.0,69.0,111.0,IMG20200713143602.jpg,unripe
33.31717099515527,3.4493755053982564,0,120,34.0,32.0,35.0,53.11790167580018,17.02048426680442,21,180,54.0,40.0,64.0,156.36906321976014,50.441472223891594,1,255,157.0,131.0,189.0,IMG20200713143616.jpg,unripe
32.181181002303234,11.917056526972402,0,165,34.0,31.0,35.0,60.7052160273211,27.87983328924607,0,218,64.0,42.0,80.0,141.93970891906918,59.09979079272918,0,255,140.0,117.0,173.0,IMG20200713143616.jpg,unripe
36.75093320625844,11.898991889427348,0,179,35.0,33.0,37.0,40.11703796362481,13.929665230003588,10,169,40.0,30.0,48.0,167.1262409657692,65.42154221664816,0,255,183.0,122.0,221.0,IMG20200713143616.jpg,unripe
33.29817925502343,3.4301452063837248,0,150,34.0,32.0,35.0,70.22658049400366,20.09451541124277,29,217,71.0,55.0,84.0,137.91351957747597,47.18973253635273,2,255,136.0,116.0,161.0,IMG20200713143616.jpg,unripe
33.50253157016917,6.516847171898812,0,165,34.0,32.0,35.0,68.3018227305218,21.59081037246581,0,213,70.0,54.0,82.0,140.36741521721865,48.50402673659071,0,255,137.0,117.0,164.0,IMG20200713143616.jpg,unripe
35.68760673558955,11.479838244304274,0,165,36.0,35.0,38.0,63.619892759424864,24.63847286425833,0,134,66.0,51.0,80.0,134.80392786969534,53.51429054607539,0,255,131.0,108.0,160.0,IMG20200713143625.jpg,unripe
35.970609838955504,2.7178583428667937,0,75,36.0,35.0,38.0,65.22560919624658,18.185347746958243,27,134,64.0,52.0,78.0,137.18045430339535,48.35885820199281,0,255,135.0,112.0,163.0,IMG20200713143625.jpg,unripe
30.597416310116238,16.766327205967787,0,126,36.0,34.0,38.0,52.64790568705584,32.20480343861138,0,138,59.0,34.0,76.0,110.54287786694088,65.56302298355371,0,255,121.0,85.0,149.0,IMG20200713143625.jpg,unripe
35.98616339497218,2.7132688999505543,0,75,36.0,35.0,38.0,70.19223423985898,18.624979951037357,30,140,68.0,56.0,83.0,129.41026865233118,47.298880195578135,0,255,127.0,105.0,153.0,IMG20200713143625.jpg,unripe
35.996768092256275,2.7476296985842223,0,90,36.0,35.0,38.0,69.90555851405696,18.332883352931834,13,134,68.0,56.0,82.0,129.43338781056613,47.1285760387511,0,255,127.0,105.0,153.0,IMG20200713143625.jpg,unripe
32.99869891840521,11.401483776763563,0,165,34.0,33.0,35.0,67.68080508666336,26.6542579662642,0,148,73.0,53.0,86.0,134.43092953794633,54.51239517598829,0,255,135.0,113.0,159.0,IMG20200713143701.jpg,unripe
26.16926505860524,17.601009127450368,0,165,33.0,20.0,35.0,52.60010408652758,37.56596907899894,0,136,63.0,1.0,84.0,103.93157442186723,75.87759664637554,0,255,119.0,16.0,147.0,IMG20200713143701.jpg,unripe
32.15279223423994,13.07025201625572,0,165,34.0,32.0,35.0,64.70054758564511,29.177536227848034,0,131,72.0,48.0,85.0,133.80420419061412,58.6326923644457,0,255,136.0,112.0,161.0,IMG20200713143701.jpg,unripe
36.60993573788297,13.430401818916199,0,179,35.0,33.0,36.0,42.25926596370548,13.67361393448426,10,136,42.0,32.0,50.0,173.78581934199212,64.3652608050464,0,255,191.0,137.0,225.0,IMG20200713143701.jpg,unripe
33.583076888265374,3.052346416311892,1,42,34.0,33.0,35.0,74.79984839570983,19.50459490724968,29,181,76.0,62.0,88.0,129.76751368964113,46.57400782325044,3,255,132.0,109.0,153.0,IMG20200713143701.jpg,unripe
50.585240560967,26.046569063309352,0,179,38.0,35.0,56.0,44.081633992827896,18.781849725207607,4,196,42.0,32.0,52.0,139.18139519616614,67.6178295802243,0,255,140.0,78.0,198.0,IMG20200713143721.jpg,unripe
34.78457422801389,5.879957911800839,0,172,35.0,34.0,36.0,71.6820804030822,25.19046478001981,0,226,68.0,54.0,87.0,138.40334479447895,56.397383616706634,0,255,134.0,109.0,167.0,IMG20200713143721.jpg,unripe
34.76134284143409,4.587700651329427,0,110,35.0,34.0,36.0,73.02822888372818,25.269593220744976,30,229,69.0,54.0,88.0,137.1210149268429,56.56172714140642,0,255,133.0,109.0,166.0,IMG20200713143721.jpg,unripe
34.927745546155045,4.665832229631946,0,112,35.0,34.0,37.0,67.47882423416844,26.048341935571877,25,234,63.0,48.0,82.0,154.53559383231715,56.089000523241175,0,255,159.0,125.0,195.0,IMG20200713143721.jpg,unripe
34.64485766570109,10.439253669087725,0,172,35.0,34.0,36.0,68.21999655345024,27.55750827038521,0,226,66.0,51.0,84.0,140.55695423474288,58.66508619679087,0,255,136.0,110.0,171.0,IMG20200713143721.jpg,unripe
35.03237477440665,12.233654686988867,0,165,35.0,34.0,37.0,61.707928967889124,24.438917111571545,0,220,64.0,50.0,78.0,145.27868866414684,54.401283116638204,0,255,146.0,119.0,175.0,IMG20200713143750.jpg,unripe
34.94217148500017,3.5513302909914772,0,120,35.0,34.0,37.0,74.76249702046515,22.794697040487723,32,255,72.0,59.0,88.0,141.4854087921817,47.89712026903762,0,255,143.0,115.0,169.0,IMG20200713143750.jpg,unripe
34.97139646542037,3.5411636108918896,0,120,35.0,34.0,37.0,89.36877277215923,21.326457107887542,50,255,88.0,74.0,102.0,108.27903769537235,34.51457439789734,0,255,112.0,89.0,129.0,IMG20200713143750.jpg,unripe
28.9147342254912,17.32580951548671,0,165,35.0,33.0,37.0,48.25800217931692,31.10330474691254,0,130,54.0,29.0,72.0,115.61363094630028,74.5484730753308,0,255,131.0,68.0,165.0,IMG20200713143750.jpg,unripe
34.94675996867232,3.549429906072285,0,120,35.0,34.0,37.0,68.17083801545952,20.777374355411915,30,234,66.0,54.0,80.0,141.2247590833248,48.18398817702339,0,255,143.0,114.0,169.0,IMG20200713143750.jpg,unripe
37.461192194995704,10.558749973732612,0,170,38.0,36.0,39.0,68.44557109449379,25.257117228847196,0,145,70.0,53.0,86.0,139.3665505097655,49.16935436359961,0,255,138.0,116.0,165.0,IMG20200713143812.jpg,unripe
25.677086895837764,19.517244857729082,0,172,36.0,0.0,38.0,43.649449564180536,37.062025631791094,0,145,46.0,0.0,76.0,93.01847726621497,77.45942993840875,0,255,114.0,0.0,150.0,IMG20200713143812.jpg,unripe
36.993770046308704,3.173944818686256,0,165,38.0,36.0,39.0,72.73155739599028,20.582026271203507,32,151,72.0,57.0,87.0,134.95183339957666,46.314747527514335,0,255,136.0,114.0,161.0,IMG20200713143812.jpg,unripe
37.136818656585355,3.2819633073648093,0,165,38.0,36.0,39.0,61.919999630269814,20.716464076626806,23,142,61.0,46.0,76.0,164.0258533834934,52.96202746186452,0,255,169.0,139.0,200.0,IMG20200713143812.jpg,unripe
38.86286707275366,6.011874686606822,0,165,38.0,36.0,40.0,49.56520654052705,17.844928264995303,14,125,49.0,36.0,61.0,177.8322996293455,56.389309498046174,0,255,189.0,147.0,221.0,IMG20200713143812.jpg,unripe
36.103055077452666,12.35905370786633,0,165,38.0,37.0,40.0,65.23878848728246,32.75095129236601,0,219,66.0,48.0,83.0,124.74761745394275,62.15279316762163,0,255,127.0,101.0,156.0,IMG20200713143821.jpg,unripe
40.39304041563078,9.337127623921768,0,176,39.0,37.0,40.0,96.02342704149933,22.671859662076542,58,209,92.0,80.0,107.0,72.14630745203034,30.94687846522161,0,149,78.0,59.0,90.0,IMG20200713143821.jpg,unripe
37.46466022821445,16.132885507729508,0,165,39.0,37.0,40.0,65.57962006757188,34.4302387481144,0,207,66.0,48.0,84.0,121.17635621852489,65.06801603954776,0,255,126.0,97.0,155.0,IMG20200713143821.jpg,unripe
36.09063237075285,13.691739156654325,0,165,38.0,36.0,40.0,64.13274526678141,32.67388931941163,0,216,65.0,48.0,82.0,122.23256518136036,63.93471962926415,0,255,126.0,96.0,155.0,IMG20200713143821.jpg,unripe
40.35577229553133,9.316960801589435,0,174,39.0,37.0,40.0,88.38049021482756,29.934721001753317,38,238,82.0,67.0,103.0,109.40989354242366,49.795456474131136,0,233,114.0,90.0,136.0,IMG20200713143821.jpg,unripe
39.996349880541544,5.860915609256909,19,99,39.0,38.0,41.0,42.87358972657287,15.322304883620523,13,148,40.0,31.0,52.0,168.63394279267322,57.113477171495816,3,255,175.0,138.0,213.0,IMG20200713143830.jpg,unripe
38.22990775152641,3.4075184684079782,20,55,39.0,37.0,40.0,69.32472790018582,17.68124619782411,30,174,68.0,56.0,82.0,112.52305382267056,39.96902088103197,2,255,113.0,93.0,135.0,IMG20200713143830.jpg,unripe
38.15116471993629,11.267876351266256,0,170,39.0,37.0,40.0,62.5883909609769,23.720299879631977,0,169,65.0,51.0,78.0,119.55620354393416,49.73514628366638,0,255,117.0,95.0,141.0,IMG20200713143830.jpg,unripe
27.898443721794532,18.658390653473482,0,165,37.0,0.0,39.0,45.02235698168304,33.321276671140275,0,134,52.0,0.0,72.0,88.27624767719671,69.79169160878953,0,255,102.0,0.0,133.0,IMG20200713143830.jpg,unripe
38.22134656225113,3.4202585517871684,19,55,39.0,37.0,40.0,68.93618927528537,17.423010604158566,31,172,68.0,55.0,81.0,111.31210180515,39.2126544362202,2,250,113.0,92.0,134.0,IMG20200713143830.jpg,unripe
33.44819575522057,9.93407187914608,0,165,35.0,34.0,36.0,62.0048597172994,28.537529202057513,0,217,62.0,46.0,80.0,143.9715078788914,57.71788964056684,0,255,143.0,121.0,173.0,IMG20200713143842.jpg,unripe
34.83708416962036,2.9790708944935593,0,165,35.0,34.0,36.0,69.26707093137465,21.943659624968696,30,228,66.0,52.0,83.0,143.7327411709442,46.80893400836758,0,255,142.0,122.0,168.0,IMG20200713143842.jpg,unripe
34.09664773455182,10.11898311653751,0,172,35.0,34.0,36.0,64.06774565486613,26.75488446735903,0,225,63.0,48.0,80.0,147.4981594568049,52.10419056313768,0,255,145.0,125.0,173.0,IMG20200713143842.jpg,unripe
35.313353546568734,3.3685116646850535,0,165,35.0,34.0,36.0,49.61912285946107,19.245870571299463,18,200,46.0,36.0,61.0,180.5961139343212,50.690487312372895,0,255,187.0,155.0,218.0,IMG20200713143842.jpg,unripe
34.86137421531366,5.939415241691404,0,165,35.0,34.0,36.0,67.40481701328095,23.22070296319655,0,222,65.0,51.0,82.0,146.19272323525644,47.18418888511739,0,255,143.0,124.0,170.0,IMG20200713143842.jpg,unripe
33.95639520585004,2.670416904849207,0,45,35.0,33.0,35.0,111.91033923037826,23.059963547434897,66,242,111.0,94.0,126.0,111.19920971946681,35.1124037048686,2,255,112.0,93.0,130.0,IMG20200713143852.jpg,unripe
33.93025200439409,2.6665145320400865,0,45,35.0,33.0,35.0,91.20607958551261,18.422511303327138,54,195,90.0,77.0,102.0,102.43365414569362,28.173043960249274,2,179,106.0,89.0,119.0,IMG20200713143852.jpg,unripe
33.103039792756306,11.92149185029376,0,170,35.0,33.0,35.0,62.46156810021151,26.2268296756536,0,144,65.0,48.0,79.0,147.9835057631454,52.40301488175068,0,255,149.0,129.0,173.0,IMG20200713143852.jpg,unripe
33.93847452902887,2.6660143837756904,0,43,35.0,33.0,35.0,69.25806266498336,19.49655318968071,30,180,68.0,54.0,81.0,145.85997934121428,43.00063566354042,3,255,146.0,125.0,169.0,IMG20200713143852.jpg,unripe
27.453862045219786,17.255616678634393,0,165,34.0,28.0,35.0,50.036259448115295,33.40340131822426,0,146,56.0,26.0,75.0,118.37826892492335,74.27362549568082,0,255,137.0,69.0,164.0,IMG20200713143852.jpg,unripe
42.5775553505535,19.546223007939094,0,179,37.0,35.0,40.0,46.42979704797048,19.255073552790865,8,181,44.0,33.0,55.0,154.4261254612546,72.48172886022577,0,255,173.0,92.0,216.0,IMG20200713143859.jpg,unripe
36.05531365313653,7.52506778685911,0,178,36.0,34.0,37.0,75.42901291512915,25.098993260264447,0,216,75.0,57.0,92.0,129.54671586715867,54.67980524618387,0,255,131.0,108.0,158.0,IMG20200713143859.jpg,unripe
30.8875184501845,15.806790518594756,0,178,35.0,32.0,37.0,58.47606088560886,36.16129889287592,0,220,63.0,34.0,85.0,125.36653136531365,71.73050688415545,0,255,132.0,98.0,165.0,IMG20200713143859.jpg,unripe
36.448939114391145,7.19609325256517,0,177,36.0,35.0,38.0,58.31598708487085,23.639504566454743,16,206,56.0,40.0,72.0,161.53846863468635,62.93023604536242,0,255,173.0,135.0,207.0,IMG20200713143859.jpg,unripe
35.61464022140221,10.428440642052047,0,165,36.0,34.0,37.0,71.67004612546125,27.985407956378932,0,214,74.0,54.0,90.0,133.16788745387453,57.69382874006925,0,255,133.0,111.0,162.0,IMG20200713143859.jpg,unripe
33.759237167240904,13.284329616066191,0,172,37.0,35.0,38.0,64.98767821538513,30.805811890071595,0,209,70.0,52.0,86.0,125.39347120606662,57.928739753041555,0,255,129.0,102.0,155.0,IMG20200713143908.jpg,unripe
58.02227431612844,28.07424916503342,0,175,44.0,38.0,76.0,30.635427007816865,10.123351705498479,5,131,30.0,24.0,37.0,142.18107267099919,63.42918479638476,0,255,139.0,85.0,197.0,IMG20200713143908.jpg,unripe
35.82338219222651,10.109676368156256,0,165,37.0,35.0,38.0,68.46781903578072,25.64789673401304,0,206,70.0,55.0,86.0,130.38663040485864,49.74882682954082,0,255,130.0,106.0,155.0,IMG20200713143908.jpg,unripe
36.18401755249481,2.7487675124783997,0,66,37.0,35.0,38.0,73.75111163019629,20.20679173260475,29,209,72.0,59.0,88.0,125.54475302204906,42.360707170529665,0,255,127.0,102.0,150.0,IMG20200713143908.jpg,unripe
35.595433348071644,11.687482541778143,0,170,37.0,35.0,38.0,67.28838148311907,26.956566179872116,0,205,70.0,54.0,85.0,129.89457657943254,50.998338172210175,0,255,129.0,104.0,155.0,IMG20200713143908.jpg,unripe
39.8199253257376,9.194466038104979,0,177,38.0,37.0,39.0,75.34462749475549,28.948113447207113,30,215,69.0,55.0,89.0,120.84573413653072,58.27762724455885,0,255,126.0,97.0,154.0,IMG20200713143919.jpg,unripe
40.96452010238842,9.460399811193588,0,178,39.0,38.0,40.0,64.35633865162917,31.93562504352998,19,228,56.0,42.0,78.0,157.6283030851248,70.2733090640397,0,255,171.0,122.0,213.0,IMG20200713143919.jpg,unripe
38.23270270790431,13.76620669909925,0,176,38.0,37.0,39.0,66.52851286591351,31.361037687117705,0,215,64.0,49.0,84.0,127.23172116476452,61.2990349271785,0,255,131.0,103.0,160.0,IMG20200713143919.jpg,unripe
35.93721010796975,12.807832122368236,0,165,38.0,37.0,39.0,58.44008737658538,32.6703398882299,0,214,59.0,36.0,80.0,133.22945976635424,66.4464955917062,0,255,133.0,103.0,170.0,IMG20200713143919.jpg,unripe
38.27490906291499,10.95454531894819,0,165,38.0,37.0,39.0,67.55652533728517,28.995110034587338,0,211,66.0,50.0,84.0,126.32496776304394,60.95085049771868,0,255,129.0,100.0,159.0,IMG20200713143919.jpg,unripe
37.28048132914525,8.599980869308649,0,177,36.0,35.0,38.0,76.04242680610932,31.41463137938361,29,239,69.0,52.0,94.0,139.59783635889082,67.5203728106776,0,251,143.0,107.0,194.0,IMG20200713143938.jpg,unripe
37.1686902051139,8.58977118755686,0,177,36.0,35.0,37.0,75.70880846736088,29.001126208192026,29,224,70.0,54.0,92.0,127.86054235030466,65.49263791725195,0,255,128.0,97.0,167.0,IMG20200713143938.jpg,unripe
34.58760316446013,12.77846021918347,0,177,36.0,34.0,37.0,64.82270563140699,30.374867445356397,0,220,64.0,46.0,86.0,132.49482040158762,69.19250945648815,0,255,130.0,101.0,177.0,IMG20200713143938.jpg,unripe
37.167322179121406,8.60048069688013,0,177,36.0,35.0,37.0,111.74361212863045,27.931737485620097,67,254,106.0,90.0,128.0,79.10240394567496,33.1705467101368,0,255,86.0,65.0,100.0,IMG20200713143938.jpg,unripe
36.345750569260815,12.16293680073946,0,172,36.0,35.0,37.0,67.34158349008631,32.961978813249445,0,224,65.0,45.0,89.0,133.95363111899127,69.77159408669988,0,255,131.0,101.0,181.0,IMG20200713143938.jpg,unripe
41.51813934374972,13.140708725259499,0,178,39.0,38.0,40.0,71.74387836232233,34.29767656128934,31,222,61.0,48.0,84.0,117.84295911165903,56.65658993463446,0,255,124.0,91.0,154.0,IMG20200713143943.jpg,unripe
37.034357998552785,16.559196971558716,0,178,39.0,37.0,40.0,57.135002099357685,35.45058800185387,0,221,53.0,40.0,71.0,125.25538016240988,63.126484889612044,0,255,129.0,96.0,163.0,IMG20200713143943.jpg,unripe
39.66037752704598,13.990503589832892,0,178,39.0,38.0,40.0,62.80329465155129,31.48321186636721,0,221,56.0,44.0,78.0,124.92913104458678,59.82443656474605,0,255,128.0,98.0,161.0,IMG20200713143943.jpg,unripe
31.075701944809225,23.704187714174164,0,178,38.0,0.0,39.0,47.09190719945685,42.97428286060854,0,222,44.0,0.0,64.0,92.85252682264448,77.94012571288712,0,255,107.0,0.0,153.0,IMG20200713143943.jpg,unripe
41.53363885687741,13.091937067015781,0,178,39.0,38.0,40.0,91.31283109550738,30.91769451396249,54,227,81.0,70.0,102.0,77.26364359159899,33.249930233522036,0,159,84.0,63.0,98.0,IMG20200713143943.jpg,unripe
39.144926377240424,2.6418376616519024,0,172,39.0,38.0,40.0,100.79048751961774,21.309438382521737,65,255,97.0,84.0,114.0,77.52743484910583,24.789567284877783,0,255,77.0,63.0,93.0,IMG20200713143947.jpg,unripe
39.16324959764887,2.6545136135408893,3,172,39.0,38.0,40.0,55.32964803022882,18.632049679442847,26,194,52.0,40.0,67.0,127.96571268630606,47.433071188101195,2,255,124.0,100.0,154.0,IMG20200713143947.jpg,unripe
39.11432769875146,2.630325921581945,5,173,39.0,38.0,40.0,66.99064346191909,20.583619915397282,32,220,63.0,51.0,80.0,115.08489858752262,41.679462614692355,2,255,112.0,91.0,138.0,IMG20200713143947.jpg,unripe
37.98434579205694,13.086296341168877,0,165,39.0,38.0,40.0,59.513460019792674,26.740799450079997,0,215,59.0,46.0,76.0,117.53483211211852,51.84653214539731,0,255,115.0,92.0,144.0,IMG20200713143947.jpg,unripe
37.16899747093576,14.603181355870714,0,165,39.0,38.0,40.0,57.6726311264832,28.24085459040596,0,216,59.0,44.0,76.0,115.35875725981387,55.06893768799916,0,255,115.0,91.0,144.0,IMG20200713143947.jpg,unripe
34.61519750762208,9.208858729518951,0,178,35.0,34.0,36.0,67.24479782749945,24.359004241452492,0,222,69.0,55.0,82.0,147.71618379621145,50.93113896690668,0,255,145.0,122.0,176.0,IMG20200713143957.jpg,unripe
34.873673425187015,3.45937947398216,0,177,35.0,34.0,36.0,71.24538093730736,20.60364638894488,30,223,70.0,58.0,82.0,144.42976025856754,46.89501276755225,0,255,143.0,120.0,172.0,IMG20200713143957.jpg,unripe
34.68574546423871,3.0925229957489946,0,177,35.0,34.0,36.0,120.31325491894773,22.553926817461328,74,255,120.0,105.0,133.0,100.56746580477484,32.29610571544779,0,255,103.0,82.0,120.0,IMG20200713143957.jpg,unripe
34.1087166586142,11.184325355432428,0,178,35.0,34.0,36.0,65.44948603035503,26.487119995246196,0,222,68.0,52.0,81.0,146.71541742332107,54.20295584083539,0,255,145.0,122.0,177.0,IMG20200713143957.jpg,unripe
33.485988704330005,12.003703540873198,0,165,35.0,34.0,36.0,61.44021458440931,27.233921073275685,0,132,65.0,46.0,80.0,143.74941272512203,60.00432914492191,0,255,145.0,119.0,178.0,IMG20200713143957.jpg,unripe
34.554139152842644,2.0282451940543016,0,50,35.0,34.0,35.0,69.20487196005799,18.02374752192141,30,189,69.0,56.0,82.0,144.60186020293122,50.123490645257704,0,255,143.0,119.0,173.0,IMG20200713144008.jpg,unripe
34.64317120309229,3.6880225570818723,0,165,35.0,34.0,35.0,68.10426799806733,18.818210858012247,0,146,68.0,55.0,82.0,145.99360605572556,50.15007040182342,0,255,144.0,120.0,174.0,IMG20200713144008.jpg,unripe
34.798727653406345,8.072124846701838,0,165,35.0,34.0,35.0,66.34120631341601,21.175995548358962,0,136,68.0,54.0,81.0,147.68272668706717,51.86458099733246,0,255,145.0,121.0,176.0,IMG20200713144008.jpg,unripe
29.866049283298437,16.47145533662931,0,165,35.0,33.0,35.0,53.502077629247864,32.28158073413645,0,137,60.0,33.0,78.0,124.54098083427283,73.21416210242771,0,255,135.0,95.0,168.0,IMG20200713144008.jpg,unripe
34.575881784506365,2.0225933664758386,0,50,35.0,34.0,35.0,105.4269205991303,18.526714095115754,65,228,106.0,92.0,119.0,94.87236269930746,28.350026544317178,0,162,98.0,82.0,112.0,IMG20200713144008.jpg,unripe
31.231086762644924,12.883555446968053,0,165,34.0,33.0,35.0,57.8319531150465,27.989532681259668,0,137,63.0,44.0,76.0,139.42647471015417,65.73918031960503,0,255,147.0,115.0,178.0,IMG20200713144013.jpg,unripe
33.93075126343059,9.70326305557939,0,165,34.0,33.0,35.0,64.14609079712915,22.385791310452817,0,202,66.0,52.0,78.0,148.6913152418567,52.63347757349774,0,255,150.0,123.0,178.0,IMG20200713144013.jpg,unripe
32.43900284537308,10.671446074424646,0,165,34.0,33.0,35.0,61.48418906867117,25.417049415065133,0,236,64.0,48.0,78.0,147.59185458869496,56.98513040039773,0,255,151.0,124.0,179.0,IMG20200713144013.jpg,unripe
34.77162271202276,3.3613020259987296,0,75,35.0,33.0,36.0,46.759935448252435,15.604376669538084,15,210,46.0,36.0,55.0,179.45772285216802,56.80910638658041,0,255,191.0,152.0,224.0,IMG20200713144013.jpg,unripe
33.862131057034865,2.215079971059909,0,75,34.0,33.0,35.0,68.37139338344588,19.147166262995523,30,240,68.0,55.0,80.0,145.59614388244788,50.239775140342175,0,255,148.0,121.0,175.0,IMG20200713144013.jpg,unripe
36.996219120227316,9.012825477006837,0,165,37.0,35.0,38.0,70.14712047575424,28.43638922444548,0,222,68.0,52.0,87.0,121.73331987640327,51.08884396444452,0,255,121.0,100.0,145.0,IMG20200713144109.jpg,unripe
37.12823160411782,6.1855417931727255,0,172,37.0,35.0,38.0,74.49163082465103,27.527223113571964,31,224,70.0,55.0,88.0,117.14068444016583,47.41443313607401,0,255,119.0,97.0,141.0,IMG20200713144109.jpg,unripe
46.19858546962098,18.79077405591936,0,177,38.0,36.0,46.0,48.30390665031132,25.653713407920367,8,212,42.0,31.0,58.0,151.88330512553762,66.70833166545974,0,255,159.0,100.0,208.0,IMG20200713144109.jpg,unripe
53.00361784388926,24.77427533486731,0,178,40.0,37.0,62.0,33.561782836203285,17.9749798574478,6,153,30.0,22.0,40.0,147.53735074453053,68.53735366767317,0,255,154.0,90.0,207.0,IMG20200713144109.jpg,unripe
34.08081145288263,14.017334798068168,0,165,36.0,35.0,38.0,60.70989705448504,33.22581582010584,0,215,62.0,40.0,84.0,121.39815691815599,61.40238010595908,0,255,122.0,98.0,149.0,IMG20200713144109.jpg,unripe
47.95401806499674,21.300301833346968,0,172,37.0,35.0,55.0,120.63924015271441,62.184639969996795,31,227,93.0,68.0,193.0,83.14041344631717,67.84565557090464,0,255,98.0,11.0,134.0,IMG20200713144113.jpg,unripe
46.642648291274796,23.75151639109569,0,170,37.0,35.0,55.0,111.4362370798026,66.28655928561783,0,225,86.0,63.0,190.0,85.87246950367818,70.68554524777605,0,255,101.0,11.0,137.0,IMG20200713144113.jpg,unripe
46.378852779588414,24.001296907307445,0,170,37.0,35.0,54.0,110.48232144519974,66.57635827327731,0,226,86.0,62.0,190.0,85.81301331595121,70.91055397205166,0,255,101.0,11.0,137.0,IMG20200713144113.jpg,unripe
21.792192010429275,19.977898429834614,0,165,34.0,0.0,36.0,43.12204115839464,44.675756818543114,0,194,41.0,0.0,76.0,74.17598007263246,76.31760821212897,0,255,81.0,0.0,132.0,IMG20200713144113.jpg,unripe
29.317399199180556,21.884349619317263,0,125,35.0,0.0,37.0,169.54228512896918,67.15173429884635,68,255,142.0,112.0,255.0,77.59208026818139,64.4196969497741,0,255,86.0,0.0,115.0,IMG20200713144113.jpg,unripe
35.08393823526873,10.369227993924188,0,170,35.0,35.0,36.0,65.50974891894458,25.851075972200153,0,217,64.0,53.0,78.0,138.1741168144037,60.00635397796197,0,255,140.0,109.0,176.0,IMG20200713144123.jpg,unripe
33.801733141145704,12.606111507936607,0,165,35.0,34.0,36.0,61.228441467646014,29.40160459252982,0,218,62.0,48.0,76.0,134.92556469501721,64.81514160538953,0,255,139.0,106.0,176.0,IMG20200713144123.jpg,unripe
35.93796770212068,6.80349917931932,0,120,35.0,35.0,36.0,133.14096444816545,27.88879137864686,83,255,126.0,114.0,144.0,92.79849644826902,43.255900632223046,0,255,90.0,71.0,115.0,IMG20200713144123.jpg,unripe
33.94448424377908,13.252875413538098,0,165,35.0,35.0,36.0,61.76260799765232,28.307738375674216,0,216,63.0,50.0,76.0,134.31182730733047,64.51051215955991,0,255,139.0,107.0,175.0,IMG20200713144123.jpg,unripe
35.946693826116224,6.763095882194456,0,120,35.0,35.0,36.0,68.78224393443755,21.649502277071075,30,200,64.0,54.0,77.0,122.28346524654968,53.0044563873332,0,233,126.0,98.0,157.0,IMG20200713144123.jpg,unripe
37.19983356737921,2.7027336729855205,11,83,37.0,36.0,38.0,68.22592188068862,18.07191076017346,29,211,66.0,55.0,80.0,123.55402298850575,43.67653996548758,2,245,126.0,103.0,149.0,IMG20200713144137.jpg,unripe
35.97864461434441,13.102950276516193,0,165,37.0,36.0,38.0,61.94714724085921,26.25232024907091,0,214,64.0,50.0,78.0,128.11266448223853,53.448986146136164,0,255,131.0,106.0,157.0,IMG20200713144137.jpg,unripe
37.17855099599522,2.68475461452953,11,83,37.0,36.0,38.0,69.63859156394653,18.93728724050281,29,219,67.0,56.0,82.0,127.20484735008061,45.38351210483067,2,255,129.0,105.0,153.0,IMG20200713144137.jpg,unripe
37.19577677224736,2.697051406398427,11,90,37.0,36.0,38.0,62.83741613356218,17.607631200361237,27,202,61.0,50.0,74.0,131.56873147136838,47.14637823823823,1,255,134.0,109.0,159.0,IMG20200713144137.jpg,unripe
36.312716492432514,11.252483208815496,0,165,37.0,36.0,38.0,63.44261715296198,25.00090625028754,0,136,64.0,52.0,78.0,130.37718832891247,51.95573766765579,0,255,132.0,109.0,158.0,IMG20200713144137.jpg,unripe
36.927065288811896,2.981738418379086,0,120,37.0,35.0,39.0,112.65329629850865,17.85807291979883,76,239,112.0,98.0,126.0,69.90560101945324,22.64476729449651,0,131,72.0,59.0,85.0,IMG20200713144142.jpg,unripe
36.905730442227664,2.937617337080051,0,110,37.0,35.0,39.0,71.22563367381478,20.524382721731836,30,217,71.0,55.0,86.0,129.75463433088424,45.64639351932307,0,255,130.0,109.0,153.0,IMG20200713144142.jpg,unripe
35.28326663082651,12.316890206027727,0,165,37.0,35.0,38.0,61.60721183521494,27.478472174886136,0,217,65.0,46.0,82.0,133.8236365808494,56.597790813378914,0,255,134.0,111.0,161.0,IMG20200713144142.jpg,unripe
36.18618959440894,11.689653065512301,0,165,37.0,35.0,39.0,64.75168747386655,26.56623598593595,0,196,68.0,49.0,84.0,133.38214563048803,53.50554477979644,0,255,134.0,111.0,158.0,IMG20200713144142.jpg,unripe
36.92688608804731,2.9616162970984723,0,110,37.0,35.0,39.0,88.87292674670968,22.983019445116366,42,250,88.0,70.0,106.0,115.13635187065687,38.49446390478664,0,255,117.0,98.0,136.0,IMG20200713144142.jpg,unripe
35.486230595005495,9.563857481090798,0,176,36.0,34.0,38.0,68.87992962196105,28.093926029268868,0,220,67.0,50.0,87.0,131.52626053483422,54.89599811882296,0,255,133.0,110.0,161.0,IMG20200713144151.jpg,unripe
42.40333226405374,15.377595189545598,0,170,38.0,35.0,43.0,50.11898165699455,22.878758588561077,10,210,45.0,34.0,63.0,151.19688353601043,67.63977336908792,0,255,160.0,91.0,211.0,IMG20200713144151.jpg,unripe
35.48573483810135,7.4671608856663685,0,172,36.0,34.0,38.0,70.43834631049936,26.804350702857445,0,220,68.0,51.0,88.0,130.29733749380304,53.21907674494583,0,255,132.0,108.0,159.0,IMG20200713144151.jpg,unripe
32.48412119798198,13.555825560882877,0,165,35.0,33.0,37.0,58.641081722123396,31.564251779814253,0,146,60.0,39.0,82.0,127.54619773895969,66.80045847135321,0,255,134.0,104.0,165.0,IMG20200713144151.jpg,unripe
35.372323155735714,4.285604501371016,0,120,36.0,34.0,37.0,72.78724252233336,25.619911973780404,31,221,69.0,53.0,90.0,127.6402651813401,51.94174830380089,0,255,131.0,106.0,157.0,IMG20200713144151.jpg,unripe
40.15488601091727,3.422548090725672,0,165,40.0,39.0,41.0,72.65154661243712,20.730061158531598,34,225,70.0,58.0,84.0,108.4394626993471,41.34282175209152,0,255,107.0,88.0,128.0,IMG20200713144202.jpg,unripe
32.25883549181205,19.17741700916852,0,165,40.0,38.0,41.0,49.68504762924114,33.77039886610003,0,155,57.0,21.0,74.0,93.76943166006636,66.07958505085041,0,255,102.0,35.0,130.0,IMG20200713144202.jpg,unripe
56.87355239216526,22.508470737222616,0,179,47.0,41.0,68.0,30.26463662635128,14.16148659776999,4,160,29.0,21.0,38.0,158.35552820293267,56.766175751099546,0,255,159.0,114.0,206.0,IMG20200713144202.jpg,unripe
39.29156587819758,13.475516210092287,0,165,40.0,39.0,41.0,65.14168896500054,27.58528102105948,0,223,68.0,53.0,82.0,113.35386920689287,50.146266247685595,0,255,110.0,91.0,134.0,IMG20200713144202.jpg,unripe
40.14392593385422,3.5434213147467197,0,165,40.0,39.0,41.0,99.52438189018517,22.51037696608955,57,255,96.0,84.0,112.0,85.47045916729103,30.152808934230805,0,255,86.0,72.0,100.0,IMG20200713144202.jpg,unripe
31.39271181358691,17.994720269868363,0,165,38.0,32.0,40.0,53.03345326822582,34.95784893948271,0,144,58.0,31.0,78.0,99.66710571404094,63.36268462521236,0,255,111.0,69.0,134.0,IMG20200713144211.jpg,unripe
38.62322239355778,5.890664481888206,0,177,39.0,37.0,40.0,49.63287072731946,21.59322639917143,15,204,46.0,34.0,62.0,166.08439347211512,58.90987071696957,0,255,176.0,134.0,211.0,IMG20200713144211.jpg,unripe
37.3962563179988,4.730278499938265,0,172,39.0,36.0,40.0,71.44695022701961,22.888052903790808,0,214,70.0,55.0,86.0,118.53943930437762,45.74486388672423,0,255,117.0,99.0,141.0,IMG20200713144211.jpg,unripe
37.41621691081984,3.9790697171786134,0,165,39.0,36.0,40.0,72.65633299066221,22.880563649298324,29,222,70.0,56.0,86.0,117.5945343956138,45.79512173756973,0,255,117.0,98.0,140.0,IMG20200713144211.jpg,unripe
37.42206373682858,3.954850968390512,0,165,39.0,36.0,40.0,59.57403837916559,20.030131316837636,24,191,57.0,44.0,72.0,126.67425897369999,48.918307365087635,0,255,126.0,105.0,152.0,IMG20200713144211.jpg,unripe
34.46389072344351,4.261411868619826,0,172,35.0,32.0,37.0,109.02969881854682,25.17001948430722,62,255,107.0,92.0,122.0,89.47673260580139,36.64983847739158,0,255,87.0,70.0,117.0,IMG20200713144221.jpg,unripe
30.356721283978573,15.82438117909581,0,165,35.0,30.0,37.0,54.80400666729566,34.32000511791398,0,221,59.0,32.0,79.0,115.79328238513067,72.27745276550625,0,255,123.0,71.0,159.0,IMG20200713144221.jpg,unripe
33.920348879873366,12.802810233607255,0,172,35.0,32.0,37.0,66.69198352045791,30.300238840563647,0,217,70.0,50.0,85.0,130.40710339549852,59.60239771173648,0,255,127.0,102.0,161.0,IMG20200713144221.jpg,unripe
34.61894728014173,4.449335431918196,0,174,35.0,32.0,37.0,72.98284953507144,26.44031999724954,27,239,70.0,55.0,87.0,141.50938767808285,56.62762616822326,0,255,144.0,114.0,181.0,IMG20200713144221.jpg,unripe
33.89577633110042,12.881665600300362,0,170,35.0,32.0,37.0,66.5885460892537,30.415505150914694,0,220,70.0,50.0,85.0,130.4324097661205,59.75077110225767,0,255,127.0,102.0,161.0,IMG20200713144221.jpg,unripe
38.27802443873907,9.139487137788839,0,177,38.0,35.0,39.0,127.71439877999343,29.45565858757581,76,255,123.0,108.0,141.0,72.81309962743471,32.242545660698916,0,255,71.0,58.0,91.0,IMG20200713144228.jpg,unripe
37.92262031156497,12.294627047871687,0,165,38.0,35.0,39.0,71.89449452734398,29.01754921190779,0,218,72.0,56.0,88.0,109.60433758662626,56.1516389749118,0,255,109.0,84.0,137.0,IMG20200713144228.jpg,unripe
38.50277976178986,9.079278722445107,0,177,38.0,35.0,39.0,78.41277532189255,27.478422364484903,30,221,74.0,60.0,90.0,104.26600776016834,51.354007131609,0,255,106.0,80.0,132.0,IMG20200713144228.jpg,unripe
32.263150782773195,17.03478508897063,0,165,37.0,33.0,39.0,57.81099550219099,36.191856286983054,0,216,63.0,35.0,81.0,105.42740767909194,68.03280939369154,0,255,108.0,74.0,140.0,IMG20200713144228.jpg,unripe
37.19801941972472,10.02168923370954,0,165,37.0,35.0,39.0,71.90287242051619,27.796388367438237,0,213,72.0,57.0,87.0,109.76746520471788,55.45730650277656,0,255,108.0,83.0,136.0,IMG20200713144228.jpg,unripe
39.696592181750304,4.435335568147011,0,177,40.0,39.0,41.0,77.31599381366327,22.702017639379264,36,234,74.0,62.0,88.0,102.72629726414591,41.926038820817375,0,240,101.0,83.0,121.0,IMG20200713144234.jpg,unripe
39.67154818409685,4.41189946152815,0,177,40.0,39.0,41.0,72.49193109700816,22.1235433906992,32,225,70.0,57.0,84.0,107.21442056423658,44.668408185347054,0,255,105.0,85.0,127.0,IMG20200713144234.jpg,unripe
38.55515972481468,11.529351233223295,0,165,40.0,39.0,41.0,65.1028958455549,27.102958561645668,0,224,66.0,52.0,80.0,113.09281638312623,51.26107938211076,0,255,109.0,89.0,134.0,IMG20200713144234.jpg,unripe
39.460252786518055,10.135618502790004,0,176,40.0,39.0,41.0,67.02347608127566,25.231977608460777,0,215,68.0,54.0,81.0,112.17898778731801,48.852561479578576,0,255,108.0,88.0,131.0,IMG20200713144234.jpg,unripe
58.19390965815157,24.49949149883103,0,178,46.0,41.0,72.0,29.832371606847634,15.014155961279412,4,160,28.0,20.0,36.0,157.1261586048744,59.32010496028108,0,255,159.0,111.0,208.0,IMG20200713144234.jpg,unripe
40.04607471808556,3.725760046803341,12,120,40.0,39.0,41.0,47.915992367507386,15.656726648373317,18,162,46.0,36.0,58.0,146.36598662879115,49.63813816291767,1,255,144.0,117.0,178.0,IMG20200713144248.jpg,unripe
39.80806863504634,3.710599430866511,0,110,40.0,39.0,41.0,128.74208057157614,21.98757959233923,84,255,128.0,112.0,143.0,82.06801813434335,26.15492096101535,0,255,81.0,68.0,97.0,IMG20200713144248.jpg,unripe
37.70703853547961,12.503475013739992,0,165,39.0,39.0,40.0,64.54203609652521,27.631433491858,0,175,68.0,51.0,83.0,122.04786806691344,54.34451728196169,0,255,118.0,98.0,144.0,IMG20200713144248.jpg,unripe
39.83854121832946,3.6143779028112752,13,110,40.0,39.0,41.0,72.49126280451063,20.291985063452636,32,215,71.0,58.0,86.0,122.09201314166022,45.81699843362333,2,255,117.0,98.0,140.0,IMG20200713144248.jpg,unripe
39.82132506958193,8.020288237958708,0,165,40.0,39.0,41.0,69.37433646093369,22.67609913660927,0,193,70.0,56.0,84.0,125.55590226966228,47.73396064415505,0,255,118.0,100.0,144.0,IMG20200713144248.jpg,unripe
38.085036010025696,2.072282994209066,21,48,39.0,38.0,39.0,69.35912465497002,21.53371878499165,31,150,67.0,52.0,86.0,123.94089279482218,48.7467461586686,2,255,117.0,94.0,149.0,IMG20200713144253.jpg,unripe
38.2145927853041,2.1923168815352296,21,50,39.0,38.0,39.0,51.125765411339195,17.838671937716043,21,119,48.0,36.0,64.0,142.98128906373933,53.19255414140535,1,255,138.0,107.0,181.0,IMG20200713144253.jpg,unripe
38.126312700276024,2.110553476482889,21,48,39.0,38.0,39.0,72.25630572035915,22.023949375271524,32,155,70.0,54.0,88.0,121.132166312383,47.036703028349635,2,250,115.0,92.0,145.0,IMG20200713144253.jpg,unripe
35.57332878581173,13.332429075536636,0,170,38.0,37.0,39.0,59.801159618008185,29.275572158608103,0,135,62.0,43.0,81.0,123.65876931374726,61.93186096358804,0,255,118.0,93.0,158.0,IMG20200713144253.jpg,unripe
34.157317808306104,14.934384804083072,0,172,38.0,37.0,39.0,59.00264126399949,32.07579701309112,0,139,63.0,41.0,82.0,119.64593578476475,67.14774539286269,0,255,116.0,88.0,157.0,IMG20200713144253.jpg,unripe
40.603258316284006,8.479558524773264,0,172,39.0,38.0,41.0,75.49139956050618,24.940861892512036,29,215,73.0,57.0,90.0,111.86387815412594,49.961840762448006,0,255,112.0,89.0,138.0,IMG20200713144302.jpg,unripe
40.1636432522543,11.314009874094838,0,165,39.0,38.0,41.0,71.07657043267409,26.82467799748389,0,213,70.0,54.0,88.0,116.33207547169812,53.08795411009951,0,255,115.0,91.0,142.0,IMG20200713144302.jpg,unripe
33.49202091384406,18.92835947160489,0,172,39.0,37.0,40.0,55.16944760172767,37.34923894626702,0,202,59.0,27.0,82.0,105.64788967189513,72.2955725849926,0,255,110.0,55.0,143.0,IMG20200713144302.jpg,unripe
37.153610669091464,14.555431617171106,0,165,39.0,38.0,40.0,63.24391907251648,31.572114925929178,0,214,66.0,45.0,84.0,118.57585057209972,60.74434476099255,0,255,116.0,92.0,146.75,IMG20200713144302.jpg,unripe
40.59986360536485,8.506541705125999,0,172,39.0,38.0,41.0,101.48966431764795,22.265295849674704,60,226,99.0,84.0,115.0,70.5484579828749,26.864267875164355,0,148,75.0,59.0,87.0,IMG20200713144302.jpg,unripe
34.674828122973146,3.5738643249515816,0,120,35.0,34.0,36.0,96.7267317421196,20.832748618527408,58,237,96.0,82.0,109.0,88.78130269814503,27.52072793397806,0,164,91.0,74.0,107.0,IMG20200713144324.jpg,unripe
50.028343494616685,25.624032417868612,0,179,38.0,35.0,50.0,37.44620735503956,15.472582938432854,4,169,37.0,27.0,45.0,145.9542742249319,65.15301148466874,0,255,148.0,90.0,202.0,IMG20200713144324.jpg,unripe
33.42026365287327,10.800297880424063,0,170,35.0,34.0,36.0,64.32530970294461,27.501178047057333,0,209,66.0,50.0,82.0,135.79565280840575,53.89823590986733,0,255,134.0,110.0,165.0,IMG20200713144324.jpg,unripe
32.81155954079647,12.88376177996382,0,165,35.0,34.0,36.0,60.888336684394865,30.418928105636457,0,220,64.0,43.0,82.0,132.47287261642236,60.697237720352945,0,255,133.0,106.0,167.0,IMG20200713144324.jpg,unripe
34.449596251135034,12.680068508136618,0,165,35.0,34.0,36.0,65.12679984433778,27.63873289648051,0,222,68.0,52.0,83.0,135.38613146971073,53.7483484556,0,255,133.0,109.0,164.0,IMG20200713144324.jpg,unripe
35.025567440647016,4.920423883681115,0,114,35.0,34.0,36.0,73.44970486564048,24.40100464993606,29,213,70.0,57.0,86.0,132.27936668405948,48.32333636833706,0,255,129.0,108.0,158.0,IMG20200713144332.jpg,unripe
38.77511903208975,13.101754292145324,0,179,36.0,35.0,38.0,45.36414036003131,19.903923951051127,9,178,42.0,33.0,52.0,165.72250847899818,62.79519820063784,0,255,179.0,127.0,216.0,IMG20200713144332.jpg,unripe
35.062940255674405,7.8983512640718185,0,165,35.0,34.0,36.0,70.72859868249412,25.261553191971377,0,212,68.0,55.0,84.0,134.53990836159667,49.35301659742065,0,255,130.0,109.0,160.0,IMG20200713144332.jpg,unripe
34.97849269501696,4.824242038108196,0,115,35.0,35.0,36.0,108.91344899556483,27.258291817171052,60,255,105.0,90.0,122.0,102.91382402817636,36.09469090396798,0,255,103.0,83.0,124.0,IMG20200713144332.jpg,unripe
33.47503587268458,11.016696868824798,0,165,35.0,34.0,36.0,65.60615053482911,30.184684311275127,0,213,66.0,50.0,83.0,137.66291090529612,56.90180037982384,0,255,135.0,112.0,167.0,IMG20200713144332.jpg,unripe
37.06123062669148,12.626208894536914,0,165,38.0,36.0,39.0,69.80096389067236,29.745373590391512,0,170,70.0,52.0,90.0,112.6309095194363,49.77716508665304,0,255,112.0,93.0,136.0,IMG20200713144338.jpg,unripe
44.31024113521289,16.546029909099964,0,178,39.0,37.0,43.0,37.22885495314646,16.880568919888695,6,131,32.0,25.0,47.0,152.66007818404947,65.9911745676027,0,255,159.0,106.0,206.0,IMG20200713144338.jpg,unripe
37.04321253545508,9.909858116993282,0,165,38.0,36.0,39.0,71.76331038742553,27.569309408488376,0,155,71.0,55.0,90.0,112.0363937810359,47.580667700137404,0,255,111.0,92.0,135.0,IMG20200713144338.jpg,unripe
37.895719382654846,6.643770215408789,0,120,38.0,36.0,39.0,75.61634550522987,20.802042588879896,36,172,73.0,60.0,90.0,90.09605585039377,33.89753796650575,0,207,93.0,78.0,109.0,IMG20200713144338.jpg,unripe
33.313865884284354,15.023850962167897,0,165,38.0,35.0,39.0,60.96337865624213,33.78173210467184,0,169,64.0,42.0,84.0,107.92845590565899,57.116313749275356,0,255,111.0,89.0,137.0,IMG20200713144338.jpg,unripe
41.339456297036925,5.415498986017829,26,110,41.0,40.0,42.0,69.67097458485901,19.699509000740733,29,160,67.0,54.0,82.0,117.89392117387956,50.80359227566211,2,255,113.0,88.0,144.0,IMG20200713144423.jpg,unripe
39.33497047736147,11.874615787758467,0,170,40.0,39.0,42.0,62.13505424869276,25.718391718888572,0,155,63.0,49.0,78.0,122.15032224939536,55.066155666703914,0,255,118.0,93.0,150.0,IMG20200713144423.jpg,unripe
39.6024374755104,11.49491289189871,0,170,40.0,39.0,42.0,62.67923011444245,25.23156547072958,0,151,64.0,49.0,78.0,122.53340719622759,54.50994063580414,0,255,118.0,93.0,150.0,IMG20200713144423.jpg,unripe
49.17594006296361,13.485744714855368,24,119,43.0,41.0,52.0,40.13408142032941,16.31871320055251,8,128,38.0,28.0,49.0,158.4055478239721,58.29359253995061,3,255,162.0,116.0,206.0,IMG20200713144423.jpg,unripe
38.33380173217495,14.441637091123122,0,165,40.0,39.0,42.0,59.22465579440894,29.020078052746353,0,145,61.0,44.0,78.0,116.627285133291,62.428423476222584,0,255,115.0,84.0,150.0,IMG20200713144423.jpg,unripe
37.9559751711714,12.005879429528752,0,172,37.0,35.0,38.0,121.72865823809306,31.807863754046473,80,255,111.0,100.0,133.0,73.0298611700357,32.827884623366884,0,255,76.0,50.0,97.0,IMG20200713144429.jpg,unripe
30.976541848063757,20.177164992581194,0,172,36.0,32.0,38.0,53.06094289499964,39.21190288397442,0,197,51.0,32.0,71.0,101.90581493254312,77.68727138417975,0,255,108.0,14.0,156.0,IMG20200713144429.jpg,unripe
38.050081914247855,12.005063560573982,0,172,37.0,36.0,38.0,70.91837294153737,32.066742437455005,29,232,60.0,48.0,82.0,128.35411757794907,66.90822205293895,0,255,129.0,89.0,172.0,IMG20200713144429.jpg,unripe
37.790991390845186,13.425024139224812,0,165,37.0,35.0,38.0,67.11769543564674,30.87263184661489,0,229,59.0,48.0,79.0,130.82903093160323,67.16255476174042,0,255,132.0,92.0,174.0,IMG20200713144429.jpg,unripe
35.03637514767409,15.655288500080605,0,172,37.0,35.0,38.0,58.80218525021376,33.38565853594459,0,194,55.0,42.0,73.0,130.28546625850962,71.5651498317568,0,255,133.0,91.0,178.0,IMG20200713144429.jpg,unripe
31.187028645668292,16.26843030481275,0,165,37.0,34.0,38.0,49.26848184295583,31.0236195233092,0,169,53.0,29.0,72.0,115.53319285125801,76.49448981630677,0,255,117.0,68.0,167.0,IMG20200713144442.jpg,unripe
39.69062519804804,6.9521504438504484,0,175,39.0,37.0,41.0,44.86283192851258,15.10178039014713,14,146,43.0,34.0,53.0,162.238774637176,61.416153135848006,0,255,171.0,122.0,212.0,IMG20200713144442.jpg,unripe
37.15515875530769,3.6297562452220706,0,128,38.0,37.0,39.0,65.99071550795361,18.77539624454836,0,165,66.0,52.0,79.0,130.2155792509031,53.890513709294105,0,255,126.0,99.0,164.0,IMG20200713144442.jpg,unripe
37.05070029786425,7.751523934902913,0,165,38.0,37.0,38.0,63.792604094049054,21.04393209927106,0,127,64.0,50.0,78.0,132.0039688826922,55.17394233304726,0,255,128.0,101.0,166.0,IMG20200713144442.jpg,unripe
37.087560998795865,3.1307198597803767,0,50,38.0,37.0,38.0,66.78313739780721,18.59186156838329,29,169,66.0,52.0,80.0,129.28822327143672,53.77886320137054,0,255,126.0,98.0,164.0,IMG20200713144442.jpg,unripe
35.93399304845635,13.72572476804224,0,165,39.0,37.0,40.0,56.58940094050296,29.052324915895458,0,144,59.0,40.0,77.0,113.27191985279084,60.74475343616907,0,255,110.0,79.0,145.0,IMG20200713144457.jpg,unripe
38.301075444694334,10.535696915517125,0,165,39.0,38.0,40.0,63.488260069515434,25.200343663756968,0,138,64.0,49.0,80.0,115.1087384992844,52.149997100778755,0,255,110.0,85.0,141.0,IMG20200713144457.jpg,unripe
37.85545696176651,12.88260230741198,0,165,39.0,38.0,40.0,61.521136781844206,26.967248076057807,0,143,64.0,47.0,80.0,114.40708239623798,55.941521959073334,0,255,109.0,82.0,143.0,IMG20200713144457.jpg,unripe
38.807474953997136,3.115578768102296,0,110,39.0,38.0,40.0,70.25750153342875,19.819340319986217,31,145,68.0,55.0,84.0,108.16560212635453,44.54629763721956,0,255,105.0,80.0,132.0,IMG20200713144457.jpg,unripe
38.805111429155595,3.1247147394405363,0,110,39.0,38.0,40.0,104.48638724187283,20.777736872738643,64,182,102.0,88.0,118.0,74.85921079533837,27.772077767564248,0,164,73.0,56.0,94.0,IMG20200713144457.jpg,unripe
37.68704664272634,11.41277510507472,0,165,37.0,35.0,38.0,74.24004788066665,29.312057195247196,0,216,72.0,55.0,90.0,118.84382513325762,59.13637563673337,0,255,129.0,101.0,151.0,IMG20200713144509.jpg,unripe
37.66286076752299,9.450037347285834,0,165,37.0,35.0,38.0,103.93628188207852,33.3015748308927,48,255,98.0,80.0,121.0,98.80507043982689,45.645628187048345,0,255,110.0,84.0,126.0,IMG20200713144509.jpg,unripe
34.481599705349744,15.36817181985082,0,165,36.0,34.0,38.0,63.77096058029731,37.44035378589273,0,221,64.0,37.0,88.0,114.87298323153576,69.61949415420439,0,255,128.0,62.0,156.0,IMG20200713144509.jpg,unripe
34.77164605137964,16.85638027687012,0,165,37.0,35.0,38.0,63.0879142240365,35.14028436087778,0,214,66.0,42.0,85.0,119.3933069375812,65.41184138201332,0,255,131.0,104.0,154.0,IMG20200713144509.jpg,unripe
37.735357007662955,9.438269514021409,0,165,37.0,35.0,38.0,78.27917088691774,29.077414220679106,29,221,74.0,57.0,93.0,115.41746212004952,57.761973791732615,0,255,127.0,95.0,149.0,IMG20200713144509.jpg,unripe
36.367002343953466,13.845638663808998,0,165,38.0,36.0,39.0,62.43846036982377,27.881740072538168,0,221,66.0,48.0,80.0,129.35082255404114,55.6020505055253,0,255,128.0,108.0,155.0,IMG20200713144515.jpg,unripe
36.91058251584339,4.2809937767918065,0,170,38.0,36.0,39.0,77.59880414966577,23.824725583699124,32,249,76.0,60.0,92.0,130.30535419741298,49.62340582398243,0,250,130.0,110.0,155.0,IMG20200713144515.jpg,unripe
36.89869997395607,4.265918092182299,0,165,38.0,36.0,39.0,71.03448650056428,21.097073579216623,30,222,70.0,55.0,84.0,125.28471438492925,48.28338623822391,0,255,126.0,105.0,149.0,IMG20200713144515.jpg,unripe
34.543384842434236,13.975556490498532,0,165,37.0,36.0,38.0,60.45936062158174,30.254461273008257,0,222,65.0,42.0,82.0,123.51798116155916,63.46437580846201,0,255,127.0,103.0,155.0,IMG20200713144515.jpg,unripe
35.41858017188992,14.025648805313542,0,165,38.0,36.0,39.0,60.920815608993834,29.34212235025749,0,207,64.0,46.0,81.0,128.72317475475302,58.33912599744662,0,255,129.0,109.0,156.0,IMG20200713144515.jpg,unripe
33.19470633073899,15.603588327283187,0,165,37.0,35.0,38.0,58.85538193051432,34.02853307251489,0,216,63.0,38.0,82.0,123.08423934847147,64.92210299992293,0,255,130.0,105.0,158.0,IMG20200713144534.jpg,unripe
37.95854730000802,8.697619015942635,0,165,37.0,36.0,38.0,71.2540720532777,26.611778807711126,0,220,70.0,54.0,88.0,125.04947645029287,54.46039603368395,0,255,129.0,106.0,154.0,IMG20200713144534.jpg,unripe
38.63493942068523,8.313813743841282,0,172,37.0,36.0,39.0,75.3269678247613,26.928591303980113,29,223,71.0,56.0,90.0,121.91580077028003,52.957101573931666,0,255,128.0,104.0,152.0,IMG20200713144534.jpg,unripe
38.670665168899944,8.319280165095863,0,172,37.0,36.0,39.0,73.5777601701035,29.45982450360099,27,237,68.0,52.0,90.0,139.9870617026398,60.65817421278435,0,255,146.0,118.0,178.0,IMG20200713144534.jpg,unripe
35.791332343737466,13.919474196583947,0,165,37.0,36.0,38.0,62.98593837759769,30.20426200535592,0,220,65.0,47.0,82.0,126.85911297440424,58.931423716002755,0,255,131.0,109.0,157.0,IMG20200713144534.jpg,unripe
34.8904775774265,14.745616579969695,0,165,38.0,37.0,39.0,60.4103494232178,31.41501680496138,0,218,64.0,44.0,82.0,123.21359034783453,62.21894277076953,0,255,124.0,99.0,155.0,IMG20200713144550.jpg,unripe
37.65139760461073,3.0905383321302664,0,110,38.0,37.0,39.0,70.74073485670912,19.73018167427245,32,207,70.0,57.0,83.0,118.8473093794406,43.06642826971089,0,241,119.0,99.0,142.0,IMG20200713144550.jpg,unripe
35.8507338858439,13.4216951895608,0,165,38.0,37.0,39.0,62.333253898906456,28.730556348396934,0,189,66.0,48.0,82.0,127.54645590065401,57.83006028894397,0,255,127.0,105.0,156.0,IMG20200713144550.jpg,unripe
37.636772844017266,3.0689722614706825,0,110,38.0,37.0,39.0,72.64494576393854,21.019266803377956,31,218,72.0,58.0,86.0,124.02107660126566,45.76311385430872,0,255,123.0,102.0,148.0,IMG20200713144550.jpg,unripe
37.50907758978297,3.307856559791836,0,75,38.0,37.0,39.0,125.0240598052974,24.602594084864997,76,255,124.0,107.0,141.0,93.09442988146618,30.861500573921287,0,255,95.0,77.0,113.0,IMG20200713144550.jpg,unripe
38.01404989179486,2.4433205925651693,0,120,38.0,38.0,39.0,98.6777751681793,24.807089888666187,49,255,99.0,80.0,115.0,111.73994698787097,36.0300142477466,0,255,111.0,94.0,131.0,IMG20200713144556.jpg,unripe
38.03358553238605,2.4521311277732507,0,120,38.0,38.0,39.0,121.6379992954084,20.731035679778625,80,254,122.0,106.0,135.0,77.94640909929709,22.17445131364496,0,255,79.0,68.0,93.0,IMG20200713144556.jpg,unripe
37.54744250029358,11.977984442390063,0,165,38.0,38.0,39.0,66.95837038031169,28.10476096481236,0,209,70.0,52.0,86.0,133.77244208089382,54.592934016595585,0,255,130.0,106.0,160.0,IMG20200713144556.jpg,unripe
33.76464124544951,15.153148261514886,0,165,38.0,37.0,39.0,59.39945310271939,31.943625642915602,0,147,66.0,41.0,84.0,118.5481554798772,65.5961346033158,0,255,123.0,93.0,154.0,IMG20200713144556.jpg,unripe
38.01398278783405,2.4335619809142806,0,120,38.0,38.0,39.0,73.93397809055679,21.397109486202382,31,212,74.0,59.0,88.0,129.69941619554095,47.18225289592877,0,255,127.0,104.0,154.0,IMG20200713144556.jpg,unripe
34.86473910771604,14.17647604693413,0,165,37.0,36.0,38.0,61.19466354806871,32.5371018132504,0,212,64.0,42.0,81.0,118.1804888568182,63.27550360768099,0,255,122.0,88.0,153.0,IMG20200713144605.jpg,unripe
34.532782602204584,14.668976265261447,0,165,37.0,36.0,38.0,59.99200444566092,33.00016679886165,0,212,63.0,40.0,80.0,117.76069737158592,63.791863950903874,0,255,122.0,88.0,152.0,IMG20200713144605.jpg,unripe
39.04017683113953,9.92044017958908,0,114,38.0,36.0,39.0,76.99438486484694,30.390456755494345,31,227,71.0,54.0,92.0,113.36429537103851,54.559669924281025,0,255,119.0,87.0,146.0,IMG20200713144605.jpg,unripe
37.79240588220657,13.651756018303539,0,165,38.0,36.0,39.0,66.82614645798601,33.22204995005459,0,186,66.0,45.0,86.0,120.27526603465293,62.30392002710518,0,255,123.0,92.0,155.0,IMG20200713144605.jpg,unripe
51.17635007920907,22.109316745569775,0,178,41.0,38.0,57.0,49.14110826345517,27.279861637086746,9,210,41.0,32.0,57.0,138.10507850406827,70.15447254689924,0,255,143.0,85.0,197.0,IMG20200713144605.jpg,unripe
35.22723563386865,12.500717285261604,0,165,37.0,35.0,38.0,60.377484807910186,31.094477346273205,0,223,58.0,44.0,75.0,119.28941426273798,58.97288240141032,0,255,124.0,97.0,151.0,IMG20200713144630.jpg,unripe
37.61265915051063,6.540502280540731,0,114,37.0,35.0,39.0,71.74757758463599,30.848146102132663,31,224,63.0,50.0,83.0,115.5045199933448,54.275889105872004,0,255,121.0,93.0,146.0,IMG20200713144630.jpg,unripe
45.99583257405896,16.148266768553516,0,174,40.0,37.0,50.0,38.392966082223474,23.884683032867784,7,171,31.0,24.0,42.0,137.53294722580952,71.61529246462698,0,255,137.0,82.0,200.0,IMG20200713144630.jpg,unripe
46.909378292939934,17.131436105942864,0,175,40.0,37.0,51.0,33.79242891211168,21.047920870802873,6,151,28.0,21.0,38.0,135.2654238335565,70.99691582111804,0,255,134.0,80.0,198.0,IMG20200713144630.jpg,unripe
33.639858339209454,14.57332596599925,0,165,37.0,35.0,39.0,57.084632022627694,34.09787495579541,0,224,56.0,42.0,73.0,115.84384829301916,62.60325755895119,0,255,124.0,95.0,150.0,IMG20200713144630.jpg,unripe
36.25384342761904,11.180808897551456,0,165,37.0,36.0,38.0,63.83905018247301,27.2750816923559,0,216,66.0,48.0,82.0,137.86155997662812,53.05570005900823,0,255,136.0,113.0,165.0,IMG20200713144639.jpg,unripe
37.01740438126802,3.465073936416586,0,177,37.0,36.0,38.0,70.99288307359267,22.99122944320102,31,224,69.0,54.0,85.0,132.58484276669316,45.99307914979541,0,255,132.0,109.0,159.0,IMG20200713144639.jpg,unripe
35.60706520177396,11.00085509020584,0,165,37.0,36.0,38.0,63.363365549478445,29.093579883925695,0,224,64.0,46.0,82.0,137.03867853140355,55.44351340016171,0,255,136.0,112.0,165.0,IMG20200713144639.jpg,unripe
38.60490043008075,5.165557552371852,0,178,38.0,37.0,39.0,56.5776108966561,23.474950369217176,17,234,54.0,40.0,68.0,173.02309409093957,57.191282371864794,0,255,182.0,141.0,218.0,IMG20200713144639.jpg,unripe
37.003668617515494,3.4727009464839176,0,177,37.0,36.0,38.0,104.45095259533137,21.649314735156114,66,248,102.0,88.0,118.0,82.36480234485005,24.03722155379068,0,146,87.0,71.0,98.0,IMG20200713144639.jpg,unripe
38.48550401427297,6.731418973821937,0,174,38.0,37.0,39.0,52.24946670286623,19.139648947107943,13,219,50.0,40.0,62.0,172.27793507349804,57.451208223581105,0,255,184.0,138.0,217.0,IMG20200713144657.jpg,unripe
36.52097312182446,9.959618479797989,0,172,37.0,36.0,38.0,70.49679052088585,25.124603171730442,0,235,72.0,57.0,86.0,135.35564131404414,52.04160698945479,0,255,134.0,110.0,161.0,IMG20200713144657.jpg,unripe
36.567263313035724,4.049329300152254,0,175,37.0,36.0,38.0,74.73488345033549,21.525892993929023,0,235,74.0,60.0,88.0,131.7464317573595,48.552701801218284,0,255,132.0,106.0,156.0,IMG20200713144657.jpg,unripe
32.25391730985533,15.42358381773554,0,165,37.0,35.0,38.0,60.81101888841485,34.108608703137165,0,235,67.0,40.0,86.0,122.86707326532986,68.38438437656671,0,255,132.0,97.0,160.0,IMG20200713144657.jpg,unripe
36.52502618004111,3.9585423910896322,0,172,37.0,36.0,38.0,75.43952410503044,21.560441406266335,31,237,74.0,61.0,88.0,131.2569716479851,48.83468096565701,0,255,131.0,106.0,156.0,IMG20200713144657.jpg,unripe
37.38413587871051,4.9958957261094605,0,172,38.0,36.0,39.0,68.59305188292149,24.240814858450715,32,223,64.0,52.0,80.0,123.57057950711639,47.76187531055759,0,255,124.0,101.0,149.0,IMG20200713144704.jpg,unripe
37.30435106973814,8.602544701632203,0,172,38.0,36.0,39.0,64.96692557009872,24.81310463579726,0,220,62.0,51.0,77.0,127.05468471530294,49.33230520480291,0,255,126.0,103.0,152.0,IMG20200713144704.jpg,unripe
37.41098502117924,5.002201462230029,0,172,38.0,36.0,39.0,82.77026119681358,23.51707273676086,47,233,78.0,67.0,94.0,96.53316146787469,34.33598708132994,0,193,98.0,80.0,116.0,IMG20200713144704.jpg,unripe
36.73595165662276,11.881616027445228,0,165,38.0,36.0,39.0,60.65339821116241,28.321465855079545,0,221,60.0,46.0,75.0,127.75896283893002,53.565826980301935,0,255,127.0,105.0,154.0,IMG20200713144704.jpg,unripe
36.447027031507744,12.689906174927255,0,165,38.0,36.0,39.0,59.915647769755545,27.55192303344051,0,220,59.0,47.0,74.0,126.54758490347075,54.3602291130265,0,255,127.0,105.0,153.0,IMG20200713144704.jpg,unripe
37.04307395236966,4.709621602319286,0,170,38.0,36.0,38.0,122.10006267149971,28.290025495357916,76,255,117.0,102.0,136.0,79.50719028422373,32.06861800646039,0,255,81.0,63.0,100.0,IMG20200713144717.jpg,unripe
37.187506351841186,4.422270600443185,0,165,38.0,36.0,38.0,73.00428537552085,26.766752863208286,29,220,68.0,54.0,86.0,121.20928046343033,50.802079462757604,0,255,124.0,98.0,149.0,IMG20200713144717.jpg,unripe
37.21150784240658,4.570083718208433,0,165,38.0,36.0,38.0,84.36993123073275,23.520139303213945,46,215,80.0,67.0,96.0,86.96304075341305,33.686031130098165,0,176,91.0,73.0,107.0,IMG20200713144717.jpg,unripe
37.19500999356347,4.598837687048751,0,172,38.0,36.0,38.0,73.16474135302687,27.19622531388432,29,224,68.0,54.0,86.0,121.27262102374742,50.89791685040168,0,255,124.0,98.0,149.0,IMG20200713144717.jpg,unripe
33.84188150005082,13.78838090124031,0,165,37.0,36.0,38.0,59.12530912293777,31.291553480181044,0,201,61.0,42.0,80.0,120.95698533148142,62.04792671201254,0,255,125.0,97.0,154.0,IMG20200713144717.jpg,unripe
32.36859868347651,17.1434380007155,0,165,38.0,35.0,39.0,51.985235598200006,31.766209251753775,0,140,56.0,36.0,74.0,111.2206013611514,68.01003567218554,0,255,118.0,78.0,152.0,IMG20200713144725.jpg,unripe
37.6502845029566,3.1391451425426893,0,120,38.0,37.0,39.0,69.28031908959053,22.692362316013032,29,236,66.0,53.0,81.0,123.46161069582357,49.09838854856799,0,255,122.0,95.0,153.0,IMG20200713144725.jpg,unripe
52.52575402580981,21.871443737181366,0,178,42.0,39.0,58.0,29.484212875153407,13.831516685453632,4,156,29.0,22.0,34.0,145.23702071479045,59.66033084649097,0,255,144.0,97.0,193.0,IMG20200713144725.jpg,unripe
35.78190895905389,12.058958188634277,0,165,38.0,36.0,39.0,60.52476849269218,27.483896782056686,0,234,62.0,46.0,76.0,126.00505783033954,56.34845252449644,0,255,126.0,100.0,158.0,IMG20200713144725.jpg,unripe
36.100961359663806,11.224988999601013,0,165,38.0,36.0,39.0,61.451160325783775,26.333161349097036,0,234,63.0,47.0,77.0,126.14642604782625,55.16356497896021,0,255,126.0,100.0,157.0,IMG20200713144725.jpg,unripe
34.22279745154853,12.269557840563532,0,172,35.0,35.0,37.0,62.59286567189105,29.462437304487526,0,226,64.0,48.0,80.0,118.72063059978791,57.20400247737187,0,255,120.0,95.0,149.0,IMG20200713144739.jpg,unripe
37.453636052405244,9.38668328962512,0,170,36.0,35.0,37.0,54.05080202740504,21.54644421393527,22,182,50.0,38.0,64.0,132.43514057398608,58.11084319698871,0,255,136.0,105.0,169.0,IMG20200713144739.jpg,unripe
37.44470979216593,9.351650436807423,0,172,36.0,35.0,37.0,73.3605741530908,25.90242349549068,31,226,68.0,55.0,85.0,114.85943436401439,50.82836549754308,0,255,117.0,92.0,143.0,IMG20200713144739.jpg,unripe
41.88509423091375,13.93592970965634,0,177,38.0,36.0,41.0,38.00804949941132,19.01654956153853,7,168,34.0,26.0,43.0,151.2303793451849,69.11371619316238,0,255,163.0,102.0,208.0,IMG20200713144739.jpg,unripe
33.8794913117177,13.659377199599186,0,165,35.0,35.0,37.0,60.1729473358996,29.16830504580513,0,216,63.0,47.0,78.0,116.70418089663407,58.45049600538722,0,255,119.0,93.0,147.0,IMG20200713144739.jpg,unripe
36.009652277623175,3.873901013171021,0,165,36.0,35.0,37.0,70.64029548543375,22.485512622619527,29,221,69.0,54.0,84.0,140.58758702304897,52.98068961505126,0,255,136.0,108.0,173.0,IMG20200713144806.jpg,unripe
33.451077560303624,12.341055694363964,0,165,36.0,35.0,37.0,58.52447739943233,30.336932387515894,0,221,61.0,38.0,80.0,143.3152152809238,66.07613776413808,0,255,143.0,112.0,186.0,IMG20200713144806.jpg,unripe
35.01801943399192,11.69272960721774,0,165,36.0,35.0,37.0,62.128660053069034,27.67289279648642,0,219,65.0,45.0,82.0,146.73601390519687,59.27476340574563,0,255,143.0,115.0,184.0,IMG20200713144806.jpg,unripe
35.98824899917715,6.7778041519450145,0,165,36.0,35.0,37.0,67.47059476151293,23.46910697745679,0,221,68.0,52.0,83.0,144.38989099583029,53.71903531951064,0,255,138.0,112.0,177.0,IMG20200713144806.jpg,unripe
36.02125535081961,3.8804064646074226,0,165,36.0,35.0,37.0,83.42333188487532,19.56049821661742,47,214,82.0,69.0,96.0,99.99251116391305,33.96525595662246,0,181,101.0,79.0,122.0,IMG20200713144806.jpg,unripe
28.559426396260363,18.4707403476333,0,165,36.0,15.0,38.0,51.33919836526551,36.05361837821653,0,134,59.0,0.0,79.0,96.98215173735748,69.38393465252196,0,255,104.0,35.0,133.0,IMG20200713144816.jpg,unripe
36.273338818614995,6.9737199315027825,0,170,37.0,35.0,38.0,69.96993643703831,23.07992476067088,0,155,70.0,55.0,86.0,122.33562690440239,46.270089664526765,0,255,116.0,97.0,143.0,IMG20200713144816.jpg,unripe
36.239586253040265,2.8215353132231904,0,75,37.0,35.0,38.0,72.45628803153735,20.594211810381456,30,164,72.0,57.0,87.0,119.25583413954918,43.59685200848759,0,255,114.0,95.0,140.0,IMG20200713144816.jpg,unripe
36.226087035144985,2.8851431148700466,0,90,37.0,35.0,38.0,89.43373809889782,17.656621763440363,53,167,88.0,76.0,102.0,79.62319731643143,25.78244350215381,0,167,79.0,66.0,92.0,IMG20200713144816.jpg,unripe
37.53598133798678,4.894288028025414,0,176,37.0,36.0,39.0,45.329406233329415,17.124851164896125,13,131,44.0,31.0,56.0,164.9855604481053,54.2559600520395,0,255,167.0,131.0,207.0,IMG20200713144816.jpg,unripe
41.55299842389558,11.272995615104227,0,165,39.0,38.0,41.0,74.6872274333981,22.912290416162254,0,208,74.0,60.0,88.0,129.8942479839635,47.63092188761172,0,255,132.0,110.0,156.0,IMG20200713144823.jpg,unripe
49.07556885128001,16.701659272679493,0,177,42.0,39.0,51.0,52.284295573135836,21.051424234035153,7,217,50.0,39.0,62.0,164.2596593778213,62.596156429229694,0,255,176.0,122.0,215.0,IMG20200713144823.jpg,unripe
33.72483206071828,17.210454862791003,0,165,38.0,36.0,40.0,60.382519012715946,34.51962133127813,0,161,67.0,43.0,84.0,120.31350706186592,66.4693292590169,0,255,132.0,99.0,160.0,IMG20200713144823.jpg,unripe
41.52074184021668,10.657190824849934,0,111,39.0,38.0,41.0,76.53457483435602,22.81352877562176,31,222,74.0,61.0,90.0,127.45287753821671,47.380516129446455,0,255,131.0,108.0,155.0,IMG20200713144823.jpg,unripe
41.497222689782866,10.66501154997424,0,111,39.0,38.0,41.0,98.07023610962342,23.5722750156303,51,248,96.0,82.0,112.0,101.11373200104053,34.55032776416715,0,192,107.0,86.0,123.0,IMG20200713144823.jpg,unripe
34.848473261593924,3.673670859786093,0,110,35.0,34.0,36.0,69.01371060250177,20.45760371924918,29,229,67.0,55.0,81.0,145.14133937837985,48.42498165994449,0,255,145.0,124.0,171.0,IMG20200713144832.jpg,unripe
27.572558766227854,17.438349426554456,0,165,35.0,29.0,36.0,47.8258407530817,33.43145129412179,0,136,53.0,3.0,74.0,118.22718085978042,78.74095565657993,0,255,137.0,28.0,167.0,IMG20200713144832.jpg,unripe
34.89681542579341,3.688767240036885,0,112,35.0,34.0,36.0,78.79747273356276,21.16805789887508,37,244,76.0,64.0,91.75,130.12484295624625,41.796907029503316,0,229,131.0,112.0,153.0,IMG20200713144832.jpg,unripe
34.87536643542543,5.060814197227479,0,165,35.0,34.0,36.0,67.28607454343512,20.349757084218417,0,222,66.0,54.0,80.0,146.86301232679668,47.827011632555894,0,255,146.0,125.0,172.0,IMG20200713144832.jpg,unripe
34.821234136304874,5.707298619224387,0,165,35.0,34.0,36.0,67.0137197064875,20.831680382575758,0,227,66.0,54.0,80.0,147.07719269496187,48.36384865658967,0,255,146.0,126.0,172.0,IMG20200713144832.jpg,unripe
39.60953292983099,15.457048890633965,0,165,40.0,39.0,41.0,64.54217696744799,30.903233697602424,0,201,65.0,49.0,80.0,114.58432026813703,57.64066336123593,0,255,117.0,90.0,147.0,IMG20200713144845.jpg,unripe
42.66755945923703,14.649744602039533,0,165,40.0,39.0,42.0,70.38395068193891,28.685869409839754,0,202,68.0,54.0,84.0,114.1611739972917,54.86655691647705,0,255,117.0,90.0,145.0,IMG20200713144845.jpg,unripe
44.24725615914651,13.999203045372662,14,120,40.0,39.0,42.0,80.4130387616618,24.80090974542587,39,197,74.0,62.0,92.0,91.63802997089695,41.6409324428275,1,210,97.0,74.0,118.0,IMG20200713144845.jpg,unripe
44.24445059590163,13.98787760987884,13,116,40.0,39.0,42.0,76.37468858247982,27.435369449711256,31,205,70.0,56.0,88.0,109.82003246971863,51.67990267595151,2,255,114.0,87.0,141.0,IMG20200713144845.jpg,unripe
45.03038986106851,13.917966149460794,14,116,41.0,39.0,43.0,61.64028938449683,30.363575384188525,18,210,54.0,40.0,74.0,157.0397492200534,69.98272862885904,2,255,170.0,123.0,212.0,IMG20200713144845.jpg,unripe
38.2059620195083,4.600296467283372,0,120,38.0,37.0,39.0,45.77585441304895,20.37963328085415,15,178,42.0,30.0,58.0,167.3556193662024,58.51448497430451,0,255,177.0,139.0,210.0,IMG20200713144855.jpg,unripe
36.518531401252204,11.49442609974747,0,165,38.0,37.0,39.0,64.94470922573674,28.39276039230667,0,219,65.0,48.0,84.0,127.84038128506091,52.834462289662085,0,255,129.0,106.0,152.0,IMG20200713144855.jpg,unripe
35.749618862953476,11.449971916133132,0,165,38.0,36.0,39.0,64.66906943354894,30.01263753359024,0,221,64.0,47.0,84.0,126.6496277438167,53.203665737006226,0,255,129.0,106.0,151.0,IMG20200713144855.jpg,unripe
37.48038809372271,4.108991678879903,0,120,38.0,37.0,39.0,72.47995885200041,24.65813656371766,30,223,69.0,53.0,88.0,124.06474149287311,47.51610599780361,0,255,127.0,102.0,148.0,IMG20200713144855.jpg,unripe
37.520870028566776,4.125093620521723,0,120,38.0,37.0,39.0,106.97337221177898,25.171486887240462,63,255,104.0,88.0,122.0,85.06030106126316,29.599183052689224,0,255,90.0,71.0,103.0,IMG20200713144855.jpg,unripe
38.55870398614947,3.9389982937489,0,110,38.0,37.0,40.0,55.65570716022919,20.619554829327587,19,229,53.0,41.0,66.0,188.12000494661774,51.4807639463382,0,255,199.0,162.0,227.0,IMG20200713144905.jpg,unripe
36.55606579001608,9.208383777354559,0,165,38.0,37.0,39.0,62.78600107176718,24.51252090981032,0,215,63.0,50.0,77.0,145.529997114473,49.14658538731965,0,255,146.0,123.0,172.0,IMG20200713144905.jpg,unripe
36.940706541901974,11.665141715276054,0,165,38.0,37.0,39.0,61.6173131621254,24.54523438045637,0,210,63.0,50.0,76.0,144.2048889072097,51.36276176074759,0,255,145.0,122.0,171.0,IMG20200713144905.jpg,unripe
37.472171152974155,2.7669228878704373,0,110,38.0,37.0,39.0,67.5800403973783,19.32876167500256,29,215,65.0,54.0,78.0,141.52425079351994,44.25359658327425,0,255,142.0,119.0,167.0,IMG20200713144905.jpg,unripe
37.48457891916402,2.77101845197909,0,110,38.0,37.0,39.0,72.93046704315924,20.371298389834017,32,228,70.0,58.0,84.0,137.84561606001895,42.591848410016446,0,247,139.0,117.0,163.0,IMG20200713144905.jpg,unripe
37.27518737029082,10.085525057194648,0,172,39.0,37.0,39.0,60.92028492971915,24.65260713118167,0,226,62.0,47.0,77.0,147.0946321923457,54.76588811335176,0,255,145.0,121.0,177.0,IMG20200713144909.jpg,unripe
38.15963858151401,6.30858446215903,0,175,39.0,38.0,39.0,64.228868165629,20.985177155204422,0,221,63.0,50.0,77.0,145.53683514133203,48.6977099394892,0,255,142.0,118.0,172.0,IMG20200713144909.jpg,unripe
38.16315488975286,3.223866700042051,0,115,39.0,38.0,39.0,61.18254896096717,20.566362519151138,28,230,59.0,46.0,74.0,162.76786021768484,50.54693321571625,0,255,164.0,135.0,199.0,IMG20200713144909.jpg,unripe
38.04732515882294,3.185521591544709,0,114,39.0,38.0,39.0,66.29386549214722,19.87691913910818,29,226,64.0,52.0,78.0,143.1539653625513,48.46873588253885,0,255,141.0,117.0,170.0,IMG20200713144909.jpg,unripe
36.638663077857224,12.523527837452884,0,165,39.0,37.0,39.0,58.88773189055944,26.09569509324152,0,220,61.0,46.0,76.0,144.85172598171158,57.37295380701425,0,255,145.0,120.0,176.0,IMG20200713144909.jpg,unripe
36.08625525293279,3.5842707377194194,0,177,37.0,35.0,38.0,128.781748213304,21.719135903649367,86,255,128.0,112.0,142.0,96.88662983013576,36.341431395952235,0,255,95.0,74.0,120.0,IMG20200713144918.jpg,unripe
34.69406733071813,12.400328882609493,0,165,37.0,35.0,38.0,58.950662032593804,24.806798070469668,0,223,62.0,47.0,76.0,141.35735783304293,57.325852926113754,0,255,146.0,117.0,174.0,IMG20200713144918.jpg,unripe
29.897615564521388,17.5960246553749,0,165,36.0,33.0,38.0,49.22074896804912,30.93886069688976,0,140,56.0,31.0,74.0,117.49915673540127,72.12467788188094,0,255,134.0,76.0,165.0,IMG20200713144918.jpg,unripe
35.30578358382795,11.59013348796601,0,165,37.0,35.0,38.0,60.24767752816317,23.83024736661353,0,224,63.0,48.0,76.0,143.49900764994734,54.5862185892025,0,255,146.0,119.0,174.0,IMG20200713144918.jpg,unripe
36.43675515509546,3.213221397910357,0,176,37.0,35.0,38.0,50.41687088267906,17.214968116975218,22,194,49.0,38.0,60.0,169.8103353490929,51.36001954409773,0,255,177.0,143.0,206.0,IMG20200713144918.jpg,unripe
36.64072070419952,2.697206954657026,0,120,37.0,36.0,38.0,70.13153310104529,19.013111905528806,31,221,70.0,56.0,82.0,142.65433706216763,49.25142916960084,0,255,144.0,120.0,170.0,IMG20200713144926.jpg,unripe
36.610883917109845,2.8559300941452213,0,56,37.0,36.0,38.0,122.88965706950303,21.422831829050484,78,255,122.0,106.0,137.0,98.24564459930313,34.09812664642666,0,255,102.0,79.0,121.0,IMG20200713144926.jpg,unripe
35.48223913442142,11.73984400478077,0,165,37.0,36.0,38.0,62.2788923528333,25.47339997115012,0,206,66.0,50.0,80.0,143.84603887768202,55.85044934870101,0,255,146.0,122.0,173.0,IMG20200713144926.jpg,unripe
31.530588666788923,16.081876331553072,0,165,37.0,35.0,38.0,54.385787639831285,31.95950789056398,0,142,61.0,36.0,78.0,123.13172565560242,71.11338322492823,0,255,137.0,97.0,167.0,IMG20200713144926.jpg,unripe
36.606583532000734,2.837564155688681,0,56,37.0,36.0,38.0,114.34040894920227,22.247680378175023,68,255,114.0,98.0,129.0,105.18005684944067,34.474588618873476,0,255,110.0,87.0,128.0,IMG20200713144926.jpg,unripe
45.557333249015855,17.136917737777825,0,179,40.0,37.0,46.0,35.233720139756215,12.789394440623097,6,145,36.0,27.0,42.0,149.49958895230264,64.40072580531023,0,255,153.0,96.0,204.0,IMG20200713144933.jpg,unripe
36.30265758145859,3.622785924966325,0,110,37.0,36.0,38.0,70.31460958373516,19.940620303571695,31,211,68.0,57.0,82.0,138.44654798981867,48.97063121817532,0,255,142.0,118.0,168.0,IMG20200713144933.jpg,unripe
36.34440263702908,3.9298302371214295,0,135,37.0,36.0,38.0,69.62414430936082,19.833014501384906,0,208,68.0,57.0,82.0,138.9357975115805,48.69679265490796,0,255,142.0,118.0,168.0,IMG20200713144933.jpg,unripe
35.674118223641564,12.162010999336122,0,165,37.0,35.0,38.0,64.01437085988016,25.86761784049661,0,208,66.0,53.0,80.0,140.2328822348347,53.91205699382545,0,255,143.0,119.0,171.0,IMG20200713144933.jpg,unripe
36.393214551088484,3.683743279609213,0,110,37.0,36.0,38.0,61.604896210456424,20.46984872997415,23,209,60.0,48.0,73.0,166.06944334656063,56.25186144016795,0,255,173.0,142.0,206.0,IMG20200713144933.jpg,unripe
36.49575662619141,2.5407488675383063,0,66,37.0,36.0,38.0,70.6368542455499,21.325402780549304,30,208,70.0,53.0,88.0,129.09587848718283,47.72134892950986,0,255,128.0,104.0,155.0,IMG20200713144941.jpg,unripe
36.597719458589026,2.615613599081678,0,66,37.0,36.0,38.0,63.039744091918,21.509103088607386,24,205,62.0,44.0,80.0,150.03809896853375,53.78004316624422,0,255,150.0,120.0,187.0,IMG20200713144941.jpg,unripe
36.66870348609479,6.034530573362194,0,165,37.0,36.0,38.0,68.4385428907168,22.796341000414525,0,204,68.0,52.0,86.0,131.79823301562433,48.949273712421046,0,255,129.0,106.0,157.0,IMG20200713144941.jpg,unripe
36.4553248901075,2.577052061513171,0,68,37.0,36.0,38.0,103.16604430517474,18.23758055403086,68,220,102.0,88.0,118.0,71.5547112329721,20.99852235500537,0,129,75.0,63.0,85.0,IMG20200713144941.jpg,unripe
36.24904904904905,8.846136682703163,0,165,37.0,36.0,38.0,65.21276058667362,26.17497782588842,0,208,66.0,47.0,86.0,134.41768725246988,54.53779986275958,0,255,131.0,107.0,162.0,IMG20200713144941.jpg,unripe
35.400678818574306,4.03711215240199,0,115,36.0,35.0,37.0,108.29308783314428,21.525038693594276,68,255,106.0,94.0,120.0,80.80359105577392,27.46743900872391,0,255,82.0,67.0,100.0,IMG20200713144956.jpg,unripe
35.45010419689256,3.9843184220149666,0,120,36.0,35.0,37.0,71.17744247188442,21.44187082802169,0,219,70.0,57.0,83.0,124.82552076463813,45.52758239500448,0,255,126.0,102.0,152.0,IMG20200713144956.jpg,unripe
35.461702146368054,6.543487486280441,0,176,36.0,35.0,37.0,69.7396660423646,22.778917090872216,0,219,70.0,56.0,82.0,126.57011967254917,46.72892162288955,0,255,127.0,103.0,153.0,IMG20200713144956.jpg,unripe
35.45020091974641,4.057176313092858,0,116,36.0,35.0,37.0,79.23971440379154,22.711028273195417,36,237,78.0,64.0,92.0,116.70244532960511,41.84086229002066,0,234,118.0,96.0,142.0,IMG20200713144956.jpg,unripe
35.424296780887566,4.043153992769402,0,115,35.0,35.0,37.0,71.59488951612194,21.779692106627397,31,223,70.0,57.0,84.0,124.75422722836265,45.75279026764629,0,255,126.0,102.0,152.0,IMG20200713144956.jpg,unripe
32.88831204758172,12.376353926969562,0,165,35.0,33.0,37.0,66.3124533173498,30.278458527137918,0,214,72.0,51.0,87.0,129.54212734565908,55.76471180404041,0,255,131.0,107.0,157.0,IMG20200713145006.jpg,unripe
34.76493153211305,4.5030792428007445,0,126,35.0,34.0,37.0,75.19401539951127,21.875549467235544,29,215,75.0,59.0,89.0,128.5110148001291,44.586765304342244,0,255,128.0,104.0,152.0,IMG20200713145006.jpg,unripe
34.76982802342201,4.513222746459083,0,130,35.0,34.0,37.0,83.74221955830144,25.836303549527855,32,249,84.0,64.0,100.0,137.82922218636176,46.19858239797986,0,255,138.0,112.0,164.0,IMG20200713145006.jpg,unripe
34.889925768822906,7.528442108556342,0,165,35.0,34.0,37.0,72.46338697035364,23.217402798056934,0,209,74.0,58.0,88.0,131.10779657891098,46.06092202269939,0,255,130.0,105.0,154.0,IMG20200713145006.jpg,unripe
34.7618885149154,4.515837045837412,0,126,35.0,34.0,37.0,93.1411130065932,23.68735327986513,42,244,93.0,76.0,108.0,111.3048273318272,36.139384461450646,0,218,113.0,92.0,132.0,IMG20200713145006.jpg,unripe
35.38983920480733,6.050553529050385,0,165,36.0,34.0,37.0,72.68297518936265,23.961129951265562,0,219,72.0,57.0,87.0,130.54524267116557,48.350093921876635,0,255,131.0,107.0,155.0,IMG20200713145011.jpg,unripe
35.21189484394431,4.34967789663306,0,110,36.0,34.0,37.0,104.34519223243558,25.37620650483353,55,255,104.0,86.0,120.0,99.10726926455114,33.6056938650688,0,255,102.0,83.0,121.0,IMG20200713145011.jpg,unripe
35.260559522049554,4.4559445537268765,0,120,36.0,34.0,37.0,74.16511727004722,23.471570249963843,29,223,74.0,58.0,88.0,129.02690645354855,48.12180705398948,0,255,130.0,106.0,154.0,IMG20200713145011.jpg,unripe
35.25654181631606,4.452087352315824,0,120,36.0,34.0,37.0,91.01872320442469,24.615910757158055,43,247,90.0,74.0,106.0,108.45499212981886,37.163386243810244,0,207,113.0,91.0,130.0,IMG20200713145011.jpg,unripe
25.96882364706803,17.998865873770907,0,165,35.0,0.0,37.0,49.08028454400779,37.587014624746615,0,221,55.0,0.0,80.0,95.95817063944135,73.84047002393483,0,255,112.0,0.0,144.0,IMG20200713145011.jpg,unripe
50.47102143714333,25.315996566241154,0,178,39.0,36.0,52.0,31.822511158883508,13.70821440874113,7,146,29.0,23.0,39.0,141.4967321954294,64.63320170693177,0,255,146.0,85.0,194.0,IMG20200713145018.jpg,unripe
35.16084332668549,8.917251777931076,0,165,35.0,34.0,37.0,65.60996140796188,24.3373072684869,0,208,66.0,50.0,80.0,129.2463674272838,48.15811368027323,0,255,127.0,104.0,155.0,IMG20200713145018.jpg,unripe
37.93660372797362,9.030990299268268,0,178,36.0,35.0,38.0,34.46887167931484,15.026075314480893,9,146,31.0,24.0,42.0,163.71468655840175,61.13129407137608,0,255,173.0,128.0,213.0,IMG20200713145018.jpg,unripe
35.13091075483264,4.026119749990111,0,165,35.0,34.0,37.0,69.48319476460584,22.67108256658946,30,214,67.0,53.0,82.0,125.1431013494263,43.671336394495974,0,255,124.0,102.0,151.0,IMG20200713145018.jpg,unripe
33.158279157709345,13.312337432691121,0,165,35.0,34.0,36.0,59.191086706899085,30.311739552762365,0,214,61.0,42.0,78.0,124.30145820922583,60.23979374489095,0,255,125.0,99.0,157.0,IMG20200713145018.jpg,unripe
36.057772374221535,6.132976879774326,0,165,36.0,35.0,37.0,58.50768840529004,18.086220090566243,24,181,58.0,46.0,68.0,133.71746203904556,45.437016758831696,0,255,134.0,110.0,161.0,IMG20200713145026.jpg,unripe
36.039395423693236,6.131572745890497,0,165,36.0,35.0,37.0,71.21371842418306,20.527231283401704,30,210,70.0,57.0,82.0,123.67990343572878,41.48330209817046,0,255,124.0,102.0,148.0,IMG20200713145026.jpg,unripe
36.05470226016374,9.253429226679184,0,170,36.0,35.0,37.0,67.60549471695472,22.44654501733229,0,209,70.0,55.0,81.0,127.5974039605346,44.19561268555109,0,255,127.0,104.0,151.0,IMG20200713145026.jpg,unripe
31.533421384087887,16.12607125227367,0,165,36.0,35.0,37.0,55.63661570219019,31.21233412639452,0,159,62.0,40.0,78.0,113.62191239241481,63.17440735569941,0,255,122.0,92.0,151.0,IMG20200713145026.jpg,unripe
36.02475334126373,6.1252895810385874,0,165,36.0,35.0,37.0,109.82195962493877,20.287441594258905,70,247,109.0,96.0,121.0,78.35587957455742,24.394601367612772,0,148,79.0,65.0,96.0,IMG20200713145026.jpg,unripe
38.06718358838485,2.420417512587661,0,75,39.0,38.0,39.0,75.72140776746315,21.92169592481306,30,148,76.0,56.0,93.0,114.82763323235177,45.70468865505633,0,255,113.0,94.0,134.0,IMG20200713145036.jpg,unripe
37.16099903564227,9.62115398884053,0,165,39.0,38.0,39.0,70.14204307464519,27.68819200777616,0,143,72.0,52.0,92.0,117.82299652246759,50.72596717938846,0,255,115.0,97.0,137.0,IMG20200713145036.jpg,unripe
36.69684099786672,10.910125608741787,0,165,39.0,38.0,39.0,68.47770775090348,29.04375788601801,0,144,70.0,50.0,91.0,117.33485617432471,51.49844257552312,0,255,116.0,97.0,137.0,IMG20200713145036.jpg,unripe
38.09941651486962,2.449850317306047,0,75,39.0,38.0,39.0,92.08578887384448,20.050727478189938,50,158,92.0,74.0,108.0,83.86517499683418,30.817188540624848,0,181,85.0,71.0,97.0,IMG20200713145036.jpg,unripe
38.10174461079886,2.458096748259735,0,75,39.0,38.0,39.0,62.63870678654575,19.028931937486888,26,126,63.0,46.0,78.0,121.17721777924974,46.993887016644706,0,255,119.0,99.0,143.0,IMG20200713145036.jpg,unripe
37.8598224499636,3.3444966507892744,0,120,38.0,37.0,39.0,134.99628449604342,23.965581606834025,84,212,134.0,116.0,153.0,91.6272300114396,36.33122409411606,0,255,88.0,70.0,114.0,IMG20200713145100.jpg,unripe
37.87599860077714,3.3567242318709183,0,120,38.0,37.0,39.0,77.17620753878589,21.725148843060822,31,151,76.0,60.0,93.0,119.6157053312282,43.65971979328281,0,255,119.0,100.0,138.0,IMG20200713145100.jpg,unripe
29.754200032144308,18.123150073897758,0,165,38.0,32.0,39.0,55.61953428568727,38.40811413286175,0,151,60.0,22.0,85.0,97.06937498227336,67.43502501544107,0,255,111.0,18.0,135.0,IMG20200713145100.jpg,unripe
38.14315562572679,9.446442249359311,0,150,38.0,37.0,39.0,73.13224546907055,25.697166410201845,0,149,74.0,57.0,91.0,124.61195201043745,46.091916275206906,0,255,121.0,102.0,141.0,IMG20200713145100.jpg,unripe
37.85655129380844,3.3494792164657876,0,120,38.0,37.0,39.0,103.42114717366435,23.207820013896495,54,182,102.0,84.0,120.0,94.95941308273378,31.10587069641458,0,192,97.0,84.0,109.0,IMG20200713145100.jpg,unripe
34.93825462152391,3.8032569489146013,0,165,35.0,35.0,36.0,75.34648354896655,24.622514602961214,31,219,74.0,57.0,91.0,132.8414243161509,49.151636346488345,0,255,140.0,118.0,160.0,IMG20200713145109.jpg,unripe
34.574706109734194,13.406953739873465,0,165,35.0,35.0,36.0,65.31125082425703,31.220079677832434,0,215,68.0,48.0,86.0,140.414402328384,57.75591846611526,0,255,144.0,122.0,167.0,IMG20200713145109.jpg,unripe
34.97172514154483,3.8031030262940666,0,165,35.0,35.0,36.0,99.03208349439505,24.11432865631347,55,240,97.0,81.0,114.0,96.93636735714773,33.44927107253403,0,179,106.0,87.0,118.0,IMG20200713145109.jpg,unripe
33.877509720548446,12.959885903994232,0,165,35.0,35.0,36.0,65.51765615407353,30.9009400673545,0,216,68.0,48.0,86.0,137.59354464630846,57.233445387373045,0,255,144.0,123.0,165.0,IMG20200713145109.jpg,unripe
34.70138020418836,4.107743715307848,0,56,35.0,35.0,36.0,123.18791923417994,26.860813808144837,74,255,121.0,103.0,141.0,98.50791286750494,40.57436014424221,0,255,99.0,80.0,121.0,IMG20200713145109.jpg,unripe
34.36615090385652,12.767086822011073,0,165,36.0,35.0,37.0,63.44197922706788,30.057731981886295,0,203,63.0,48.0,84.0,131.50058493809829,60.82372857851914,0,255,139.0,108.0,167.0,IMG20200713145136.jpg,unripe
35.67025767794834,3.719342500422139,0,120,36.0,35.0,37.0,77.74598427279479,18.93106755679691,44,188,74.0,63.0,91.0,93.87153742077903,36.08181416025225,0,186,101.0,77.0,117.0,IMG20200713145136.jpg,unripe
35.63161107211524,3.6712529477095632,0,120,36.0,35.0,37.0,95.72431613106683,27.38977814380927,48,254,90.0,74.0,114.0,114.49098178044984,43.70926870183737,0,255,124.0,94.0,142.0,IMG20200713145136.jpg,unripe
35.63421531825719,3.656108912647616,0,120,36.0,35.0,37.0,73.04527929522588,23.53224529490149,32,210,68.0,54.0,89.0,128.42481765190587,51.755026395445675,0,255,135.0,104.0,161.0,IMG20200713145136.jpg,unripe
35.53793959369691,13.518520133926659,0,165,36.0,35.0,37.0,64.21816665140742,28.840117984272897,0,199,64.0,49.0,84.0,133.22699667348246,57.34596886288363,0,255,139.0,108.0,167.0,IMG20200713145136.jpg,unripe
24.966549387316498,18.915059967303662,0,165,35.0,0.0,37.0,46.2633065843978,38.6624718301421,0,140,52.0,0.0,75.0,89.41704941331439,73.95196107190188,0,255,116.0,0.0,145.0,IMG20200713145141.jpg,unripe
35.23054058269928,10.14252640560886,0,165,36.0,35.0,37.0,68.44680832625613,27.103813469517842,0,202,68.0,54.0,84.0,134.24033311957294,52.16702663115399,0,255,139.0,118.0,164.0,IMG20200713145141.jpg,unripe
35.905861656585266,5.217697289338208,0,120,36.0,35.0,37.0,74.32377766608316,23.83728243583677,31,206,70.0,58.0,88.0,130.52009636549562,47.8218806190808,0,255,136.0,114.0,160.0,IMG20200713145141.jpg,unripe
36.86537428289166,5.84701312812356,0,120,37.0,36.0,38.0,51.6109156455275,21.986039214256053,15,183,46.0,36.0,62.0,176.3191760403487,61.42048235197966,0,255,190.0,151.0,223.0,IMG20200713145141.jpg,unripe
35.032766001698526,13.109849949217681,0,165,36.0,35.0,37.0,64.98726970206424,29.71665277467995,0,204,66.0,52.0,82.0,133.95602024368685,55.36324951041814,0,255,138.0,116.0,165.0,IMG20200713145141.jpg,unripe
28.984979536728407,17.51938158068924,0,178,37.0,26.0,38.0,53.25067296738534,37.289121626757655,0,221,59.0,24.0,81.0,102.61276739378086,72.3598834891198,0,255,120.0,19.0,148.0,IMG20200713145148.jpg,unripe
36.50662841230328,4.851690165192763,0,178,37.0,36.0,38.0,75.71733682123117,22.599841466776994,30,221,75.0,60.0,90.0,121.69547276486225,50.71704505693014,0,255,126.0,100.0,149.0,IMG20200713145148.jpg,unripe
36.49282308763343,4.855715894197572,0,178,37.0,36.0,38.0,98.8055609467955,18.94309834585151,61,220,98.0,86.0,110.0,74.5700097042319,27.99882452981895,0,142,79.0,65.0,92.0,IMG20200713145148.jpg,unripe
35.31619762879203,12.752529863535072,0,165,37.0,36.0,38.0,66.83825998902999,28.870226948255766,0,201,72.0,52.0,86.0,125.85041981350997,58.77207478324159,0,255,130.0,105.0,155.0,IMG20200713145148.jpg,unripe
34.88592886376102,14.341154860183668,0,178,37.0,36.0,38.0,64.7674444116282,31.323380171993993,0,219,69.0,49.0,85.0,122.08976836420405,60.25841297864035,0,255,127.0,98.0,153.0,IMG20200713145148.jpg,unripe
53.997405030117115,27.61488023194229,0,176,41.0,36.0,66.0,33.39164282215864,11.415846685057035,4,119,34.0,26.0,40.0,137.96765739523454,64.72615903691171,0,255,135.0,81.0,193.0,IMG20200713145208.jpg,unripe
35.08901090402908,4.799289961186524,0,165,36.0,34.0,37.0,73.60867510461509,20.916644399959345,0,164,72.0,60.0,86.0,129.47869460985228,48.37771422464372,0,255,133.0,105.0,159.0,IMG20200713145208.jpg,unripe
34.43524175323727,10.074911970123805,0,170,36.0,34.0,37.0,69.9273666211258,25.63748462496656,0,167,71.0,57.0,86.0,131.4075993091537,53.089254172994195,0,255,135.0,108.0,162.0,IMG20200713145208.jpg,unripe
34.94271303241994,3.7389891597392846,0,46,36.0,34.0,37.0,104.61842772321467,23.154436907690712,55,235,103.0,88.0,119.0,104.22029747634883,35.55788582497846,0,198,111.0,91.0,127.0,IMG20200713145208.jpg,unripe
34.93474767784566,3.7222183125531867,0,45,36.0,34.0,37.0,74.86559430825149,20.474246398915383,31,191,74.0,60.0,88.0,128.51010061952758,48.38403575272774,0,255,132.0,105.0,159.0,IMG20200713145208.jpg,unripe
35.222270946617556,7.665280579319281,0,165,37.0,35.0,38.0,71.24729579605918,24.48305413390787,0,215,69.0,54.0,88.0,120.48010095694713,51.239510131997314,0,255,120.0,96.0,147.0,IMG20200713145224.jpg,unripe
35.29733575006334,5.360312334994616,0,82,37.0,35.0,38.0,74.0041025940868,23.406898522588232,30,218,70.0,56.0,89.0,118.23910035276462,49.55879373101259,0,255,119.0,94.0,145.0,IMG20200713145224.jpg,unripe
34.8269991619404,11.097536263342294,0,165,37.0,35.0,38.0,67.8370461322575,27.198196414847445,0,151,67.0,52.0,86.0,121.65218577637451,54.78334022350467,0,255,122.0,97.0,150.0,IMG20200713145224.jpg,unripe
20.29422713364127,19.614749122310123,0,172,28.0,0.0,37.0,38.28485255997973,38.58263546526985,0,201,42.0,0.0,68.0,71.05641310491337,74.07820691984999,0,255,72.0,0.0,125.0,IMG20200713145224.jpg,unripe
35.288243777894714,5.393215971153511,0,90,37.0,35.0,38.0,80.6918864136896,20.485045321980973,42,207,78.0,64.0,94.0,91.81302500535968,35.52145681906217,0,192,94.0,75.0,112.0,IMG20200713145224.jpg,unripe
35.872488421196024,13.053764075193873,0,165,37.0,35.0,38.0,62.73882134586569,27.377152641813396,0,204,64.0,48.0,81.0,144.8087454025337,64.15446536956999,0,255,143.0,109.0,187.0,IMG20200713145237.jpg,unripe
37.34437576624438,3.640175800460033,0,110,37.0,36.0,39.0,52.504410162103255,19.81020138125739,18,204,50.0,39.0,63.0,169.27103766516822,55.575325740108234,0,255,175.0,139.0,212.0,IMG20200713145237.jpg,unripe
36.51314534804523,3.0177269130629596,0,110,37.0,35.0,38.0,70.32653929982291,22.483367657160354,31,229,68.0,53.0,84.0,143.58261817191118,58.20496580900557,0,255,140.0,107.0,182.0,IMG20200713145237.jpg,unripe
36.73750170276529,5.468069201304101,0,165,37.0,35.0,38.0,68.55429267129819,22.593404064687565,0,223,67.0,52.0,82.0,145.4157471734096,58.0079929219379,0,255,141.0,109.0,183.0,IMG20200713145237.jpg,unripe
36.56980486309767,3.034764389751393,0,110,37.0,35.0,38.0,66.34119159515052,21.83520169647634,29,221,64.0,50.0,79.0,148.376949666258,59.35362693657861,0,255,145.0,111.0,190.0,IMG20200713145237.jpg,unripe
33.86023023560086,12.677212307257703,0,165,35.0,34.0,37.0,59.517634766893515,27.471431866837904,0,160,61.0,45.0,78.0,147.1615226046932,60.71717598657768,0,255,152.0,122.0,182.0,IMG20200713145248.jpg,unripe
34.30490686094561,13.664293699212575,0,165,35.0,34.0,37.0,60.22642344148571,26.934868150447258,0,159,62.0,46.0,78.0,146.9277854648481,59.799002714333604,0,255,153.0,122.0,181.0,IMG20200713145248.jpg,unripe
34.809326142000586,2.7405162834902765,11,45,35.0,34.0,36.0,105.46807669499901,19.43599930289916,67,249,104.0,90.0,118.0,90.60294242227431,30.354747656642108,2,255,95.0,73.0,112.0,IMG20200713145248.jpg,unripe
34.82227807114148,2.749727863835939,13,45,35.0,34.0,36.0,68.37625542409097,20.017940386326575,29,217,66.0,53.0,81.0,146.16029894859705,51.995077638333974,3,255,149.0,119.0,177.0,IMG20200713145248.jpg,unripe
35.138546108302975,6.4951252620304345,0,165,35.0,34.0,36.0,66.11930646937566,21.474220134616672,0,159,65.0,52.0,80.0,148.61399297809655,52.44740121566061,0,255,151.0,121.0,179.0,IMG20200713145248.jpg,unripe
33.644109738192256,14.271745479408558,0,165,35.0,33.0,36.0,69.3025883827969,34.20949605690752,0,209,71.0,50.0,92.0,124.2070128841744,64.31058973764095,0,255,127.0,100.0,159.0,IMG20200713145253.jpg,unripe
33.99873797779501,11.201357919749665,0,165,35.0,33.0,36.0,72.27983074055133,31.376810638689346,0,213,72.0,54.0,91.0,124.5200108880347,60.803584211176464,0,255,126.0,99.0,158.0,IMG20200713145253.jpg,unripe
35.66092845241434,7.516743541912168,0,110,35.0,33.0,36.0,80.10224854413778,28.29568454354432,31,215,76.0,59.0,96.0,122.38915650725045,57.43840603946364,0,255,124.0,97.0,154.0,IMG20200713145253.jpg,unripe
45.68076612171503,21.7568715143737,0,178,37.0,34.0,45.0,41.888818318293545,19.50065561493119,6,155,38.0,29.0,51.0,138.52352475378194,71.25871656762483,0,255,146.0,78.0,199.0,IMG20200713145253.jpg,unripe
32.064981770790375,12.918756565216718,0,165,34.0,33.0,36.0,67.8679495850999,34.92278453004242,0,215,70.0,48.0,90.0,125.09632611313658,63.93883597285413,0,255,127.0,99.0,161.0,IMG20200713145253.jpg,unripe
36.809359974540044,3.096127596504713,0,50,37.0,37.0,38.0,115.87481614642915,22.145108076078937,73,191,114.0,98.0,133.0,82.01949923018037,25.01297601423919,0,157,85.0,71.0,98.0,IMG20200713145258.jpg,unripe
36.79891795184972,9.083947512313559,0,165,37.0,37.0,38.0,67.83841528973602,24.96978304260922,0,134,68.0,52.0,86.0,128.98542933571878,51.674872752423795,0,255,126.0,102.0,157.0,IMG20200713145258.jpg,unripe
37.22786661047127,3.4017757094808765,0,51,38.0,37.0,39.0,56.97296599891623,20.286871416207976,20,131,54.0,39.0,72.0,158.10434281487343,54.99336657892503,0,255,161.0,125.0,199.0,IMG20200713145258.jpg,unripe
36.65281564755163,9.737237381316618,0,165,37.0,37.0,38.0,67.12692992491033,25.68498979917992,0,134,68.0,50.0,86.0,129.05221011345162,52.67359433149918,0,255,126.0,102.0,157.0,IMG20200713145258.jpg,unripe
36.359320838458295,11.019305325560918,0,165,37.0,36.0,38.0,64.31522178546547,27.451119811577385,0,145,64.0,47.0,84.0,129.52403643526205,57.029893959377674,0,255,126.0,100.0,161.0,IMG20200713145258.jpg,unripe
37.0881160439886,12.751354868445029,0,165,38.0,37.0,39.0,60.20833487614322,25.23896771483291,0,200,62.0,48.0,76.0,126.24487169992965,53.25544272548885,0,255,124.0,102.0,152.0,IMG20200713145308.jpg,unripe
35.94693042544525,13.243518264503072,0,165,38.0,37.0,39.0,57.63008664420335,25.657667622804485,0,195,61.0,46.0,74.0,122.8104010071463,55.711809213778395,0,255,123.0,99.0,151.0,IMG20200713145308.jpg,unripe
37.669224645462286,2.9989127456987044,0,110,38.0,37.0,39.0,67.69461621061207,19.15914522688959,31,212,65.0,54.0,78.0,121.74416817862036,46.59117802319369,0,255,120.0,97.0,146.0,IMG20200713145308.jpg,unripe
37.656626059910394,3.0129392388962426,0,110,38.0,37.0,39.0,106.91624393675714,18.874330364729772,71,248,104.0,93.0,118.0,74.04340541341134,25.100694290255355,0,143,75.0,60.0,90.0,IMG20200713145308.jpg,unripe
33.442588958418185,16.190598307368443,0,165,38.0,36.0,39.0,51.09321657348095,30.389562138916794,0,157,56.0,32.0,72.0,116.04368311919131,64.51015719397643,0,255,121.0,91.0,151.0,IMG20200713145308.jpg,unripe
38.26585696241923,3.5498462164742057,0,120,39.0,38.0,40.0,70.21931574804591,20.56970553621904,30,208,68.0,55.0,83.0,121.48814732101997,46.48073595011882,0,255,121.0,102.0,142.0,IMG20200713145312.jpg,unripe
38.4776675392191,9.420095421018148,0,165,39.0,38.0,40.0,66.25426971022716,23.099527257568468,0,202,66.0,52.0,81.0,124.98839444251222,48.4518999106827,0,255,123.0,104.0,144.0,IMG20200713145312.jpg,unripe
38.42957952735726,3.629418703186986,0,120,39.0,38.0,40.0,47.583719269984805,16.429584096756404,20,160,46.0,35.0,58.0,146.27337128631314,51.196249370886335,0,255,150.0,124.0,177.0,IMG20200713145312.jpg,unripe
37.41574987643926,10.814106990760758,0,165,39.0,38.0,40.0,63.30705303044171,25.589537762989988,0,201,64.0,49.0,80.0,125.49630233026414,50.86005522802451,0,255,124.0,105.0,145.0,IMG20200713145312.jpg,unripe
38.26937157919786,3.560810966246742,0,120,39.0,38.0,40.0,64.79692104925955,19.437623644563928,27,195,63.0,50.0,77.0,124.69286459572754,47.398522845553536,0,255,125.0,105.0,146.0,IMG20200713145312.jpg,unripe
39.60752244944995,3.0665742858455927,0,103,40.0,39.0,41.0,67.82662730810485,19.68274266706018,30,205,66.0,54.0,80.0,120.08300756145343,46.51932244492985,0,255,118.0,96.0,143.0,IMG20200713145316.jpg,unripe
37.70488170270102,14.029491316991342,0,170,40.0,39.0,41.0,58.333705644053225,27.783975608196286,0,203,62.0,44.0,76.0,122.70590112491024,58.20959214476705,0,255,120.0,96.0,150.0,IMG20200713145316.jpg,unripe
39.55831538263791,3.1044749821245583,0,90,40.0,39.0,41.0,120.74482532422059,20.853176970842135,80,255,118.0,106.0,134.0,72.70562632414081,21.886768802391757,0,255,74.0,64.0,86.0,IMG20200713145316.jpg,unripe
38.719579111595706,12.243453181213521,0,165,40.0,39.0,41.0,60.59086597700538,25.692453756726117,0,202,63.0,47.0,76.0,124.40897446125753,54.17251743629022,0,255,120.0,98.0,149.0,IMG20200713145316.jpg,unripe
39.58726697337978,3.0737652741955284,0,101,40.0,39.0,41.0,81.77315639709597,23.00996314168339,38,243,80.0,65.0,96.0,116.09727947238252,43.706969898966975,0,246,115.0,94.0,138.0,IMG20200713145316.jpg,unripe
39.15521537913848,13.237097758207497,0,165,41.0,40.0,42.0,56.98356328525905,25.439137526899454,0,199,58.0,44.0,72.0,117.33759952765067,52.50948156841612,0,255,118.0,95.0,145.0,IMG20200713145330.jpg,unripe
41.45802255815367,3.6590811275076263,0,110,41.0,40.0,42.0,66.70868897012217,19.93278577785838,32,204,63.0,52.0,78.0,113.51115317489949,42.87847627218641,0,255,113.0,91.0,139.0,IMG20200713145330.jpg,unripe
41.483602358273494,3.697184819008836,0,110,41.0,40.0,42.0,80.38535543418801,18.511068148692853,48,208,76.0,66.0,90.0,84.95384174560863,29.510926701875352,0,181,86.0,70.0,104.0,IMG20200713145330.jpg,unripe
25.254799468607004,21.91415128159118,0,172,40.0,0.0,42.0,35.136851062351845,33.4815825198958,0,133,40.0,0.0,61.0,70.59322387100696,70.2726623570662,0,255,78.0,0.0,123.0,IMG20200713145330.jpg,unripe
41.47106426208442,3.6939877409411337,0,110,41.0,40.0,42.0,81.19984544452066,21.835286674969748,43,232,77.0,65.0,94.0,100.84981201538608,36.28090213227762,0,223,101.0,83.0,123.0,IMG20200713145330.jpg,unripe
33.47116149930588,3.236197171900575,0,96,34.0,32.0,35.0,71.54297084683017,19.605438664625066,29,207,72.0,58.0,84.0,144.35416011105968,48.17708852668654,0,255,147.0,125.0,170.0,IMG20200713145338.jpg,unripe
31.714474780194355,12.389723563914762,0,165,34.0,32.0,35.0,60.70447015270708,28.066984585117343,0,145,66.0,46.0,81.0,146.52521055067098,59.096138413956915,0,255,150.0,128.0,177.0,IMG20200713145338.jpg,unripe
40.47348449791763,18.69021043388247,0,179,35.0,34.0,38.0,49.65229986117538,15.431129631904929,9,193,51.0,40.0,58.0,158.53642757982416,67.19256304572572,0,255,173.0,105.0,216.0,IMG20200713145338.jpg,unripe
33.49543729754743,3.2595231218444947,0,96,34.0,33.0,35.0,74.49052290606201,20.45147410602137,30,216,74.0,60.0,88.0,144.68073114298934,48.326256936649635,0,255,147.0,125.0,170.0,IMG20200713145338.jpg,unripe
22.069153169828784,19.03682718663436,0,165,33.0,0.0,35.0,41.09416011105969,37.47402123615596,0,198,43.0,0.0,76.0,90.51624248033318,79.98111218461683,0,255,117.0,0.0,151.0,IMG20200713145338.jpg,unripe
31.898074857473354,14.449153171051373,0,165,35.0,32.0,35.0,63.19001900355284,32.56252401580281,0,217,68.0,44.0,87.0,135.18906056349667,62.4699468298923,0,255,138.0,116.0,165.75,IMG20200713145343.jpg,unripe
33.6655539948773,3.2428851625543302,0,82,35.0,33.0,35.0,75.14400561844171,22.50527587415875,29,222,74.0,59.0,91.0,134.10156159629844,49.42243227928703,0,255,136.0,115.0,160.0,IMG20200713145343.jpg,unripe
34.066611583904816,3.8728307848542785,0,84,35.0,33.0,36.0,57.71987936875155,20.861486920600097,17,211,55.0,42.0,72.0,169.6598033545402,57.76717542500806,0,255,179.0,144.0,213.0,IMG20200713145343.jpg,unripe
31.539676113360326,12.446643613821053,0,165,35.0,32.0,35.0,64.54010575890275,31.856675078541848,0,187,69.0,46.0,88.0,133.72805089647196,61.94052120482649,0,255,138.0,116.0,164.0,IMG20200713145343.jpg,unripe
22.96968520201603,18.213383498676244,0,165,32.0,0.0,35.0,45.31438486325705,38.26987984925465,0,168,50.0,0.0,77.0,94.24912005287945,80.60394315517685,0,255,117.0,0.0,149.0,IMG20200713145343.jpg,unripe
54.681337253314084,26.532050786772125,0,178,42.0,37.0,67.0,34.99506188053448,13.264792600090042,3,158,33.0,26.0,42.0,146.30264246606694,65.78566148699566,0,255,149.0,90.0,204.0,IMG20200713145350.jpg,unripe
34.37060542576977,13.38766052856513,0,165,37.0,35.0,38.0,60.359637695192156,28.82673461409718,0,208,64.0,44.0,80.0,132.02479622555146,61.77466794242156,0,255,132.0,104.0,168.0,IMG20200713145350.jpg,unripe
36.323424819111665,3.9858929030159795,0,165,37.0,35.0,38.0,114.1753868633699,20.211567461740593,76,252,113.0,99.0,127.0,76.14891819094062,25.85058623800486,0,255,77.0,63.0,92.0,IMG20200713145350.jpg,unripe
36.36792951076528,4.730003942428074,0,165,37.0,35.0,38.0,68.94267028149922,21.208298116059698,0,209,68.0,54.0,83.0,131.46545076844532,50.80047078973161,0,255,129.0,104.0,159.0,IMG20200713145350.jpg,unripe
36.300908402725206,3.9779536611983466,0,165,37.0,35.0,38.0,70.48037075506575,20.98733205230719,30,214,69.0,55.0,84.0,129.650150520219,50.343294162729684,0,255,128.0,103.0,157.0,IMG20200713145350.jpg,unripe
36.288763864902876,4.029659607060712,0,165,37.0,35.0,38.0,113.79391813698435,25.110548608903212,66,255,110.0,96.0,127.0,92.55372371677319,36.27865815104598,0,255,93.0,75.0,114.0,IMG20200713145355.jpg,unripe
35.685126497765594,9.2373252920442,0,174,37.0,35.0,39.0,66.09348015738779,25.13092949164138,0,207,66.0,51.0,80.0,133.3631224740506,56.005271091282296,0,255,132.0,111.0,161.0,IMG20200713145355.jpg,unripe
35.048649562910605,11.696074031786662,0,172,37.0,35.0,39.0,62.81725924475226,27.58637635619979,0,201,64.0,48.0,79.0,133.60041483433332,58.650458388383974,0,255,133.0,112.0,163.0,IMG20200713145355.jpg,unripe
23.33217013548881,19.257735929883452,0,165,33.0,0.0,38.0,40.20191571563374,36.33500849956265,0,152,42.0,0.0,70.0,79.03137073370485,74.54248101135583,0,255,95.0,0.0,135.0,IMG20200713145355.jpg,unripe
36.3002029661545,3.969746962290533,0,165,37.0,35.0,38.0,71.46099132942831,22.711242728302427,29,209,68.0,55.0,84.0,130.03224313208824,53.59099828237834,0,255,129.0,107.0,157.0,IMG20200713145355.jpg,unripe
34.424155984834805,12.225486416960779,0,175,37.0,35.0,38.0,60.97226936270085,29.126841099976506,0,225,62.0,46.0,81.0,138.13116988626106,54.432053987216214,0,255,143.0,124.0,165.0,IMG20200713145423.jpg,unripe
36.53089907925618,3.355283552348595,8,110,37.0,36.0,38.0,70.92014804116266,21.248982565316656,29,230,68.0,54.0,84.0,134.71375699584763,45.48349526109134,2,255,140.0,119.0,161.0,IMG20200713145423.jpg,unripe
36.52429138833725,3.3588388538653713,8,110,37.0,36.0,38.0,82.87083408557501,21.673763816132343,40,245,80.0,66.0,97.0,115.96575194078353,37.87388423789434,2,215,121.0,103.0,139.0,IMG20200713145423.jpg,unripe
36.42376782812782,3.551851010059104,0,51,37.0,36.0,38.0,123.57081603177468,22.359830272686555,78,255,121.0,106.0,138.0,89.67850695071313,35.323189320653356,0,255,89.0,70.0,112.0,IMG20200713145423.jpg,unripe
36.32014804116267,7.571081962755898,0,174,37.0,36.0,38.0,67.79705723054703,23.539281133450693,0,225,66.0,52.0,83.0,137.69397905759163,46.81672391419219,0,255,141.0,122.0,162.0,IMG20200713145423.jpg,unripe
38.053745403540695,5.580319149027351,0,176,39.0,38.0,40.0,98.43671102012965,18.32617292325293,63,199,95.0,84.0,110.0,69.92560369991281,24.352127999667207,0,137,73.0,57.0,86.0,IMG20200713145428.jpg,unripe
37.932209333181696,8.936143351491749,0,174,39.0,38.0,40.0,64.82969407483225,22.947653203417197,0,174,63.0,51.0,80.0,119.21373061905304,48.462985276546604,0,255,118.0,95.0,146.0,IMG20200713145428.jpg,unripe
38.32687933583532,5.7027641593430864,0,176,39.0,38.0,40.0,41.52538003715076,15.76567755854423,16,131,38.0,29.0,52.0,154.9953751089882,58.246470862818235,0,255,158.0,122.0,199.0,IMG20200713145428.jpg,unripe
38.05452253686644,5.59128903707138,0,177,39.0,38.0,40.0,68.48145304977444,20.13888072101508,29,179,65.0,53.0,82.0,115.24446529436294,45.26257567186667,0,255,115.0,92.0,143.0,IMG20200713145428.jpg,unripe
36.813630160354826,13.933016458050215,0,175,39.0,38.0,40.0,58.51151484135107,27.65859482532871,0,179,60.0,44.0,76.0,119.42842791614542,55.76354440459909,0,255,121.0,94.0,149.0,IMG20200713145428.jpg,unripe
33.96214924889663,8.608303414926661,0,165,32.0,30.0,35.0,98.81678746406446,25.20037190149496,63,227,93.0,81.0,109.0,74.75218852492206,31.90253886827282,0,140,81.0,60.0,97.0,IMG20200713145435.jpg,unripe
33.94506215329797,8.530582688549398,0,165,32.0,30.0,35.0,95.10285459772442,32.27226396285277,48,255,88.0,72.0,108.0,104.7273838927805,46.07581442570314,0,255,111.0,83.0,134.0,IMG20200713145435.jpg,unripe
32.854370976231934,9.81192955749358,0,165,32.0,30.0,35.0,65.95374336964004,28.666800694481964,0,222,62.0,48.0,80.0,135.5535814066486,66.05960275199887,0,255,140.0,103.0,175.0,IMG20200713145435.jpg,unripe
29.083435235048793,12.766418527189371,0,165,32.0,29.0,34.0,57.201141839089765,32.64630733589889,0,222,58.0,40.0,76.0,134.75100619508441,73.0885360838153,0,255,142.0,102.0,181.0,IMG20200713145435.jpg,unripe
33.95316030287079,8.556799205471911,0,165,32.0,30.0,35.0,71.61921690893631,29.760580070879026,29,224,64.0,50.0,84.0,132.79969227031623,64.73401935176776,0,255,138.0,100.0,171.0,IMG20200713145435.jpg,unripe
36.07274241756088,4.078509546377531,0,75,37.0,36.0,38.0,60.608241462100054,17.363117651029164,29,142,59.0,47.0,72.0,115.64535254054584,39.949339434891314,0,240,118.0,97.0,140.0,IMG20200713145443.jpg,unripe
36.0726346219805,4.082888110932511,0,75,37.0,36.0,38.0,85.07125287863198,16.831544958262086,55,164,84.0,72.0,96.0,76.54248615806752,23.127033321545678,0,144,80.0,68.0,91.0,IMG20200713145443.jpg,unripe
35.71664461757068,11.88825582159391,0,165,37.0,35.0,38.0,56.443892400411585,23.87152598009479,0,147,58.0,42.0,72.0,128.1842324464697,52.975582229072764,0,255,127.0,103.0,155.0,IMG20200713145443.jpg,unripe
35.28945073251997,11.547341237432843,0,165,37.0,35.0,38.0,55.484070753099125,25.63214702699093,0,152,56.0,38.0,74.0,131.66195305992454,58.01426804255867,0,255,131.0,104.0,164.0,IMG20200713145443.jpg,unripe
36.34045764123671,7.646843819453849,0,170,37.0,36.0,38.0,61.48982311725219,20.94579418639344,0,127,61.0,47.0,76.0,125.47210544367681,46.12094994781479,0,255,126.0,103.0,151.0,IMG20200713145443.jpg,unripe
52.77212615311298,13.899093417127505,0,176,48.0,44.0,55.0,48.72726112264697,20.891049596090934,8,160,46.0,34.0,60.0,169.01109711679206,57.70895125411993,0,255,176.0,136.0,215.0,IMG20200713145452.jpg,unripe
47.57701603295095,12.88442105254213,0,172,45.0,42.0,49.0,81.45672635054635,28.333984471863108,0,198,80.0,64.0,100.0,124.94885454607346,48.52348257036897,0,255,125.0,97.0,154.0,IMG20200713145452.jpg,unripe
47.88203356367226,11.58797120298672,15,110,45.0,43.0,49.0,112.71027504510332,30.239893012429693,50,252,109.0,90.0,132.0,111.74905538346326,39.90629727351481,10,255,113.0,89.0,137.0,IMG20200713145452.jpg,unripe
35.93556183408789,21.37823467481866,0,177,43.0,38.0,46.0,64.61666439731763,42.94912384907381,0,171,72.0,33.0,96.0,109.22804404806482,69.79990415714211,0,255,122.0,68.0,154.0,IMG20200713145452.jpg,unripe
47.55818327262825,12.88774659631302,0,172,45.0,42.0,49.0,81.40194710147394,28.379659781414578,0,198,80.0,64.0,100.0,125.02956394458249,48.575232010224404,0,255,125.0,97.0,154.0,IMG20200713145452.jpg,unripe
48.29769361406841,22.01894610712089,0,179,39.0,37.0,47.0,39.27324190573584,15.274687931470744,6,164,39.0,30.0,48.0,157.5450137871843,64.1611359238001,0,255,166.0,104.0,214.0,IMG20200713145505.jpg,unripe
34.498475192198825,12.437728326796735,0,165,36.0,35.0,37.0,67.94118989792005,30.290589096993838,0,219,72.0,52.0,88.0,126.51683679991234,59.58248170923693,0,255,124.0,99.0,158.0,IMG20200713145505.jpg,unripe
47.482259272109715,21.179380334766865,0,179,38.0,37.0,46.0,39.36372600938624,15.309173676545266,6,163,39.0,30.0,48.0,158.58020306422455,64.44057607851182,0,255,167.0,105.0,215.0,IMG20200713145505.jpg,unripe
35.99033984039736,3.181202119814429,0,110,36.0,35.0,37.0,76.75098153795584,22.39185860328416,29,219,76.0,61.0,91.0,128.58419313014736,49.32375291134623,0,255,124.0,101.0,155.0,IMG20200713145505.jpg,unripe
35.14353280619419,12.654710007054137,0,165,36.0,35.0,37.0,67.83910995051222,29.579766128236148,0,205,72.0,53.0,88.0,134.0354358028524,58.05677543253684,0,255,129.0,105.0,164.0,IMG20200713145505.jpg,unripe
35.568579633311245,4.214256751339684,0,120,35.0,34.0,37.0,79.29468522200132,25.67557098618083,0,219,78.0,60.0,98.0,123.1412591119947,50.20115231939908,0,255,121.0,100.0,148.0,IMG20200713145512.jpg,unripe
34.59195935498122,13.306742431969097,0,165,35.0,34.0,37.0,71.82026065827259,32.848631258991986,0,219,74.0,54.0,95.0,126.09494146233709,57.10798291718362,0,255,124.0,102.0,153.0,IMG20200713145512.jpg,unripe
33.3806582725867,12.27189859502802,0,165,35.0,34.0,37.0,71.83861276783742,33.69387535871103,0,222,75.0,52.0,96.0,119.98327369118621,59.71064928147386,0,255,121.0,98.0,150.0,IMG20200713145512.jpg,unripe
35.5183653633753,3.759455588042575,0,120,35.0,34.0,37.0,96.56454163905457,29.780118479335,38,255,94.0,74.0,118.0,121.53051468963994,47.712643868864525,0,255,123.0,99.0,147.0,IMG20200713145512.jpg,unripe
35.687377954495254,3.892148979023093,0,120,36.0,34.0,37.0,59.12046830130329,22.626565223472635,18,189,57.0,42.0,75.0,151.66753258228408,57.625529959395244,0,255,153.0,122.0,191.0,IMG20200713145512.jpg,unripe
34.38318553578877,12.764872671303001,0,165,35.0,34.0,37.0,71.28111455669804,31.997405164586876,0,211,76.0,53.0,95.0,124.3703915274831,56.090755634090605,0,255,124.0,101.0,149.0,IMG20200713145518.jpg,unripe
35.937861559944146,4.0436714859054455,0,115,36.0,35.0,37.0,65.23605897394049,24.821679915976492,20,212,64.0,46.0,83.0,153.5988339408447,53.054816210340796,0,255,155.0,125.0,189.0,IMG20200713145518.jpg,unripe
38.29808860598807,10.395233141670888,0,178,36.0,35.0,38.0,48.431596032134635,19.90963469463414,10,179,46.0,34.0,61.0,163.29702772790745,59.419670034441275,0,255,173.0,132.0,208.0,IMG20200713145518.jpg,unripe
35.75183613513955,3.878206502401368,0,114,36.0,35.0,37.0,79.14242968282466,24.435589669464566,29,217,79.0,60.0,96.0,120.87892388879821,47.08498770554629,0,255,121.0,97.0,144.0,IMG20200713145518.jpg,unripe
35.6132056652703,8.598033200702394,0,172,36.0,35.0,37.0,75.60319532850951,27.51731571739364,0,211,77.0,57.0,96.0,124.38268683241753,49.912592632965634,0,255,123.0,100.0,147.0,IMG20200713145518.jpg,unripe
33.12716959920966,16.275558073086426,0,172,38.0,36.0,39.0,60.865148444020505,34.30309313523627,0,172,68.0,42.0,86.0,111.84693999216475,67.36078309569562,0,255,120.0,78.0,154.0,IMG20200713145532.jpg,unripe
38.41881994242791,5.174625804436475,0,165,38.0,37.0,39.0,103.56160895263078,26.345365330116877,50,255,102.0,85.0,120.0,103.24111294690763,41.22128811805007,0,255,107.0,85.0,129.0,IMG20200713145532.jpg,unripe
38.407722836362396,5.106048610906252,0,165,38.0,37.0,39.0,78.35303786472261,23.390823301857985,31,225,77.0,62.0,92.0,120.8475787357986,52.413541032413356,0,255,123.0,94.0,153.0,IMG20200713145532.jpg,unripe
37.9700982813538,9.364616560458426,0,165,38.0,37.0,39.0,73.40946021904648,25.93053439824002,0,219,75.0,59.0,90.0,125.34439353421111,55.19994960204461,0,255,127.0,98.0,158.0,IMG20200713145532.jpg,unripe
38.430666507690475,5.1462291233465605,0,110,38.0,37.0,39.0,91.37968624912705,20.356631207155885,50,219,90.0,77.0,104.0,87.04486535284198,35.20011406991008,0,176,91.0,71.0,110.0,IMG20200713145532.jpg,unripe
36.4267792800238,4.362452623957795,0,126,37.0,35.0,38.0,114.61670688572279,22.004115344051215,76,255,110.0,98.0,128.0,80.97192654788272,28.583914952252076,0,255,81.0,67.0,99.0,IMG20200713145541.jpg,unripe
36.48375260321973,4.426627428701437,0,126,37.0,35.0,38.0,69.6211612839245,22.931920292149137,29,224,65.0,52.0,84.0,136.23491785395524,45.28575652473321,0,255,140.0,119.0,161.0,IMG20200713145541.jpg,unripe
36.62266536643417,4.543246476061658,0,126,37.0,35.0,38.0,59.6674572741397,24.37511249879812,23,229,54.0,41.0,74.0,174.4197712472315,54.34391091641593,0,251,182.0,153.0,213.0,IMG20200713145541.jpg,unripe
36.065080493206835,11.374249951429245,0,165,37.0,35.0,38.0,63.560584774057055,26.462568259096123,0,222,62.0,48.0,80.0,140.5431308055932,49.68957484861179,0,255,142.0,122.0,164.0,IMG20200713145541.jpg,unripe
32.428919705133715,14.986427817522957,0,165,36.0,34.0,37.0,56.3732934448448,31.944840688947405,0,187,57.0,40.0,78.0,130.34233579055237,64.25225555887972,0,255,141.0,116.0,165.0,IMG20200713145541.jpg,unripe
40.982830763814995,14.070353209034659,0,174,37.0,35.0,41.0,51.48733108783833,22.26964662911856,9,203,46.0,38.0,59.0,153.95866902416975,70.48107301788545,0,255,169.0,101.0,212.0,IMG20200713145548.jpg,unripe
33.41803809874311,14.439426183767614,0,165,35.0,33.0,37.0,61.597235000920065,30.247876012764383,0,190,64.0,48.0,79.0,131.74562968533735,62.719114390176436,0,255,137.0,110.0,168.0,IMG20200713145548.jpg,unripe
36.32160715571521,8.570213100047294,0,120,36.0,34.0,37.0,67.05172372410813,22.601005969710503,26,197,63.0,51.0,78.0,130.0962149274748,54.49391505115268,0,255,135.0,109.0,163.0,IMG20200713145548.jpg,unripe
36.33294397196598,8.5509052612849,0,120,35.0,34.0,37.0,74.63576577513581,24.97914866339369,29,219,70.0,57.0,86.0,129.0088966405581,53.853326414165245,0,255,133.0,108.0,162.0,IMG20200713145548.jpg,unripe
29.99707178916882,16.080221413888882,0,172,35.0,31.0,36.0,57.345808898240676,34.497743572679745,0,180,63.0,38.0,79.0,120.18942163835796,68.76338402842823,0,255,130.0,96.0,162.0,IMG20200713145548.jpg,unripe
37.79518998977591,9.996880216758512,0,174,38.0,37.0,39.0,73.6181632289351,25.984150034625983,0,214,74.0,58.0,90.0,117.21067244468207,47.12056454392976,0,255,121.0,102.0,141.0,IMG20200713145553.jpg,unripe
38.12135708322781,6.798189468214872,0,170,38.0,37.0,39.0,64.86784665747437,19.058302392700536,27,178,64.0,51.0,76.0,108.90159552016209,41.7269530723296,0,243,115.0,97.0,133.0,IMG20200713145553.jpg,unripe
42.42877376630929,13.674153281937576,0,179,39.0,37.0,42.0,45.97570607160612,20.52810173964803,8,186,43.0,32.0,56.0,166.7316787198319,66.19650721191029,0,255,183.0,128.0,218.0,IMG20200713145553.jpg,unripe
38.10088077215297,6.726644886284008,0,172,38.0,37.0,39.0,77.90315258275413,23.740728062067987,31,218,76.0,60.0,92.0,113.58112202305578,43.70010802708668,0,255,120.0,101.0,139.0,IMG20200713145553.jpg,unripe
35.35123017324666,13.593585889803034,0,165,38.0,36.0,39.0,66.20837437037454,30.820127143723553,0,211,70.0,50.0,86.0,116.06942998377278,51.39378612995791,0,255,122.0,103.0,142.0,IMG20200713145553.jpg,unripe
26.490259934269496,17.1956830202401,0,177,33.0,26.0,35.0,51.63014639976098,36.1254646442899,0,230,57.0,17.0,78.0,99.98635594064336,73.02677169777895,0,255,114.0,16.0,146.0,IMG20200713145601.jpg,unripe
43.045264415894835,20.279759153988692,0,178,36.0,33.0,42.0,33.7586395777313,14.755983403765171,4,161,32.0,24.0,42.0,148.9106264316303,68.71357915419077,0,255,159.0,90.0,209.0,IMG20200713145601.jpg,unripe
34.1164724629021,4.285469754448955,0,110,34.0,32.0,36.0,83.1735783288517,21.924421724062253,42,237,81.0,66.0,98.0,101.34969624539389,40.636332559783575,0,211,104.0,82.0,125.0,IMG20200713145601.jpg,unripe
34.19097699432327,9.7075162209358,0,170,34.0,32.0,36.0,67.65056269295887,24.486549763957623,0,220,68.0,53.0,84.0,127.16521262822428,53.73853440084633,0,255,127.0,100.0,154.0,IMG20200713145601.jpg,unripe
34.138283039537896,4.286636312003559,0,110,34.0,32.0,36.0,72.14093217806992,22.55345135889117,30,230,70.0,55.0,86.0,122.86569066826013,52.028668438196355,0,255,124.0,97.0,151.0,IMG20200713145601.jpg,unripe
30.345101665312374,16.77404040005554,0,177,36.0,32.0,38.0,57.02075336004558,36.79820884486514,0,230,61.0,35.0,82.0,100.42351051210925,67.35555654163257,0,255,111.0,35.0,140.0,IMG20200713145605.jpg,unripe
41.88574444039713,14.177952263596325,0,179,39.0,36.0,42.0,48.408659997945215,22.118708745524536,9,215,44.0,35.0,58.0,154.02640402738473,65.5705870442107,0,255,165.0,108.0,207.0,IMG20200713145605.jpg,unripe
35.83643886538336,10.886863653644687,0,165,37.0,35.0,39.0,67.26234040367247,27.806444672921696,0,207,68.0,52.0,86.0,120.8282477327281,55.324770020396436,0,255,120.0,98.0,146.0,IMG20200713145605.jpg,unripe
36.71231098284252,5.061552077319458,0,177,37.0,35.0,39.0,74.56202191151336,24.551797222499648,29,230,71.0,57.0,89.0,117.36497707043253,51.026915730577805,0,255,118.0,94.0,143.0,IMG20200713145605.jpg,unripe
36.55598830638759,10.723840188668593,0,178,37.0,35.0,39.0,69.64929436707855,27.53992248868101,0,228,68.0,54.0,86.0,121.11957932883148,53.342270623230675,0,255,120.0,96.0,146.0,IMG20200713145605.jpg,unripe
40.060669774811835,3.1236818238396515,12,110,40.0,40.0,41.0,68.65731175914922,16.859850743273366,34,206,67.0,57.0,78.0,106.45088419619913,37.10675830389193,2,255,109.0,90.0,126.0,IMG20200713145615.jpg,unripe
38.60705325491869,14.209564998094312,0,165,40.0,40.0,41.0,59.47217397487075,25.358167582018527,0,197,64.0,50.0,74.0,111.43947750657688,49.062846375878784,0,255,112.0,94.0,132.0,IMG20200713145615.jpg,unripe
40.05456521518319,3.1063905133371574,13,110,40.0,40.0,41.0,113.10511828219114,16.74801463637002,80,248,112.0,102.0,122.0,63.277986003189405,19.653300684598953,2,134,67.0,55.0,75.0,IMG20200713145615.jpg,unripe
40.059968918548314,3.090792023535918,12,110,40.0,40.0,41.0,68.46357071030259,16.50097795217461,31,201,66.0,57.0,78.0,106.41548587622269,36.959919201349685,1,255,109.0,90.0,126.0,IMG20200713145615.jpg,unripe
49.404952717595556,15.625851136702297,0,178,43.0,41.0,51.0,28.337741617657514,11.368187557707296,4,143,28.0,22.0,33.0,164.25663528049486,57.39731435607483,1,255,169.0,119.0,214.0,IMG20200713145615.jpg,unripe
35.51553900938815,9.8147714021585,0,165,37.0,35.0,38.0,64.18593755620302,24.60418840915898,0,201,63.0,50.0,80.0,119.59353080824431,49.309528212627605,0,255,118.0,92.0,149.0,IMG20200713145630.jpg,unripe
36.22081040250351,3.8914017334207234,0,120,37.0,35.0,38.0,69.42092910326967,21.529481972909686,30,208,66.0,53.0,84.0,117.05709327002626,44.93404541569537,0,255,116.0,91.0,145.0,IMG20200713145630.jpg,unripe
36.221736628178846,3.9299882830096395,0,120,37.0,35.0,38.0,76.86953706701198,19.20883371018083,42,200,74.0,62.0,89.0,91.8172457825258,32.67326706260348,0,194,92.0,74.0,113.0,IMG20200713145630.jpg,unripe
36.21769001115068,3.937609358011167,0,120,37.0,35.0,38.0,69.35206467393259,18.839428370528854,34,190,66.0,55.0,82.0,100.69269990288119,36.72206661119074,0,214,101.0,80.0,124.0,IMG20200713145630.jpg,unripe
35.61870076615949,13.091808002099851,0,165,37.0,35.0,38.0,62.05098737455487,27.1194067357112,0,207,62.0,48.0,80.0,120.52677061976188,52.72386853841975,0,255,119.0,93.0,150.0,IMG20200713145630.jpg,unripe
38.255725848114345,6.111607636313516,0,165,38.0,36.0,39.0,48.247429572827926,20.688910071873167,14,190,42.0,33.0,60.0,154.2954142566274,61.88451673023236,0,255,159.0,118.0,202.0,IMG20200713145642.jpg,unripe
35.2921423434192,12.474179255376209,0,165,37.0,35.0,38.0,59.36609973763916,29.62279631947817,0,136,59.0,41.0,80.0,129.05545031858102,67.05431368715445,0,255,125.0,93.0,168.0,IMG20200713145642.jpg,unripe
36.74449700665525,4.254498225819944,0,165,37.0,36.0,38.0,70.54520406406061,23.355912266899445,30,215,66.0,53.0,86.0,120.28522371579939,56.93847655939392,0,255,116.0,87.0,151.0,IMG20200713145642.jpg,unripe
34.84486269107264,13.572208917953178,0,165,37.0,35.0,38.0,60.14234341919995,30.019599379515505,0,214,60.0,44.0,79.0,124.6491759438406,64.29542274421613,0,255,120.0,90.0,159.0,IMG20200713145642.jpg,unripe
36.736220990893344,4.296258469400608,0,165,37.0,36.0,38.0,65.35581802895086,21.015237963504003,29,196,61.0,49.0,79.0,116.12142546014445,54.2173770748258,0,245,113.0,85.0,146.0,IMG20200713145642.jpg,unripe
42.817057273081936,11.025014201862877,0,101,39.0,38.0,43.0,33.75469346198129,14.128698698426737,7,121,31.0,22.0,44.0,155.71213116002016,61.87063634400826,0,255,161.0,110.0,205.0,IMG20200713145648.jpg,unripe
37.72469146375116,7.393188750020826,0,165,38.0,37.0,39.0,64.99089377979504,25.884897176038415,0,182,65.0,47.0,83.0,122.95897918986041,53.221092228202416,0,255,119.0,94.0,151.0,IMG20200713145648.jpg,unripe
34.91390482715309,14.593613890101565,0,165,38.0,36.0,39.0,58.38523022465816,30.734049188366843,0,168,60.0,41.0,80.0,116.42344399722151,59.901623660209715,0,255,117.0,90.0,148.0,IMG20200713145648.jpg,unripe
37.919709209937864,2.6567256870700215,0,82,38.0,37.0,39.0,71.10116753732409,21.272471414620796,31,182,69.0,54.0,86.0,113.44702311286194,46.96461044134114,0,255,113.0,88.0,141.0,IMG20200713145648.jpg,unripe
37.57814507150809,9.568544039787172,0,165,38.0,37.0,39.0,66.3171571845889,25.68351056359805,0,162,66.0,50.0,84.0,118.49499015158003,52.28538490094626,0,255,117.0,92.0,146.0,IMG20200713145648.jpg,unripe
33.752684590852205,9.69168367979158,0,165,34.0,33.0,35.0,66.10831213919502,27.0850685905855,0,229,68.0,50.0,84.0,154.26356424851642,60.08995181683995,0,255,151.0,125.0,189.0,IMG20200713145702.jpg,unripe
33.79049089661297,2.6859864177318253,0,170,34.0,33.0,35.0,107.06845706673126,25.340235491717696,56,255,106.0,88.0,123.0,119.24324815308223,40.26241148041963,0,255,122.0,102.0,144.0,IMG20200713145702.jpg,unripe
33.949255177425215,10.200170924559819,0,165,34.0,33.0,35.0,67.70439223285294,25.403056597404568,0,228,68.0,53.0,84.0,151.08879334705907,56.81512853854974,0,255,149.0,125.0,180.0,IMG20200713145702.jpg,unripe
33.86941383068911,3.1659861696378466,0,165,34.0,33.0,35.0,72.08288926567357,21.59968628860494,29,229,71.0,56.0,86.0,147.6415667514432,54.49285280524927,0,255,147.0,123.0,175.0,IMG20200713145702.jpg,unripe
33.91147914900488,3.4126743719403305,0,150,34.0,33.0,35.0,70.91524363166606,21.969254405065183,0,227,70.0,56.0,85.0,149.07796415162892,54.175408044371366,0,255,147.0,124.0,177.0,IMG20200713145702.jpg,unripe
34.55867022866537,5.556315447248193,0,170,35.0,34.0,35.0,94.40808548796892,27.987990951644885,44,254,92.0,74.0,110.0,123.74486250186818,41.19790193091109,0,255,125.0,105.0,145.0,IMG20200713145706.jpg,unripe
34.05905320579883,7.254207768910043,0,172,35.0,34.0,35.0,72.19781235988641,26.28349076767491,0,220,72.0,56.0,89.0,142.3824353609326,52.18481839929004,0,255,139.0,117.0,169.0,IMG20200713145706.jpg,unripe
34.592176057390525,10.488847443924838,0,165,35.0,34.0,35.0,72.30776416081304,28.760939090100475,0,222,72.0,55.0,90.0,141.55983784187714,53.253798471331386,0,255,139.0,116.0,168.0,IMG20200713145706.jpg,unripe
25.70963794649529,18.08869059979587,0,172,34.0,0.0,35.0,52.7677664026304,40.72593750859642,0,224,57.0,0.0,83.0,105.55557838888059,79.84493729957357,0,255,124.0,0.0,157.0,IMG20200713145706.jpg,unripe
34.54947877746226,5.568660095135467,0,165,35.0,34.0,35.0,75.84611791959348,25.307566092649953,31,224,74.0,58.0,90.0,139.52329621880136,51.2625503531039,0,255,138.0,115.0,166.0,IMG20200713145706.jpg,unripe
40.32876959963465,9.106581431996027,0,165,40.0,39.0,41.0,64.84813137463846,24.898299356854565,0,162,63.0,48.0,83.0,127.26949497640432,55.58960542735187,0,255,124.0,99.0,155.0,IMG20200713145721.jpg,unripe
39.326172172324554,12.187932132066093,0,170,40.0,38.0,41.0,61.411240295326536,27.43714705922215,0,161,61.0,45.0,82.0,129.41716775764957,58.64659993387207,0,255,126.0,100.0,159.0,IMG20200713145721.jpg,unripe
40.759875932409805,6.098993816565086,21,112,40.0,39.0,41.0,114.7734434464911,25.71200610434285,68,223,110.0,94.0,134.0,87.29146369310398,32.86073140994982,3,199,89.0,73.0,107.0,IMG20200713145721.jpg,unripe
42.46614781549703,6.891629236054767,21,112,41.0,39.0,43.0,52.5519200030446,21.776761102221013,17,155,47.0,35.0,67.0,160.08196643324706,61.46734684424756,2,255,167.0,125.0,209.0,IMG20200713145721.jpg,unripe
38.14707337494291,12.051226535255838,0,165,40.0,38.0,41.0,58.915264880499315,28.90391701276472,0,164,58.0,41.0,80.0,131.16516973664181,61.272253379705106,0,255,128.0,101.0,164.0,IMG20200713145721.jpg,unripe
35.94065359722001,11.70865520942293,0,174,37.0,35.0,38.0,61.185579273718425,27.827789440061625,0,205,60.0,46.0,76.0,128.60842239352584,59.74975317891811,0,255,129.0,104.0,161.0,IMG20200713145729.jpg,unripe
32.0119704391971,15.122121420556535,0,165,37.0,35.0,38.0,50.89184455288817,30.448396975318577,0,151,54.0,32.0,69.0,118.63317816097337,69.92869133865605,0,255,124.0,91.0,158.0,IMG20200713145729.jpg,unripe
36.591993480887574,7.756870514153946,0,170,37.0,35.0,38.0,66.15777938049699,25.914414526512424,0,210,62.0,50.0,78.0,125.50274907973736,56.088205493266045,0,255,126.0,101.0,156.0,IMG20200713145729.jpg,unripe
37.84030047863024,7.6617753042390335,0,115,37.0,35.0,39.0,49.16033644614707,24.63754759970638,16,198,42.0,33.0,58.0,161.34474490226015,67.34303621499171,0,255,177.0,122.0,214.0,IMG20200713145729.jpg,unripe
36.786667665764355,7.149572712661743,0,114,37.0,35.0,38.0,68.29720970748293,25.924562721908543,30,214,63.0,51.0,80.0,123.41252119179866,55.2827961774202,0,255,125.0,99.0,155.0,IMG20200713145729.jpg,unripe
34.630426826919376,12.118981163150167,0,178,35.0,33.0,37.0,62.49859393659232,28.345368333375458,0,211,62.0,47.0,78.0,126.72064601872184,51.83329872325325,0,255,123.0,102.0,151.0,IMG20200713145734.jpg,unripe
29.780307407835434,14.822683738145463,0,178,34.0,31.0,35.0,55.5036499865172,34.450208716722564,0,212,58.0,34.0,78.0,109.12959859778883,64.4647925186749,0,255,116.0,87.0,146.0,IMG20200713145734.jpg,unripe
33.11898570823221,14.889791513803631,0,178,35.0,33.0,38.0,58.6658480681074,31.28108699613556,0,212,60.0,42.0,77.0,121.49442389922571,57.59417357848233,0,255,122.0,99.0,150.0,IMG20200713145734.jpg,unripe
35.29244192765515,4.264739758132938,0,172,35.0,34.0,38.0,69.60094764821449,22.516963499465277,30,212,66.0,53.0,82.0,119.61763742825224,45.01834186450985,0,255,119.0,99.0,143.0,IMG20200713145734.jpg,unripe
67.4125255210139,33.86269963840727,0,178,52.0,37.0,104.0,26.900920682614892,12.347631651297043,3,129,24.0,18.0,34.0,141.50135791055126,68.86046258634627,0,255,138.0,82.0,204.0,IMG20200713145734.jpg,unripe
33.40539868584621,18.740270930581037,0,165,38.0,36.0,40.0,53.80248623690286,36.8661178050538,0,175,53.0,29.0,82.0,119.181308826141,79.06346856981304,0,255,122.0,71.0,173.0,IMG20200713145845.jpg,unripe
38.85306339904102,13.33905172608714,0,165,39.0,38.0,40.0,64.46255549635944,30.26278928566108,0,172,64.0,44.0,85.0,135.29447700230864,67.03092371578907,0,255,132.0,102.0,178.0,IMG20200713145845.jpg,unripe
40.190330314331376,8.888485759413502,0,126,39.0,38.0,40.0,72.2362635411117,25.564955087126645,31,205,68.0,52.0,90.0,127.39997336174747,60.84059455085953,0,255,126.0,99.0,163.0,IMG20200713145845.jpg,unripe
40.2029568460309,8.89020520974489,0,126,39.0,38.0,40.0,102.23211685313443,26.27672485613117,60,239,98.0,82.0,120.0,89.33980642869828,37.773092617737674,0,177,94.0,74.0,110.0,IMG20200713145845.jpg,unripe
40.181690641093944,8.77643569630414,0,130,39.0,38.0,40.0,71.945213993962,25.114030116746942,29,178,68.0,52.0,89.0,127.37379683892736,60.73331905958065,0,255,126.0,99.0,163.0,IMG20200713145845.jpg,unripe
34.13427198155639,14.034002455933157,0,165,38.0,35.0,39.0,55.43161350747728,31.52919794134465,0,201,55.0,36.0,78.0,132.74138800547544,71.58816592225509,0,255,130.0,97.0,178.0,IMG20200713145901.jpg,unripe
37.68797151120305,10.653579782466588,0,165,39.0,38.0,39.0,62.02168565576723,26.97475598757781,0,152,60.0,45.0,82.0,142.8543448503,62.554748650714295,0,255,135.0,105.0,184.0,IMG20200713145901.jpg,unripe
41.81888823704985,8.23989087122127,0,165,40.0,38.0,43.0,42.12800403454061,16.37452097322441,12,158,38.0,30.0,52.0,154.86836282047324,57.16152664916468,0,255,159.0,115.0,200.0,IMG20200713145901.jpg,unripe
56.26209075657928,23.949584517523736,0,172,44.0,39.0,74.0,31.097137740451416,12.558678040677274,5,132,30.0,21.0,39.0,146.81068535729355,61.58705817517149,0,255,146.0,95.0,200.0,IMG20200713145901.jpg,unripe
38.06077541400356,4.294837916017544,0,165,39.0,38.0,39.0,66.27900083366782,23.029077621275043,0,164,63.0,48.0,84.0,138.89818960282417,58.6887035179852,0,255,131.0,104.0,175.0,IMG20200713145901.jpg,unripe
35.221483395394785,14.89579441780624,0,165,37.0,35.0,39.0,52.268637434455506,26.949391530763734,0,157,53.0,40.0,69.0,118.8932669655749,64.23447186241124,0,255,120.0,81.0,155.0,IMG20200713145921.jpg,unripe
36.78472274995567,3.7106915614050604,0,82,38.0,35.0,39.0,64.52845960939281,19.915834935602827,30,211,60.0,49.0,77.0,111.97018517111229,55.628373320912736,0,255,110.0,76.0,146.0,IMG20200713145921.jpg,unripe
36.805291688831474,3.7316068654491765,0,84,38.0,35.0,39.0,68.77029662841655,21.70983697080999,32,229,64.0,52.0,82.0,114.79828761050739,56.45025889189741,0,255,113.0,78.0,150.0,IMG20200713145921.jpg,unripe
69.48621982420143,32.973445572399406,0,176,60.0,38.0,105.0,22.72396585353497,11.758865534528287,4,128,18.0,14.0,30.0,149.17192289181042,64.48990794730628,0,255,153.0,95.0,209.0,IMG20200713145921.jpg,unripe
30.109532132634193,18.092322325749176,0,165,37.0,32.0,39.0,44.802910555513336,31.12149635158419,0,128,48.0,20.0,66.0,94.18246067330344,72.88797957187884,0,255,97.0,16.0,145.0,IMG20200713145921.jpg,unripe
35.31879252327266,3.4320117118469757,0,56,36.0,35.0,37.0,90.97852037432762,20.98288647263497,52,246,88.0,74.0,105.0,98.81612752683418,37.376438055899804,0,201,102.0,85.0,120.0,IMG20200713145929.jpg,unripe
35.33377545255815,3.462592165358629,0,60,36.0,34.0,37.0,89.19666936850638,19.23355558680086,54,231,86.0,74.0,102.0,91.69277626311006,34.48445789347838,0,170,95.0,79.0,112.0,IMG20200713145929.jpg,unripe
34.07937268194434,12.674124593619178,0,165,36.0,34.0,37.0,58.72274212168104,26.949449341564694,0,136,60.0,44.0,78.0,140.0110161373517,62.365406484689885,0,255,141.0,117.0,173.0,IMG20200713145929.jpg,unripe
21.202257264264485,19.70054786772047,0,172,32.0,0.0,35.0,35.61175791516224,34.83190852204258,0,212,38.0,0.0,64.0,84.00795814604672,84.61796511485798,0,255,91.0,0.0,145.0,IMG20200713145929.jpg,unripe
35.318989020705914,3.431470965877693,0,56,36.0,35.0,37.0,68.02104978753715,20.94353866852765,29,223,65.0,52.0,82.0,136.08769926067842,56.194039345482,0,255,136.0,111.0,166.0,IMG20200713145929.jpg,unripe
35.41834707286892,18.549890337477272,0,165,38.0,37.0,39.0,65.10376108893807,41.18088014342317,0,221,66.0,42.0,88.0,111.66760200080172,71.50935881325925,0,255,111.0,76.0,153.0,IMG20200713145941.jpg,unripe
42.79991982850271,16.24216920137811,0,174,39.0,38.0,40.0,85.95398853199018,38.96187164173829,30,235,76.0,59.0,102.0,115.44648552555903,63.57250306618784,0,255,114.0,81.0,154.0,IMG20200713145941.jpg,unripe
42.756688220018475,16.25294311786646,0,172,39.0,37.0,40.0,110.87812189553306,36.551621696110395,56,250,102.0,85.25,126.0,79.9177196437597,37.88047771086808,0,179,84.0,59.0,103.0,IMG20200713145941.jpg,unripe
41.541636892831626,16.56192666880008,0,170,39.0,37.0,40.0,77.75003921431933,35.9281319434034,0,217,73.0,56.0,94.0,112.44369695174025,63.55850964313029,0,255,109.0,79.0,147.0,IMG20200713145941.jpg,unripe
42.758256792791535,16.250644758214317,0,172,39.0,38.0,40.0,83.83304285689388,36.09016839875872,30,221,76.0,59.0,99.0,107.98609198807884,61.25480218244856,0,255,107.0,75.0,142.0,IMG20200713145941.jpg,unripe
42.86000056695235,16.40522617074716,0,165,39.0,38.0,41.0,77.43301930472744,35.943657602096074,0,219,72.0,55.0,93.0,108.08830282814729,61.89037412262016,0,255,110.0,72.0,141.0,IMG20200713145947.jpg,unripe
43.7019059048087,15.20058275168069,0,165,39.0,38.0,41.0,122.05202732710316,33.99948606180782,72,252,114.0,98.0,135.0,64.54283797446824,29.583629896437433,0,201,69.0,47.0,86.0,IMG20200713145947.jpg,unripe
42.99500137013484,14.950841961591506,0,165,39.0,38.0,41.0,112.95463436298179,40.93352490035059,52,255,104.0,84.0,128.0,89.72776838106758,46.531083569519545,0,255,93.0,63.0,115.0,IMG20200713145947.jpg,unripe
38.72769278742122,15.849810626723682,0,165,39.0,38.0,41.0,69.10593504615937,36.57540600345412,0,220,68.0,48.0,88.0,108.11840799780778,65.967506865329,0,255,110.0,69.0,144.0,IMG20200713145947.jpg,unripe
41.12441769269293,15.461133183458333,0,165,39.0,38.0,41.0,74.06057885834696,36.00647194428157,0,219,72.0,54.0,90.0,109.4026590065105,63.55240935454716,0,255,110.0,71.0,143.0,IMG20200713145947.jpg,unripe
35.58310853316558,15.517684162351214,0,165,39.0,37.0,40.0,65.57307515967031,36.91584910902408,0,223,68.0,44.0,88.0,120.40751916576924,63.69464516084549,0,255,123.0,95.0,153.0,IMG20200713145951.jpg,unripe
36.02336144668238,16.178361007574477,0,165,39.0,37.0,40.0,65.14135221299327,38.85811713713598,0,223,68.0,40.0,89.0,113.85008583279132,67.70465060756325,0,255,117.0,80.0,149.0,IMG20200713145951.jpg,unripe
40.29478499152334,11.656936757087054,0,165,39.0,38.0,40.0,82.08049089959162,34.706907255815956,30,225,77.0,59.0,94.0,115.22330386940621,55.19906778680817,0,255,118.0,89.0,146.0,IMG20200713145951.jpg,unripe
39.646987322336784,12.134400439666312,0,165,39.0,37.0,40.0,78.00267627709597,34.47132331035617,0,224,75.0,57.0,92.0,118.59602077046925,56.49523597165947,0,255,120.0,93.0,149.0,IMG20200713145951.jpg,unripe
44.07478648426754,15.367705460258545,0,179,40.0,38.0,43.0,47.67570132321111,28.401352811462424,9,174,42.0,31.0,55.0,151.58878096111403,69.28662169935791,0,255,163.0,107.0,206.0,IMG20200713145951.jpg,unripe
40.05241658686238,16.42629048988857,0,170,38.0,36.0,39.0,109.2936600083053,39.16964539140278,45,255,102.0,81.0,129.0,113.0324499775418,56.06169010437264,0,255,121.0,85.0,149.0,IMG20200713145957.jpg,unripe
41.230971973863745,17.000879383916377,0,172,38.0,36.0,39.0,84.39467952575066,33.158119485542905,31,223,78.0,61.0,100.0,118.74247650363992,64.01324046820723,0,255,124.0,83.0,158.0,IMG20200713145957.jpg,unripe
37.83289405662856,20.593765576790076,0,165,37.0,36.0,39.0,69.26965092332856,38.36906336810558,0,219,70.0,47.0,92.0,123.21947168148343,69.47947773674407,0,255,129.0,88.0,163.0,IMG20200713145957.jpg,unripe
41.30839767112723,16.96586676257748,0,172,38.0,36.0,39.0,70.07644262142257,30.008466038721327,23,197,64.0,48.0,84.0,130.94046458808276,69.414918904956,0,255,139.0,90.0,182.0,IMG20200713145957.jpg,unripe
36.89676008712086,19.48134938168753,0,165,37.0,35.0,39.0,66.83824165021144,37.00348898952704,0,210,68.0,43.0,90.0,121.56058204869615,73.27676456895519,0,255,128.0,82.0,166.0,IMG20200713145957.jpg,unripe
33.654960167570906,2.138174737034235,0,165,34.0,33.0,35.0,98.62527470640752,19.146430296438165,58,254,97.0,84.0,110.0,111.2473645354028,36.39549762017825,0,255,113.0,91.0,135.0,IMG20200713150008.jpg,unripe
33.65025582034201,2.1198671883641875,0,165,34.0,33.0,35.0,64.77807156101916,16.962395515780706,29,204,63.0,52.0,75.0,151.85615685735868,51.6385332236565,0,255,151.0,126.0,181.0,IMG20200713150008.jpg,unripe
31.501519469816632,11.890738057880931,0,165,34.0,32.0,35.0,56.06212657097727,25.843956351968355,0,204,60.0,43.0,72.0,145.9866166472083,64.94453570554121,0,255,150.0,121.0,183.0,IMG20200713150008.jpg,unripe
33.651861135911,2.1450827951409086,0,165,34.0,33.0,35.0,62.68581313096628,14.95120720517959,31,186,62.0,52.0,72.0,137.27267186319622,45.91193912790726,0,232,137.0,114.0,164.0,IMG20200713150008.jpg,unripe
33.203325664446126,8.370510271514421,0,165,34.0,33.0,35.0,60.88711283565689,21.066562634671737,0,202,62.0,50.0,74.0,154.93660291188792,53.214274273362975,0,255,154.0,130.0,184.0,IMG20200713150008.jpg,unripe
34.60831287104094,2.020685360444391,0,165,35.0,34.0,36.0,59.63965903086439,17.82710833003482,25,139,58.0,46.0,71.0,169.69785223634725,51.003492890174584,0,251,174.0,143.0,206.0,IMG20200713150018.jpg,unripe
34.26373045721568,7.86460691922516,0,165,35.0,34.0,35.0,64.24383023031734,20.94428416731895,0,135,64.0,53.0,78.0,148.2288564945762,51.88073456033154,0,255,144.0,119.0,177.0,IMG20200713150018.jpg,unripe
34.48830541136978,1.9703719561161324,0,165,35.0,34.0,35.0,69.90220060299008,14.878988217410226,37,134,68.0,59.0,80.0,116.02112796444223,38.16293523458688,0,208,115.0,96.0,139.0,IMG20200713150018.jpg,unripe
34.50770832685792,1.96003600982777,0,165,35.0,34.0,35.0,67.68437043483667,17.722333262913292,29,144,66.0,55.0,79.0,145.2562397040997,50.56642057726831,0,255,142.0,117.0,173.0,IMG20200713150018.jpg,unripe
34.38289093339135,6.871582528969431,0,165,35.0,34.0,35.0,64.93727659838996,20.13540858531794,0,128,64.0,54.0,78.0,147.82514064588318,51.02507303018424,0,255,143.0,119.0,176.0,IMG20200713150018.jpg,unripe
34.07987880323061,10.445684375126014,0,174,35.0,33.0,36.0,64.34746646142455,24.143207437432295,0,203,65.0,49.0,80.0,152.8369689116647,58.98697058873975,0,255,156.0,129.0,185.0,IMG20200713150024.jpg,unripe
34.4931753748429,5.381222129274299,0,165,35.0,33.0,36.0,114.51970421753066,19.96713366319483,77,255,113.0,99.0,127.0,87.05153785450543,34.44419902417101,0,255,90.0,69.0,111.0,IMG20200713150024.jpg,unripe
34.55800200695615,5.358308519794915,0,165,35.0,33.0,36.0,68.91082684644837,21.01471989552328,30,234,68.0,53.0,82.0,150.0221252301667,57.66002290677886,0,255,154.0,126.0,182.0,IMG20200713150024.jpg,unripe
33.36070652650449,12.218720428049366,0,174,35.0,33.0,36.0,62.03782040665218,26.779355542596758,0,229,64.0,46.0,80.0,152.37154019270676,60.96681182626606,0,255,156.0,129.0,185.0,IMG20200713150024.jpg,unripe
34.74346034313105,5.42117631814546,0,165,35.0,34.0,36.0,48.627563496780105,17.11614922804041,18,189,48.0,36.0,59.0,174.3279814502694,58.12676327940437,0,255,186.0,156.0,213.0,IMG20200713150024.jpg,unripe
36.43048212020886,2.4801010032757937,0,170,37.0,35.0,38.0,72.31682891074105,19.14629639668479,0,130,72.0,59.0,86.0,138.5094216863501,47.09757972330191,0,255,136.0,113.0,164.0,IMG20200713150048.jpg,unripe
36.38729390061109,1.9634139382408002,22,82,37.0,35.0,38.0,73.15128230468943,18.836884991835163,31,137,72.0,59.0,88.0,137.69698242493124,47.43273821385678,2,255,136.0,113.0,164.0,IMG20200713150048.jpg,unripe
35.24706395875541,11.214887840761756,0,150,37.0,35.0,38.0,66.62076065292945,26.359945738938915,0,126,70.0,54.0,86.0,139.53047223732108,54.09484586600834,0,255,138.0,114.0,168.0,IMG20200713150048.jpg,unripe
36.4015170232742,1.9829490100358709,22,82,37.0,35.0,38.0,96.98148605689249,18.276635817791906,56,159,96.0,83.0,111.0,97.92869496466868,30.320022087122165,2,176,98.0,84.0,115.0,IMG20200713150048.jpg,unripe
36.39542257580999,1.98927212891289,21,84,37.0,35.0,38.0,94.2135774406615,21.182905232769738,47,166,94.0,78.0,110.0,118.68095567524831,38.28092165780911,2,217,118.0,100.0,140.0,IMG20200713150048.jpg,unripe
29.460445416040443,15.840671675500031,0,165,34.0,32.0,36.0,56.41116192343859,34.47211467590379,0,168,62.0,38.0,79.0,129.87611615215837,72.17369926435885,0,255,143.0,107.0,173.0,IMG20200713150059.jpg,unripe
34.63947180183728,4.948232227649755,0,170,35.0,33.0,36.0,69.79177483262741,23.178793113382774,0,172,68.0,54.0,83.0,151.81834548274836,47.05267873650682,0,255,150.0,128.0,177.0,IMG20200713150059.jpg,unripe
34.304437282496,9.826176767737,0,165,35.0,33.0,36.0,66.63064706686063,26.441987235476113,0,171,67.0,51.0,82.0,154.43842376409506,49.14868635954863,0,255,152.0,130.0,181.0,IMG20200713150059.jpg,unripe
48.52519228759956,24.40736131794467,0,179,38.0,35.0,48.0,37.668148171961775,13.372857484352567,6,128,37.0,28.0,46.0,142.89914244151,66.47028289862918,0,255,146.0,85.0,200.0,IMG20200713150059.jpg,unripe
34.631627592969146,3.5010403846104197,7,82,35.0,33.0,36.0,88.88309235430748,23.244863557489513,44,213,86.0,72.0,102.0,125.56755583774704,37.57996127435784,3,211,129.0,107.0,148.0,IMG20200713150059.jpg,unripe
33.5594646372794,7.605290221983528,0,165,34.0,32.0,35.0,68.46491096416496,23.36554183830281,0,226,68.0,54.0,84.0,142.6688944018222,49.41026053835931,0,255,142.0,119.0,169.0,IMG20200713150105.jpg,unripe
33.26499748386584,11.871875961114275,0,165,33.0,32.0,35.0,65.31805701471718,26.42656947332998,0,189,66.0,52.0,84.0,142.71178345354863,54.09972706461236,0,255,142.0,119.0,171.0,IMG20200713150105.jpg,unripe
33.54615119759158,2.800067844330799,0,120,34.0,32.0,35.0,71.26924401204214,21.081346038074557,30,229,69.0,56.0,85.0,139.77530480537482,48.21502712402733,0,255,140.0,116.0,166.0,IMG20200713150105.jpg,unripe
27.941272545886342,16.32070865878079,0,133,33.0,32.0,35.0,52.500772497329365,34.97530873117078,0,156,58.0,26.0,80.0,116.78428343147728,73.4550015021704,0,255,130.0,81.0,159.0,IMG20200713150105.jpg,unripe
34.47152354130433,4.069038661267845,0,120,34.0,33.0,35.0,42.941493259409015,15.931835105136196,13,178,40.0,31.0,53.0,177.64411268749615,55.25071642657963,0,255,188.0,152.0,219.0,IMG20200713150105.jpg,unripe
29.093448368204733,19.0989031643339,0,165,38.0,13.0,38.0,49.12384877804557,36.35504355452594,0,221,54.0,1.0,76.0,101.68533072525528,76.74650136913009,0,255,119.0,6.0,153.0,IMG20200713150120.jpg,unripe
37.43262659075297,9.97720567051756,0,172,38.0,37.0,39.0,65.8803893487955,25.675071361392597,0,217,66.0,51.0,81.0,133.88489526936556,58.27735672199893,0,255,134.0,105.0,165.0,IMG20200713150120.jpg,unripe
37.6110936463027,5.501962059383093,0,172,38.0,37.0,39.0,70.79318173879632,23.617108266991675,31,221,68.0,54.0,84.0,129.92513418794462,56.85825541186823,0,255,132.0,103.0,161.0,IMG20200713150120.jpg,unripe
37.63846682268562,5.5117252113681054,0,174,38.0,37.0,39.0,70.4785124640516,24.668370629049488,30,228,68.0,53.0,84.0,137.15429576070883,58.81627209776656,0,255,140.0,109.0,172.0,IMG20200713150120.jpg,unripe
36.81029725103916,10.723588782517341,0,165,38.0,37.0,39.0,63.586188829508544,26.304649944398673,0,218,65.0,48.0,80.0,135.80723508796441,59.59030943408317,0,255,136.0,111.0,167.0,IMG20200713150120.jpg,unripe
28.69664169404202,19.484266439553547,0,165,38.0,0.0,39.0,49.467858577742064,37.346895098889014,0,217,56.0,0.0,78.0,91.66461843877768,72.05568166780287,0,255,109.0,0.0,138.0,IMG20200713150129.jpg,unripe
51.239536312717135,20.12032593887158,0,179,43.0,39.0,55.0,36.99797934440952,17.117811134043865,6,174,36.0,27.0,45.0,148.67917661238863,64.09333645330362,0,255,148.0,97.0,204.0,IMG20200713150129.jpg,unripe
36.49198827783424,13.769173489606011,0,170,39.0,38.0,40.0,62.1895516744263,29.444698065217164,0,215,66.0,48.0,80.0,125.92131259896486,58.0346823413445,0,255,128.0,104.0,156.0,IMG20200713150129.jpg,unripe
38.087006357384254,9.879947469243964,0,165,39.0,38.0,40.0,67.23828374258503,24.47883981638152,0,215,68.0,55.0,82.0,124.83048944768747,53.21284967858683,0,255,125.0,101.0,152.0,IMG20200713150129.jpg,unripe
38.5608560017016,5.183386965333346,0,172,39.0,38.0,40.0,72.5210219081606,22.002680374943203,30,224,70.0,58.0,84.0,120.01035142863896,51.434286186605036,0,255,122.0,98.0,148.0,IMG20200713150129.jpg,unripe
36.66074981838855,12.928556255145656,0,165,39.0,37.0,40.0,65.39084888874851,29.98834900847686,0,219,68.0,49.0,85.0,118.2643104555552,56.681624535417384,0,255,121.0,96.0,147.0,IMG20200713150134.jpg,unripe
54.6265436972932,22.952733774529754,0,178,43.0,40.0,63.0,34.208374130107494,17.228235595564573,2,159,33.0,24.0,40.0,153.94046303022645,65.38638597794912,0,255,162.0,104.0,209.0,IMG20200713150134.jpg,unripe
39.813492940842046,7.291657011811615,0,172,39.0,38.0,40.0,75.34006085299475,25.216909157208235,30,224,73.0,58.0,89.0,116.49135108387817,50.69733745581583,0,255,118.0,93.0,144.0,IMG20200713150134.jpg,unripe
39.828053441142096,7.408688268052681,0,165,39.0,38.0,40.0,74.66058136719202,25.008571324242006,0,222,73.0,57.0,88.0,116.91680616531379,50.61856645747288,0,255,118.0,93.0,144.0,IMG20200713150134.jpg,unripe
41.11105145131234,8.081886840990745,0,172,40.0,38.0,41.0,50.07061263594538,22.38874076715067,14,193,46.0,35.0,61.0,157.92034364044093,63.20341535900741,0,255,166.0,125.0,206.0,IMG20200713150134.jpg,unripe
38.918673779685804,5.2327544382423605,0,112,38.0,37.0,40.0,92.21388511842756,28.78257243314736,30,251,92.0,72.0,113.0,132.27259909298485,52.78565801274952,0,255,133.0,107.0,165.0,IMG20200713150138.jpg,unripe
39.50170986037017,5.648588486681468,0,110,39.0,37.0,40.0,64.0731399349727,22.90106125692233,17,198,63.0,46.0,80.0,154.65572356029756,60.17582473259211,0,255,159.0,122.0,200.0,IMG20200713150138.jpg,unripe
38.36916148447447,8.776181011190683,0,165,38.0,37.0,40.0,81.56391721119144,28.860438185367965,0,220,84.0,64.0,102.0,124.08029504298325,50.98342721482158,0,255,124.0,99.0,152.0,IMG20200713150138.jpg,unripe
36.88490798320654,11.757472119978221,0,165,38.0,37.0,39.0,77.19058892852257,33.41586133474156,0,219,82.0,58.0,102.0,125.04631880215074,55.38322470190228,0,255,125.0,100.0,154.0,IMG20200713150138.jpg,unripe
32.85525637383335,16.48265589952212,0,165,38.0,36.0,39.0,68.64006650041563,40.436828274129596,0,148,80.0,39.0,100.0,110.2621189641929,65.99841091511858,0,255,116.0,82.0,150.0,IMG20200713150138.jpg,unripe
39.3744212038959,4.641115318403783,0,120,39.0,38.0,40.0,97.43377508116451,20.718249421324778,57,174,96.0,82.0,112.0,86.07683218904678,36.037166198981055,0,168,89.0,70.0,110.0,IMG20200713150142.jpg,unripe
39.37155782638778,4.600731408820838,0,120,39.0,38.0,40.0,77.53701633934749,23.038404054381243,32,163,76.0,60.0,94.0,125.59473095960402,60.17229216323941,0,255,123.0,93.0,162.0,IMG20200713150142.jpg,unripe
35.57223907605514,14.268224263596373,0,165,39.0,38.0,40.0,63.540007451168236,33.44535531003227,0,149,68.0,44.0,88.0,129.26960455585714,70.0145233639872,0,255,128.0,96.0,173.0,IMG20200713150142.jpg,unripe
39.35862472723402,4.614945596913376,0,120,39.0,38.0,40.0,135.68519878652404,26.08204466900248,84,231,135.0,116.0,155.0,97.12907552291234,42.15179097829961,0,255,102.0,76.0,122.0,IMG20200713150142.jpg,unripe
38.968726382457824,11.722714961590482,0,170,39.0,38.0,40.0,70.57319708339986,29.271627839842296,0,158,72.0,54.0,90.0,132.4957049337378,63.56112834700367,0,255,128.0,96.0,170.0,IMG20200713150142.jpg,unripe
36.403293556617754,12.344741640481338,0,177,38.0,36.0,38.0,61.80218604806632,31.149311322951696,0,215,60.0,45.0,78.0,141.8183529988524,68.2386916026563,0,255,131.0,99.0,194.0,IMG20200713150150.jpg,unripe
37.208443359962565,6.2875026674439285,0,177,38.0,36.0,38.0,69.73833160633308,26.920723187966086,31,219,64.0,52.0,82.0,136.05753696337646,64.14200164708939,0,255,125.0,97.0,180.0,IMG20200713150150.jpg,unripe
37.20814252765986,6.251087583006318,0,177,38.0,36.0,38.0,76.07746988891489,24.82539270865933,40,214,71.0,59.0,87.0,111.70176376864882,50.05842205417089,0,214,105.0,83.0,145.0,IMG20200713150150.jpg,unripe
36.73284977326158,9.768373798216963,0,177,38.0,36.0,38.0,63.648148767144654,28.138020381579242,0,215,62.0,48.0,78.0,143.16059988189548,66.77407602783649,0,255,132.0,103.0,194.0,IMG20200713150150.jpg,unripe
37.230604672928436,6.2464226261427,0,177,38.0,36.0,38.0,64.55726398591659,25.47175980223603,29,206,59.0,47.0,76.0,138.83179017503983,64.80379403629989,0,255,128.0,98.0,186.0,IMG20200713150150.jpg,unripe
35.252971530386354,3.2207716374843005,0,165,36.0,35.0,37.0,96.9703888250403,26.01685441914298,41,255,96.0,78.0,114.0,137.96675588328307,48.29874469484836,0,255,133.0,106.0,168.0,IMG20200713150224.jpg,unripe
34.43522796516695,12.020172426537584,0,165,36.0,34.0,37.0,70.91096593056531,29.993373234811447,0,228,75.0,55.0,90.0,152.2918463211644,63.527169411885176,0,255,145.0,116.0,194.0,IMG20200713150224.jpg,unripe
30.692588336020115,16.02727758887993,0,165,35.0,33.0,37.0,63.93126721019384,37.10167122784658,0,215,73.0,43.0,90.0,130.29074332610858,77.04341976453216,0,255,134.0,98.0,177.0,IMG20200713150224.jpg,unripe
35.431085948768576,7.977728819306258,0,170,36.0,35.0,37.0,75.63779339282821,25.262207310931977,0,226,76.0,60.0,92.0,152.5966354794172,57.72067612750816,0,255,143.0,114.0,188.0,IMG20200713150224.jpg,unripe
35.2815105632988,3.2336522050213135,0,165,36.0,35.0,37.0,107.5253341766489,21.983533501579295,61,254,107.0,92.0,122.0,103.0655934961858,32.70922930948503,0,255,104.0,81.0,127.0,IMG20200713150224.jpg,unripe
33.87590976426639,14.03612612189341,0,165,37.0,34.0,39.0,59.73910698183692,31.148593132431156,0,211,61.0,44.0,78.0,127.20400457297437,65.17700002073332,0,255,123.0,93.0,164.0,IMG20200713150231.jpg,unripe
37.236297178925675,5.522013285994335,0,177,37.0,35.0,39.0,69.91428893469019,22.592385068168234,29,222,66.0,53.0,83.0,127.75174706943191,53.04571611244084,0,255,120.0,94.0,156.0,IMG20200713150231.jpg,unripe
37.23120088883164,5.560358501184241,0,175,37.0,35.0,39.0,106.9979228391086,26.44814167977124,59,255,103.0,87.0,122.0,100.70284522736056,40.05664256810841,0,255,94.0,73.0,129.0,IMG20200713150231.jpg,unripe
37.276294602602086,5.545166709781485,0,177,37.0,35.0,39.0,81.08724075743913,26.87956268755121,34,255,77.0,61.0,96.0,132.72591137446864,53.70135211858779,0,255,127.0,97.0,163.0,IMG20200713150231.jpg,unripe
35.51277695478552,12.51174757876219,0,172,37.0,34.0,39.0,61.639604534329514,28.831555499158984,0,210,62.0,45.0,78.0,132.0497391472369,60.56178336596673,0,255,125.0,97.0,166.0,IMG20200713150231.jpg,unripe
34.192754557323944,7.744081299552445,0,179,35.0,32.0,37.0,57.50667691341498,25.969531141588476,15,211,53.0,36.0,76.0,157.58829556910771,59.135635781557646,0,255,162.0,129.0,200.0,IMG20200713150242.jpg,unripe
33.24616986464376,5.880854506861761,0,177,35.0,32.0,36.0,137.06313319120102,31.270914519486766,78,255,135.0,111.0,161.0,106.36332986266052,55.63721539130301,0,255,99.0,75.0,129.0,IMG20200713150242.jpg,unripe
32.639785479366026,13.676699181129518,0,174,34.0,31.0,36.0,70.39759036144578,33.968895341269366,0,216,72.0,48.0,95.0,123.00932123555953,53.10100958127163,0,255,120.0,101.0,145.0,IMG20200713150242.jpg,unripe
33.50235509940998,9.457281363940684,0,172,35.0,32.0,36.0,75.78677673657593,29.082330589250745,0,226,75.0,55.0,96.0,121.11064835473582,48.308293244670566,0,255,119.0,100.0,142.0,IMG20200713150242.jpg,unripe
28.5543077660436,15.226182559745581,0,174,34.0,27.0,35.0,62.86149536417274,39.717651075180264,0,217,64.0,35.0,95.0,109.1144082502851,66.33097912757057,0,255,116.0,85.0,144.0,IMG20200713150242.jpg,unripe
32.64401997503121,9.57195383804095,0,172,34.0,31.0,36.0,73.21467332501041,27.874731065389202,0,204,74.0,55.0,92.0,119.28467748647525,48.20202844619227,0,255,115.0,98.0,140.0,IMG20200713150301.jpg,unripe
33.06833957553059,5.873149198909688,0,165,34.0,31.0,36.0,87.24154806491885,19.84382758107665,48,195,86.0,72.0,100.0,80.84510195588847,27.230226985718,0,162,83.0,68.0,96.0,IMG20200713150301.jpg,unripe
27.23552226383687,15.209612460627646,0,172,32.0,24.0,35.0,59.185593008739076,37.586310988337374,0,212,64.0,31.0,88.0,104.77245942571786,62.833278413116055,0,255,111.0,83.0,137.0,IMG20200713150301.jpg,unripe
33.04263836870579,5.905952169198596,0,170,34.0,31.0,36.0,76.15821889305036,27.224891039730586,27,226,74.0,55.0,94.0,135.296379525593,50.17678923884576,0,255,132.0,111.0,164.0,IMG20200713150301.jpg,unripe
31.680016645859343,12.392036936762521,0,174,34.0,30.0,36.0,68.34035788597586,31.583905176619105,0,202,70.0,49.0,90.0,120.23723678734915,51.76780514592455,0,255,116.0,99.0,143.0,IMG20200713150301.jpg,unripe
38.604561306901616,10.862073618393298,0,165,39.0,37.0,40.0,71.99688876651982,25.083501143195623,0,208,70.0,57.0,86.0,112.69330029368575,49.47885851987339,0,255,117.0,95.0,138.0,IMG20200713150319.jpg,unripe
38.80327643171806,9.11855460532272,0,120,39.0,37.0,40.0,74.40353340675478,23.509845790979234,0,210,71.0,58.0,87.0,110.5811949339207,47.6136951452588,0,255,115.0,93.0,136.0,IMG20200713150319.jpg,unripe
38.63037812041116,8.361979681205273,0,120,39.0,37.0,40.0,75.56098568281938,23.924081610238122,30,214,71.0,58.0,88.0,109.58895007342144,47.34977480186703,0,255,115.0,92.0,136.0,IMG20200713150319.jpg,unripe
23.236334434654918,22.071682950158646,0,165,34.0,0.0,38.0,38.768566446402346,38.005439914655,0,174,42.0,0.0,69.0,66.402890969163,68.78659288396997,0,255,52.0,0.0,122.0,IMG20200713150319.jpg,unripe
45.677707415565344,16.796881116107183,0,179,40.0,38.0,47.0,37.706919970631425,18.22683007655758,8,159,35.0,26.0,44.0,152.87118208516887,67.36260694308096,0,255,164.0,105.0,209.0,IMG20200713150319.jpg,unripe
59.66505080018594,26.49748154922374,0,174,47.0,40.0,78.0,27.420109474163528,9.592266562829789,4,111,27.0,21.0,33.0,145.83793270279756,62.166051219188105,0,255,144.0,91.0,201.0,IMG20200713150330.jpg,unripe
37.91275269653648,3.07842986706453,0,90,38.0,37.0,39.0,45.09905799094988,15.488819769763342,16,141,42.0,33.0,56.0,155.37425175263013,55.062985435067056,0,255,158.0,126.0,194.0,IMG20200713150330.jpg,unripe
36.402255888742374,14.372789704327122,0,165,38.0,37.0,39.0,61.92869000977109,28.90827885647691,0,154,66.0,49.0,80.0,122.35034578277822,56.33459085462124,0,255,122.0,99.0,147.0,IMG20200713150330.jpg,unripe
30.77762704789732,17.781827664235912,0,165,38.0,34.0,39.0,52.9859884454479,34.35029879051914,0,142,59.0,32.0,77.0,101.36931877472418,68.99190768537832,0,255,112.0,40.0,142.0,IMG20200713150330.jpg,unripe
37.69076869076869,2.8509083861287308,0,75,38.0,37.0,39.0,72.01862199159497,19.692415910481845,30,189,70.0,58.0,86.0,118.85397436748788,44.87943316140126,0,255,118.0,98.0,141.0,IMG20200713150330.jpg,unripe
32.43635920407106,16.75050613734279,0,165,38.0,34.0,39.0,56.30295273791023,33.74101730249576,0,207,61.0,36.0,80.0,103.98035570994708,62.09421602656788,0,255,114.0,78.0,138.0,IMG20200713150335.jpg,unripe
37.555474296858335,4.869456912200521,0,120,38.0,37.0,39.0,66.41769001838477,19.383530633641907,30,196,64.0,52.0,78.0,114.85211932839687,43.36687542817,0,250,117.0,97.0,138.0,IMG20200713150335.jpg,unripe
37.53382901138637,4.828675525159593,0,114,38.0,37.0,39.0,72.08377771683375,21.317577056079795,32,215,69.0,57.0,85.0,116.46596784187058,44.061669614854615,0,255,118.0,98.0,140.0,IMG20200713150335.jpg,unripe
42.98656184294725,12.715845730497195,0,179,39.0,38.0,44.0,42.513036942235225,18.411308005587465,8,188,40.0,30.0,52.0,161.78148520583844,62.6105875064931,0,255,174.0,117.0,213.0,IMG20200713150335.jpg,unripe
37.36405927821962,11.275720891357283,0,165,38.0,37.0,39.0,66.17091751226498,25.268164295720272,0,205,66.0,53.0,82.0,119.92990421631065,48.34901402673517,0,255,120.0,100.0,143.0,IMG20200713150335.jpg,unripe
34.26572657181731,3.6164359733720164,0,120,35.0,33.0,36.0,74.1119295180824,22.040325171023916,0,207,74.0,58.0,89.0,142.76887608553238,52.68897818386702,0,255,138.0,112.0,172.0,IMG20200713150343.jpg,unripe
34.23040162598895,3.0604089217234116,0,120,35.0,33.0,36.0,71.79898543664858,18.57456152626598,32,190,71.0,58.0,84.0,125.08806880217695,44.281478804874624,0,228,123.0,100.0,151.0,IMG20200713150343.jpg,unripe
34.23045201820839,3.037364982501098,0,114,35.0,33.0,36.0,118.40524583004384,20.92839044080876,74,252,118.0,102.0,132.0,88.78617741420724,28.4535097072519,0,255,92.0,71.0,108.0,IMG20200713150343.jpg,unripe
34.21828229721331,3.025308899424605,0,114,35.0,33.0,36.0,75.09686224446945,21.66332572773934,30,214,74.0,59.0,90.0,141.67111517981624,52.8288681192904,0,255,137.0,111.0,171.0,IMG20200713150343.jpg,unripe
31.34976399643895,13.09278115865694,0,165,34.0,32.0,35.0,64.71508239127878,32.332560846814374,0,214,69.0,48.0,87.0,135.59511531419548,67.48513644249408,0,255,137.0,106.0,176.0,IMG20200713150343.jpg,unripe
38.64217311517881,11.973032564771783,0,165,36.0,35.0,38.0,112.18523601708637,32.70431151526589,56,239,108.0,89.0,128.0,97.24483013863401,41.53797895526904,0,188,103.0,79.0,126.0,IMG20200713150353.jpg,unripe
44.490230851080234,17.680227940415417,0,179,38.0,36.0,43.0,64.40626397520317,30.141946270961263,10,199,59.0,45.0,74.0,144.20337872222308,74.12170858956964,0,255,158.0,83.0,207.0,IMG20200713150353.jpg,unripe
34.495666723210014,14.992303777271536,0,165,36.0,34.0,37.0,67.72351072524557,33.88630703751735,0,199,71.0,48.0,88.0,134.33128749209678,67.46177823304885,0,255,136.0,104.0,176.0,IMG20200713150353.jpg,unripe
36.27494718337009,13.150676609896255,0,165,36.0,34.0,38.0,74.31253566086326,34.39234403602281,0,203,75.0,55.0,92.0,131.67875152281525,65.69827794272766,0,255,132.0,101.0,171.0,IMG20200713150353.jpg,unripe
35.62450074791432,16.22904329883749,0,165,36.0,34.0,38.0,69.43309636529061,38.03093930701496,0,183,72.0,44.0,92.0,129.2907767514303,72.3481471813004,0,255,131.0,96.0,176.0,IMG20200713150353.jpg,unripe
26.83153141382633,19.427924402244727,0,165,38.0,0.0,39.0,51.006630628276525,40.193769148647405,0,147,59.0,0.0,84.0,85.31568159918996,70.25920351249968,0,255,101.0,0.0,134.0,IMG20200713150357.jpg,unripe
36.17049370416946,11.43656630137494,0,150,38.0,36.0,39.0,69.63137136417828,29.457659499170838,0,146,72.0,53.0,90.0,126.93597197497999,54.804227908209015,0,255,127.0,101.0,155.0,IMG20200713150357.jpg,unripe
37.26137904002874,3.928484125610395,0,165,38.0,36.0,39.0,76.05978180986754,22.519283315157224,0,158,76.0,59.0,92.0,125.95398572618446,47.66992409396746,0,255,125.0,100.0,151.0,IMG20200713150357.jpg,unripe
37.18271790432951,3.3955380469448087,0,75,38.0,36.0,39.0,88.10538779376459,18.017012629090452,50,156,88.0,74.0,101.0,85.75588345772566,28.11176316247624,0,158,88.0,74.0,103.0,IMG20200713150357.jpg,unripe
37.17300877006745,3.3728855989174025,0,80,38.0,36.0,39.0,120.32389639235028,26.485658232810835,64,220,119.0,100.0,140.0,103.94782871421339,33.79635374991166,0,245,107.0,90.0,124.0,IMG20200713150357.jpg,unripe
33.95953424394613,11.22051869562421,0,165,35.0,35.0,36.0,62.75964727082734,26.978764199312394,0,211,66.0,48.0,79.0,145.10028469978568,53.6105598336498,0,255,151.0,129.0,172.0,IMG20200713150406.jpg,unripe
51.160583474616935,25.282521776738093,0,179,40.0,36.0,54.0,42.45256603009074,18.498703975468228,6,178,42.0,32.0,52.0,136.4977554567459,62.15188527056086,0,255,137.0,85.0,185.0,IMG20200713150406.jpg,unripe
26.657315291683993,17.57066123448562,0,165,35.0,0.0,35.0,48.04689549278654,35.13057829376436,0,214,54.0,0.0,76.0,110.66710384611284,76.8386368902273,0,255,137.0,0.0,165.0,IMG20200713150406.jpg,unripe
37.264184340445496,7.120221381987262,0,165,36.0,35.0,38.0,38.69440090421505,16.40530194302286,10,157,38.0,28.0,45.0,177.37123999019013,62.96533852769107,0,255,196.0,142.0,228.0,IMG20200713150406.jpg,unripe
34.69051960376614,13.517242329510175,0,165,35.0,35.0,36.0,62.51464551144664,28.06061353557507,0,213,66.0,48.0,80.0,145.4354307283836,54.51610634740853,0,255,151.0,128.0,173.0,IMG20200713150406.jpg,unripe
34.12522699133306,17.760599341820264,0,165,37.0,35.0,39.0,62.00849153941395,37.48448984673509,0,210,64.0,38.0,86.0,116.21982047049113,72.2349594714348,0,255,120.0,79.0,157.0,IMG20200713150430.jpg,unripe
40.21026619892695,14.299405158186193,0,165,38.0,35.0,39.0,83.58915600495254,34.71987088996412,30,230,76.0,60.0,97.0,112.63965125877012,61.03086350568718,0,255,117.0,79.0,148.0,IMG20200713150430.jpg,unripe
40.259059017746594,14.35490958095551,0,165,38.0,35.0,39.0,83.26512587701197,34.1420784985332,29,230,76.0,60.0,97.0,112.5401155592241,60.961579345697466,0,255,117.0,79.0,148.0,IMG20200713150430.jpg,unripe
34.99051795295089,16.558340028348724,0,170,37.0,35.0,39.0,64.94640940982254,36.16863585011037,0,229,67.0,46.0,86.0,120.5234110606686,68.59393687960808,0,255,123.0,89.0,157.0,IMG20200713150430.jpg,unripe
39.27200784151878,13.76805236641862,0,170,38.0,35.0,39.0,119.53098431696245,38.421540099861105,59,255,110.0,93.0,135.0,91.38966157655798,44.344172491254916,0,255,95.0,71.0,117.0,IMG20200713150430.jpg,unripe
36.736985607135615,12.00842499348855,0,165,38.0,37.0,39.0,66.32667747820798,29.600995688007536,0,223,68.0,49.0,85.0,130.63645854449624,57.63573266205036,0,255,129.0,104.0,156.0,IMG20200713150444.jpg,unripe
37.183387391039936,4.021051148730216,0,90,38.0,37.0,39.0,122.8292418406649,23.64384064527267,80,255,121.0,105.0,137.0,77.59712142712345,30.446729688053495,0,255,80.0,61.0,98.0,IMG20200713150444.jpg,unripe
37.33177579566187,3.859737991820656,0,120,38.0,37.0,39.0,73.85395296979526,24.257161384933543,30,229,72.0,56.0,88.0,125.64416176768701,52.96855419492485,0,255,126.0,100.0,151.0,IMG20200713150444.jpg,unripe
29.12192377863369,17.89925870481528,0,165,38.0,26.0,39.0,51.50252381917697,37.74400343058835,0,219,56.0,2.0,80.0,102.33414757753903,76.1768376445314,0,255,116.0,12.0,148.0,IMG20200713150444.jpg,unripe
57.78476586255828,27.128773054053138,0,179,44.0,39.0,77.0,34.53313399554024,15.731053101242745,5,166,33.0,24.0,43.0,150.97243056963308,62.2729485387972,0,255,155.0,99.0,203.0,IMG20200713150444.jpg,unripe
33.83557237245577,4.154341567951707,0,82,35.0,33.0,36.0,70.49527313963041,22.33276261736293,30,151,69.0,52.0,86.0,125.48556485113572,49.3760793717763,0,255,129.0,97.0,157.0,IMG20200713150450.jpg,unripe
51.59031948253318,28.566655551356316,0,178,38.0,34.0,63.0,34.53856122933083,13.663313585871427,10,96,32.0,24.0,44.0,139.9399798660048,63.52283778461977,0,255,142.0,85.0,193.0,IMG20200713150450.jpg,unripe
28.75678365212159,16.522567316785654,0,165,35.0,27.0,36.0,50.452633040580416,33.7264750617467,0,142,52.0,26.0,76.0,112.76654979692435,74.74929057610207,0,255,123.0,49.0,161.0,IMG20200713150450.jpg,unripe
33.812742273290056,4.358739142812525,0,165,35.0,33.0,36.0,69.74863748394488,22.183022066706435,0,144,68.0,52.0,86.0,126.16684602122169,49.38888655435292,0,255,130.0,98.0,158.0,IMG20200713150450.jpg,unripe
33.8509158653568,4.172944599964664,0,90,35.0,33.0,36.0,67.457990534708,21.85616999056953,28,146,66.0,50.0,82.0,128.97325881440852,51.36280565235687,0,255,132.0,99.0,162.0,IMG20200713150450.jpg,unripe
34.55185904524714,21.372581661795362,0,172,39.0,35.0,40.0,54.85481697627522,40.321698735927875,0,224,53.0,32.0,74.0,104.87628358222825,75.68243299723248,0,255,118.0,16.0,154.0,IMG20200713150506.jpg,unripe
51.761302493285875,19.60070960836309,0,176,43.0,39.0,60.0,37.99202668921745,24.108793081475422,8,158,29.0,24.0,42.0,130.68634593760746,68.19740613984561,0,255,131.0,85.0,185.0,IMG20200713150506.jpg,unripe
37.555408934196954,13.856751802689203,0,172,39.0,37.0,40.0,62.67518516109247,33.85385754898545,0,222,59.0,44.0,78.0,124.86437008056947,63.9340078176227,0,255,127.0,95.0,163.0,IMG20200713150506.jpg,unripe
41.37504297967642,12.972691290596503,0,165,39.0,38.0,40.0,75.04553522474886,34.2684888790044,30,226,64.0,51.0,89.0,116.55674711223038,58.482064129802204,0,255,123.0,87.0,153.0,IMG20200713150506.jpg,unripe
41.50637028501333,13.513573767070216,0,165,39.0,38.0,40.0,72.89819624752576,33.224531699314774,0,225,64.0,50.0,88.0,118.77821557676403,59.29299390341099,0,255,124.0,91.0,155.0,IMG20200713150506.jpg,unripe
37.88549690517975,6.866857804539519,6,114,37.0,36.0,39.0,69.81311279017224,23.571154562705576,31,223,66.0,53.0,81.0,137.76568690297293,55.67310216333442,2,255,142.0,113.0,169.0,IMG20200713150510.jpg,unripe
37.88208156874284,6.917906973413963,8,120,37.0,36.0,39.0,58.08887230845217,19.549120501691565,26,186,55.0,44.0,68.0,137.15445727676837,55.61368626828536,1,255,141.0,113.0,168.0,IMG20200713150510.jpg,unripe
35.551571580197354,13.324356031343436,0,172,37.0,36.0,39.0,59.029991908279825,29.09137210530219,0,212,61.0,44.0,76.0,140.0453241416997,62.39743740739849,0,255,144.0,116.0,174.0,IMG20200713150510.jpg,unripe
37.7565232925945,6.539673163792736,0,120,37.0,36.0,39.0,68.66773505396232,23.050984710431745,0,222,66.0,53.0,80.0,138.65879212686136,55.39442989348624,0,255,142.0,114.0,170.0,IMG20200713150510.jpg,unripe
37.20585546296199,11.214871019063615,0,170,37.0,36.0,39.0,63.29055580659738,25.405425685218066,0,211,64.0,49.0,78.0,143.42504650111917,57.517082953078216,0,255,145.0,118.0,175.0,IMG20200713150510.jpg,unripe
35.88883962806749,11.225044622990275,0,165,36.0,34.0,38.0,68.1860980636503,27.13874911090077,0,212,68.0,52.0,86.0,138.73036090874234,55.47293132208916,0,255,134.0,111.0,169.0,IMG20200713150521.jpg,unripe
33.03412576687116,14.107400544310716,0,165,35.0,34.0,37.0,62.90151696702454,32.929557408956036,0,215,66.0,42.0,87.0,128.63664685582822,65.83131220762111,0,255,132.0,105.0,165.0,IMG20200713150521.jpg,unripe
35.71697661042945,4.71560717813751,0,150,36.0,35.0,38.0,55.335182611196316,19.791521176927073,21,172,53.0,40.0,68.0,148.00520034509202,56.67767945105384,0,255,147.0,119.0,188.0,IMG20200713150521.jpg,unripe
35.683054543711656,4.708653033333524,0,165,36.0,34.0,38.0,62.784581096625764,19.903093087331968,26,179,61.0,48.0,76.0,128.64356067868098,50.50953729674456,0,245,128.0,105.0,157.0,IMG20200713150521.jpg,unripe
35.658107266104295,4.689061312862017,0,165,36.0,35.0,38.0,73.65030674846626,24.211961756994477,29,215,71.0,56.0,90.0,134.34527175996934,53.50485118020523,0,255,132.0,109.0,164.0,IMG20200713150521.jpg,unripe
37.57575379885541,4.053057013713293,0,172,38.0,37.0,39.0,70.76878654742987,20.50678206271139,30,218,69.0,57.0,83.0,129.85723781925446,46.60903396903573,0,255,130.0,109.0,156.0,IMG20200713150538.jpg,unripe
31.028760165768237,17.620895795148723,0,165,38.0,35.0,39.0,52.51454626657942,34.72518245889571,0,218,58.0,27.0,80.0,109.09883775278098,70.90387845128214,0,255,121.0,53.0,151.0,IMG20200713150538.jpg,unripe
36.906168531039995,13.214186984191217,0,170,38.0,37.0,39.0,63.285576293895865,27.07040511436811,0,217,66.0,52.0,80.0,134.4882373103169,53.58909101035443,0,255,133.0,111.0,162.0,IMG20200713150538.jpg,unripe
37.02754494749634,13.025657232925461,0,170,38.0,37.0,39.0,63.54741947880638,26.766672060335193,0,216,66.0,52.0,80.0,134.61568981813272,53.0496962108576,0,255,133.0,112.0,161.0,IMG20200713150538.jpg,unripe
45.44206940246575,15.367724586417205,0,179,40.0,38.0,46.0,47.31268500919204,18.837938081221804,10,210,47.0,36.0,58.0,160.51698708960416,61.97560087057471,0,255,170.0,110.0,213.0,IMG20200713150538.jpg,unripe
37.4402059245506,3.2994184637803143,0,165,37.0,37.0,38.0,66.80113300700481,18.636773681603117,31,209,66.0,54.0,78.0,138.06962612878723,51.29503886116471,0,255,139.0,109.0,170.0,IMG20200713150542.jpg,unripe
36.70247489239598,13.394830726952533,0,170,37.0,37.0,38.0,58.99067431850789,24.270634847161006,0,208,63.0,48.0,74.0,141.10406996371003,58.317881993951424,0,255,143.0,111.0,176.0,IMG20200713150542.jpg,unripe
37.442843277913745,3.2999223887784246,0,165,38.0,37.0,38.0,102.28890623681323,17.9299280346749,68,239,102.0,90.0,112.0,83.73505148113765,28.270590985090234,0,151,84.0,68.0,105.0,IMG20200713150542.jpg,unripe
26.59285593720989,20.062347614830724,0,165,37.0,0.0,38.0,41.08412102287113,33.239993957217294,0,207,46.0,0.0,70.0,98.20748586378598,79.69665389195117,0,255,117.0,0.0,157.0,IMG20200713150542.jpg,unripe
36.91423326863026,10.566438346953293,0,165,37.0,37.0,38.0,60.81537471516584,22.536105789373284,0,204,64.0,50.0,75.0,142.23001941092076,56.00865367991364,0,255,143.0,114.0,175.0,IMG20200713150542.jpg,unripe
31.67696379105659,15.463032770811358,0,165,36.0,35.0,37.0,52.71546052631579,29.567828051268755,0,122,56.0,40.0,74.0,145.12542045904235,73.86841837284673,0,255,150.0,122.0,189.0,IMG20200714165830.jpg,unripe
35.10857736446379,3.6006444585199,0,75,36.0,35.0,37.0,64.72467352592007,18.978607071057706,29,212,63.0,50.0,77.0,152.86703601108033,54.362290118255274,0,255,148.0,123.0,183.0,IMG20200714165830.jpg,unripe
35.32395132568263,12.204865534575175,0,170,36.0,35.0,37.0,59.06444153146023,24.41903642789823,0,197,60.0,45.0,75.0,157.75835971507718,59.04778725422745,0,255,153.0,127.0,194.0,IMG20200714165830.jpg,unripe
35.133025821131774,3.6363092375264414,0,75,36.0,35.0,37.0,63.443707954095764,19.0340779615158,29,213,61.0,48.0,76.0,157.4623565492679,53.890171794249746,0,255,154.0,127.0,191.0,IMG20200714165830.jpg,unripe
35.08999060150376,3.5769878992874586,0,75,36.0,35.0,37.0,106.48371339533043,19.37398610088916,70,254,104.0,91.0,119.0,93.15715275029679,29.265285347654398,0,255,96.0,74.0,115.0,IMG20200714165830.jpg,unripe
44.26709063702437,15.423193929545354,0,165,43.0,41.0,45.0,71.61884352287302,27.796847952245603,0,226,71.0,57.0,89.0,90.6633817870885,46.51033510236118,0,255,90.0,70.0,110.0,IMG20200714170119.jpg,unripe
44.8090316374519,12.229414638014436,0,177,43.0,41.0,45.0,107.08774048738778,27.616860168488195,56,255,102.0,88.0,122.0,70.72338606241983,33.68888497464274,0,255,74.0,55.0,89.0,IMG20200714170119.jpg,unripe
44.96612868747328,12.511454205578662,0,177,43.0,41.0,45.0,78.41988029072253,25.312946257032333,32,232,74.0,61.0,92.0,85.0980012825994,39.831964336731055,0,255,87.0,67.0,107.0,IMG20200714170119.jpg,unripe
41.85355921333903,14.219928109453601,0,176,43.0,41.0,44.0,69.70987601539119,29.507817544209132,0,230,70.0,56.0,87.0,88.43549593843522,47.95210449770425,0,255,88.0,67.0,110.0,IMG20200714170119.jpg,unripe
36.40553655408294,22.416934010721754,0,177,42.0,37.0,44.0,57.89519025224455,38.6695671509063,0,232,63.0,34.0,84.0,71.8467079948696,52.454929195463144,0,255,80.0,17.0,102.0,IMG20200714170119.jpg,unripe
