HSV_H_Mean,HSV_H_Std,HSV_H_Min,HSV_H_Max,HSV_H_Median,HSV_H_Q25,HSV_H_Q75,HSV_S_Mean,HSV_S_Std,HSV_S_Min,HSV_S_Max,HSV_S_Median,HSV_S_Q25,HSV_S_Q75,HSV_V_Mean,HSV_V_Std,HSV_V_Min,HSV_V_Max,HSV_V_Median,HSV_V_Q25,HSV_V_Q75,Image_Name,Label
24.798317858940656,2.283228996427269,13,40,24.0,23.0,25.0,184.78454471726607,51.35673826650059,18,255,189.0,165.0,220.0,148.20539459701325,46.711101408349286,52,255,151.0,113.0,184.0,image_0_1014.jpg,overripe
25.442610877407596,1.6923577901706277,13,36,25.0,24.0,26.0,205.71006478511066,40.23199202927477,15,255,208.0,187.0,237.0,134.005816929011,41.63950379906755,52,255,132.0,101.0,162.0,image_0_107.jpg,overripe
23.60206863875703,2.151829584548265,15,39,23.0,23.0,24.0,192.1900573032603,50.78917994592189,17,255,201.0,173.0,227.0,156.55256076738095,51.211001450060856,52,255,162.0,116.0,195.0,image_0_1113.jpg,overripe
23.58892516968003,2.102684708467131,13,39,23.0,23.0,24.0,190.67401471510865,40.91554864847795,18,255,193.0,169.0,218.0,155.0857953573262,46.30748276753367,52,255,157.0,121.0,191.0,image_0_1156.jpg,overripe
21.834469328140216,4.026612821264097,8,37,21.0,19.0,23.0,157.55670056619422,49.098331992301176,26,255,164.0,123.0,190.0,126.07969995311767,44.69289720030876,52,253,114.0,89.0,163.0,image_0_116.jpg,overripe
21.95564466123765,1.5914484076399424,14,35,22.0,21.0,23.0,185.68057679853388,39.6778313296457,28,255,187.0,164.0,210.0,156.15573284830447,48.92841733145882,52,255,158.0,116.0,197.0,image_0_1338.jpg,overripe
25.527009523809525,3.2938474968013365,13,40,25.0,23.0,28.0,184.49884444444444,45.204009476359126,20,255,186.0,165.0,214.0,133.95418412698413,36.183970147218155,52,229,132.0,106.0,163.0,image_0_1358.jpg,overripe
22.094050635519025,2.7116394148188228,8,37,22.0,21.0,23.0,171.36291535339802,55.973421066211515,20,255,176.0,133.0,213.0,142.39262097521785,49.27445318983696,52,255,138.0,104.0,177.0,image_0_1390.jpg,overripe
21.324523970994836,1.2208562242328431,13,32,21.0,21.0,22.0,190.19056810475246,58.66092390742555,15,255,206.0,153.0,243.0,140.90540977620117,44.306136787763236,52,246,138.0,104.0,178.0,image_0_1450.jpg,overripe
24.005341440372085,2.920004163793562,8,40,23.0,23.0,25.0,165.23869334560695,68.92340325302253,7,255,179.0,102.0,222.0,137.8984157360529,53.621841806422005,51,255,127.0,94.0,180.0,image_0_1519.jpg,overripe
21.875953970394907,2.2917218263121306,11,36,22.0,21.0,22.0,181.64750473783954,52.577953369218974,16,255,188.0,150.0,220.0,147.21416742073723,47.94581460892599,52,255,146.0,111.0,180.0,image_0_1524.jpg,overripe
21.33246937630006,1.2174876637659526,13,36,21.0,21.0,22.0,198.6210833030673,50.07166330915399,9,255,211.0,172.0,237.0,137.65101363621355,38.791371002726684,52,255,136.0,109.0,162.0,image_0_1538.jpg,overripe
21.143849744870263,1.3248362758558667,15,35,21.0,21.0,22.0,161.33882193995103,33.79159984438547,49,255,164.0,143.0,182.0,166.3410294454698,50.63685154098831,52,255,172.0,122.0,208.0,image_0_1542.jpg,overripe
24.825884640503475,2.132823910768076,13,40,24.0,24.0,25.0,188.8938654040254,49.20860039822533,18,255,191.0,167.0,224.0,143.74435967464228,44.06082457631201,52,253,144.0,110.0,177.0,image_0_1550.jpg,overripe
22.43855696186598,1.5169771957569718,13,35,22.0,22.0,23.0,183.81641669866005,40.92001175868581,23,255,185.0,158.0,211.0,155.56974453542455,47.809523451056116,52,255,159.0,121.0,190.0,image_0_156.jpg,overripe
23.518978333069747,3.651720428891661,8,36,22.0,21.0,24.0,194.31530721176657,40.17124071190999,25,255,193.0,175.0,222.0,144.13109876640834,46.11525494736767,52,247,145.0,105.0,182.0,image_0_1585.jpg,overripe
24.448990384615385,1.620131446443065,11,38,24.0,24.0,25.0,207.62760817307694,43.03570202571897,13,255,212.0,186.0,245.0,140.79036057692306,42.18018034352499,52,254,138.0,109.0,173.0,image_0_1589.jpg,overripe
21.32251965575312,1.2411536891329369,8,36,21.0,21.0,22.0,189.61986135074542,59.68141539196524,8,255,206.0,151.0,243.0,139.91199595003667,43.30155094281248,52,244,137.0,105.0,176.0,image_0_1592.jpg,overripe
22.321722752385735,1.6913232977123431,3,35,22.0,21.0,23.0,203.5198476477482,36.29052621777194,28,255,203.0,186.0,229.0,140.37410011719405,34.3565764705271,52,226,142.0,114.0,168.0,image_0_1787.jpg,overripe
21.919152816590675,1.0330812832579293,14,32,22.0,22.0,22.0,181.99454625680247,27.619134070694585,33,255,183.0,167.0,198.0,152.71917046624503,33.31260723439794,53,224,158.0,135.0,177.0,image_0_1788.jpg,overripe
25.50249147872403,1.8136555886650056,8,35,25.0,24.0,27.0,193.5514249583358,40.1179901126598,19,255,190.0,171.0,221.0,139.0631537514551,37.00055088912606,52,233,139.0,112.0,167.0,image_0_1796.jpg,overripe
23.8491371115946,2.0630087484125905,13,42,23.0,23.0,24.0,184.70196024587568,54.002698694989704,9,255,189.0,162.0,224.0,154.44282968251622,54.006086996175036,52,255,156.0,108.0,203.0,image_0_1830.jpg,overripe
22.217062357195818,1.4847581600594182,12,35,22.0,22.0,23.0,197.43771846202733,41.90360349305937,25,255,200.0,176.0,227.0,158.65235220239987,47.32702908990684,52,255,161.0,124.0,197.0,image_0_1839.jpg,overripe
21.881142710735332,2.278985048402869,11,36,22.0,21.0,23.0,181.9793235972329,52.81833994237138,16,255,189.0,150.0,220.0,147.31941241779828,47.96500880844079,52,255,146.0,111.0,180.0,image_0_1856.jpg,overripe
24.582164578576773,1.86306914880138,8,35,24.0,23.0,25.0,197.4677864968055,39.208141443239704,24,255,201.0,173.0,227.0,134.27138773239193,37.86941378655996,52,254,132.0,106.0,159.0,image_0_1863.jpg,overripe
23.595585165445257,2.1520921980767143,11,39,23.0,23.0,24.0,192.72504552520542,51.58446058788385,9,255,199.0,172.0,231.0,155.92257606040417,51.161881801177344,52,255,160.0,115.0,195.0,image_0_1886.jpg,overripe
21.45474080895974,1.1631370172441255,11,36,21.0,21.0,22.0,189.85831030942023,56.561389206558076,9,255,201.0,157.0,239.0,142.26807244857991,45.74797029264567,52,254,138.0,105.5,179.0,image_0_1895.jpg,overripe
21.241362170165512,1.22819895048361,6,36,21.0,21.0,22.0,189.66665961609644,55.8443964051074,21,255,204.0,156.0,234.0,140.08225900269684,43.716944491551615,52,245,139.0,104.0,176.0,image_0_1912.jpg,overripe
24.796072251353298,2.3126509758071303,13,39,24.0,23.0,25.0,184.13602956765084,50.86293410722742,14,255,187.0,164.0,218.0,150.34578039093748,47.881265195204556,52,255,152.0,115.0,187.0,image_0_1934.jpg,overripe
25.596549025547812,3.1957918638380463,6,38,25.0,24.0,27.0,157.32900383722105,55.08574090261424,21,255,165.0,119.0,193.0,127.96971877208927,44.184820910705476,52,240,127.0,90.0,160.0,image_0_1952.jpg,overripe
25.124520133954096,4.378583062051252,0,43,24.0,23.0,26.0,136.91427754635302,50.82010675284348,15,255,142.0,97.0,173.0,115.16297067712162,48.965095979229986,52,255,105.0,74.0,141.0,image_0_2070.jpg,overripe
26.224003975065497,1.890934436244181,13,35,26.0,25.0,28.0,200.11540337880567,39.437229095512606,22,255,197.0,176.0,234.0,138.8862769897913,39.072225855085655,52,229,143.0,109.0,169.0,image_0_2095.jpg,overripe
24.485771514862254,4.268625144129079,0,120,23.0,23.0,24.0,163.4070512569734,54.857326420307274,0,255,179.0,149.0,198.0,152.85354479801575,47.61282275121678,52,255,155.0,115.0,193.0,image_0_2116.jpg,overripe
21.92214995949896,1.0572754902762729,13,30,22.0,22.0,22.0,182.28356596973575,29.455193115791516,35,255,182.0,167.0,199.0,152.49453529460104,33.35215280299237,54,223,158.0,134.0,177.0,image_0_214.jpg,overripe
22.064618687384993,2.6873103919116565,13,37,22.0,21.0,23.0,170.5172766305459,56.035407158994424,18,255,178.0,132.0,211.0,142.12776528317318,48.01132912432551,52,255,137.0,105.0,177.0,image_0_2154.jpg,overripe
22.694727661446557,4.518842073846377,11,36,21.0,20.0,24.0,176.49005503114316,49.701652273900535,21,255,181.0,149.0,210.0,130.90599167972337,46.04702886042641,52,249,122.0,92.0,171.0,image_0_2156.jpg,overripe
22.63741550346765,1.7384014604359066,14,40,22.0,22.0,23.0,183.72593275392853,40.268627541798864,21,255,185.0,160.0,209.0,150.05743130541654,46.92579799871089,52,255,149.0,115.0,184.0,image_0_216.jpg,overripe
21.301000992720052,1.1581119776366793,0,36,21.0,21.0,22.0,198.28190767703506,49.21466945815036,16,255,211.0,175.0,235.0,138.4666032428855,39.214546429842954,52,255,138.0,110.0,162.0,image_0_2168.jpg,overripe
24.527353805782997,2.387122902917022,13,38,24.0,23.0,26.0,190.27535666240388,46.72513562368684,27,255,194.0,160.0,228.0,149.36250020760326,44.794141673726045,52,255,152.0,116.0,184.0,image_0_2178.jpg,overripe
26.452433506235515,2.273038346899306,13,60,26.0,25.0,28.0,185.28942721553912,37.75729921316324,6,255,188.0,167.0,208.0,123.31763878159144,40.67617687650586,52,249,118.0,91.0,148.0,image_0_2198.jpg,overripe
24.82629173694266,2.323080335635804,8,43,24.0,24.0,25.0,185.18368803756763,51.58379226307756,19,255,190.0,165.0,221.0,148.50400660652676,46.3925436886685,52,255,150.0,115.0,183.0,image_0_220.jpg,overripe
21.260627599141095,1.1634765674692762,13,35,21.0,21.0,22.0,200.67017748905982,44.39593497601593,20,255,209.0,180.0,232.0,153.1043189910576,43.106149750729514,52,255,154.0,125.0,181.0,image_0_2210.jpg,overripe
21.247141485253174,1.1058700821295315,13,35,21.0,21.0,22.0,200.7254098643803,43.944396895969945,18,255,208.0,181.0,232.0,154.06423799423806,42.428563552810246,52,255,157.0,125.0,182.0,image_0_2216.jpg,overripe
24.552472303206997,1.4074909996003242,13,32,24.0,24.0,25.0,193.23091545189504,32.284176348260196,34,255,193.0,174.0,213.0,153.162833819242,36.49710326000957,52,244,158.0,129.0,180.0,image_0_2273.jpg,overripe
23.546075085324233,3.6452552402947958,8,39,22.0,21.0,24.0,193.55996370021109,40.75980707994151,20,255,193.0,175.0,220.0,144.43876383436248,45.120363791176004,52,244,146.0,107.0,183.0,image_0_2351.jpg,overripe
25.622005424137413,3.212666004720739,14,39,25.0,24.0,27.0,157.51624730048718,55.685813709829674,22,255,164.0,119.0,195.0,127.37354979659484,44.61682767563934,52,246,125.0,89.0,159.0,image_0_2402.jpg,overripe
23.52997801755722,2.0262806190941007,13,37,23.0,22.0,24.0,190.96745736411833,39.49564983767448,18,255,193.0,170.0,216.0,155.806734098648,47.11368878306971,52,255,159.0,120.0,193.0,image_0_2415.jpg,overripe
25.495786491179967,3.0798835728253047,16,43,25.0,23.0,26.0,166.82033634951102,54.015336774058326,28,255,174.0,146.0,198.0,144.51250342747463,49.97878623144027,52,251,148.0,102.0,187.0,image_0_2457.jpg,overripe
24.80826883595475,4.186969088451827,8,39,25.0,23.0,26.0,163.69564395729,54.69809806652923,23,255,171.0,133.0,197.0,142.02196490082721,50.26643407630551,52,255,142.0,98.0,183.0,image_0_2528.jpg,overripe
21.103385600738573,1.6271157511573993,13,35,21.0,20.0,22.0,171.396917329025,46.24184667861061,24,255,170.0,138.0,204.0,147.92327943106906,42.85483418035519,52,255,143.0,118.0,177.0,image_0_2537.jpg,overripe
21.250663482962366,1.1197997436285316,8,35,21.0,21.0,22.0,206.09172414317544,41.785659437132914,20,255,211.0,186.0,238.0,156.230701961172,41.77128022083855,52,254,158.0,130.0,184.0,image_0_2554.jpg,overripe
23.5752111830539,2.0057269346784428,13,43,23.0,23.0,24.0,192.97492245901404,40.26034199371103,22,255,196.0,169.0,221.0,153.99241742063663,46.293917090006005,52,255,154.0,118.0,190.0,image_0_26.jpg,overripe
21.632536401484494,1.1972600148081847,11,34,22.0,21.0,22.0,172.42499872403408,49.87536509138693,22,255,177.0,145.0,207.0,149.2782116061859,41.35216435378671,53,244,150.0,120.0,180.0,image_0_2600.jpg,overripe
25.722366942263964,3.3184403165297436,16,40,25.0,23.0,28.0,183.4135876146749,43.90867736617408,22,255,186.0,162.0,212.0,131.43141286449847,34.17883575037498,52,227,130.0,106.0,159.0,image_0_2670.jpg,overripe
23.507325753830944,3.6509847013287717,13,36,22.0,21.0,24.0,194.1939001482946,40.01038792899026,24,255,193.0,175.0,222.0,144.00815620365793,46.019361511446746,52,247,145.0,105.0,182.0,image_0_2678.jpg,overripe
25.277388782047876,3.3589688426592357,13,43,25.0,23.0,27.0,141.52169108662622,52.53459211062176,15,255,152.0,105.0,177.0,126.53420742267603,41.82694748495983,52,235,125.0,92.0,160.0,image_0_2722.jpg,overripe
21.948558153001922,1.5682671122299245,14,38,22.0,21.0,23.0,184.927014897592,39.316659601554534,29,255,186.0,165.0,207.0,155.9971873125737,48.32401015878541,53,255,159.0,116.0,197.0,image_0_2777.jpg,overripe
21.579367644934763,1.6747169581619845,8,30,21.0,21.0,22.0,201.93965321576692,35.57818068168032,22,255,205.0,186.0,225.0,143.63719711402888,31.345083254391618,52,228,144.0,124.0,167.0,image_0_281.jpg,overripe
21.252275361961374,1.1324896498821642,13,36,21.0,21.0,22.0,211.97997188170584,40.46601205081672,13,255,218.0,192.0,247.0,149.06067631897,42.509494155587966,52,254,149.0,117.0,175.0,image_0_2832.jpg,overripe
24.567836558647276,1.8620779127267413,0,36,24.0,23.0,25.0,194.8983262719951,41.29897440730454,10,255,200.0,172.0,224.0,134.71206916294514,36.305462483209396,51,242,132.0,107.0,160.0,image_0_2839.jpg,overripe
23.436061275565862,2.5814059059589938,8,36,23.0,22.0,25.0,195.03208624783417,51.3690654463357,12,255,202.0,159.0,245.0,138.03770592495485,44.5738563266596,52,251,132.0,104.0,174.0,image_0_2858.jpg,overripe
25.135060129509714,4.3555483958435985,13,43,24.0,23.0,26.0,138.89147908315346,53.48987858531407,19,255,139.0,95.0,178.0,115.35041628122109,50.640885321993515,52,255,104.0,74.0,139.0,image_0_2876.jpg,overripe
22.08986832479883,1.4149486717529849,6,36,22.0,21.0,23.0,202.67343330894903,55.261785699369206,12,255,217.0,186.0,250.0,155.08124847598145,52.10567715526571,52,255,155.0,112.0,200.0,image_0_2886.jpg,overripe
23.396202192605728,2.5473664698262652,6,36,23.0,22.0,25.0,194.4691843765297,49.363973454345405,17,255,200.0,161.0,241.0,140.31521247217682,45.90900644383619,52,252,136.0,104.0,178.0,image_0_2893.jpg,overripe
21.918170277291267,1.0265127729461332,12,32,22.0,22.0,22.0,181.4648419592585,27.24443605662264,44,255,182.0,167.0,197.0,152.9112585661726,33.10896336684706,54,224,158.0,135.0,177.0,image_0_2965.jpg,overripe
23.537787810383747,2.4085926403753968,14,40,23.0,22.0,24.0,189.6547554552295,50.462542869348894,15,255,198.0,171.0,222.0,157.55982693754703,49.28295518028396,52,255,166.0,119.0,195.0,image_0_299.jpg,overripe
26.45179854119866,2.3258280230025727,13,170,26.0,25.0,28.0,186.71525639958955,38.99422045189001,5,255,186.0,169.0,209.0,122.43379926227917,39.21474207526544,52,244,119.0,90.0,151.0,image_0_301.jpg,overripe
22.17515412376931,4.100040333376224,11,43,21.0,20.0,23.0,171.40430012984226,52.53652950533866,18,255,176.0,138.0,206.0,118.548005848013,40.04965777710351,52,231,110.0,84.0,150.0,image_0_3066.jpg,overripe
21.97762066812638,4.0236548349431125,6,37,21.0,19.0,23.0,158.58187142216477,49.47053918980651,22,255,165.0,124.0,191.0,125.50599273660977,44.730803965901,52,255,115.0,88.0,162.0,image_0_3069.jpg,overripe
25.43965072435007,4.795638366383303,9,43,24.0,22.0,29.0,96.31743070715089,45.421733938044724,15,255,83.0,61.0,126.0,106.01046503935966,42.30271257180532,52,250,93.0,74.0,130.0,image_0_3083.jpg,overripe
25.264294129509537,3.3575913981978074,6,45,25.0,23.0,27.0,141.4816434401435,52.63308119123215,15,255,152.0,106.0,177.0,126.58460787331373,41.83713416723411,52,235,126.0,92.0,160.0,image_0_3102.jpg,overripe
24.83251323169654,2.320446111797578,14,38,24.0,23.0,26.0,215.31469578725105,39.58581963071482,20,255,223.0,188.0,252.0,142.02341242895812,40.715335080411066,52,249,137.0,111.0,174.0,image_0_3153.jpg,overripe
22.662556518462697,2.3663617788884506,15,34,22.0,21.0,24.0,151.76256593820648,50.78480698540483,25,255,158.0,118.0,188.0,136.34228522984174,50.303962033669706,53,255,128.0,94.0,174.0,image_0_3157.jpg,overripe
24.561124377823173,1.8424800416807625,11,36,24.0,23.0,25.0,195.83117069942745,37.81534966976519,19,255,200.0,173.0,222.0,135.10301042475857,36.82382149105296,52,248,133.0,108.0,159.0,image_0_3178.jpg,overripe
21.696250151203582,2.057312182571785,13,35,22.0,20.0,23.0,155.05231643885327,60.91438176280673,14,255,171.0,103.0,198.0,137.46707390831014,45.72013093009876,52,241,136.0,98.0,174.0,image_0_3180.jpg,overripe
25.46302513847465,3.258993738582456,11,40,25.0,23.0,27.0,183.54412441414573,43.90317648175083,23,255,186.0,164.0,212.0,135.8290072432893,35.66329078810255,52,231,134.0,109.0,162.0,image_0_3190.jpg,overripe
22.203088597988998,1.437653769963022,0,35,22.0,22.0,23.0,196.8476266363119,41.18588809374428,22,255,198.0,176.0,225.0,159.02467842914058,46.999502594537404,52,255,162.0,124.0,196.0,image_0_3193.jpg,overripe
21.232197698547445,1.131246830698778,5,33,21.0,21.0,22.0,205.34243350311263,42.61135465971719,14,255,209.0,185.0,239.0,155.55646104508583,42.91134240677319,52,255,156.0,128.0,185.0,image_0_3295.jpg,overripe
23.822541991856124,2.0372736608576005,11,38,23.0,23.0,24.0,185.55075076348828,54.37800078763756,9,255,189.0,162.0,228.0,153.5477180183237,54.23785683824284,51,255,154.0,106.0,202.0,image_0_3299.jpg,overripe
24.567796037712178,1.8439053560987704,13,36,24.0,23.0,25.0,195.4707074411109,36.94991063819071,24,255,199.0,175.0,220.0,135.44822295347737,36.59671553497261,52,237,135.0,107.0,162.0,image_0_3315.jpg,overripe
22.049330340626003,1.4497165934709102,6,36,22.0,21.0,22.0,201.64450090027873,53.65163552503689,13,255,213.0,187.0,247.0,155.77513997484152,51.430563076158094,52,255,157.0,113.0,199.0,image_0_3328.jpg,overripe
24.232869228482596,1.6890950256690236,8,35,24.0,23.0,25.0,194.1740513702207,38.185993208207684,18,255,199.0,171.0,220.0,138.40503257839302,34.20167203609757,52,243,138.0,115.0,162.0,image_0_334.jpg,overripe
22.16726909039865,1.343025214946985,6,35,22.0,22.0,23.0,190.871078396968,39.246694949246994,16,255,190.0,169.0,215.0,149.6297111875351,43.496971058485684,52,255,152.0,115.0,184.0,image_0_3342.jpg,overripe
23.441021509856757,2.5582532026636255,13,35,23.0,22.0,25.0,197.08673389075622,49.78546366204339,15,255,203.0,160.0,247.0,137.99222200616683,44.95657294945448,52,252,132.0,103.0,174.0,image_0_3436.jpg,overripe
24.708897604558725,2.33424556517513,13,35,24.0,23.0,26.0,198.95731471384855,42.396698101367846,25,255,203.0,172.0,234.0,150.24212072179816,41.62127709614305,52,255,155.0,119.0,184.0,image_0_3503.jpg,overripe
24.265827649149774,2.1701707688103893,5,37,24.0,23.0,25.0,212.6537611682198,43.33817022319667,10,255,219.0,186.0,252.0,147.62695744067634,44.21353424254122,52,255,142.0,114.0,182.0,image_0_3513.jpg,overripe
22.761935453629267,2.1420610870524204,6,35,22.0,22.0,23.0,187.5020273279115,49.851471467335855,9,255,197.0,159.0,222.0,128.40896946117607,39.00339801874485,52,246,125.0,99.0,154.0,image_0_3601.jpg,overripe
22.179036141492276,2.2716325273997544,8,42,22.0,21.0,22.0,172.89147306677594,49.840094876343855,14,255,178.0,147.0,205.0,145.31594349529982,47.29432009176229,52,255,146.0,108.0,181.0,image_0_3615.jpg,overripe
23.151234266757733,1.9597178429108093,11,35,23.0,22.0,24.0,193.41291833349595,43.48485661288734,16,255,197.0,170.0,225.0,133.7659283832569,34.95261494581552,53,220,131.0,109.0,157.0,image_0_3622.jpg,overripe
24.474081282060524,1.6030506139734864,8,35,24.0,24.0,25.0,208.21061736403936,43.80868676672037,14,255,213.0,186.0,248.0,141.1646424238056,42.96467048414373,52,255,136.0,109.0,173.0,image_0_3660.jpg,overripe
22.54237838841441,1.5458446109622634,8,36,22.0,22.0,23.0,209.2254688080208,40.90422417535075,14,255,211.0,188.0,246.0,164.3516524322317,44.89419751519661,52,252,168.0,130.0,201.0,image_0_3687.jpg,overripe
25.40478374749046,4.787399531308047,9,40,24.0,22.0,29.0,96.32199220879369,44.47351013230901,17,252,84.0,61.0,128.0,105.46876204911385,43.21412312093193,52,255,92.0,73.0,129.0,image_0_3715.jpg,overripe
25.596338273757627,2.133900423157208,6,40,25.0,24.0,27.0,189.51862566378696,38.92547682093848,22,255,191.0,172.0,212.0,132.62421732583022,41.65565119600289,52,255,130.0,101.0,160.0,image_0_3759.jpg,overripe
22.366177686996743,1.6818514435453922,11,32,22.0,21.0,23.0,208.47791995138337,35.248842015583506,25,255,209.0,189.0,237.0,137.68452370904302,35.5522783381641,52,239,137.0,111.0,166.0,image_0_3761.jpg,overripe
24.502622288270864,4.24678810824454,15,70,23.0,23.0,24.0,163.84289859174865,55.7180514288966,5,255,179.0,149.0,198.0,152.99437800265767,46.54089651308012,52,255,153.0,119.0,191.0,image_0_3763.jpg,overripe
21.281814793480837,1.1520598480076572,13,33,21.0,21.0,22.0,201.19144783654662,45.44250485651508,17,255,209.0,180.0,234.0,152.80525192288144,43.637859806086524,52,255,153.0,124.0,181.0,image_0_3797.jpg,overripe
22.46077180723043,1.5621743360046478,13,35,22.0,22.0,23.0,183.68310155655962,40.94990121949067,19,255,184.0,158.0,211.0,155.46396410549667,48.20022539629345,52,255,159.0,120.0,191.0,image_0_3799.jpg,overripe
21.4027618196519,1.2984892503547028,5,177,21.0,21.0,22.0,189.48348865909188,56.27079728863836,18,255,199.0,156.0,242.0,143.93597599897868,47.3365930283215,52,255,140.0,106.0,182.0,image_0_3857.jpg,overripe
21.25718766981179,1.172522665233475,11,35,21.0,21.0,22.0,212.1388751667243,41.06981015044969,16,255,217.0,192.0,249.0,148.43433532579164,42.61614654695419,52,255,147.0,117.0,175.0,image_0_387 (2).jpg,overripe
22.561173053099235,1.2674877814356889,13,35,22.0,22.0,23.0,197.320047844846,36.33704919322018,26,255,195.0,174.0,225.0,142.1634520910761,41.74292232211072,53,246,140.0,108.0,174.0,image_0_3891.jpg,overripe
22.158089934093727,1.4537867322352054,13,36,22.0,21.0,23.0,203.42893796055353,56.86084887510096,13,255,219.0,187.0,251.0,153.72051849509958,51.69525869322882,52,255,151.0,114.0,200.0,image_0_3905.jpg,overripe
22.205942311301524,2.272444170827534,6,36,22.0,21.0,23.0,174.95761039095515,49.41002562509103,19,255,179.0,150.0,207.0,145.0843844446314,46.969321977414985,52,255,147.0,109.0,178.0,image_0_3939.jpg,overripe
21.931994519906645,1.5911472963065887,11,35,22.0,21.0,22.0,184.55790241853867,39.02155670767321,27,255,185.0,165.0,206.0,156.74920311456563,48.62050358736358,52,255,161.0,116.0,197.0,image_0_3989.jpg,overripe
25.596709334501224,2.1276871611410293,16,42,25.0,24.0,27.0,190.35614038580215,37.232452541248726,29,255,192.0,173.0,212.0,132.4063364720403,41.09423633904239,52,246,130.0,101.0,160.0,image_0_4051.jpg,overripe
21.72580896483665,1.7752715652217184,0,36,21.0,21.0,22.0,180.81030488755,44.71056953421733,13,255,185.0,162.0,208.0,142.46258764867812,40.94851855517193,52,243,144.0,111.0,173.0,image_0_4057.jpg,overripe
24.498836456109206,1.644478201947564,6,35,24.0,24.0,25.0,209.46261065662262,43.81007980860807,15,255,215.0,188.0,249.0,140.7124727106974,42.785564606200374,52,255,136.0,110.0,170.0,image_0_410.jpg,overripe
20.847009862607607,1.5473566188743366,13,34,21.0,20.0,22.0,152.92927427170628,34.3048866344427,55,255,157.0,128.0,176.0,157.9347129582122,42.82173113623641,54,255,152.0,126.0,191.0,image_0_4103.jpg,overripe
22.16851427618471,1.3621439483432067,11,39,22.0,22.0,23.0,191.75790610106117,39.12944682482184,20,255,190.0,170.0,218.0,149.05098700090406,44.07293337693132,52,255,151.0,115.0,183.0,image_0_4106.jpg,overripe
21.710233440713118,3.9864299010229396,6,37,21.0,19.0,23.0,157.94368297956842,48.728960660862484,22,255,164.0,124.0,191.0,124.61172057720313,44.84080151560591,52,249,112.0,88.0,160.0,image_0_4135.jpg,overripe
21.983442569445057,4.038207388959859,8,45,21.0,19.0,23.0,158.8627594541429,49.914336505503016,21,255,165.0,124.0,191.0,125.49235641258612,44.699215896835014,52,254,115.0,88.0,162.0,image_0_4152.jpg,overripe
22.110883248730964,2.6829125267073186,6,37,22.0,21.0,23.0,171.1055228426396,56.90733416870416,18,255,179.0,130.0,213.0,141.17240609137056,46.87732864737791,52,255,137.0,105.0,174.0,image_0_4156.jpg,overripe
23.79182797063739,2.0746522387230026,13,43,23.0,23.0,24.0,184.10739142391742,53.77162194734411,14,255,187.0,160.0,225.0,153.74354255251635,54.16416298560992,52,255,155.0,106.0,203.0,image_0_4231.jpg,overripe
23.623679787704557,2.2361692642556656,6,173,23.0,23.0,24.0,192.68325519681557,53.776227095601094,12,255,199.0,171.0,235.0,155.32565236620965,51.73017516525898,52,255,158.0,114.0,195.0,image_0_4254 (2).jpg,overripe
25.191433033082724,1.8872677088831291,13,33,25.0,24.0,26.0,187.28783726485827,32.773347796256644,29,255,188.0,172.0,205.0,141.95695833376422,42.18496935960465,52,251,141.0,109.0,174.0,image_0_4254.jpg,overripe
25.524477003375264,3.314274143761145,14,40,25.0,23.0,28.0,183.75550066405557,44.62678284332974,18,255,186.0,165.0,213.0,134.78821280231446,36.210671638693924,52,228,133.0,108.0,163.0,image_0_4324.jpg,overripe
22.816502160244475,2.1915063925930025,5,36,22.0,22.0,23.0,188.09968737925462,52.30676776528278,10,255,196.0,163.0,228.0,127.15398035289847,38.108756310484914,51,226,122.0,98.0,156.0,image_0_438.jpg,overripe
21.330460614370125,1.2123781765215549,6,36,21.0,21.0,22.0,196.7897610420135,48.644796933305145,15,255,207.0,173.0,233.0,139.33006887996606,38.271877150214856,52,255,138.0,111.0,166.0,image_0_4405 (2).jpg,overripe
21.890862221209446,1.519387329999429,8,37,22.0,21.0,22.0,183.78952203264305,39.74766843872697,28,255,186.0,165.0,207.0,156.092816247472,49.114578192693074,52,255,160.0,116.0,197.0,image_0_4408.jpg,overripe
21.65641911931631,1.1799404779977214,14,32,22.0,21.0,22.0,173.18394323083345,49.699754661905416,44,255,178.0,145.0,207.0,149.02774014485217,42.61763989879014,53,249,150.0,119.0,180.0,image_0_4427.jpg,overripe
22.322133257077496,1.6740149778643276,11,32,22.0,21.0,23.0,204.47735874447005,34.35875838166764,41,255,203.0,187.0,229.0,140.16944776194723,34.46621838934324,54,224,142.0,113.0,168.0,image_0_4460.jpg,overripe
25.287028120705884,3.374759524816451,11,43,25.0,23.0,27.0,140.97944234660204,50.37742760315466,14,255,151.0,107.0,175.0,125.34243640652218,42.92926100708912,52,234,125.0,88.0,158.0,image_0_4463.jpg,overripe
23.555486865211627,2.1766324099050802,13,39,23.0,22.0,24.0,191.17646848009176,50.617570884165566,20,255,199.0,170.0,227.0,158.0695982510841,52.96191451205705,52,255,164.0,115.0,197.0,image_0_4520.jpg,overripe
24.569684687713096,1.841348470158851,5,35,24.0,23.0,25.0,196.18800603156004,38.97348652466255,16,255,200.0,173.0,224.0,134.8265830444011,37.15333594986374,52,245,133.0,106.0,160.0,image_0_4526.jpg,overripe
21.987942188011793,1.5466851827807544,13,38,22.0,21.0,23.0,181.3248648869964,31.528168351312267,18,255,180.0,164.0,199.0,157.927100393056,45.13470766484737,52,255,159.0,122.0,195.0,image_0_4570.jpg,overripe
22.543933546435177,1.2766460148410166,13,35,22.0,22.0,23.0,196.71050577833844,36.67900376573835,27,255,196.0,172.0,223.0,142.53740151166892,41.57113993688397,52,255,143.0,109.0,173.0,image_0_4602.jpg,overripe
22.405987605830497,2.1404141875630938,6,165,22.0,21.0,23.0,150.69323557650344,51.64874267454965,10,255,155.0,118.0,186.0,123.95737103953914,39.30173656900218,52,238,119.0,93.0,150.0,image_0_4675.jpg,overripe
26.247281016551927,1.864759993756618,13,35,26.0,25.0,28.0,201.55675076900542,37.65903732862166,21,255,199.0,176.0,234.0,139.14131390068843,39.027915595817525,52,233,143.0,111.0,168.0,image_0_4687.jpg,overripe
26.211076043804994,1.9856974828209293,6,173,26.0,25.0,28.0,198.57088469086008,42.56735766842373,17,255,197.0,176.0,232.0,139.21878080321213,37.82305012015345,52,227,141.0,112.0,168.0,image_0_4698.jpg,overripe
21.58115343005354,1.7126134710194598,8,32,21.0,21.0,22.0,202.03366251491025,33.871076406438476,26,255,203.0,185.0,223.0,143.6632292157896,31.105439145487146,54,230,147.0,124.0,166.0,image_0_4706.jpg,overripe
22.15010261516266,4.130705899623357,13,36,21.0,20.0,23.0,170.31068010485035,49.03333296218054,26,255,174.0,143.0,203.0,120.17394794058481,41.510677597389424,52,230,112.0,84.0,154.0,image_0_4710.jpg,overripe
23.56641265071017,2.1111206645577956,13,38,23.0,22.0,24.0,190.83156237701692,40.14146828583788,19,255,193.0,170.0,218.0,154.93499338127438,45.86923331784254,52,255,157.0,121.0,191.0,image_0_4725.jpg,overripe
22.17622031328954,4.165609394926298,13,36,21.0,20.0,23.0,170.39498736735726,49.15627432839835,23,255,174.0,142.0,204.0,119.95908034360788,41.27633999911082,52,232,113.0,84.0,153.0,image_0_4730.jpg,overripe
22.16742006227502,2.23699722980047,8,35,22.0,21.0,22.0,172.84295697652857,49.89327796415373,18,255,177.0,148.0,205.0,145.2013708176953,47.987042725592886,52,255,146.0,107.0,181.0,image_0_474.jpg,overripe
24.822776008254454,2.0654040781355376,14,40,24.0,24.0,25.0,189.92205374366335,48.601009692434516,18,255,192.0,168.0,225.0,143.739588473674,43.97174106836318,52,255,145.0,109.0,177.0,image_0_4756.jpg,overripe
24.811592579628982,2.2938111293852868,13,39,24.0,23.0,25.0,184.81199159957998,51.50871090382362,18,255,189.0,165.0,220.0,148.13553377668885,47.098314567249645,52,255,150.0,112.0,184.0,image_0_4783.jpg,overripe
21.7491050811841,2.078164993327636,6,35,22.0,20.0,23.0,154.2717621043115,60.17315333763566,9,255,169.0,105.0,197.0,135.89925596510733,46.249275748484855,52,255,133.0,97.0,171.0,image_0_4892.jpg,overripe
22.53316674764582,1.645489381260044,0,173,22.0,22.0,23.0,208.76480183244257,42.251795407422435,13,255,211.0,188.0,246.0,164.70155711344023,45.927916433319986,52,255,166.0,130.0,201.0,image_0_4937.jpg,overripe
22.37355377647969,2.1687064171209682,5,165,22.0,21.0,23.0,149.15387557479508,50.67656978464285,9,255,151.0,118.0,181.0,125.66984814109752,42.40025189285957,52,255,119.0,93.0,151.0,image_0_4949.jpg,overripe
24.60009626293533,2.4190494933796525,11,39,24.0,23.0,26.0,189.11030701000448,47.18073310113292,23,255,194.0,158.0,226.0,148.72830645993056,44.94320268738345,52,255,153.0,114.0,183.0,image_0_4953.jpg,overripe
25.098245614035086,4.340790987817535,11,43,24.0,23.0,26.0,137.05825382168874,49.76820006708413,16,255,143.0,98.0,174.0,115.5622858315379,49.39170734770792,52,255,105.0,74.0,143.0,image_0_4967.jpg,overripe
24.817345450465613,2.3083293097183013,6,39,24.0,23.0,26.0,185.18478626725008,51.82141878468622,15,255,190.0,165.0,220.0,148.12154297094133,47.10302178798673,52,255,151.0,112.0,185.0,image_0_497.jpg,overripe
21.309657007736483,1.2295197607570194,6,36,21.0,21.0,22.0,198.4750067972284,50.58356602720103,10,255,211.0,172.0,238.0,137.7812857884373,39.139196603138465,51,255,136.0,109.0,163.0,image_0_501.jpg,overripe
24.761732417572247,2.3319338363266406,6,39,24.0,23.0,26.0,212.6596997241609,43.2930158065106,10,255,219.0,186.0,253.0,142.86090490030915,42.56011700860502,51,250,136.0,110.0,179.0,image_0_5013.jpg,overripe
22.205352152040245,1.3350527512421888,13,35,22.0,22.0,23.0,192.95069696757966,39.43999950603493,21,255,194.0,171.0,218.0,147.07864030184462,41.8646413652619,52,255,147.0,115.0,179.0,image_0_5022.jpg,overripe
25.13995103040196,4.342275624380801,16,43,24.0,23.0,26.0,138.5914099163436,53.68026758508209,17,255,139.0,94.0,178.0,115.11497653540094,50.536379672655144,52,255,104.0,74.0,139.0,image_0_506.jpg,overripe
23.765057247671503,2.0613595147714885,9,38,23.0,23.0,24.0,183.6114453054795,51.87250763536519,8,255,186.0,162.0,218.0,155.76365116451174,54.876195036762695,52,255,159.0,106.0,205.0,image_0_5084.jpg,overripe
23.483968322403502,2.3847282048244955,15,43,23.0,22.0,24.0,188.74478658467405,49.04967107556603,12,255,195.0,171.0,219.0,159.0169582548579,49.65003013538228,52,255,168.0,120.0,197.0,image_0_5085.jpg,overripe
21.12708020329382,1.585939385197163,8,35,21.0,20.0,22.0,171.38493555413382,45.998915247509956,24,255,168.0,139.0,205.0,147.80497307866494,43.29170623464914,52,255,141.0,118.0,178.0,image_0_5146.jpg,overripe
23.18042297503293,3.444344546291795,0,38,22.0,21.0,24.0,194.17092157646258,34.89252670187217,0,255,193.0,179.0,213.0,153.5059272743418,46.82081981080979,52,255,157.0,115.0,191.0,image_0_5180.jpg,overripe
21.229103143728313,1.1712845776759113,8,36,21.0,21.0,22.0,204.58748516755037,43.856280993595504,13,255,209.0,186.0,238.0,156.36692100875678,42.67445429321,52,255,157.0,129.0,185.0,image_0_5209.jpg,overripe
22.646284889168804,4.530975840785017,11,36,21.0,20.0,24.0,177.49765741409237,49.92067370417419,23,255,183.0,148.0,211.0,130.63851211232122,45.987954690598876,52,246,121.0,92.0,171.0,image_0_5228.jpg,overripe
21.849331296032414,2.1740052645152286,13,37,22.0,21.0,23.0,184.73491338609713,53.53676495149827,16,255,192.0,151.0,227.0,144.9961628925095,46.99087521129903,52,255,144.0,110.0,177.0,image_0_5238.jpg,overripe
21.154572504979242,1.3214334219718926,13,30,21.0,21.0,22.0,161.52325246562523,34.09057312263807,43,255,164.0,143.0,182.0,165.6801886113311,51.31358557294003,52,255,172.0,120.0,209.0,image_0_5323.jpg,overripe
20.49510214736148,3.1715289186975175,5,36,21.0,19.0,22.0,134.05935125777955,53.63757376649882,15,255,141.0,92.0,175.0,133.0865401788781,44.588727739168384,52,246,130.0,94.0,170.0,image_0_5363.jpg,overripe
22.05238542623814,2.665328855810037,13,37,22.0,21.0,23.0,170.94164713655934,55.3888430337712,21,255,176.0,132.0,212.0,142.58260977296896,49.77666842651286,52,255,138.0,103.0,178.0,image_0_5376.jpg,overripe
23.56195027356465,3.661817297881784,11,37,22.0,21.0,25.0,195.60162456838128,39.830672691362494,21,255,194.0,176.0,223.0,144.22265095525017,45.967896997476764,52,250,145.0,106.0,184.0,image_0_538.jpg,overripe
21.443221685487913,1.1807355546109721,13,30,21.0,21.0,22.0,191.70803075380957,56.29421699915453,23,255,202.0,158.0,245.0,141.8322083240027,46.36127577938549,52,250,137.0,105.0,179.0,image_0_5431.jpg,overripe
21.240234279272656,1.1765965070066309,6,35,21.0,21.0,22.0,209.351431162084,42.85127077673204,16,255,214.0,188.0,247.0,148.61274077341568,42.379207192630886,52,255,148.0,117.0,172.0,image_0_5507.jpg,overripe
22.662454921161387,1.7387930644855656,13,35,22.0,22.0,23.0,185.1150069757035,41.181389354915744,19,255,186.0,160.0,212.0,148.60924653627805,46.733154500534646,52,255,148.0,114.0,184.0,image_0_5556.jpg,overripe
23.955779052980212,2.880954613066572,6,38,23.0,23.0,24.0,165.82540914991446,66.72051188058362,9,255,180.0,106.0,215.5,138.03352056971625,53.97867146261487,52,255,128.0,94.0,182.0,image_0_5560.jpg,overripe
25.726700832688007,3.319987241384364,13,40,25.0,23.0,28.0,183.58496985095147,43.64929682345674,25,255,186.0,164.0,212.0,130.94081563400013,33.89434711472544,52,228,130.0,106.0,156.0,image_0_557.jpg,overripe
22.129022001002824,1.4551252349600388,11,35,22.0,21.0,23.0,204.28092553412662,56.11072517945488,16,255,220.0,185.0,252.0,153.2575425894899,52.768244104665975,52,255,148.0,112.0,200.0,image_0_561.jpg,overripe
20.99795950554975,1.4726260297953404,13,36,21.0,20.0,22.0,171.64722118171244,56.913029126975594,7,255,184.0,137.0,212.0,131.86424304556118,39.11171842428432,52,235,129.0,101.0,161.0,image_0_5612.jpg,overripe
22.17585049728862,1.5303099459656626,8,36,22.0,21.0,23.0,203.34024755003284,56.402731355641144,8,255,218.0,188.0,251.0,152.5812805485981,50.8257234678739,52,254,150.0,113.0,199.0,image_0_5640.jpg,overripe
25.45122697984737,3.138613250906337,8,43,25.0,23.0,26.0,168.28943015125895,54.90051209144286,29,255,175.0,147.0,201.0,143.44078965406936,49.73674186961143,52,255,146.0,101.0,185.0,image_0_568.jpg,overripe
21.271209271929475,1.2309008999528204,6,177,21.0,21.0,22.0,206.52604062470826,46.92933631470844,10,255,213.0,182.0,251.0,151.51333039917844,46.47250642364583,52,255,150.0,113.0,192.0,image_0_5787.jpg,overripe
21.301176324142652,1.2604191050831146,0,36,21.0,21.0,22.0,189.2963735192216,59.20814452983841,0,255,205.0,152.0,242.0,141.3379597933653,44.20814082557834,51,246,140.0,106.0,179.0,image_0_5789.jpg,overripe
24.083038686987106,2.245430478738017,8,40,24.0,22.0,25.0,179.4343634232122,42.88540644256105,37,255,182.0,150.0,208.0,141.89740679953107,39.85164337043768,52,245,147.0,113.0,173.0,image_0_5799.jpg,overripe
21.22461776131949,1.1375299526108231,11,34,21.0,21.0,22.0,204.41954244950816,42.56607132811215,18,255,210.0,187.0,234.0,156.61856403965135,41.846492094228104,52,255,158.0,130.0,182.0,image_0_5818.jpg,overripe
22.576570944155982,1.3062122757216104,0,35,22.0,22.0,23.0,196.57288333156723,38.26597896033207,20,255,195.0,174.0,225.0,141.86370668644696,41.72778502103224,52,254,140.0,107.0,174.0,image_0_5862.jpg,overripe
24.593659053339852,1.3906267730394752,8,35,24.0,24.0,25.0,193.38690600917323,33.05319059043994,35,255,193.0,173.0,214.0,151.92487951386462,35.34917905770021,52,241,156.0,128.0,178.0,image_0_5906.jpg,overripe
24.26420401481107,2.9062364725417544,14,43,23.0,22.0,26.0,182.17359058596026,46.34368525795093,9,255,192.0,173.0,207.0,152.65457681869623,47.074972690441236,52,249,166.0,114.0,190.0,image_0_5915.jpg,overripe
26.445597868324636,2.263759672670661,12,43,26.0,25.0,28.0,186.9477767292106,38.11322056628042,5,255,187.0,168.0,210.0,123.09048517819474,40.57046410146989,52,247,118.0,90.0,152.0,image_0_5970.jpg,overripe
24.27371226161624,2.8783316279063764,11,37,23.0,22.0,26.0,182.34690251899943,46.81714844377456,14,255,193.0,174.0,208.0,152.42669459462422,46.86497108759074,52,245,166.0,115.0,188.0,image_0_5976.jpg,overripe
25.101999118194232,2.3310859623046443,16,33,25.0,24.0,27.0,164.37984321063328,34.97303188291355,24,255,167.0,143.0,187.0,134.12201180759428,46.43898840169014,52,255,130.0,96.0,165.0,image_0_6013.jpg,overripe
22.578921348831326,1.442430448605248,8,36,22.0,22.0,23.0,207.56223916117685,47.87560021571679,20,255,217.0,182.0,250.0,150.38994469929523,42.56017835365325,52,255,150.0,118.0,183.0,image_0_6016.jpg,overripe
24.27563095843748,2.8563194012103095,14,37,23.0,22.0,26.0,184.06718794930214,47.05862912260505,8,255,194.0,176.0,209.0,152.05344068658894,46.344418485992705,52,245,165.0,114.0,189.0,image_0_6036.jpg,overripe
22.7902029801713,2.178827916262065,13,36,22.0,22.0,23.0,188.5665962689194,50.80698089584274,16,255,197.0,162.0,224.0,126.92639915522703,38.45067654277946,52,232,122.0,97.0,156.0,image_0_604.jpg,overripe
21.326258798935147,1.214416544625901,6,36,21.0,21.0,22.0,197.46371000669618,49.31612929949491,8,255,210.0,173.0,233.0,138.8995655653367,38.99993464597229,52,255,138.0,112.0,163.0,image_0_6060.jpg,overripe
24.837080975667412,2.1208620679259584,13,40,24.0,24.0,25.0,188.7225168791644,49.547267679298805,14,255,192.0,167.0,224.0,143.58065064192533,43.42462502300451,52,255,144.0,111.0,175.0,image_0_6148.jpg,overripe
24.454319273274315,2.3594973774779477,15,38,24.0,23.0,26.0,188.77439432638184,46.177852174490596,35,255,193.0,158.0,224.0,150.75506897777336,43.05590663300288,52,255,156.0,121.0,184.0,image_0_6160.jpg,overripe
25.555056651279898,1.8253365071664165,13,38,25.0,24.0,27.0,194.68691565253883,40.46231972686953,21,255,192.0,171.0,224.0,139.35417540914813,37.33089113092406,52,232,139.0,111.0,168.0,image_0_6236.jpg,overripe
24.837672704485094,2.161790464227938,14,43,24.0,24.0,25.0,188.74974635194414,48.939963141093784,16,255,192.0,167.0,223.0,143.94783056309868,43.06610363694287,52,254,145.0,111.0,175.0,image_0_6249.jpg,overripe
21.415827231557117,1.2045671367741193,6,36,21.0,21.0,22.0,190.39476023193805,56.60788124196035,10,255,201.0,157.0,241.0,142.56417446142126,46.511073215590415,51,255,139.0,105.0,180.0,image_0_6277.jpg,overripe
22.657516327742318,2.344664946139687,13,35,22.0,21.0,24.0,152.3422795754787,51.41582375294658,28,255,159.0,118.0,189.0,135.74579746177824,50.19976935719679,52,255,126.0,94.0,175.0,image_0_6280.jpg,overripe
23.732673021957144,2.23434581436344,14,35,24.0,22.0,25.0,171.41841657442134,37.04355551538683,26,255,170.0,151.0,192.0,151.25209410676226,48.65083379036337,53,255,149.0,110.0,191.0,image_0_6304.jpg,overripe
22.681981178281557,1.739934261936872,13,37,22.0,22.0,23.0,184.78625279876854,41.1983287922142,16,255,186.0,159.0,212.0,148.90366988525048,47.14828903063471,52,255,148.0,115.0,182.0,image_0_6337.jpg,overripe
24.54010657471985,4.317380160300777,13,165,23.0,23.0,24.0,163.98465637489224,56.28929314550818,4,255,179.0,149.0,199.0,152.40484288065198,46.33011422845907,52,255,152.0,118.0,192.0,image_0_6339.jpg,overripe
24.581398481626525,1.870352006561242,11,35,24.0,23.0,25.0,197.58152356942855,39.845076189223704,21,255,200.0,175.0,226.0,134.02981900757263,37.924832789001464,52,254,132.0,105.0,161.0,image_0_6382.jpg,overripe
24.11151349119976,2.2126942793943813,15,38,24.0,22.0,25.0,181.91799264457538,45.122848888935835,31,255,184.0,149.0,216.0,140.50994483431532,39.79079321434006,52,243,145.0,111.0,171.0,image_0_6383.jpg,overripe
24.12736262859877,2.295314907053038,14,38,24.0,22.0,26.0,175.07150689847674,41.148092839303246,39,255,176.0,147.0,202.0,143.6928184065715,41.85825237147422,52,249,150.0,111.0,176.0,image_0_6414.jpg,overripe
23.844145313006813,1.7706647315624204,11,35,23.0,23.0,25.0,204.90725348686345,34.70673020331562,23,255,205.0,187.0,229.0,142.90154678884204,42.039795142796706,52,234,141.0,111.0,178.0,image_0_6449.jpg,overripe
21.898219532130156,2.457033396270997,0,43,22.0,20.0,23.0,211.2000596434646,32.895079489306084,9,255,211.0,196.0,234.0,159.85971636219045,43.574672388876564,52,242,163.0,130.0,196.0,IMG20200717083337.jpg,fully_ripe
22.252479260830455,2.630571649674539,0,165,22.0,21.0,23.0,212.30002110009218,34.055972162779675,0,255,215.0,196.0,235.0,157.30746165891145,40.07668274875674,52,242,162.0,129.0,184.0,IMG20200717083346.jpg,fully_ripe
22.358668307504654,2.3694002776552376,5,50,22.0,21.0,23.0,210.936323143439,33.372581943726686,10,255,213.0,197.0,232.0,156.5401696742646,39.975783536769576,51,236,166.0,127.0,188.0,IMG20200717083356.jpg,fully_ripe
22.86108379826548,3.3448491735512444,0,165,22.0,21.0,23.0,209.08532287466167,38.697388627064235,0,255,213.0,198.0,232.0,159.68174335745456,46.36548899981171,51,253,167.0,124.0,194.0,IMG20200717083401.jpg,fully_ripe
23.45903088952697,3.6020779575001374,5,40,23.0,21.0,25.0,209.36842889646195,37.4194635944603,12,255,209.0,190.0,240.0,162.34819024530796,48.62022261040711,52,252,168.0,121.0,206.0,IMG20200717083408.jpg,fully_ripe
21.91482671207694,2.1448215525071377,6,50,22.0,21.0,23.0,219.77977630280395,28.755854479198522,9,255,222.0,205.0,241.0,158.95816320606846,40.89423716391919,52,233,169.0,129.0,193.0,IMG20200717083420.jpg,fully_ripe
23.05920241651582,2.3726937274094233,0,177,23.0,22.0,24.0,206.74903106155674,40.44831794758385,0,255,210.0,191.0,235.0,154.2511355181183,38.47741311317283,51,240,151.0,129.0,186.0,IMG20200717083440.jpg,fully_ripe
22.594019510815777,2.1924167541119877,0,177,23.0,22.0,23.0,214.7419529666808,35.8080623854493,0,255,216.0,198.0,245.0,163.7950775248598,44.70276509371927,52,244,171.0,131.0,202.0,IMG20200717083454.jpg,fully_ripe
22.164621902385235,2.485900505626729,0,165,22.0,21.0,23.0,207.11547791770647,32.84693135834575,0,255,208.0,195.0,225.0,161.45645638674483,45.407834500209674,52,232,170.0,127.0,203.0,IMG20200717083502.jpg,fully_ripe
20.870109479758973,1.8324183897569173,0,173,21.0,20.0,22.0,207.83747772214207,32.343582976253934,0,255,210.0,196.0,226.0,162.0108524993635,40.848188354323845,51,244,167.0,134.0,194.0,IMG20200717083511.jpg,fully_ripe
24.268761465932847,3.283079979769408,0,173,24.0,22.0,26.0,201.53672298306242,40.31347480338089,0,255,203.0,184.0,228.0,149.06025214386278,39.856036346007784,51,236,151.0,119.0,179.0,IMG20200717083519.jpg,fully_ripe
21.633511052536992,1.5311242847475204,0,36,22.0,21.0,23.0,207.6238303480501,34.466288619987786,24,255,209.0,194.0,228.0,180.27210207871562,46.41076143104357,52,249,193.0,151.0,217.0,IMG20200717083535.jpg,fully_ripe
22.404090479869517,1.2461493643854098,0,36,23.0,22.0,23.0,210.4140913383123,37.12075062258305,14,255,214.0,192.0,238.0,166.73057773199417,38.19568440503476,52,243,169.0,142.0,195.0,IMG20200717083623.jpg,fully_ripe
20.834179649736946,1.4087232841394486,11,35,21.0,20.0,22.0,216.7705583653034,32.71773635206135,22,255,221.0,200.0,240.0,168.74512816859843,38.23783293318615,52,238,173.0,145.0,198.0,IMG20200717083656.jpg,fully_ripe
20.57918566296195,1.839739621019641,11,35,20.0,19.0,22.0,213.4816480030254,34.25365838244535,23,255,213.0,196.0,243.0,167.1939618043154,44.34555128379187,52,243,176.0,131.0,205.0,IMG20200717083701.jpg,fully_ripe
21.561533407723353,2.431160390550389,0,177,22.0,21.0,23.0,211.48777257511134,30.676585326131494,0,255,213.0,200.0,228.0,166.76842456539197,43.22517482992629,52,242,172.0,137.0,201.0,IMG20200717083707.jpg,fully_ripe
23.252664677041142,2.3655446228111083,0,173,23.0,22.0,24.0,204.8845795139629,38.08307185999942,10,255,209.0,194.0,226.0,156.4279471328075,41.83178059123915,52,233,162.0,126.0,191.0,IMG20200717083744.jpg,fully_ripe
24.24274880255455,2.5155769324455277,4,173,24.0,24.0,25.0,207.95967269824374,42.77090828630239,5,255,215.0,194.0,237.0,151.6051623203832,40.116518159372156,51,241,158.0,128.0,181.0,IMG20200717083802.jpg,fully_ripe
21.30344154968303,1.5533172625016436,11,32,21.0,20.0,22.0,212.0689970014837,32.721077292167536,32,255,214.0,199.0,233.0,172.00644317863478,40.52479773643162,54,255,178.0,146.0,201.0,IMG20200717083842.jpg,fully_ripe
21.012583599135713,1.6057874873900573,5,35,21.0,20.0,22.0,216.4174400658504,29.983756112452863,24,255,216.0,202.0,238.0,165.3238501903488,37.0802079739292,52,232,175.0,145.0,192.0,IMG20200717083846.jpg,fully_ripe
22.03866958832185,3.4914923464678838,5,43,22.0,20.0,24.0,215.04525389818667,39.98637619562254,6,255,221.0,198.0,247.0,153.94052949707304,44.745361943375116,52,255,150.0,119.0,189.0,IMG20200717083900.jpg,fully_ripe
22.629703024798392,1.8653271669458829,0,165,22.0,22.0,23.0,219.51332581032852,31.043769058188555,0,255,222.0,205.0,245.0,155.37815025825924,40.222475488281525,52,236,161.0,128.0,185.0,IMG20200717083943.jpg,fully_ripe
22.577518122853874,2.695230873279356,0,165,22.0,21.0,24.0,212.7534051888592,35.22094373749654,0,255,216.0,200.0,236.0,141.1908718046547,43.4326329411411,51,238,148.0,100.0,174.0,IMG20200717083947.jpg,fully_ripe
20.996871023985676,1.967467756672197,0,165,21.0,20.0,22.0,219.66355968144762,32.33343928380052,0,255,222.0,206.0,244.0,158.59034918241366,40.85739590372321,52,244,161.0,129.0,192.0,IMG20200717084008.jpg,fully_ripe
20.54419854413992,1.4889050742898489,6,165,21.0,20.0,22.0,214.12413894181446,30.819857183355435,7,255,215.0,203.0,233.0,160.69177781034736,37.757259328374275,52,244,163.0,135.0,188.0,IMG20200717084015.jpg,fully_ripe
20.901350416842753,2.2437130056033503,0,165,21.0,20.0,22.0,211.27927503937914,31.5663748103644,0,255,214.0,201.0,229.0,158.19360136770524,40.54359947779292,51,255,162.0,131.0,187.0,IMG20200717084021.jpg,fully_ripe
22.011442827099913,2.6498263163154805,0,165,22.0,21.0,23.0,215.9582285266587,35.39770986105728,8,255,219.0,202.0,242.0,149.84554245185765,38.68442463735071,52,236,148.0,120.0,181.0,IMG20200717084028.jpg,fully_ripe
20.83495145631068,2.0431103705551164,0,50,21.0,19.0,22.0,219.02446059878616,33.897238931670046,0,255,223.0,206.0,244.0,149.93925021053346,41.2911877829268,52,238,153.0,118.0,182.0,IMG20200717084032.jpg,fully_ripe
20.75460933338796,2.3417946734021937,0,177,21.0,20.0,22.0,211.14601343876757,34.48016846294507,8,255,215.0,203.0,229.0,164.95348670463392,41.20415806811146,52,243,179.0,137.0,198.0,IMG20200717084053.jpg,fully_ripe
19.775587753410054,1.3831880888234231,8,36,20.0,19.0,21.0,215.7875402199017,31.50773253483502,7,255,218.0,201.0,238.0,172.9791350006909,39.19652855346309,51,248,177.0,146.0,204.0,IMG20200717084058.jpg,fully_ripe
20.207609927263423,2.0447520244567383,5,173,20.0,19.0,22.0,211.60686611352753,31.08516738147311,9,255,212.0,199.0,230.0,171.0277970686063,38.97292261259521,52,255,181.0,148.0,201.0,IMG20200717084102.jpg,fully_ripe
21.145061964504283,1.8465803405860075,5,36,21.0,20.0,22.0,210.97864710832314,36.94970951326417,14,255,211.0,193.0,241.0,164.539158124235,38.02019344832639,52,239,169.0,139.0,193.0,IMG20200717084106.jpg,fully_ripe
21.541068711400186,1.6647495913918982,8,35,22.0,21.0,23.0,219.5199749380911,32.87921154533233,12,255,223.0,206.0,245.0,164.71984366142556,46.56953813800894,52,255,173.0,133.0,201.0,IMG20200717084113.jpg,fully_ripe
22.421725430998336,2.134015971331763,0,165,22.0,21.0,23.0,217.86362601684456,35.542670042504845,4,255,222.0,208.0,240.0,156.84396602331404,38.14803897341584,51,228,165.0,129.0,188.0,IMG20200717084205.jpg,fully_ripe
21.466430693238337,2.5948138100414697,0,165,21.0,20.0,22.0,210.24457393897316,40.628563975065624,0,255,214.0,197.0,237.0,157.80046208301562,42.04147021584936,51,255,161.0,126.0,192.0,IMG20200717084209.jpg,fully_ripe
22.907199366218105,2.347859149315269,0,170,23.0,22.0,24.0,204.93212151887593,39.33518114160149,0,255,206.0,190.0,230.0,156.03979842214716,39.54406887285507,51,240,159.0,128.0,187.0,IMG20200717084214.jpg,fully_ripe
23.801320336163133,1.864592531482242,6,165,24.0,23.0,25.0,213.4144874365428,33.109312959798416,6,255,216.0,201.0,233.0,145.16522332664988,38.60103539905277,51,226,147.0,114.0,180.0,IMG20200717084220.jpg,fully_ripe
22.730222293008122,1.8133994833588063,0,165,23.0,22.0,24.0,220.52634752337832,35.73512984296205,8,255,223.0,203.0,251.0,167.26542058201179,43.92624305241863,52,255,175.0,133.0,205.0,IMG20200717084242.jpg,fully_ripe
21.385204174614554,1.4650529124412655,0,173,21.0,21.0,22.0,212.77980001700948,35.47754453866026,0,255,213.0,200.0,237.0,157.549151348002,40.367280292205486,51,241,161.0,129.0,190.0,IMG20200717084253.jpg,fully_ripe
22.395018275348587,2.2508234116037134,0,173,22.0,21.0,23.0,206.10021290473435,42.16570233530386,0,255,209.0,188.0,238.0,160.98113393307653,40.35998133439627,51,243,166.0,132.0,192.0,IMG20200717084319.jpg,fully_ripe
24.063440450599984,2.457395057926152,0,173,24.0,22.0,25.0,203.88579902587685,41.11747664629392,0,255,209.0,192.0,227.0,143.36695600119725,37.34760358507089,51,238,148.0,118.0,169.0,IMG20200717084327.jpg,fully_ripe
20.74483021824062,1.8392659703187715,6,36,21.0,19.0,22.0,216.94580642569474,31.93910226772255,8,255,219.0,203.0,240.0,166.5018630296578,43.827861206719504,52,242,175.0,138.0,201.0,IMG20200717084342.jpg,fully_ripe
21.758917128932378,1.3797917049105985,11,35,22.0,21.0,23.0,216.69346404617357,31.317464552000235,12,255,217.0,199.0,243.0,171.7732481454804,41.71511912428908,52,245,178.0,141.0,209.0,IMG20200717084347.jpg,fully_ripe
21.51217750257998,1.4200780169666694,5,30,22.0,21.0,22.0,216.27032554648653,28.111930466944525,26,255,217.0,202.0,235.0,170.6598086124402,39.53914852481187,53,247,179.0,147.0,200.0,IMG20200717084352.jpg,fully_ripe
21.06768703508977,1.8621471493422326,0,165,21.0,20.0,22.0,221.87055536082875,33.06946736820842,0,255,225.0,206.0,249.0,159.34432566109749,38.54574511761918,52,239,161.0,131.0,191.0,IMG20200717084358.jpg,fully_ripe
21.69974994627752,2.2513735491099127,0,173,22.0,21.0,23.0,227.98685264412276,31.793878240065506,5,255,233.0,217.0,251.0,167.94874875461525,36.90200768966662,51,242,173.0,145.0,195.0,IMG20200717084402.jpg,fully_ripe
21.73230712808549,2.2168915140099066,0,38,22.0,21.0,23.0,220.33157771416347,34.35284244623511,0,255,223.0,209.0,247.0,167.9476676072982,44.386383260218224,51,247,170.0,138.0,204.0,IMG20200717084410.jpg,fully_ripe
20.685181973858192,1.937764481525318,0,177,20.0,20.0,21.0,213.8534129581861,35.37759633129412,5,255,215.0,195.0,244.0,164.37896950122473,36.16671401640544,52,248,168.0,142.0,190.0,IMG20200717084423.jpg,fully_ripe
20.698597331508722,2.1944318537119982,0,173,21.0,20.0,22.0,212.10469836925535,34.87751366988866,0,255,213.0,195.0,239.0,171.4024632227164,42.03881804043481,52,244,184.0,140.0,204.0,IMG20200717084433.jpg,fully_ripe
21.734290069915367,1.6405781741147238,6,75,22.0,21.0,23.0,211.54143931030856,30.502514999588048,8,255,213.0,201.0,226.0,169.04670136150975,37.05458061448117,52,241,177.0,144.0,197.0,IMG20200717084442.jpg,fully_ripe
22.18614866015186,2.2908673228617746,0,177,22.0,21.0,23.0,212.35725878761053,33.17445233608849,10,255,214.0,200.0,232.0,163.1207963044934,39.881173077679904,52,235,172.0,139.0,194.0,IMG20200717084451.jpg,fully_ripe
20.930052483002665,4.2287490572214885,0,173,20.0,18.0,23.0,224.1818118563874,35.617179431150056,0,255,229.0,212.0,249.0,152.94334221303328,36.94228292363346,51,240,154.0,126.0,180.0,IMG20200717084524.jpg,fully_ripe
21.835456727055504,3.879129758710691,0,165,22.0,19.0,24.0,219.6546506957247,37.20577718080737,0,255,225.0,205.0,248.0,156.37110811284026,37.08742705907205,51,240,164.0,130.0,184.0,IMG20200717084527.jpg,fully_ripe
22.77453882230328,2.900726038641823,11,40,23.0,21.0,24.0,217.46072954663887,35.97833861787199,21,255,220.0,200.0,249.0,156.85035956227202,37.30832193342692,52,240,160.0,130.0,186.0,IMG20200717084536.jpg,fully_ripe
23.11361779156969,2.598143440466118,8,39,23.0,22.0,24.0,220.4135298681148,34.670030953540355,24,255,227.0,202.0,250.0,156.09794672873028,38.21696685908242,52,242,161.0,126.0,184.0,IMG20200717084540.jpg,fully_ripe
22.51907948233127,2.9052638703734655,0,165,22.0,21.0,23.0,220.21909809646039,31.821246893302447,0,255,223.0,206.0,244.0,156.15747553221715,36.61108607546628,52,239,162.0,132.0,184.0,IMG20200717084543.jpg,fully_ripe
22.16039238292509,2.1265105454803415,6,173,22.0,21.0,23.0,207.16260051392783,33.610015145471166,11,255,206.0,193.0,228.0,169.88285181096055,40.76353666498487,52,245,178.0,142.0,202.0,IMG20200717084601.jpg,fully_ripe
21.32165766286889,1.3740166026596046,8,36,21.0,21.0,22.0,216.17041451901127,34.3171243344022,23,255,218.0,198.0,245.0,164.21098842073732,39.248226218624225,52,254,167.0,137.0,194.0,IMG20200717084608.jpg,fully_ripe
20.489572684522592,1.7865966708990373,0,32,21.0,19.0,22.0,219.73333674095278,30.25088529314628,0,255,221.0,208.0,240.0,169.48726231854425,41.05576157450964,54,241,179.0,140.0,201.0,IMG20200717084620.jpg,fully_ripe
21.88933252414263,2.6586953817283656,0,173,22.0,21.0,23.0,206.7252052256684,34.35062762372247,0,255,205.0,192.0,228.0,166.66597459567083,44.86849203679407,52,254,174.0,129.0,205.0,IMG20200717084648.jpg,fully_ripe
21.62699021453641,2.3678612826701544,0,165,22.0,20.0,23.0,210.98541477814192,34.56164720593017,0,255,211.0,199.0,232.0,164.11513608999837,44.58818300378968,51,248,173.0,131.0,198.0,IMG20200717084659.jpg,fully_ripe
23.109870550161812,4.455073897496683,0,177,23.0,21.0,24.0,200.38222376329173,43.25166036275207,0,255,201.0,186.0,229.0,156.74734165510864,49.67095973006781,51,255,161.0,112.0,201.0,IMG20200717084705.jpg,fully_ripe
23.279157145885844,3.179817971545489,0,165,23.0,21.0,25.0,189.93975406939765,37.0605816499646,0,255,187.0,172.0,212.0,154.22121975925185,47.43308587383757,51,252,154.0,116.0,194.0,IMG20200717084709.jpg,fully_ripe
22.57650273224044,1.393935655928529,6,40,23.0,22.0,23.0,200.6291555091111,32.413378226282106,14,255,200.0,187.0,219.0,170.95349748546798,37.847307848744876,52,242,178.0,152.0,200.0,IMG20200717084715.jpg,fully_ripe
21.986378779572387,1.5045034288575407,6,50,22.0,21.0,23.0,201.62458356175938,32.649096286731485,7,255,201.0,189.0,218.0,170.04888668662758,39.73978218294482,52,237,183.0,143.0,200.0,IMG20200717084719.jpg,fully_ripe
22.052412050719802,3.012691818149461,0,165,22.0,20.0,23.0,205.72696396224617,39.22165358346672,0,255,210.0,194.0,228.0,155.1034536180761,43.17679955839804,51,251,159.0,124.0,190.0,IMG20200717084723.jpg,fully_ripe
20.12558400776124,1.7498846700549324,0,42,20.0,19.0,21.0,218.57182976333326,35.93457215392363,0,255,222.0,205.0,245.0,161.16963670249433,41.50852692119,51,248,170.0,129.0,196.0,IMG20200717090609.jpg,fully_ripe
20.31013374415466,2.2442051835473085,0,165,20.0,19.0,22.0,216.1813930660268,40.22220920136585,0,255,223.0,207.0,242.0,156.90862861116034,43.8251104231657,51,255,160.0,123.0,191.0,IMG20200717090617.jpg,fully_ripe
20.974825706347957,2.9498451155382934,0,177,21.0,20.0,22.0,216.97478639199036,39.54337367825989,0,255,224.0,204.0,245.0,162.9503066519893,39.84596980864448,51,240,172.0,135.0,192.0,IMG20200717090624.jpg,fully_ripe
21.793405962587197,1.6224700509747931,5,173,22.0,21.0,23.0,205.20693097725032,34.05225281331512,9,255,207.0,193.0,224.0,162.40310483820647,37.85176652565971,52,235,170.0,141.0,187.0,IMG20200717090635.jpg,fully_ripe
20.940321492662687,1.6739526324926088,11,35,21.0,20.0,22.0,204.40377492968145,34.66748233209813,14,255,203.0,189.0,226.0,163.1061714882081,39.984218533073374,52,239,165.0,134.0,199.0,IMG20200717090643.jpg,fully_ripe
20.736245132893178,2.563133587336508,0,173,21.0,19.0,22.0,211.25891950228544,34.23612554621811,0,255,215.0,201.0,229.0,158.60959454884036,42.01533196626126,52,244,163.0,130.0,190.0,IMG20200717090654.jpg,fully_ripe
21.877111924044744,3.9849777544558225,0,177,21.0,20.0,23.0,203.55450297096698,36.846041593248216,0,255,205.0,192.0,224.0,162.88886891797594,41.54220636939999,51,250,167.0,133.0,193.0,IMG20200717090706.jpg,fully_ripe
22.192906714009037,3.2427677699598476,0,170,22.0,20.0,23.0,209.04663290832795,37.04771192564753,0,255,211.0,197.0,232.0,156.57677332149774,40.37291064712206,51,242,159.0,128.0,190.0,IMG20200717090711.jpg,fully_ripe
23.282510326606662,3.2509808156606543,0,173,23.0,21.0,25.0,205.33503553930026,36.94419968503025,0,255,206.0,190.0,229.0,149.48329505012964,39.30903010281815,51,239,153.0,120.0,179.0,IMG20200717090721.jpg,fully_ripe
21.255218887865418,2.874637251280899,0,165,21.0,20.0,22.0,206.651156251515,30.479822969904134,0,255,209.0,198.0,221.0,156.5232656227275,41.57541823490492,51,237,163.0,124.0,191.0,IMG20200717090728.jpg,fully_ripe
22.12029727335368,2.309016396304035,0,42,22.0,21.0,23.0,206.83816320503988,38.65649443338945,0,255,210.0,192.0,233.0,142.3338812875283,35.84168469332541,51,255,145.0,118.0,167.0,IMG20200717090742.jpg,fully_ripe
22.757275803722504,2.3615162424623324,0,177,23.0,21.0,24.0,213.13146268095505,42.45323256481384,0,255,220.0,196.0,247.0,151.15886444820455,37.897037857689526,52,244,155.0,125.0,180.0,IMG20200717090752.jpg,fully_ripe
23.71202575948481,3.3403182518580414,0,165,24.0,22.0,26.0,212.532559348813,36.44442016210964,0,255,215.0,195.0,241.0,134.57580848383031,38.585269488477216,52,234,131.0,105.0,161.0,IMG20200717090759.jpg,fully_ripe
24.071739287670102,2.2496764550767976,11,36,24.0,23.0,25.0,214.46995794629112,40.155810587341925,9,255,219.0,198.0,248.0,157.16801851603103,45.97154517949978,52,245,160.0,121.0,198.0,IMG20200717090812.jpg,fully_ripe
22.27639888684651,2.7918452332731367,0,165,22.0,21.0,24.0,223.79112968648914,38.29150271143466,0,255,233.0,210.0,253.0,166.11421119109477,42.43996213525361,51,255,171.0,136.0,200.0,IMG20200717090824.jpg,fully_ripe
21.088780741591787,3.058871097940127,0,165,20.0,19.0,23.0,213.40055928290394,36.72280532033427,0,255,218.0,198.0,240.0,154.3151168966302,36.202224099598936,51,230,160.0,130.0,184.0,IMG20200717090830.jpg,fully_ripe
20.35648798128058,4.028708127432598,0,177,20.0,19.0,21.0,210.65945543501383,36.18707162478422,0,255,214.0,198.0,234.0,156.34203360987024,42.45930805731476,52,252,156.0,122.0,192.0,IMG20200717090837.jpg,fully_ripe
19.348072202471645,2.9730898853885845,0,173,19.0,18.0,20.0,208.31501819874725,35.019686288520774,0,255,211.0,194.0,231.0,162.96585618757408,39.003183947852996,51,255,167.0,136.0,191.0,IMG20200717090840.jpg,fully_ripe
19.641001763030605,3.645363938269566,0,177,19.0,18.0,20.0,202.59877039916822,35.45751374249198,0,255,203.0,192.0,220.0,164.8840377921432,36.89361875230097,51,255,171.0,142.0,192.0,IMG20200717090844.jpg,fully_ripe
22.267635924833833,3.146892570553376,5,45,23.0,20.0,24.0,218.1626232252163,35.310929450569816,20,255,221.0,202.0,247.0,154.54741677128038,37.210551454103765,52,254,158.0,129.0,184.0,IMG20200717090849.jpg,fully_ripe
21.960816277844597,2.2712615097634323,0,165,22.0,20.0,23.0,220.3763704859696,34.85524916082214,0,255,223.0,209.0,247.0,169.87975507688637,42.21451162893481,52,255,176.0,141.0,203.0,IMG20200717090904.jpg,fully_ripe
23.3620939040405,2.8452211738849122,0,173,23.0,22.0,24.0,203.25186989703673,31.7597835988939,0,255,205.0,188.0,221.0,148.06390004377366,40.83019178417907,52,239,149.0,118.0,181.0,IMG20200717090939.jpg,fully_ripe
22.078592434844335,1.694203288450305,0,173,22.0,21.0,23.0,220.84337749260172,33.14331956508024,0,255,225.0,209.0,244.0,155.45155848106867,41.613247782393444,51,237,160.0,125.0,188.0,IMG20200717090948.jpg,fully_ripe
23.483749122442724,2.786100842001228,0,165,23.0,23.0,24.0,208.82690120929865,38.852261484567016,0,255,209.0,193.0,237.0,151.93534256869665,39.92387649936566,51,246,155.0,126.0,177.0,IMG20200717091002.jpg,fully_ripe
21.735418812426644,1.4101549983960693,0,50,22.0,21.0,23.0,226.31253443196243,28.198596479098413,0,255,229.0,213.0,249.0,167.98734101415602,35.990968314678234,52,240,177.0,144.0,194.0,IMG20200717091035.jpg,fully_ripe
21.779924337957127,1.5960988045929514,8,36,22.0,21.0,23.0,212.14083228247162,35.27950495935876,9,255,216.0,199.0,234.0,161.56192938209333,40.88830059637571,51,246,170.0,131.0,194.0,IMG20200717091047.jpg,fully_ripe
20.846353378013614,3.543202302971939,0,173,21.0,19.0,22.0,209.8060094539613,41.34299514737022,0,255,214.0,200.0,234.0,159.30331678670652,42.29310573630937,51,244,166.0,129.0,191.0,IMG20200717091112.jpg,fully_ripe
20.556624263108905,3.1856282174676864,0,173,21.0,19.0,22.0,214.16187403040647,41.00102625067701,0,255,219.0,202.0,243.0,163.1940676388458,45.281491886522545,51,253,172.0,124.0,200.0,IMG20200717091115.jpg,fully_ripe
20.16241695280278,2.126515335352787,0,50,20.0,19.0,21.0,217.1137873585404,33.54895134952033,0,255,220.0,203.0,241.0,164.89412625205713,39.31063363335878,51,249,171.0,135.0,195.0,IMG20200717091135.jpg,fully_ripe
24.245918914421992,3.7334359586369645,6,66,23.0,22.0,25.0,213.38617330054907,35.13805570459814,12,255,216.0,200.0,238.0,152.79259950823612,34.45170078210036,52,228,156.0,128.0,181.0,IMG20200717091159.jpg,fully_ripe
21.675582883360903,2.9631148441928787,0,75,21.0,20.0,22.0,212.36064379870368,35.01963538271366,0,255,215.0,202.0,233.0,160.10208391855758,42.4209620946784,51,238,170.0,128.0,194.0,IMG20200717091212.jpg,fully_ripe
20.88304663092529,2.791456408226802,0,173,21.0,20.0,21.0,216.49142785513172,37.819192885577046,0,255,220.0,204.0,244.0,165.82263663362517,40.253892469339505,52,251,173.0,136.0,197.0,IMG20200717091217.jpg,fully_ripe
25.026430456395882,4.1719281379525235,0,179,25.0,23.0,27.0,203.2596915082953,42.699307660229444,5,255,204.0,183.0,238.0,144.86407339975042,44.78021946199268,52,252,138.0,110.0,177.0,IMG20200717091236.jpg,fully_ripe
24.664005344194116,4.175658818116479,0,173,24.0,22.0,27.0,197.79033735225352,40.56348576380247,0,255,199.0,180.0,224.0,134.54798461389274,41.68382636392318,51,240,128.0,102.0,167.0,IMG20200717091245.jpg,fully_ripe
23.541158358549662,3.495717732541602,0,173,23.0,22.0,25.0,206.10379572118703,37.349879346681355,0,255,207.0,194.0,227.0,149.59997876519617,41.93516671937891,51,241,152.0,116.0,187.0,IMG20200717091251.jpg,fully_ripe
22.091391472626256,3.207822702142853,0,173,22.0,20.0,23.0,211.78359031982853,31.673821726739074,0,255,211.0,198.0,231.0,158.67909981896497,42.9067400499765,52,250,163.0,125.0,192.0,IMG20200717091256.jpg,fully_ripe
21.952992852601767,2.5335527627808587,0,173,22.0,21.0,23.0,217.5681699963396,31.659742115504887,0,255,217.0,205.0,239.0,160.86896757662743,46.18233750260033,51,251,173.0,122.0,199.0,IMG20200717091304.jpg,fully_ripe
23.599968998656607,2.823727320628678,0,173,23.0,22.0,25.0,205.82521442595845,38.57102568899688,0,255,208.0,190.0,231.0,145.55863387413456,41.31111751594759,51,247,153.0,114.0,176.0,IMG20200717091309.jpg,fully_ripe
22.247105116333703,4.550965090675003,0,177,21.0,19.0,25.0,212.2960954553018,37.952652557481024,0,255,216.0,202.0,238.0,161.50171784305473,41.48189453785634,51,241,167.0,129.0,197.0,IMG20200717091335.jpg,fully_ripe
23.07861941867435,5.225930093969594,0,173,22.0,19.0,28.0,218.52036607949614,37.04041357944244,0,255,222.0,205.0,247.0,155.67785541112374,40.37382450703407,52,239,157.0,125.0,189.0,IMG20200717091351.jpg,fully_ripe
23.78796419581507,3.2588003798394074,0,173,24.0,22.0,26.0,211.38251387363573,45.11506470339464,0,255,219.0,197.0,245.0,155.24514787206127,43.51552269259481,51,245,162.0,126.0,189.0,IMG20200717091402.jpg,fully_ripe
21.75381668243567,2.6087482656456036,0,177,22.0,20.0,23.0,214.28172781535082,33.578070150038315,6,255,218.0,205.0,233.0,161.21883870063425,43.583791095782125,52,255,167.0,129.0,193.0,IMG20200717091414.jpg,fully_ripe
22.449123514003627,4.097637296039069,0,177,22.0,21.0,23.0,211.95190660890592,38.7371525456908,0,255,215.0,199.0,238.0,148.9741461817449,45.18090301896027,51,249,151.0,111.0,184.0,IMG20200717091422.jpg,fully_ripe
22.348151935355148,2.860624444618463,0,178,22.0,21.0,23.0,206.421875,38.484687034056485,0,255,208.0,193.0,230.0,154.41974261771747,39.47270407272909,52,232,158.0,123.0,188.0,IMG20200717091428.jpg,fully_ripe
21.016062895695057,2.338072469863015,0,177,21.0,20.0,22.0,211.1004450373416,37.70985186162851,0,255,215.0,202.0,232.0,162.25292773337125,39.91856884146575,52,242,170.0,132.0,196.0,IMG20200717091432.jpg,fully_ripe
21.556323175513075,1.9249318695654845,0,165,22.0,20.0,23.0,208.53470513479166,38.05230675708344,0,255,211.0,197.0,231.0,158.92987318497688,45.07690767212128,52,245,167.0,123.0,197.0,IMG20200717091452.jpg,fully_ripe
23.598966495279292,1.8983090069337503,0,173,24.0,23.0,25.0,217.75419942237707,38.99214198071683,0,255,222.0,200.0,250.0,156.93335319182003,40.88478166232951,52,242,162.0,126.0,191.0,IMG20200717091524.jpg,fully_ripe
21.393807489481294,2.6983357884187464,5,36,21.0,20.0,22.0,222.78703352257585,34.366521812441334,7,255,228.0,208.0,251.0,161.59344084892632,45.03394950423808,52,255,164.0,126.0,196.0,IMG20200717091549.jpg,fully_ripe
22.630531518492287,2.8746535717503043,11,35,22.0,21.0,25.0,221.48027592153483,30.74589077299585,39,255,225.0,203.0,250.0,146.69035044498506,34.81386451741633,52,234,149.0,122.0,171.0,IMG20200717091600.jpg,fully_ripe
24.055921447491617,2.784766651641445,8,36,25.0,22.0,26.0,212.95960339625964,38.38693223314715,6,255,216.0,195.0,244.0,152.67389825625594,39.01650671990108,52,244,152.0,125.0,183.0,IMG20200717091605.jpg,fully_ripe
24.759222515309258,3.113270965894393,6,43,24.0,23.0,26.0,217.48774092143452,38.49853335986753,7,255,224.0,205.0,247.0,152.9521075032875,42.66361183816802,52,243,159.0,117.0,189.0,IMG20200717091613.jpg,fully_ripe
24.54893339315577,3.4790426847824505,0,165,24.0,22.0,27.0,220.90444181588285,39.881640017916396,0,255,230.0,206.0,253.0,161.5885385650773,38.93351850016669,52,252,166.0,136.0,191.0,IMG20200717091626.jpg,fully_ripe
21.82131186036045,1.794087664516264,0,36,22.0,21.0,23.0,219.13654775649178,36.13101806083879,13,255,223.0,205.0,249.0,174.1527503277694,46.72168143730081,52,255,183.0,140.0,213.0,IMG20200717091647.jpg,fully_ripe
22.51272034959999,2.11607388971847,0,165,23.0,22.0,24.0,216.0123405640555,37.15134906614519,0,255,221.0,201.0,244.0,178.1997671963935,46.51981084427902,52,255,182.0,150.0,218.0,IMG20200717091702.jpg,fully_ripe
23.053862297354538,2.269238629298662,0,177,23.0,22.0,24.0,212.49845007508952,37.53007352397833,8,255,215.0,197.0,241.0,172.02553044014016,47.11561920591892,52,255,182.0,135.0,209.0,IMG20200717091707.jpg,fully_ripe
23.807999338593962,2.2549455292814877,5,42,23.0,22.0,25.0,214.88001910728556,35.914072864402705,20,255,218.0,196.0,246.0,169.59844385856934,41.95787042154577,52,254,176.0,142.0,202.0,IMG20200717091712.jpg,fully_ripe
23.220121821109192,2.185655068953905,13,51,23.0,22.0,24.0,214.58967818277046,33.784450471623636,23,255,215.0,197.0,243.0,165.40255281177863,42.86666619041987,52,248,170.0,132.0,201.0,IMG20200717091718.jpg,fully_ripe
21.413586515974544,1.740163535222729,0,165,21.0,20.0,22.0,222.69496026163034,33.90013860983105,0,255,227.0,209.0,251.0,179.40755820995648,42.348378868742664,51,255,188.0,152.0,214.0,IMG20200717091725.jpg,fully_ripe
21.777756291877363,2.3551452890275377,0,177,22.0,21.0,23.0,218.91076798128148,34.96360268751268,7,255,223.0,205.0,248.0,174.73156912605026,47.051663070350386,53,255,186.0,137.0,212.0,IMG20200717091728.jpg,fully_ripe
21.096170024352446,1.7803022619130444,0,38,21.0,20.0,22.0,218.3236329422183,32.34260861306697,8,255,219.0,208.0,239.0,170.0571286251937,39.48625138824467,52,239,175.0,145.0,204.0,IMG20200717091739.jpg,fully_ripe
21.907787859148844,2.2053808608363323,0,177,22.0,21.0,23.0,217.5791099589544,32.576448066989634,0,255,219.0,205.0,239.0,173.71796284294663,36.06036960840822,51,237,184.0,152.0,200.0,IMG20200717091745.jpg,fully_ripe
21.357885726514017,2.0668255877197432,0,173,21.0,20.0,22.0,216.7852985234325,36.11162251931711,0,255,220.0,204.0,241.0,160.52688850845283,36.29131122718294,52,239,167.0,136.0,189.0,IMG20200717091748.jpg,fully_ripe
21.44717095923748,1.627491268422467,0,173,21.0,20.0,22.0,215.37335226120462,36.234541192105944,4,255,220.0,200.0,241.0,158.89264066337682,35.1954075491981,51,241,161.0,135.0,185.0,IMG20200717091754.jpg,fully_ripe
21.55490898571365,1.6612653801168715,0,177,22.0,20.0,23.0,212.06698117406205,31.28529014949352,6,255,213.0,201.0,230.0,164.57805198273175,42.205408583503186,52,234,174.0,136.0,199.0,IMG20200717091801.jpg,fully_ripe
20.845499970308033,2.23992162217351,6,35,21.0,19.0,23.0,226.62766273318798,29.189064341128585,11,255,229.0,215.0,249.0,161.0689277806527,36.73265500734759,52,237,167.0,138.0,188.0,IMG20200717092037.jpg,fully_ripe
21.113679125140703,2.3657053535031727,6,173,21.0,20.0,23.0,226.1053232657689,29.163842416124286,7,255,230.0,213.0,250.0,165.87955073904578,35.6479476022065,52,255,174.0,141.0,191.0,IMG20200717092040.jpg,fully_ripe
21.374418350260427,2.5835296402705166,8,35,21.0,20.0,23.0,216.83284669690264,31.34582740117174,10,255,219.0,203.0,239.0,160.0662470654561,34.45809524336763,51,237,167.0,137.0,187.0,IMG20200717092046.jpg,fully_ripe
22.192219304005253,2.57836422205869,8,35,22.0,21.0,23.0,214.57499049659606,32.39538790798619,28,255,215.0,196.0,242.0,156.0596727373259,38.7682275994084,52,247,161.0,126.0,184.0,IMG20200717092052.jpg,fully_ripe
21.94298588164614,1.995859455146553,0,75,22.0,21.0,23.0,217.65094623009912,33.077838727259184,0,255,220.0,205.0,240.0,158.42131914345794,42.21973846787974,52,239,166.0,125.0,193.0,IMG20200717092106.jpg,fully_ripe
22.492504639984773,2.784440433397746,0,165,22.0,21.0,23.0,205.13938990148955,38.61989942945358,0,255,208.0,188.0,232.0,152.29873173749584,48.575693393746164,52,254,153.0,111.0,191.0,IMG20200717092152.jpg,fully_ripe
21.250045865548422,2.5608564031369454,0,177,21.0,20.0,22.0,201.51694404403094,39.332902334045215,0,255,200.0,184.0,230.0,154.65520901585637,40.832819338917474,51,242,156.0,125.0,186.0,IMG20200717092159.jpg,fully_ripe
20.73635909318068,1.6396440724936505,0,75,21.0,20.0,22.0,219.30195129707874,34.455694055627696,0,255,222.0,202.0,249.0,173.96941302076235,36.97956762903849,52,241,181.0,152.0,202.0,IMG20200717092206.jpg,fully_ripe
21.939022446540044,2.981247121761344,0,43,22.0,20.0,24.0,195.40326736618408,40.07647523998854,6,255,198.0,174.0,222.0,145.20939035728517,45.496532171660405,52,248,140.0,107.0,182.0,IMG20200717092228.jpg,fully_ripe
23.270942469597756,2.932266608845886,0,165,23.0,22.0,25.0,206.962874181478,40.30566546918697,0,255,209.0,188.0,239.0,163.49028297474274,50.60776296825863,51,255,162.0,123.0,209.0,IMG20200717092238.jpg,fully_ripe
20.419200652125582,1.943813791938537,0,173,21.0,19.0,21.0,220.3027937652842,35.96451094931174,8,255,225.0,208.0,247.0,158.52916038831114,39.704990385918414,52,249,163.0,128.0,187.0,IMG20200717092255.jpg,fully_ripe
21.192364628871463,1.471175800091254,0,35,21.0,20.0,22.0,220.79055351236323,30.472542839309078,18,255,223.0,206.0,243.0,166.31733860708255,36.88659901500559,53,239,173.0,145.0,192.0,IMG20200717092258.jpg,fully_ripe
21.307972559675395,1.5688009058914714,5,83,21.0,20.0,23.0,212.01144159183127,32.668812590039906,5,255,213.0,199.0,233.0,161.6371102365083,38.81561061605435,54,241,169.0,136.0,192.0,IMG20200717092304.jpg,fully_ripe
21.33136209875642,1.6032381087850536,0,120,21.0,21.0,22.0,215.322576719963,39.218355278575075,0,255,222.0,201.0,243.0,158.67346864276848,38.48013920548272,52,237,166.0,127.0,189.0,IMG20200717092310.jpg,fully_ripe
20.31303703526656,2.514269202796078,0,165,20.0,19.0,21.0,215.97440156793385,41.49383440098478,0,255,223.0,205.0,245.0,171.80865709812733,44.84311217881765,52,251,180.0,135.0,210.0,IMG20200717092316.jpg,fully_ripe
21.012723851301672,3.2018175725987024,0,177,21.0,20.0,22.0,214.10853283152426,38.89177343405106,0,255,217.0,204.0,240.0,173.59439452662536,43.53740745577321,51,250,178.0,145.0,208.0,IMG20200717092323.jpg,fully_ripe
21.304851326516186,2.2585891074778233,0,177,21.0,20.0,22.0,220.4287262617219,37.223201103158594,0,255,226.0,208.0,248.0,167.18861033881532,39.210688189408536,52,243,175.0,143.0,196.0,IMG20200717092329.jpg,fully_ripe
21.42531759044103,1.7531792035228404,0,173,22.0,21.0,23.0,215.29390533032944,33.60709787494627,8,255,217.0,201.0,239.0,165.5884004293516,39.6764715256632,51,236,177.0,136.0,198.0,IMG20200717092335.jpg,fully_ripe
21.076956956956955,1.9035827211669774,0,36,21.0,20.0,22.0,209.00516516516515,37.854941332200546,0,255,210.0,192.0,237.0,156.57904571237904,43.784308456614184,52,243,160.0,123.0,194.0,IMG20200717092348.jpg,fully_ripe
21.43138061235934,2.1375025578852243,0,165,22.0,20.0,23.0,210.94440913679017,36.956236861783914,0,255,213.0,201.0,232.0,159.57708076314378,41.297100487096124,51,244,169.0,127.0,192.0,IMG20200717092355.jpg,fully_ripe
22.84137497926393,2.0827704231583404,0,36,23.0,22.0,24.0,207.99127900087683,37.32923273045637,0,255,209.0,194.0,233.0,168.20643647652676,41.537770994850355,52,246,175.0,139.0,202.0,IMG20200717092414.jpg,fully_ripe
22.663024005732712,3.327225783491222,0,165,23.0,21.0,24.0,202.74758151200285,41.94900237353011,0,255,206.0,191.0,227.0,144.90597328146595,41.64615744457155,51,245,143.0,115.0,177.0,IMG20200717092418.jpg,fully_ripe
21.68653410392851,2.538250837213435,0,177,22.0,21.0,23.0,207.31457341446648,38.91026081216426,0,255,208.0,194.0,233.0,163.258140896708,44.08112491742927,51,251,172.0,127.0,197.0,IMG20200717092424.jpg,fully_ripe
23.31161487140058,4.04013898926126,0,177,23.0,22.0,25.0,204.06751159502963,44.48165610050558,0,255,212.0,189.0,233.0,157.94175202758004,38.5638857697556,51,227,165.0,135.0,188.0,IMG20200717092429.jpg,fully_ripe
22.563849138338924,2.2311912258013415,0,173,23.0,22.0,23.0,206.96466085566783,41.19089097676735,0,255,213.0,197.0,230.0,167.2976331920889,46.65658078347612,52,255,172.0,135.0,204.0,IMG20200717092448.jpg,fully_ripe
21.5261355969751,2.7637574395934656,0,165,22.0,21.0,22.0,206.3534120774552,36.683577735173984,0,255,209.0,196.0,225.0,167.47154839944014,45.50920682708828,51,255,179.0,132.0,204.0,IMG20200717092454.jpg,fully_ripe
21.185890844780786,2.3399721541619054,0,177,21.0,21.0,22.0,212.60300649831373,34.15529972748858,0,255,214.0,195.0,240.0,169.52185983384058,40.24315611314088,52,252,177.0,142.0,200.0,IMG20200717092458.jpg,fully_ripe
21.716326326326325,4.121704521891811,0,178,21.0,21.0,22.0,206.52307307307308,39.915948455558116,0,255,207.0,189.0,237.0,165.3583983983984,43.921599081810996,51,255,165.0,133.0,202.0,IMG20200717092504.jpg,fully_ripe
22.676995216217495,3.3032899309264385,0,177,23.0,22.0,24.0,215.12868848576707,39.32108164127824,0,255,221.0,201.0,245.0,161.77956709136552,44.34395436040073,52,248,167.0,131.0,197.0,IMG20200717092509.jpg,fully_ripe
24.136366947274222,2.832037412817302,0,177,24.0,23.0,25.0,210.38534458538413,44.475381287678985,0,255,217.0,197.0,244.0,165.28100644114005,49.12596384003707,51,255,172.0,128.0,207.0,IMG20200717092518.jpg,fully_ripe
24.45976383213167,2.5683261439274516,0,165,24.0,23.0,26.0,217.97644394700538,42.16013071853031,7,255,227.0,203.0,251.0,167.0654363726281,46.86143922300985,51,255,169.0,132.0,206.0,IMG20200717092542.jpg,fully_ripe
23.040026263079596,2.2680974481563245,0,75,23.0,22.0,24.0,210.01177683031224,32.87548558549929,0,255,209.0,195.0,231.0,156.81177849253248,39.775158709525414,52,242,161.0,128.0,187.0,IMG20200717092548.jpg,fully_ripe
22.644289739764627,2.007523927333895,8,35,22.0,21.0,24.0,222.6591727952402,32.12279802934504,30,255,228.0,208.0,249.0,153.88610885742452,37.8210707094959,53,228,159.0,128.0,185.0,IMG20200717092555.jpg,fully_ripe
23.848824696057417,3.274874769817851,0,165,23.0,22.0,26.0,224.26861676108823,38.755367072624246,0,255,237.0,209.0,253.0,156.66937628402957,44.49035940318138,52,255,154.0,122.0,193.0,IMG20200717092609.jpg,fully_ripe
24.392048260777536,3.13968228825191,0,165,24.0,23.0,26.0,214.8334244690609,43.117640540431864,0,255,220.0,200.0,250.0,163.50743491145136,48.01358627936543,52,255,163.0,128.0,203.0,IMG20200717092613.jpg,fully_ripe
22.490068974326224,3.10769110612382,5,37,22.0,21.0,23.0,226.2390364882701,31.358212217380135,14,255,230.0,214.0,252.0,164.93532592497976,41.1127008715086,52,247,168.0,132.0,198.0,IMG20200717092630.jpg,fully_ripe
22.948427686888714,1.8371339005755827,11,35,23.0,22.0,24.0,216.1053267021854,34.47226594072484,11,255,218.0,196.0,247.0,163.8784683377455,37.02683042821687,52,242,168.0,136.0,190.0,IMG20200717092703.jpg,fully_ripe
21.594441873230796,3.0052900683131503,6,39,21.0,20.0,22.0,217.8876212207644,29.337093877079017,8,255,218.0,207.0,235.0,162.59644383213683,38.376805547185974,54,233,170.0,132.0,194.0,IMG20200717092708.jpg,fully_ripe
23.976919948485055,2.3046164547954593,0,165,24.0,23.0,25.0,219.18103662531914,37.89429071635142,0,255,224.0,204.0,251.0,163.31408301136491,44.38463570096012,52,251,168.0,131.0,201.0,IMG20200717092723.jpg,fully_ripe
22.732083980345024,1.8790205678174554,6,173,23.0,22.0,24.0,219.8112143966306,34.66289660440452,9,255,226.0,202.0,248.0,155.8155750781732,39.444618158641724,52,243,164.0,129.0,185.0,IMG20200717092728.jpg,fully_ripe
23.816388379944918,2.5113065957765093,0,173,23.0,23.0,25.0,216.25793664511818,36.33715261948524,8,255,220.0,202.0,243.0,148.87445408557173,40.594986507286414,52,234,154.0,120.0,182.0,IMG20200717092746.jpg,fully_ripe
23.274233409610986,1.8588374286774567,6,43,23.0,22.0,24.0,210.20346681922197,35.08957754821304,18,255,213.0,196.0,233.0,152.6137757437071,32.76946076017484,52,224,158.0,131.0,176.0,IMG20200717092801.jpg,fully_ripe
22.92279111243219,2.131424975964448,0,165,23.0,22.0,24.0,212.91207974606948,36.67684162555431,0,255,215.0,197.0,239.0,160.03520207220885,33.96086242026367,51,233,164.0,138.0,186.0,IMG20200717092805.jpg,fully_ripe
22.847609140851024,3.4941137193257106,0,177,22.0,21.0,24.0,208.55445394359023,38.61252818099747,0,255,212.0,192.0,235.0,161.50751443834042,37.938957935568304,52,247,167.0,136.0,190.0,IMG20200717092809.jpg,fully_ripe
21.458355048545563,2.0378504799595945,0,177,22.0,21.0,22.0,208.10056556063853,33.247808049283755,0,255,209.0,196.0,227.0,170.5134923851989,37.31686982713198,51,243,181.0,147.0,198.0,IMG20200717092830.jpg,fully_ripe
22.86569553224475,2.383731472151889,11,36,23.0,21.0,24.0,209.59933154811043,32.4433034139968,19,255,210.0,195.0,232.0,155.8810377111563,40.89758662915997,52,233,161.0,124.0,190.0,IMG20200717092838.jpg,fully_ripe
24.654436046084978,2.9203359441908163,6,165,24.0,23.0,26.0,213.72144455859691,36.682931049043184,6,255,216.0,197.0,242.0,158.34226168635797,41.50273318093451,51,244,160.0,128.0,192.0,IMG20200717092844.jpg,fully_ripe
21.346432427127294,1.8812671377684955,4,173,22.0,21.0,22.0,208.20499558347237,33.965255242942106,6,255,210.0,196.0,227.0,163.02277946805378,45.29628160439612,51,255,171.0,129.0,199.0,IMG20200717092856.jpg,fully_ripe
21.22449313749097,1.38366346144485,0,43,22.0,21.0,22.0,213.96002889477487,33.173860843941114,0,255,215.0,201.0,236.0,170.86668914038046,38.945648204031585,52,242,182.0,145.0,200.0,IMG20200717092859.jpg,fully_ripe
22.646145887221934,3.9101311929336395,0,177,22.0,21.0,23.0,212.0415265563028,36.0122942314723,0,255,213.0,199.0,237.0,162.2725793240214,40.339084466610956,51,252,167.0,133.0,193.0,IMG20200717092916.jpg,fully_ripe
21.600040259578424,2.4604083542340978,0,165,21.0,20.0,22.0,213.33055031009462,33.093571406839125,0,255,214.0,200.0,234.0,165.1680645686953,39.46525076668933,52,252,171.0,138.0,193.0,IMG20200717092923.jpg,fully_ripe
23.112302309307207,1.90707454699163,0,165,23.0,22.0,24.0,209.66310240261254,30.562161969265304,0,255,210.0,194.0,228.0,152.15240494518312,42.00669441551495,52,241,160.0,120.0,186.0,IMG20200717092937.jpg,fully_ripe
22.473389848738183,3.128627497485715,0,173,22.0,20.0,24.0,212.65913779785475,35.234392867615504,0,255,213.0,193.0,242.0,141.1353045280768,43.14228766864249,51,253,140.0,104.0,173.0,IMG20200717092941.jpg,fully_ripe
23.075412752927544,3.6603679530131608,0,165,22.0,21.0,25.0,209.49957586791908,35.298688407704354,0,255,211.0,196.0,231.0,149.42334588488436,44.866687238918324,51,242,155.0,110.0,186.0,IMG20200717092951.jpg,fully_ripe
20.52069515806175,2.5590363005082555,0,165,20.0,19.0,22.0,210.07102862361288,33.763948470657084,0,255,210.0,192.0,236.0,152.69719667549143,41.31732282475585,52,244,155.0,121.0,183.0,IMG20200717093009.jpg,fully_ripe
20.689044267456936,2.652543781079345,0,165,21.0,19.0,22.0,197.8434061863308,32.868898454330356,0,255,199.0,181.0,219.0,151.12412483793295,43.009959924013906,52,255,145.0,120.0,186.0,IMG20200717093015.jpg,fully_ripe
23.104556182314248,1.844095835343191,6,55,23.0,22.0,24.0,213.2230721590814,35.73825433688183,13,255,215.0,197.0,242.0,155.42210802939258,40.20218541275438,52,255,159.0,126.0,185.0,IMG20200717093036.jpg,fully_ripe
20.78859830047026,2.085332156804135,5,165,21.0,20.0,22.0,206.27234551604653,28.355588649462643,6,255,208.0,192.0,223.0,161.12946126557216,39.48649794911705,51,255,168.0,136.0,187.0,IMG20200717093050.jpg,fully_ripe
23.93030807000871,2.354394833035782,0,75,24.0,22.0,25.0,208.12810841846837,35.36546865430287,0,255,210.0,191.0,233.0,152.9530569414746,36.85545813109085,52,239,156.0,130.0,179.0,IMG20200717093116.jpg,fully_ripe
34.81960863222496,2.6886895674057816,12,51,35.0,34.0,36.0,179.35643644046482,37.884559689512365,7,255,181.0,166.0,199.0,109.00577493837719,28.053800311346457,52,192,109.0,87.0,129.0,IMG20200713141604.jpg,unripe
35.4749759473061,3.3633871844818937,0,140,36.0,35.0,37.0,175.83402716104203,43.44820794912809,0,255,180.0,161.0,201.0,127.06790260509177,32.72101993747981,51,248,129.0,102.0,152.0,IMG20200713141623.jpg,unripe
37.38606966033888,2.4637785779403414,0,120,38.0,37.0,39.0,178.90263796842734,42.44387885339815,0,255,180.0,156.0,205.0,115.88215115826947,28.99320304031217,51,194,112.0,97.0,133.0,IMG20200713141640.jpg,unripe
36.803979446813166,3.4557693716158258,5,75,38.0,36.0,39.0,178.98823658029954,44.01002408698032,8,255,181.0,154.0,207.0,122.42061878211436,32.42760302903989,52,217,121.0,97.0,146.0,IMG20200713141737.jpg,unripe
37.381235697940504,2.974881381075283,0,75,38.0,36.0,39.0,164.90954560313827,38.05680197997355,0,255,166.0,146.0,186.0,100.98735697940504,26.786472912624824,51,185,97.0,79.0,120.0,IMG20200713141824.jpg,unripe
36.4237841849616,2.630208522330997,8,55,37.0,36.0,38.0,186.1640082965005,42.658042858360865,10,255,191.0,167.0,214.0,117.23438939214218,33.41595592236878,52,217,113.0,90.0,142.0,IMG20200713141846.jpg,unripe
33.78296190497782,2.7047187948015816,5,43,34.0,33.0,35.0,186.07756542504552,38.88652109805205,10,255,186.0,165.0,210.0,121.36474037800298,32.69917737912552,52,204,122.0,98.0,145.0,IMG20200713142056.jpg,unripe
34.68174268465294,2.2125219090589034,0,165,35.0,34.0,36.0,175.2416158756752,35.31073249512813,0,255,175.0,156.0,195.0,125.07534157543546,28.106653319818417,52,199,128.0,109.0,145.0,IMG20200713142139.jpg,unripe
35.6481131518337,2.2700007785090834,5,43,36.0,35.0,37.0,174.6899742120908,37.968632676740036,16,255,175.0,155.0,197.0,110.32268351739208,29.020026934217686,52,188,110.0,88.0,130.0,IMG20200713142211.jpg,unripe
36.30439906126729,1.9018577988292686,10,45,37.0,35.0,37.0,168.9389524142408,35.858638450539665,8,255,169.0,151.0,188.0,115.02889099715384,28.981557717882993,51,186,118.0,92.0,138.0,IMG20200713142220.jpg,unripe
35.513922368795676,2.377594786666381,0,43,36.0,35.0,37.0,175.41620005694222,37.27728607602389,0,255,176.0,158.0,196.0,118.55675239631773,28.26060059830639,51,208,119.0,100.0,139.0,IMG20200713142228.jpg,unripe
34.871441996083014,2.4100154469894433,0,110,35.0,34.0,36.0,184.070470653329,40.245386597326466,0,255,185.0,163.0,208.0,118.28353372034813,31.922260781501343,52,203,117.0,93.0,143.0,IMG20200713142241.jpg,unripe
34.704555217622904,2.940591799533071,6,165,35.0,34.0,36.0,194.76907744385448,40.41428407080835,8,255,196.0,174.0,222.0,122.1284344553843,30.8697266422608,52,205,125.0,99.0,144.0,IMG20200713142258.jpg,unripe
34.230270373787846,2.859475785368904,8,43,35.0,34.0,36.0,182.64421386166194,39.854969618502864,9,255,185.0,164.0,206.0,108.20654955692126,26.060736877185214,52,193,106.0,89.0,125.0,IMG20200713142856.jpg,unripe
34.30335399654863,2.3488188325967965,6,165,35.0,34.0,35.0,181.42946388114956,44.34830350094904,7,255,188.0,162.0,211.0,103.94446961736095,26.506774611076953,51,180,100.0,84.0,122.0,IMG20200713142909.jpg,unripe
35.11544428043587,1.6495674398027036,22,43,35.0,35.0,36.0,169.56802647537208,36.42558499904508,7,255,171.0,152.0,191.0,103.99503586773596,24.370246791093866,51,182,104.0,86.0,121.0,IMG20200713142917.jpg,unripe
37.375623462611685,2.368126830879368,0,75,38.0,37.0,38.0,166.06945835318368,41.16554033506894,0,255,168.0,146.0,190.0,106.53943978299127,25.089888136064225,51,175,108.0,88.0,125.0,IMG20200713142946.jpg,unripe
38.00518207434118,2.607970570161162,0,165,38.0,37.0,39.0,161.06602826389712,42.33560378126607,0,255,161.0,141.0,185.0,105.51535729322984,25.98442812482614,51,190,104.0,87.0,121.0,IMG20200713143028.jpg,unripe
38.804422770508424,2.713841605488328,0,177,39.0,38.0,40.0,157.8246825358505,37.300462141813185,0,255,160.0,142.0,178.0,102.34624112790304,23.13286939220944,51,174,101.0,85.0,120.0,IMG20200713143043.jpg,unripe
37.274884514385384,1.9400647422943282,5,83,37.0,36.0,38.0,166.14924958310172,36.17173485485304,7,255,170.0,151.0,187.0,99.72617929501064,23.842026651466192,51,176,97.0,82.0,116.0,IMG20200713143050.jpg,unripe
36.198476883677046,3.3118655732399933,0,173,36.0,35.0,37.0,130.69744671018427,35.09635340221279,0,255,134.0,117.0,151.0,102.36104211195193,25.520124035659883,51,171,103.0,82.0,123.0,IMG20200713143109.jpg,unripe
35.80741061510365,1.7018675384651005,13,75,36.0,35.0,37.0,177.02773332329184,45.481980292173965,6,255,180.0,153.0,206.0,102.80055730235536,24.857082237728957,51,192,103.0,83.0,121.0,IMG20200713143206.jpg,unripe
34.64010253596799,1.80372998872149,18,43,35.0,34.0,36.0,171.9793509208373,40.270639672963874,19,255,167.0,149.0,195.0,106.07564392398717,25.63988389653198,52,184,104.0,87.0,122.0,IMG20200713143223.jpg,unripe
34.17917133258678,1.7796831219826288,21,45,34.0,33.0,35.0,170.92157552312293,37.652411647901744,9,255,172.0,151.0,192.0,113.00921769872193,26.026494649276867,52,187,114.0,95.0,131.0,IMG20200713143259.jpg,unripe
35.19668195389209,2.949048702341231,5,48,36.0,35.0,37.0,159.70008310505094,41.00918629923681,9,255,161.0,137.0,187.0,108.01619009510911,27.708515879373156,51,188,107.0,87.0,128.0,IMG20200713143317.jpg,unripe
37.876440059606395,2.762748223905641,0,75,38.0,36.0,40.0,142.1459226144597,39.87273380432738,0,255,141.0,118.0,166.0,104.19433739273418,26.970326293621167,51,178,103.0,83.0,125.0,IMG20200713143325.jpg,unripe
33.60703513281919,2.3754132354266053,5,55,34.0,33.0,35.0,154.1010711225364,42.706514924762175,6,255,154.0,131.0,179.0,103.57944301628106,28.41764548374348,51,193,100.0,82.0,123.0,IMG20200713143333.jpg,unripe
34.22071110685744,3.063453272948939,0,51,35.0,33.0,36.0,152.79821026941667,42.41948620763046,0,255,155.0,129.0,180.0,100.42169689429105,26.83381524049844,51,194,97.0,80.0,119.0,IMG20200713143359.jpg,unripe
37.2416853713782,2.6284695877605175,0,75,38.0,37.0,39.0,151.806577908967,42.46632909215889,0,255,153.0,134.0,175.0,92.5244288657258,22.71868460852409,51,164,90.0,73.0,109.0,IMG20200713143438.jpg,unripe
38.74632663930574,3.348887060495429,0,177,39.0,38.0,40.0,157.64910137117914,38.48429053487013,0,255,162.0,142.0,180.0,106.14934678404713,25.141132422523057,52,186,105.0,88.0,124.0,IMG20200713143447.jpg,unripe
37.83677960796588,2.3824804897727336,0,165,38.0,37.0,39.0,158.45113267342228,38.718060087660945,0,255,161.0,140.0,181.0,96.78484095621894,22.22737996066612,51,173,96.0,79.0,113.0,IMG20200713143503.jpg,unripe
37.773001709767044,2.2135102552266424,0,165,38.0,37.0,39.0,152.82086628196907,35.29009735880695,0,255,152.0,137.0,171.0,90.59688679917362,21.22015814674059,51,161,87.0,74.0,104.0,IMG20200713143508.jpg,unripe
36.009736161498466,2.3760060543322803,0,177,36.0,35.0,37.0,182.4381360944134,45.413504191929356,0,255,185.0,163.0,212.0,102.24383655959537,25.365009410200457,51,192,99.0,83.0,119.0,IMG20200713143524.jpg,unripe
35.622731205159354,2.6382985669263617,0,165,36.0,35.0,37.0,172.97959504688333,40.877539188737266,0,255,177.0,159.0,196.0,97.25815105782424,20.338882859758648,51,169,96.0,83.0,111.0,IMG20200713143542.jpg,unripe
36.53885229820628,2.7368526990383515,12,48,37.0,35.0,38.0,165.35632707399103,35.97420761150007,7,255,168.0,149.0,187.0,98.87061203755606,23.97048746845725,51,183,98.0,80.0,115.0,IMG20200713143556.jpg,unripe
35.48650358138024,2.9048792126564265,0,165,36.0,35.0,37.0,169.84226541532044,44.13224290766543,6,255,173.0,144.0,199.0,99.24202950578662,23.385778800138652,52,204,98.0,82.0,114.0,IMG20200713143602.jpg,unripe
33.73594060798457,2.8878326219893307,0,179,34.0,33.0,35.0,175.31561551907737,41.68920129968066,0,255,178.0,160.0,198.0,107.68683570754054,26.684756631044806,51,182,111.0,86.0,126.0,IMG20200713143616.jpg,unripe
36.17067483970442,2.107769864609246,22,55,36.0,35.0,38.0,169.55109715510596,39.37071155624219,9,255,170.0,151.0,192.0,104.64514036440215,25.440352990902763,52,185,105.0,85.0,123.0,IMG20200713143625.jpg,unripe
34.064087766546585,2.644794272978616,0,75,34.0,33.0,35.0,170.19276462289997,40.391396932911135,0,255,175.0,155.0,192.0,112.763900061791,27.332351514079168,51,186,116.0,92.0,134.0,IMG20200713143701.jpg,unripe
34.993109682260844,3.0903903941442104,0,165,35.0,34.0,37.0,175.8781147135572,46.234130718475,0,255,177.0,155.0,202.0,109.52541231047363,29.056237586886557,51,192,106.0,87.0,129.0,IMG20200713143721.jpg,unripe
35.05663690657301,2.5678913604719784,0,45,35.0,34.0,37.0,179.35745146960386,39.445795193003356,0,255,183.0,160.0,204.0,103.19433022402657,25.19371652481243,52,173,102.0,82.0,123.0,IMG20200713143750.jpg,unripe
37.413070118331866,2.392080904532308,6,75,38.0,36.0,39.0,175.4987745567342,38.478217582252896,8,255,178.0,159.75,198.0,110.32525944931643,29.314145866639194,51,196,111.0,87.0,132.0,IMG20200713143812.jpg,unripe
38.33483220992683,2.3770445900513884,0,173,38.0,37.0,40.0,169.2794038135746,40.6137550662104,9,255,170.0,151.0,191.0,107.0212576145334,27.17131978786809,52,190,104.0,87.0,125.0,IMG20200713143821.jpg,unripe
38.92994925622133,2.086341092664217,25,83,39.0,38.0,40.0,156.43003614625331,35.63986520393374,9,255,159.0,140.0,178.0,98.64146566105936,21.575012611147553,51,163,97.0,82.0,115.0,IMG20200713143830.jpg,unripe
34.88677930674098,2.2676010952748498,5,66,35.0,34.0,36.0,181.66609475701097,37.923151949880165,12,255,183.0,166.0,203.0,106.21831562445567,29.017787384485125,52,203,102.0,84.0,126.0,IMG20200713143842.jpg,unripe
34.031480263157896,2.5882157882826773,8,45,35.0,33.0,35.0,182.30634046052631,36.63342317271472,9,255,186.0,168.0,203.0,107.95681743421052,28.666855208910576,52,198,108.0,85.0,128.0,IMG20200713143852.jpg,unripe
35.23928503745375,3.603972083622659,0,177,36.0,34.0,37.0,172.8917083096442,42.39842888559931,0,255,175.0,156.0,197.0,111.91423042780055,28.61927572303682,52,188,114.0,89.0,134.0,IMG20200713143859.jpg,unripe
36.31526145635552,2.370211039841825,19,66,37.0,35.0,38.0,166.89462205572946,36.34006047320723,13,255,170.0,148.0,189.0,107.9976993209148,23.945262307647994,52,185,108.0,91.0,125.0,IMG20200713143908.jpg,unripe
37.89614940855519,2.4589071782610485,0,177,38.0,37.0,39.0,170.02875812764856,43.779151342388005,0,255,174.0,152.0,195.0,102.88008281305599,25.25364388594124,51,174,101.0,83.0,121.0,IMG20200713143919.jpg,unripe
35.72509581480914,3.4631774883734527,0,165,36.0,35.0,37.0,176.4619244723798,47.86536206572223,0,255,175.0,156.0,208.0,105.59150697531811,25.689533428549254,51,173,104.0,85.0,126.0,IMG20200713143938.jpg,unripe
38.548196714707274,4.124982521796428,0,179,39.0,38.0,40.0,167.43468189463294,44.03433320518351,0,255,172.0,148.0,195.0,93.064124643724,24.959462701799577,51,192,86.0,74.0,108.0,IMG20200713143943.jpg,unripe
39.281462482397906,2.257362026079991,0,177,39.0,38.0,40.0,154.7185878092939,40.034410949151585,7,255,156.0,135.0,179.0,95.20268557634279,24.725991991694823,52,171,91.0,74.0,113.0,IMG20200713143947.jpg,unripe
34.97859841949791,1.7499594549045927,8,50,35.0,34.0,36.0,181.15290810701632,39.479477294710584,7,255,183.0,164.0,205.0,109.75169790360452,25.600101387299564,52,185,112.0,91.0,127.0,IMG20200713143957.jpg,unripe
34.83735302611494,1.224405960568324,0,120,35.0,34.0,35.0,182.40049506992864,40.233562585452866,0,255,184.0,164.0,206.0,107.32243904451504,23.267929796429677,52,178,110.0,91.0,125.0,IMG20200713144008.jpg,unripe
33.966404924712755,1.9505457000578277,8,43,34.0,33.0,35.0,183.53707525226912,40.739826175550476,10,255,188.0,166.0,208.0,105.73408999492838,24.94635220319038,52,180,107.0,87.0,123.0,IMG20200713144013.jpg,unripe
36.59225285408046,2.0040469063541764,6,55,37.0,35.0,38.0,162.7576898150456,38.09523669363411,8,255,164.0,146.0,183.0,102.38587832560613,27.066246678861347,51,178,99.0,80.0,124.0,IMG20200713144109.jpg,unripe
35.967262370504834,1.6496315817191094,23,43,36.0,35.0,37.0,170.18931332352665,36.37088953567017,25,255,170.0,152.0,191.0,108.24076711214046,26.125521639507486,52,185,107.0,89.0,128.0,IMG20200713144113.jpg,unripe
35.29918683631493,1.9106643843843867,9,50,35.0,35.0,36.0,180.2617621735387,40.036250394798444,10,255,182.0,159.0,207.0,104.34340380751937,25.1662006658636,52,188,103.0,88.0,117.0,IMG20200713144123.jpg,unripe
37.18039223987384,2.3734224121429004,0,165,37.0,36.0,38.0,167.00246605209404,41.419341260327194,0,255,172.0,151.0,192.0,103.46948128234709,25.09423467160456,51,186,101.0,86.0,119.0,IMG20200713144137.jpg,unripe
36.84227548309914,2.64776096231073,0,165,37.0,35.0,39.0,169.50858730255288,40.36842656079187,0,255,173.0,154.0,192.0,106.24535150151064,26.601358266646972,52,180,105.0,84.0,128.0,IMG20200713144142.jpg,unripe
35.90204963601653,2.2793030679856345,22,48,36.0,35.0,37.0,172.15050244403886,41.10602453430652,9,255,176.0,156.0,196.0,105.63355151362578,29.813913869800654,52,181,102.0,81.0,128.0,IMG20200713144151.jpg,unripe
40.128658132862505,3.009168977400636,0,173,40.0,39.0,41.0,150.6473515780181,38.13637660028017,0,255,152.0,133.0,171.0,101.53092032663871,23.5472909309774,51,177,101.0,84.0,117.0,IMG20200713144202.jpg,unripe
37.638551239130926,3.430910305270945,5,55,39.0,37.0,40.0,160.90168962185723,39.128014715225035,8,255,162.0,145.0,182.0,104.28958366099715,27.02159021785305,51,187,103.0,83.0,123.0,IMG20200713144211.jpg,unripe
34.72671910966098,3.52992337172758,0,165,35.0,32.0,37.0,166.50833575435226,45.45888243943387,0,255,168.0,146.0,193.0,110.38705388070709,29.350232353245723,52,195,109.0,89.0,128.0,IMG20200713144221.jpg,unripe
37.115288985823334,3.1964729145028317,0,177,38.0,36.0,39.0,154.27405670665212,40.62236434613141,0,255,154.0,133.0,177.0,103.44367502726281,24.223359059322416,52,183,102.0,86.0,119.0,IMG20200713144228.jpg,unripe
39.65766391950485,2.899502842757986,5,165,40.0,39.0,41.0,149.00859453436158,41.28399648493508,5,255,150.0,131.0,170.0,100.42032679089576,23.67428444198628,51,174,98.0,84.0,116.0,IMG20200713144234.jpg,unripe
39.77648895503224,1.8905844712302822,0,110,40.0,39.0,41.0,162.26749394496483,39.31539951543213,0,255,161.0,143.0,182.0,104.46367708424523,22.78829108939638,51,173,105.0,87.0,120.0,IMG20200713144248.jpg,unripe
38.26236765352191,1.7156890163153908,0,75,39.0,38.0,39.0,162.1257101761956,43.31914614174687,0,255,160.0,138.0,189.0,99.99148987174877,24.0769419258345,51,169,97.0,80.0,118.0,IMG20200713144253.jpg,unripe
39.3107710035787,3.0279016835650396,0,173,39.0,38.0,41.0,157.1649205949898,42.14950513451764,6,255,159.0,138.0,181.0,103.85401975184413,25.327994375872645,52,178,103.0,84.0,123.0,IMG20200713144302.jpg,unripe
34.80689734965249,2.351934966840193,0,48,35.0,34.0,36.0,170.85422675470855,40.50266028496324,0,255,173.0,152.0,196.0,106.98240539490756,26.798908482243355,51,201,107.0,85.0,127.0,IMG20200713144324.jpg,unripe
35.017753522490885,2.4055266206804706,0,165,35.0,35.0,36.0,172.50899887987737,39.59484744894285,0,255,173.0,153.0,196.0,108.44288637914045,28.17609969462953,51,206,105.0,88.0,126.0,IMG20200713144332.jpg,unripe
37.46278714964474,2.4213380345552493,16,51,38.0,36.0,39.0,154.63017305261323,36.63902123298193,8,255,155.0,137.0,176.0,106.28677912907023,27.725832300156547,52,191,103.0,85.0,125.0,IMG20200713144338.jpg,unripe
41.04855444119133,2.873701696693523,31,96,41.0,40.0,42.0,157.97225163866912,44.58407972103561,9,255,157.0,133.0,185.0,99.85093821161846,24.14291589511648,52,184,97.0,81.0,116.0,IMG20200713144423.jpg,unripe
36.56129409187176,2.2886114437615817,0,75,37.0,36.0,38.0,174.56105309282114,51.179806563139586,0,255,178.0,147.0,210.0,95.67996786679325,26.069011035899003,51,203,90.0,76.0,110.0,IMG20200713144429.jpg,unripe
37.872085120155354,3.7891947100148937,0,132,38.0,37.0,39.0,166.8268549235375,49.07548375699994,0,255,169.0,144.0,200.0,100.02556032041427,23.260812795034756,51,171,99.0,82.0,117.0,IMG20200713144442.jpg,unripe
39.038092729622285,2.1653168198334534,0,96,39.0,38.0,40.0,147.33070218037253,43.11869364398331,0,255,149.0,122.0,174.0,98.23933066102573,24.729806564585125,51,175,94.0,79.0,115.0,IMG20200713144457.jpg,unripe
36.40179675958732,2.6059658733215523,0,165,37.0,35.0,38.0,170.40018736263076,40.45612194437001,0,255,175.0,158.0,192.0,105.79466977336328,27.215281497646462,51,179,107.0,83.0,125.0,IMG20200713144509.jpg,unripe
37.48493538841219,2.634637924744115,0,55,38.0,37.0,39.0,168.17315448510678,40.212461874499695,10,255,170.0,153.0,190.0,104.32536590381957,25.540424059607513,52,183,103.0,84.0,123.0,IMG20200713144515.jpg,unripe
37.094827111703125,2.4648190265153933,6,66,37.0,36.0,38.0,169.70020585871708,40.9018556707808,7,255,173.0,156.0,193.0,105.09760125056418,26.90259850722981,51,181,105.0,83.0,124.0,IMG20200713144534.jpg,unripe
37.884890447774794,2.5017036800654013,0,177,38.0,38.0,39.0,165.22691203935682,40.46834922782851,7,255,167.0,148.0,188.0,105.93588120074705,23.560810683093177,51,171,107.0,87.0,124.0,IMG20200713144550.jpg,unripe
38.314500634713696,1.313415101023252,30,75,38.0,38.0,39.0,169.42399732390984,40.33344837960511,9,255,170.0,149.0,193.0,108.93759220502967,23.409626974054106,51,177,110.0,93.0,126.0,IMG20200713144556.jpg,unripe
37.389481786993834,2.034324608294782,16,83,38.0,37.0,39.0,165.17459397302974,40.30484424305308,7,255,168.0,146.0,189.0,101.50156328698908,26.073814988162045,51,186,100.0,80.0,119.0,IMG20200713144605.jpg,unripe
36.9273026901835,2.661658596708436,0,165,37.0,36.0,38.0,165.43341350436486,41.654882630728125,0,255,169.0,149.0,189.0,94.56003028683413,23.930687156399298,51,195,89.0,76.0,110.0,IMG20200713144630.jpg,unripe
37.201256038647344,2.372230318336835,0,177,37.0,36.0,38.0,170.3505314009662,42.358968926425526,7,255,174.0,154.0,196.0,105.21013526570049,26.82843087236916,51,184,105.0,83.0,125.0,IMG20200713144639.jpg,unripe
36.92547342103464,2.7169246016991186,0,165,37.0,36.0,38.0,168.24630589981737,45.23029208910182,0,255,174.0,150.0,194.0,113.46207260261932,27.049066116257798,51,193,113.0,95.0,132.0,IMG20200713144657.jpg,unripe
37.5957879083922,2.6986308413458624,0,165,38.0,36.0,39.0,165.62451693222786,41.00265243993276,0,255,168.0,148.0,189.0,97.94800591352762,23.955596173888235,51,192,93.0,80.0,114.0,IMG20200713144704.jpg,unripe
37.26960828700266,1.7762103603752732,11,50,38.0,37.0,38.0,165.79245368442022,41.79880321608508,5,255,169.0,148.0,190.0,101.7760191238523,27.14447396776059,51,188,99.0,79.25,122.0,IMG20200713144717.jpg,unripe
37.7315574545317,2.223822968248773,0,165,38.0,37.0,39.0,162.59061519264944,44.36987927769563,0,255,165.0,140.0,191.0,99.50312889930805,23.765560137388682,51,182,99.0,81.0,116.0,IMG20200713144725.jpg,unripe
36.11620239901727,3.267144986412902,0,173,36.0,35.0,37.0,160.987155863863,42.02672277486351,0,255,163.0,143.0,185.0,100.25520268805549,23.24719452891709,51,172,99.0,82.0,115.0,IMG20200713144739.jpg,unripe
36.021314403564986,2.9262621445173727,0,177,36.0,35.0,37.0,175.04612749972378,46.32264753320525,0,255,177.0,151.0,206.0,107.46241667587375,27.05479741163266,51,177,108.0,86.0,128.0,IMG20200713144806.jpg,unripe
36.43242298207516,2.1386109252102776,17,50,37.0,35.0,38.0,160.3825499650337,36.84304831239011,11,255,158.0,139.0,182.0,104.28059553167212,25.566392975466943,52,179,104.0,85.0,123.0,IMG20200713144816.jpg,unripe
39.19159857702117,3.295487479595793,0,114,39.0,37.0,40.0,172.47027338737186,35.83883348429692,0,255,175.0,157.0,194.0,111.02137717061126,26.523268005231788,51,186,109.0,92.0,129.0,IMG20200713144823.jpg,unripe
34.97303349818046,2.3032974865321565,5,50,35.0,34.0,36.0,183.195063917141,39.184065605501495,6,255,186.0,169.0,205.0,106.38527573014836,25.69706378373906,52,189,108.0,86.0,125.0,IMG20200713144832.jpg,unripe
40.2595064966027,2.846959468985334,10,110,40.0,39.0,41.0,161.92663011085946,37.22372881901093,6,255,163.0,141.0,185.0,102.4506496602694,26.5972489062865,52,196,100.0,83.0,118.0,IMG20200713144845.jpg,unripe
37.37939274122619,2.384597613712477,0,55,38.0,37.0,39.0,167.65662870975024,38.20640891452437,7,255,171.0,151.0,188.5,103.78143509834293,28.40695831070341,52,179,102.0,79.0,126.0,IMG20200713144855.jpg,unripe
37.606464786181235,2.401793029565576,6,66,38.0,37.0,39.0,177.48778178464983,40.601376264644244,6,255,183.0,162.0,202.0,103.62167992227766,25.850171638615727,51,187,101.0,83.0,121.0,IMG20200713144905.jpg,unripe
38.16799159356725,2.217097130723829,0,173,39.0,38.0,39.0,179.53394554093566,40.91414420042862,6,255,182.0,161.0,204.0,101.64568713450292,24.28810744822937,51,182,99.0,82.0,119.0,IMG20200713144909.jpg,unripe
36.4223838337926,2.4314052277694054,0,55,37.0,35.0,38.0,180.007083132108,39.79102189611839,0,255,184.0,161.0,205.0,101.86314782723976,24.120124501691443,52,167,102.0,83.0,120.0,IMG20200713144918.jpg,unripe
36.84739605505889,2.408504211814842,0,75,37.0,36.0,38.0,181.519956482664,40.39294132196963,0,255,185.0,165.0,205.0,107.78764486069723,25.339899715904753,51,184,109.0,88.0,127.0,IMG20200713144926.jpg,unripe
36.41961519178769,2.436728915467395,0,55,37.0,36.0,38.0,179.1187628933764,39.51068623966992,0,255,183.0,165.0,203.0,106.46103837397573,22.80428502733117,51,180,108.0,90.0,124.0,IMG20200713144933.jpg,unripe
36.864243183954876,1.8253698924490656,0,75,37.0,36.0,38.0,169.13307068988672,41.32312420019069,0,255,171.0,150.0,193.0,104.10157138380266,25.562257668185435,52,184,103.0,83.0,126.0,IMG20200713144941.jpg,unripe
35.53690428294503,2.5189527995020717,0,177,36.0,35.0,37.0,167.12485827146045,38.62570211112833,8,255,170.0,149.0,191.0,104.07187922899675,25.449416830072764,51,178,106.0,83.0,122.0,IMG20200713144956.jpg,unripe
34.840472965345974,2.9335262179835215,0,173,35.0,34.0,37.0,168.57902509688827,38.468367304150114,0,255,171.0,149.0,191.0,111.19490536930428,27.165178513362083,51,186,112.0,91.0,131.0,IMG20200713145006.jpg,unripe
35.37349916545523,3.064617276504431,0,165,36.0,35.0,37.0,169.57256950052945,41.668268598985456,0,255,173.0,152.0,193.0,109.35132540067123,28.43151854833954,51,196,110.0,87.0,128.0,IMG20200713145011.jpg,unripe
35.27526322745496,2.31913775848404,0,75,35.0,35.0,37.0,165.29144896250935,39.91144979085931,0,255,168.0,147.0,190.0,100.8356139036962,25.381552349848562,51,175,98.0,80.0,120.0,IMG20200713145018.jpg,unripe
35.687302013422816,2.319675749841582,0,75,36.0,35.0,37.0,165.36438478747203,36.10258070202663,0,255,168.0,147.0,188.0,103.42474272930649,24.41409329784204,52,176,104.0,84.0,122.0,IMG20200713145026.jpg,unripe
38.362880886426595,1.7966770033008181,19,56,39.0,38.0,39.0,156.65167955038652,39.55554203561578,9,255,157.0,140.0,176.0,109.01388041641249,29.406583782461247,52,187,111.0,83.0,133.0,IMG20200713145036.jpg,unripe
38.10441481481482,1.7557809323060942,20,56,38.0,38.0,39.0,163.44732839506173,34.74595798179126,10,255,163.0,146.0,180.0,112.03216790123457,27.391441436908032,52,192,113.0,90.0,133.0,IMG20200713145100.jpg,unripe
35.433164731013825,2.31515732853834,5,51,35.0,35.0,36.0,178.4093230535026,36.408306161269806,7,255,183.0,167.0,198.0,112.68971444005206,31.313253579993805,52,188,112.0,88.0,136.0,IMG20200713145109.jpg,unripe
36.38271861207009,1.8935704985140789,0,177,36.0,35.0,37.0,172.7360485950269,41.94677500674518,0,255,180.0,157.0,199.0,107.78816151728357,29.751129895512417,52,201,104.0,84.0,130.0,IMG20200713145136.jpg,unripe
36.320270520659626,2.3113463837787056,0,55,36.0,35.0,37.0,174.77934037428201,38.86811629621041,0,255,180.0,162.0,198.0,110.00609597924773,28.878596519494454,51,194,107.0,88.0,129.0,IMG20200713145141.jpg,unripe
37.11711133798936,2.6055721576650606,0,177,37.0,37.0,38.0,166.2786476450339,42.107703490613204,0,255,171.0,150.0,190.0,109.191776366314,25.16555448149329,51,190,112.0,91.0,127.0,IMG20200713145148.jpg,unripe
35.58387123280167,2.4493262362168524,22,48,36.0,34.0,37.0,172.28916014644255,38.73095242954123,5,255,177.0,154.0,197.0,111.21369292711653,25.195600278542624,52,184,111.0,94.0,128.0,IMG20200713145208.jpg,unripe
35.78902953586498,4.8135499969757305,5,55,37.0,35.0,38.0,163.43311609641978,39.85543479086825,6,255,165.0,143.0,187.0,104.76567656765677,25.58354475936193,52,183,103.0,84.0,123.0,IMG20200713145224.jpg,unripe
36.80502190913659,1.7716533100512972,13,51,37.0,35.0,38.0,180.95142078767094,45.7439876200112,8,255,183.0,155.0,213.0,106.71008525607681,26.99802187381377,51,188,105.0,85.0,126.0,IMG20200713145237.jpg,unripe
35.112081251068844,2.1826256759788296,0,66,35.0,34.0,37.0,180.99461303133373,45.512061991746094,0,255,188.0,163.0,209.0,106.0638265529101,28.02333706522352,51,186,105.0,84.0,127.0,IMG20200713145248.jpg,unripe
34.63134795662593,2.428232700350443,15,96,35.0,33.0,36.0,170.75131526998612,41.94551790439187,6,255,171.0,150.0,196.0,112.77012845114908,30.05565414452221,52,202,111.0,89.0,134.0,IMG20200713145253.jpg,unripe
37.39781386352391,1.3415437830087558,25,50,37.0,37.0,38.0,167.7747739642841,38.50367267853701,9,255,168.0,146.0,192.0,104.75992982771805,24.87376337480571,52,177,102.0,84.0,125.0,IMG20200713145258.jpg,unripe
37.94408219907231,2.1498630699330255,6,48,38.0,37.0,39.0,162.7363698578055,40.25720264953738,8,255,164.0,143.0,186.0,98.10933579195499,22.672221549172583,52,167,97.0,81.0,114.0,IMG20200713145308.jpg,unripe
38.625556473123176,2.33620214745351,0,177,39.0,38.0,40.0,163.301174170155,40.44568028296699,0,255,166.0,148.0,183.0,101.80078974096116,24.47454653910623,51,189,101.0,83.0,120.0,IMG20200713145312.jpg,unripe
39.830102414045356,2.6029661047634116,0,75,40.0,39.0,41.0,161.6194586686174,40.73092601291259,0,255,163.0,142.0,184.0,97.86324981711778,20.742013098085405,51,166,96.0,82.0,113.0,IMG20200713145316.jpg,unripe
41.357184399130304,2.2029350175728206,0,165,41.0,40.0,42.0,155.8493598060181,38.93849002926868,0,255,158.0,136.0,181.0,94.10657373191485,22.92462458877272,52,169,90.0,76.0,109.0,IMG20200713145330.jpg,unripe
33.78961276064187,2.3607618710578637,0,165,34.0,33.0,35.0,183.8690016335159,38.19328930495343,0,255,187.0,170.0,205.0,110.73231478812338,24.04408342563857,52,176,113.0,94.0,129.0,IMG20200713145338.jpg,unripe
34.22065985442825,2.1961500492368202,0,55,35.0,33.0,35.0,177.97441868702074,37.28265401919254,0,255,179.0,163.0,198.0,112.37579471195565,27.97207300491437,52,190,113.0,91.0,132.0,IMG20200713145343.jpg,unripe
36.58519568397952,2.847248430795519,0,177,37.0,35.0,38.0,171.0596378931968,40.56508572616718,8,255,172.0,150.0,196.0,103.43995976591076,24.818396323052887,52,179,103.0,84.0,120.0,IMG20200713145350.jpg,unripe
36.44866272100689,3.2623646346488306,0,75,37.0,35.0,39.0,171.7985559634402,43.5326141409418,0,255,173.0,155.0,196.0,104.56594620916991,26.66953012976844,51,190,103.0,84.0,122.0,IMG20200713145355.jpg,unripe
36.85507353621312,2.607647782112858,0,170,37.0,36.0,38.0,173.9961520673388,41.067142660094405,0,255,181.0,164.0,198.0,106.47203773933956,28.60540439782284,51,205,104.0,82.0,129.0,IMG20200713145423.jpg,unripe
38.56005152611706,2.730293804892234,15,55,39.0,38.0,40.0,157.54014907174323,40.868994381699174,7,255,160.0,138.0,184.0,97.10407488986785,23.541147309661536,51,172,94.0,79.0,115.0,IMG20200713145428.jpg,unripe
32.448517032632445,3.301758675118105,0,165,32.0,30.0,35.0,178.56856933051546,48.771617792756146,0,255,183.0,159.0,208.0,99.41331446788695,24.63443835213584,51,179,97.0,80.0,116.0,IMG20200713145435.jpg,unripe
36.789709172259506,2.5665156132080553,19,45,37.0,36.0,38.0,165.82460228685062,34.7398694364059,9,255,169.0,149.0,188.0,91.58878117491093,20.970200422017612,52,160,90.0,74.0,107.0,IMG20200713145443.jpg,unripe
45.91360902853207,6.245364817797778,13,96,45.0,42.0,48.0,161.46730424492895,42.463198693633295,13,255,166.0,139.0,190.0,121.40842980899144,31.04257412427617,52,223,121.0,99.0,143.0,IMG20200713145452.jpg,unripe
36.256286041680255,1.948024507058278,0,55,36.0,35.0,37.0,167.7389441126876,42.286482088322074,0,255,167.0,146.0,193.0,113.8778286023048,26.273410431417833,51,192,115.0,95.0,134.0,IMG20200713145505.jpg,unripe
35.667024017754706,2.4300130227703627,0,173,36.0,34.0,37.0,166.6195057270214,39.449456803562654,0,255,166.0,147.0,189.0,116.70337038499878,32.013194351321836,51,198,116.0,92.0,141.0,IMG20200713145512.jpg,unripe
35.733172259836664,2.785967368716596,0,165,36.0,35.0,37.0,160.08737471636059,43.415210987974454,0,255,164.0,142.0,184.0,114.92608380108955,30.704157568670126,51,184,115.0,92.0,140.0,IMG20200713145518.jpg,unripe
37.673808426292986,2.1103307330573795,5,55,38.0,37.0,39.0,167.2452106573246,40.60475514946505,10,255,170.0,145.0,194.0,113.1404351433576,26.133432943806383,51,184,115.0,93.0,133.0,IMG20200713145532.jpg,unripe
36.40715895168822,2.892821895520644,0,165,37.0,35.0,38.0,177.79337908345542,36.08591740515827,0,255,181.0,165.0,198.0,104.57426684144241,29.380322533348362,51,206,99.0,81.0,126.0,IMG20200713145541.jpg,unripe
35.09589527363399,2.9467058148181104,0,75,35.0,34.0,37.0,175.39427364265245,39.250375748121854,0,255,178.0,158.0,200.0,106.85813109843205,26.01795024759048,52,184,106.0,89.0,122.0,IMG20200713145548.jpg,unripe
37.38012362719798,2.7631209674868544,5,55,38.0,37.0,39.0,160.0017703894857,36.50693650907087,6,255,165.0,149.0,181.0,109.81095841085039,29.060345523576963,51,201,110.0,87.0,129.0,IMG20200713145553.jpg,unripe
34.23177267032354,3.1007884215119805,0,120,34.0,32.0,36.0,165.89139933249808,43.31948434363686,0,255,169.0,146.0,191.0,105.47857992651161,27.912671504314865,51,200,103.0,83.0,127.0,IMG20200713145601.jpg,unripe
36.96509349597581,3.240006341981215,0,177,37.0,35.0,39.0,162.70840911146166,41.274752538499634,0,255,164.0,144.0,185.0,105.96297338303708,26.784427004268956,51,189,103.0,87.0,123.0,IMG20200713145605.jpg,unripe
40.34545398247443,1.9103031047755623,0,56,40.0,40.0,41.0,148.7758729241281,35.705884601581765,0,255,153.0,135.0,169.0,96.56903402933314,19.510579975340917,52,158,96.0,83.0,110.0,IMG20200713145615.jpg,unripe
36.38504716108748,2.860898844367248,8,55,37.0,35.0,38.0,158.5902903643425,40.620583515166985,6,255,161.0,136.0,186.0,99.09946365822083,25.046215497627188,51,188,96.0,79.0,117.0,IMG20200713145630.jpg,unripe
36.77549873857831,2.9733570107148273,0,165,37.0,36.0,38.0,161.37827810638342,48.314837312152164,0,255,161.0,135.0,191.0,101.64049481651084,27.264138192461182,51,186,95.0,80.0,121.0,IMG20200713145642.jpg,unripe
38.05255533041631,2.045285594703419,0,165,38.0,37.0,39.0,155.0138999011345,42.72519793074349,0,255,158.0,134.0,182.0,101.64723617106667,26.909153409078574,51,189,99.0,80.0,122.0,IMG20200713145648.jpg,unripe
33.928266595879364,2.307090722881205,0,51,34.0,33.0,35.0,182.28226778020542,46.28266609699014,0,255,187.0,167.0,208.0,112.16397811038736,27.601267747902746,52,224,113.0,92.0,132.0,IMG20200713145702.jpg,unripe
34.310867685211875,2.9301217743386365,0,173,35.0,34.0,35.0,178.17383491880466,41.566259358991076,0,255,180.0,160.0,202.0,114.77015470356491,29.117837631656503,52,211,113.0,94.0,135.0,IMG20200713145706.jpg,unripe
39.742338128786535,2.1154459934955168,29,75,40.0,39.0,41.0,163.20919424545616,44.335886250647974,6,255,166.0,143.0,189.0,99.88092277938942,25.96259523377591,51,179,96.0,78.0,119.0,IMG20200713145721.jpg,unripe
36.2664969551762,2.713409705706636,0,165,37.0,35.0,38.0,167.08981731057202,46.14797837492787,0,255,170.0,149.0,195.0,97.80292502745333,25.246557086732093,51,192,93.0,79.0,114.0,IMG20200713145729.jpg,unripe
35.29683478120978,3.0176024698549497,0,165,35.0,34.0,38.0,163.19467905405406,36.96654004219756,0,255,163.0,145.0,184.0,100.29214929214929,28.88095826219151,52,194,95.0,78.0,117.0,IMG20200713145734.jpg,unripe
38.64365586156471,1.426755612360104,30,51,39.0,38.0,40.0,174.04936875456983,43.852789655634226,9,255,173.0,150.0,202.0,102.92288569339507,27.866701966456304,52,178,101.0,79.0,123.0,IMG20200713145845.jpg,unripe
38.131634976179434,2.962280636332286,13,70,39.0,38.0,39.0,174.69941818795058,47.139075026629044,17,255,173.0,148.0,207.0,100.99304355158311,27.003123079044173,52,199,98.0,79.0,120.0,IMG20200713145901.jpg,unripe
36.79826772498123,3.212546331757165,13,75,38.0,35.0,39.0,154.17645875791055,49.36279269682979,6,255,158.0,124.0,187.0,91.3161938217312,26.6808433249332,51,191,84.0,71.0,106.0,IMG20200713145921.jpg,unripe
35.16605563942204,3.6648779300848524,5,51,36.0,35.0,37.0,175.47332834362987,45.89928634619841,7,255,179.0,158.0,202.0,103.87568026995142,27.096533865373896,52,209,102.0,83.0,123.0,IMG20200713145929.jpg,unripe
37.818897717393504,3.5218797154389967,0,66,38.0,37.0,39.0,159.61939710074606,46.87503732443261,0,255,159.0,133.0,188.0,106.6703362245001,26.660740696096553,52,193,104.0,87.0,125.0,IMG20200713145941.jpg,unripe
38.98116027707443,3.7059326666794017,0,83,39.0,38.0,40.0,157.3926671202775,46.24255066591859,0,255,159.0,131.0,184.0,104.48324056619558,25.438460557920745,51,188,102.0,85.0,122.0,IMG20200713145947.jpg,unripe
38.0269387374144,4.613733334297488,0,173,39.0,37.0,40.0,161.3292849392741,46.12870661802846,0,255,165.0,142.0,188.0,111.78748847899385,27.87544822013437,51,202,111.0,91.0,131.0,IMG20200713145951.jpg,unripe
37.24968969797269,3.495152293730761,0,75,38.0,36.0,39.0,171.14707331008532,46.02353027231272,0,255,175.0,146.0,200.0,114.89560060681285,27.709508271774585,51,194,114.0,96.0,133.0,IMG20200713145957.jpg,unripe
33.719324154106765,1.8194950297324353,0,51,34.0,33.0,35.0,186.79633410068192,42.27091985570593,0,255,190.0,170.0,212.0,103.126742822395,25.416101252157727,51,176,102.0,84.0,121.0,IMG20200713150008.jpg,unripe
34.532036912352964,1.6273964356732022,23,43,35.0,34.0,35.0,182.88729850687156,38.93275698665698,10,255,183.0,162.0,207.0,104.8890728345677,24.694442819516805,52,177,103.0,86.0,123.0,IMG20200713150018.jpg,unripe
34.117788509113936,3.273539725851975,0,75,35.0,33.0,36.0,184.59063471015497,48.82455499024183,0,255,192.0,170.0,213.0,108.753082510341,30.413669963168786,51,193,108.0,84.0,130.0,IMG20200713150024.jpg,unripe
36.49153573238723,1.7004876883226614,21,66,37.0,35.0,38.0,177.57471701300895,37.16832782186095,19,255,178.0,158.0,200.0,111.02056090555837,23.903590421298492,52,175,113.0,96.0,128.0,IMG20200713150048.jpg,unripe
34.41064809157196,2.6353248235642686,6,173,35.0,33.0,36.0,185.71307996252392,38.69208696610958,5,255,189.0,169.0,208.0,111.48835390443602,30.940106131618112,52,217,109.0,89.0,129.0,IMG20200713150059.jpg,unripe
33.50417971896536,1.8350548677826215,0,165,34.0,32.0,35.0,177.34627226349235,41.4343743233762,0,255,181.0,161.0,202.0,108.51209164951221,28.039311525406127,51,184,105.0,88.0,130.0,IMG20200713150105.jpg,unripe
37.863737184542586,2.7425857308140698,0,165,38.0,37.0,39.0,171.84269026025237,46.791790734110315,0,255,177.0,154.0,199.0,104.19647082018928,25.341457437735286,51,185,103.0,84.0,122.0,IMG20200713150120.jpg,unripe
38.610748048190366,3.123232946477816,0,173,39.0,38.0,40.0,163.36006834451624,43.900045347668424,0,255,168.0,147.0,189.0,105.0678581227707,25.38491139577751,52,192,105.0,87.0,122.0,IMG20200713150129.jpg,unripe
38.859415974043294,3.198784942588933,0,173,39.0,38.0,40.0,160.08075914485087,43.43149448926429,0,255,163.0,141.0,185.0,106.7318991955198,26.420540713550864,51,182,106.0,85.0,126.0,IMG20200713150134.jpg,unripe
38.390834616844124,2.383951925676951,0,66,38.0,37.0,39.0,164.7189781021898,39.132398296239,0,255,167.0,145.0,190.0,124.54331569901115,30.11695718324795,52,190,129.0,103.0,148.0,IMG20200713150138.jpg,unripe
39.28923175313774,1.8677385697637958,0,66,39.0,38.0,40.0,169.11711567671276,47.40036864197209,0,255,170.0,143.0,201.0,114.08320866119251,26.64097253316858,52,189,115.0,95.0,132.0,IMG20200713150142.jpg,unripe
37.30097438168722,2.739740240215514,0,177,38.0,37.0,38.0,173.36020653162078,52.30622076534429,0,255,170.0,143.0,213.0,103.33506608545653,28.659243948352394,52,235,101.0,81.0,120.0,IMG20200713150150.jpg,unripe
35.43624723785046,2.7883010528112906,0,50,36.0,35.0,37.0,184.75456440314062,43.95160107853271,9,255,183.0,157.0,215.0,121.87747026281559,27.852264970755193,52,213,123.0,103.0,140.0,IMG20200713150224.jpg,unripe
36.86807286516349,3.4903438843751724,0,165,37.0,35.0,39.0,165.99515376380114,44.50521418261334,0,255,164.0,138.0,194.0,102.19394751681472,28.943201995202447,51,209,97.0,80.0,119.0,IMG20200713150231.jpg,unripe
33.288342702749816,4.7885590892341146,0,83,35.0,32.0,36.0,161.40529045191093,38.650581351156596,0,255,162.0,146.0,182.0,114.40569137577897,34.194323836863894,51,210,114.0,85.0,139.0,IMG20200713150242.jpg,unripe
33.138389996362946,4.644406346245659,0,173,34.0,31.0,36.0,158.22516843035038,38.2814570316045,0,255,158.0,141.0,179.0,111.91322156601258,29.991805602102875,51,210,111.0,88.0,133.0,IMG20200713150301.jpg,unripe
38.06528939764616,3.2960568319686074,0,83,39.0,37.0,40.0,157.51328440403918,39.27037246456137,0,255,161.0,143.0,179.0,104.18604206308456,25.341410981654203,52,181,104.0,85.0,121.0,IMG20200713150319.jpg,unripe
38.16202868080211,1.6710829281447186,19,52,38.0,37.0,39.0,162.1920582343257,37.132516687500114,9,255,163.0,145.0,182.0,103.9194914413789,23.850207174095342,52,185,103.0,87.0,120.0,IMG20200713150330.jpg,unripe
37.886404666018606,3.3688214904666967,0,75,38.0,37.0,39.0,160.3595761272473,38.45545661381901,0,255,163.0,146.0,182.0,102.9249463215579,25.11495085061669,52,179,102.0,84.0,121.0,IMG20200713150335.jpg,unripe
34.34376318440516,2.305564392403143,0,173,35.0,33.0,36.0,179.14739842088497,42.38112331720981,8,255,179.0,156.0,206.0,115.20217666457151,26.4635095128407,51,193,115.0,98.0,133.0,IMG20200713150343.jpg,unripe
35.89310890773844,2.263087891075264,5,75,36.0,35.0,37.0,177.84868077729328,41.950779737226355,6,255,178.0,154.0,205.0,115.33869041827718,28.518551593995014,51,196,117.0,94.0,134.0,IMG20200713150353.jpg,unripe
37.81124959995848,2.103995088503739,28,66,38.0,37.0,39.0,168.86408967849636,37.38944531958966,13,255,170.0,147.0,191.0,112.78515391867697,26.152217984631722,52,187,113.0,93.0,132.0,IMG20200713150357.jpg,unripe
35.11695521789055,2.2571845603880236,0,165,35.0,35.0,36.0,181.08154870068338,37.96841656305202,0,255,187.0,170.0,203.0,107.17712177121771,26.21213961592118,51,204,108.0,86.0,126.0,IMG20200713150406.jpg,unripe
36.69164216513231,3.7056061423238105,6,173,38.0,35.0,39.0,165.27623270834337,45.347828782431144,7,255,168.0,143.0,191.0,107.88947799681881,26.32326088053889,52,183,107.0,89.0,125.0,IMG20200713150430.jpg,unripe
37.85580791693705,2.51786098859978,0,110,38.0,37.0,39.0,168.90297425913909,43.12399817883258,0,255,171.0,151.0,191.0,107.85972312351286,27.53853819597838,51,188,106.0,86.0,128.0,IMG20200713150444.jpg,unripe
34.284817916354946,3.675958615309381,0,75,35.0,33.0,37.0,167.1764003185559,42.85276748363663,0,255,173.0,145.0,196.0,102.74184907208533,28.05894257632383,51,183,101.0,79.0,123.0,IMG20200713150450.jpg,unripe
38.69227801710281,2.943606235937657,0,165,39.0,38.0,40.0,168.374097173107,43.72913901559301,0,255,172.0,149.0,196.0,96.32305664502026,24.906550264459064,51,186,92.0,78.0,109.0,IMG20200713150506.jpg,unripe
37.145953544262184,2.3896593462679268,0,75,37.0,36.0,39.0,182.17157335086665,39.60978658928524,0,255,185.0,164.0,206.0,102.87135682949226,24.351348124009295,52,174,102.0,85.0,120.0,IMG20200713150510.jpg,unripe
35.95211716973785,2.57362104335247,0,55,36.0,35.0,38.0,175.20620266043636,42.75559156038705,0,255,176.0,156.0,201.0,109.40432854756253,29.060064013186064,52,183,108.0,87.0,131.0,IMG20200713150521.jpg,unripe
37.7076469380921,2.665059749969916,0,165,38.0,37.0,39.0,171.20176509349378,39.902257817108044,0,255,173.0,156.0,195.0,105.17215602821557,24.48514303566641,51,181,106.0,87.0,123.0,IMG20200713150538.jpg,unripe
37.53960244486905,2.546529248474413,5,83,38.0,37.0,38.0,173.70552840207327,46.076984516058396,5,255,180.0,153.0,204.0,100.90763124280843,22.047021772897455,52,172,102.0,83.0,118.0,IMG20200713150542.jpg,unripe
35.675239561726116,2.4860771203147,0,48,36.0,35.0,37.0,188.72411906185974,41.13394712029586,0,255,188.0,168.0,214.0,102.44561662488388,25.44315986503687,52,174,100.0,83.0,121.0,IMG20200714165830.jpg,unripe
43.26083825101064,6.250166242770069,0,177,43.0,41.0,44.0,130.32297523349285,38.11098659674343,0,255,132.0,111.0,153.0,102.35900980437712,25.510531722731578,52,193,99.0,83.0,120.0,IMG20200714170119.jpg,unripe
