LAB_L_Mean,LAB_L_Std,LAB_L_Min,LAB_L_Max,LAB_L_Median,LAB_L_Q25,LAB_L_Q75,LAB_A_Mean,LAB_A_Std,LAB_A_Min,LAB_A_Max,LAB_A_Median,LAB_A_Q25,LAB_A_Q75,LAB_B_Mean,LAB_B_Std,LAB_B_Min,LAB_B_Max,LAB_B_Median,LAB_B_Q25,LAB_B_Q75,Image_Name,Label
109.4590446064018,33.39742225779568,39,200,113.0,85.0,134.0,126.4172809743454,2.1202451374604374,118,135,127.0,125.0,128.0,167.2076406404593,13.255383650728394,130,185,172.0,162.0,177.0,image_0_1014.jpg,overripe
130.41310043059602,50.846317538190604,0,245,140.0,102.0,167.0,126.33332172071181,2.4327742120167395,117,136,127.0,125.0,128.0,173.26258692047213,18.257503728717907,126,195,181.0,167.0,186.0,image_0_1014.jpg,overripe
125.56286841041792,55.85872167193283,0,230,138.0,96.0,167.0,126.33989910954418,2.420903112444805,117,136,127.0,125.0,128.0,171.56302866459498,19.921914626737916,126,195,180.0,163.0,186.0,image_0_1014.jpg,overripe
137.80960410250694,39.89148957478115,54,245,142.0,109.0,168.0,126.13508730368864,2.5005523662801545,116,136,126.0,124.0,128.0,174.83400454285754,15.771603947037214,130,195,181.0,169.0,187.0,image_0_1014.jpg,overripe
180.03817533200484,41.62456060588646,92,255,185.0,149.0,213.0,123.85894148632265,3.9110855986882633,110,135,125.0,122.0,127.0,179.76133972492022,17.595595121156276,128,201,187.0,173.0,192.0,image_0_1014.jpg,overripe
118.60158284659536,44.75362983909693,0,246,121.0,91.0,149.0,124.92811449088472,2.415894826775985,115,136,125.0,124.0,126.0,173.44452451389415,13.780853395969668,126,192,177.0,169.0,183.0,image_0_107.jpg,overripe
123.97930415434018,34.707666710832214,56,239,123.0,97.0,148.0,124.53089837922577,2.1829662228876625,115,134,125.0,123.0,126.0,173.21842524463324,9.831303095591675,130,189,176.0,168.0,180.0,image_0_107.jpg,overripe
126.17956206225189,36.85011163419181,54,248,125.0,97.0,152.0,124.67781739108447,2.3009427163521075,115,134,125.0,123.0,126.0,175.35309363068598,10.303312690373797,131,193,178.0,170.0,183.0,image_0_107.jpg,overripe
114.28500088497813,48.45674160565763,0,244,119.0,87.0,147.0,125.07481857948368,2.4909384022550345,115,136,125.0,124.0,127.0,171.8637765809502,15.700702641071352,126,192,177.0,167.0,183.0,image_0_107.jpg,overripe
104.858378214367,60.512350093204866,0,246,117.0,72.0,149.0,125.66526334420593,2.538196355463405,115,136,126.0,124.0,128.0,166.9211231636704,20.796909691638543,126,193,175.0,155.0,182.0,image_0_107.jpg,overripe
140.89699155917972,42.244616872812756,54,227,144.0,110.0,172.0,129.11971106078644,2.496060653186936,119,138,130.0,127.0,131.0,177.27511882490893,15.776590670397193,131,195,183.0,170.0,189.0,image_0_1113.jpg,overripe
137.098971526777,48.195100558687834,0,226,144.0,106.0,172.0,129.20067311737483,2.4354282545662485,120,137,130.0,128.0,131.0,176.63192473974883,16.80559900577493,126,195,183.0,169.0,189.0,image_0_1113.jpg,overripe
99.58621183505043,73.97036055808687,0,227,113.0,11.0,162.0,128.69147593515873,2.3188373228994403,121,137,128.0,128.0,130.0,162.29040718230561,26.175595657267433,125,195,170.0,134.0,188.0,image_0_1113.jpg,overripe
133.44306698054942,52.99406316165849,0,226,143.0,100.0,172.0,129.25354684520985,2.348285070462443,121,138,130.0,128.0,131.0,175.37253287265372,18.541943134197204,126,195,183.0,168.0,189.0,image_0_1113.jpg,overripe
132.22163642710728,37.51521453521564,56,209,135.0,105.0,160.0,128.54395402751547,2.143296754131307,120,136,129.0,127.0,130.0,172.650775606656,14.40311454985163,131,189,178.0,166.0,183.0,image_0_1113.jpg,overripe
124.87501500271814,59.65841278656994,0,232,137.0,95.0,169.0,128.62078776625413,2.4328337366668547,118,137,129.0,127.0,130.0,170.81266723618162,19.39726175199947,126,192,178.0,165.0,186.0,image_0_1156.jpg,overripe
141.58138533334275,39.7152405289912,54,233,143.0,113.0,172.0,128.50369596373932,2.623815383050192,118,138,129.0,127.0,130.0,175.8576895108055,12.817951238762795,128,192,179.0,170.0,186.0,image_0_1156.jpg,overripe
99.0894232602142,43.476065925564214,5,198,101.0,68.0,133.0,133.2381090221052,4.553721504979106,119,153,133.0,130.0,136.0,163.21652628829224,21.958611065686497,104,191,169.0,147.0,182.0,image_0_1156.jpg,overripe
100.36237388891635,42.297469181707825,7,197,102.0,69.0,133.0,132.37964290000775,4.073479526123691,119,149,133.0,130.0,135.0,164.9245275026299,19.934901786200456,110,190,170.0,151.0,182.0,image_0_1156.jpg,overripe
134.5710140425442,48.15984227517589,0,231,140.0,107.0,170.0,128.63779555354733,2.549349588547643,118,138,129.0,127.0,130.0,174.54599303873877,14.949459981140725,126,192,179.0,169.0,186.0,image_0_1156.jpg,overripe
148.5689664049869,70.09627803171726,0,243,163.0,99.0,211.0,128.40303031343217,3.299155226401752,110,140,128.0,126.0,130.0,144.33221544471257,17.161068712125005,127,194,136.0,132.0,151.0,image_0_116.jpg,overripe
186.88833356789542,55.93125155034812,68,255,204.0,140.0,237.0,128.15134404080695,3.4303709019000648,109,140,128.0,126.0,130.0,146.0690985607041,18.0364536115129,129,198,137.0,134.0,155.0,image_0_116.jpg,overripe
184.88382654304672,55.20237393580046,67,255,202.0,138.0,234.0,128.22025380762932,3.362379652862403,109,140,128.0,126.0,130.0,145.8474957349746,17.781460507258114,129,197,137.0,134.0,154.0,image_0_116.jpg,overripe
165.7761728390824,57.557063980282095,2,243,185.0,121.0,216.0,128.43094777961232,3.323142161671006,110,140,128.0,126.0,130.0,144.84172550742647,16.880303087332727,129,194,136.0,134.0,151.0,image_0_116.jpg,overripe
168.25079035984115,53.48931923947557,54,243,185.0,123.0,216.0,128.41278237557626,3.338471325257977,110,140,128.0,126.0,130.0,145.20290536620865,17.042081668262313,129,194,137.0,134.0,154.0,image_0_116.jpg,overripe
133.63097409260908,57.83389723968966,0,242,140.0,101.0,178.0,129.96927296867477,2.7488708414670517,117,141,130.0,128.0,132.0,161.48529061313025,21.037405082363218,126,192,167.0,139.0,181.0,image_0_1338.jpg,overripe
105.95187654717266,46.98876551346676,6,203,106.0,72.0,144.0,132.7282958121167,5.034772458364172,117,152,133.0,128.0,136.0,156.01493553548588,21.418180504529168,109,191,154.0,137.0,177.0,image_0_1338.jpg,overripe
96.97548840805965,69.72507376812304,0,233,114.0,1.0,153.0,129.67700627866373,2.7469542207316597,117,141,129.0,128.0,132.0,156.37289718262596,22.86434271023046,126,192,157.0,129.0,179.0,image_0_1338.jpg,overripe
148.99956715641216,44.82567467133459,54,243,149.0,117.0,185.0,129.89146325449744,2.875309355361558,116,141,130.0,127.0,132.0,163.3469508844113,20.151567995456176,129,192,169.0,142.0,181.0,image_0_1338.jpg,overripe
185.77697855722047,46.141077487663466,85,255,187.0,152.0,224.0,128.40396951613923,4.128837253078273,111,140,128.0,127.0,131.0,166.10030785392257,22.595580452022478,128,199,173.0,143.0,185.0,image_0_1338.jpg,overripe
117.72532224601515,45.090687238966495,0,228,125.0,97.0,150.0,125.46004316055226,4.719791606997953,113,136,126.0,122.0,129.0,168.4013348109018,14.995315183707236,126,187,173.0,165.0,179.0,image_0_1358.jpg,overripe
107.29740786721881,30.825085720767902,33,209,108.0,85.0,131.0,126.20883708141346,4.9012152701331315,113,139,126.0,122.0,131.0,167.77061582942417,11.410111675162142,129,186,170.0,161.0,177.0,image_0_1358.jpg,overripe
126.79840355949574,30.703736898423024,55,229,127.0,105.0,151.0,125.23538332069623,4.731711993311496,113,135,126.0,121.0,129.0,170.59723205879166,11.052380951394637,129,187,173.0,166.0,179.0,image_0_1358.jpg,overripe
128.83639817692494,34.1515157223121,48,242,129.0,104.0,156.0,125.69734287642584,5.367656598482701,112,138,126.0,121.0,130.0,173.34276810785138,12.20587375288362,129,193,176.0,167.0,183.0,image_0_1358.jpg,overripe
109.54173992017797,51.947523672548854,0,229,121.0,87.0,148.0,125.12313255622121,4.614163348255644,113,135,126.0,121.0,128.0,164.7547514102169,17.454322350481025,126,187,171.0,159.0,177.0,image_0_1358.jpg,overripe
114.40325423728814,57.21124217206068,0,239,120.0,79.0,155.0,130.70402086049543,2.886700159215158,117,144,131.0,129.0,133.0,165.76382790091264,20.148349253196685,126,196,170.0,149.0,183.0,image_0_1390.jpg,overripe
127.97739765319426,41.520823762934825,54,245,124.0,97.0,157.0,130.78034941329855,2.9941296381261,117,142,131.0,129.0,133.0,168.7470664928292,16.909968627485412,132,196,172.0,153.0,183.0,image_0_1390.jpg,overripe
101.34118383311603,37.6240355000337,34,207,98.0,73.0,128.0,130.97646936114734,2.9443139728251886,118,142,131.0,129.0,133.0,163.48757235984354,14.781747066433951,131,189,165.0,150.0,176.0,image_0_1390.jpg,overripe
74.9473481095176,42.76787084565018,2,193,71.0,42.0,105.0,135.03718383311605,5.214744355422554,119,156,135.0,132.0,138.0,154.06998696219034,20.945145563724758,104,193,153.0,139.0,171.0,image_0_1390.jpg,overripe
117.7598331160365,54.27009356174274,0,242,121.0,84.0,156.0,130.8335332464146,2.955339349604324,117,145,131.0,129.0,133.0,166.78096479791395,19.276496422415622,126,196,171.0,150.0,183.0,image_0_1390.jpg,overripe
110.80207494383451,52.19548486308845,0,236,116.0,83.0,152.0,132.7633101606545,3.116475117059687,124,141,133.0,130.0,135.0,168.64944258403628,20.229461723471047,126,194,177.0,149.0,185.0,image_0_1450.jpg,overripe
174.43871603577637,35.13330563555107,109,255,172.0,146.0,204.0,130.11819125937856,3.4454929170253092,112,138,131.0,129.0,132.0,172.85838879233606,18.209837448870573,128,198,180.0,159.0,188.0,image_0_1450.jpg,overripe
120.82635327031495,40.81281231978346,0,243,120.0,92.0,153.0,132.84319231910473,3.0711448657772804,123,141,133.0,130.0,135.0,170.99596244330465,17.375064810655,126,194,177.0,159.0,185.0,image_0_1450.jpg,overripe
93.70368996651266,68.25892022494541,0,212,113.0,0.0,150.0,132.11133483107966,3.430672369998273,123,141,133.0,128.0,135.0,163.46405408842355,25.36643975528419,126,194,176.0,128.0,185.0,image_0_1450.jpg,overripe
123.88620660421347,37.44585370524592,54,245,121.0,94.0,153.0,132.81296892882878,3.116603575036944,123,141,133.0,130.0,135.0,171.37422110126744,16.753650241940193,129,194,177.0,159.0,185.0,image_0_1450.jpg,overripe
127.09419539379593,44.460185528107715,54,230,118.0,92.0,162.0,128.3070227351186,2.340151621161988,121,138,129.0,127.0,130.0,168.28010800414262,20.056603958783615,131,198,173.0,146.0,186.0,image_0_1519.jpg,overripe
123.57030132662622,48.97668037916221,0,229,117.0,89.0,162.0,128.36559895448045,2.2788751309018287,121,137,129.0,127.0,130.0,167.63032006707107,20.708203155317936,126,199,173.0,143.0,186.0,image_0_1519.jpg,overripe
112.39301918429749,59.7373319856148,0,230,111.0,72.0,159.0,128.4049415594023,2.3049873437008057,122,141,128.0,127.0,130.0,164.92002021995364,22.60501190529943,126,199,171.0,141.0,185.0,image_0_1519.jpg,overripe
108.75477141588992,60.927369714891526,0,230,107.0,65.0,157.0,128.23690634709277,2.311975158443961,122,138,128.0,127.0,130.0,162.04373181437097,22.934595774214266,126,198,164.0,140.0,184.0,image_0_1519.jpg,overripe
80.56769985698081,42.81794889756068,10,178,73.0,47.0,114.0,130.54120432016572,3.537540755156432,121,145,131.0,128.0,133.0,157.3518765103319,18.690956235614753,119,192,154.0,139.0,175.0,image_0_1519.jpg,overripe
134.6399961919928,38.53606088035455,61,243,133.0,106.0,161.0,130.99177816627144,2.7890235862839647,119,140,131.0,129.0,133.0,170.9318193619857,16.35297120579279,132,195,176.0,157.0,185.0,image_0_1524.jpg,overripe
137.7863188686757,41.38988965745871,59,254,137.0,107.0,166.0,131.5290706731518,3.1995588730955187,118,141,132.0,130.0,134.0,173.53692901528396,17.13814761722954,132,199,178.0,159.0,188.0,image_0_1524.jpg,overripe
130.62458241739222,40.05304986286697,54,243,130.0,101.0,158.0,131.5098835095979,3.0190304684418963,118,141,132.0,130.0,134.0,171.96848874041507,16.538415567359607,132,197,177.0,158.0,186.0,image_0_1524.jpg,overripe
125.1184203693767,48.401704140311026,0,241,129.0,96.0,158.0,131.55244664462637,2.992274038531973,118,143,132.0,130.0,134.0,170.9510065255396,17.98437116545717,126,197,177.0,156.0,186.0,image_0_1524.jpg,overripe
84.69046959652432,70.10134009763772,0,229,100.0,0.0,141.0,130.11827324182576,2.861490883613199,118,140,130.0,128.0,132.0,157.1530732349021,24.822706042484917,125,197,157.0,128.0,182.0,image_0_1524.jpg,overripe
116.42470499706444,38.85238701642422,0,231,117.0,93.0,139.0,133.0529558177804,2.4397560967717804,121,141,134.0,132.0,135.0,170.9895725661741,13.316793630257449,126,189,176.0,168.0,180.0,image_0_1538.jpg,overripe
137.63847979426285,32.613145360687504,74,245,135.0,114.0,156.0,131.83808948904746,2.1756853409808876,121,139,132.0,131.0,133.0,171.10696182120384,12.448051151292264,129,188,176.0,168.0,180.0,image_0_1538.jpg,overripe
123.254889151665,36.14507333269098,52,241,121.0,97.0,144.0,133.70456706717053,2.750615428792033,121,143,134.0,132.0,136.0,173.0975597654861,12.861957377183051,129,192,177.0,168.0,182.0,image_0_1538.jpg,overripe
120.19247339391885,34.39527348284243,0,233,118.0,96.0,140.0,133.03602880981717,2.470411892221762,121,141,134.0,132.0,135.0,171.42722709644343,12.381076401057914,128,189,176.0,168.0,180.0,image_0_1538.jpg,overripe
105.06405305504792,54.042939153546705,0,234,116.0,87.0,139.0,132.7053195623951,2.8301000494821262,120,141,134.0,131.0,135.0,167.59892831449338,18.662793212765113,126,189,176.0,165.0,180.0,image_0_1538.jpg,overripe
85.75875145521398,77.5793714044075,0,232,90.0,0.0,156.0,131.04626715999862,3.3450000718374464,122,143,130.0,128.0,133.0,150.58407967080467,22.162267377467604,126,195,149.0,128.0,175.0,image_0_1542.jpg,overripe
135.77170141890568,51.71506879832771,34,250,134.0,95.0,176.0,133.25127655405328,4.423895261144348,120,148,133.0,129.0,137.0,160.21634565510564,20.62674589566693,126,202,154.0,144.0,181.0,image_0_1542.jpg,overripe
139.9995850478924,38.85404589169978,66,227,138.0,109.0,170.0,130.94437336468528,2.926363522448689,122,140,130.0,129.0,133.0,153.19968993856403,16.740921291186158,126,188,148.0,140.0,171.0,image_0_1542.jpg,overripe
125.56129188422837,56.64797371989292,0,235,129.0,92.0,168.0,131.83185794806184,3.5187403710989837,123,143,131.0,129.0,135.0,155.73519139665964,19.305906357893864,126,195,151.0,140.0,176.0,image_0_1542.jpg,overripe
136.9814654725267,48.133326897577675,0,239,136.0,103.0,173.0,131.8034049125719,3.4384218532939874,121,142,131.0,129.0,135.0,156.44872459859147,18.927669499341153,126,195,151.0,141.0,176.0,image_0_1542.jpg,overripe
133.99277777777777,38.098728078150316,54,240,136.0,106.0,162.0,126.0224,2.330741834536648,115,137,126.0,125.0,128.0,174.3345185185185,13.84880718053837,130,192,179.0,170.0,184.0,image_0_1550.jpg,overripe
62.165474074074076,33.59736216218076,0,156,63.0,36.0,87.0,131.89675555555556,4.680898124437022,121,150,131.0,129.0,134.0,147.9277111111111,21.386502065855453,100,182,150.0,130.0,168.0,image_0_1550.jpg,overripe
80.14233333333334,68.6609949148984,0,223,85.0,0.0,142.0,126.70658518518519,1.8752116833995833,118,137,127.0,126.0,128.0,155.11155555555555,24.312561297393295,126,192,150.0,128.0,181.0,image_0_1550.jpg,overripe
133.55991851851851,38.39690220134988,0,240,135.0,105.0,162.0,126.03267407407408,2.3142983492470988,115,136,126.0,125.0,128.0,174.2924074074074,13.900845755669259,128,192,179.0,170.0,184.0,image_0_1550.jpg,overripe
144.94504444444445,41.11110666228805,59,255,147.0,114.0,176.0,125.96616296296297,2.5445794710627894,115,138,126.0,124.0,128.0,177.6694962962963,14.850079831621843,130,196,183.0,173.0,188.0,image_0_1550.jpg,overripe
107.67440618822737,39.05159051268508,25,197,110.0,80.0,135.0,131.34210676853257,3.3160282003911834,119,144,132.0,129.0,134.0,168.98404001754264,12.934478286976027,130,187,173.0,160.0,180.0,image_0_156.jpg,overripe
131.19359185411648,51.04820653263362,0,233,139.0,99.0,167.0,130.36256681772824,3.0459643516020534,118,143,131.0,128.0,133.0,172.525560760435,16.035838431899784,125,192,179.0,164.0,185.0,image_0_156.jpg,overripe
139.05733135872777,41.07857401531413,54,233,142.0,110.0,168.0,130.33522319186937,3.1118059651869876,118,141,131.0,128.0,133.0,174.67981516675036,12.936042512305796,130,192,179.0,168.0,185.0,image_0_156.jpg,overripe
100.91816615924388,74.2702240138398,0,233,122.0,12.0,163.0,129.2905085456776,2.563507780432188,118,141,129.0,128.0,131.0,160.92363869803154,23.736159286526014,125,192,169.0,135.0,184.0,image_0_156.jpg,overripe
85.22954789583744,38.84351194548234,6,173,88.0,58.0,112.0,133.199661859392,4.09945188165775,119,150,133.0,130.0,136.0,161.40408438260738,17.419976368659906,113,185,166.0,149.0,176.0,image_0_156.jpg,overripe
155.15960988832907,31.43227655868245,94,251,157.0,130.0,180.0,127.2591414007484,4.419022087640841,114,136,128.0,125.0,131.0,167.54781618000922,11.72207610200307,130,183,171.0,160.0,177.0,image_0_1585.jpg,overripe
177.23440093501085,35.78997073261238,106,255,180.0,148.0,207.0,126.8330337762849,5.173677650789389,112,138,128.0,124.0,131.0,173.8224265103077,13.519630711677832,128,192,178.0,166.0,185.0,image_0_1585.jpg,overripe
94.41856467976861,62.579511365382345,0,215,105.0,47.0,146.0,129.1452704361747,5.264412499210962,113,141,129.0,128.0,133.0,162.556508245185,22.011661136361788,126,192,170.0,145.0,182.0,image_0_1585.jpg,overripe
130.52228016932338,38.35954106599346,54,245,133.0,100.0,161.0,129.19043971046094,5.661544763666083,113,141,130.0,126.0,133.0,173.70362513136314,12.961333101549075,130,192,178.0,165.0,184.0,image_0_1585.jpg,overripe
120.34840940118055,49.957332780174674,0,242,128.0,89.0,159.0,129.41117887975486,5.451981567310513,113,141,130.0,127.0,133.0,171.57520846224108,16.49495753145693,126,192,177.0,163.0,184.0,image_0_1585.jpg,overripe
129.91559874654018,37.05167601414415,54,249,129.0,102.0,158.0,126.68267225927598,2.445994156732907,115,136,127.0,126.0,128.0,176.83645275748967,11.567440568450092,130,192,180.0,171.0,185.0,image_0_1589.jpg,overripe
120.81698023484081,49.28396204988453,0,247,126.0,96.0,156.0,126.97288234792045,2.335465648311805,114,137,127.0,126.0,128.0,174.04192018338557,16.6386681902028,126,192,180.0,170.0,185.0,image_0_1589.jpg,overripe
103.58576079402046,41.770132049918594,14,235,102.0,72.0,135.0,130.5141501957007,3.4945743173059913,116,144,131.0,129.0,133.0,166.2062477899845,19.78169676832385,118,197,168.0,150.0,184.0,image_0_1589.jpg,overripe
91.72260495287333,69.60223390900289,0,225,110.0,0.0,151.0,127.13568580590882,2.438404098152559,115,138,128.0,126.0,128.0,162.0957287259337,25.22939503226507,125,192,174.0,128.0,185.0,image_0_1589.jpg,overripe
148.65184787777548,41.693468185236526,62,255,147.0,117.0,180.0,126.57393340080232,2.9659995884823855,111,137,127.0,125.0,128.0,182.70882664943363,13.157960618042887,128,201,186.0,176.0,193.0,image_0_1589.jpg,overripe
54.98105595874316,33.21606614730461,1,164,52.0,27.0,81.0,138.0420470377841,5.878200798497214,124,153,138.0,133.0,143.0,142.581661086735,19.858015927672028,102,180,140.0,126.0,159.0,image_0_1592.jpg,overripe
92.31436503150408,67.49729998868834,0,213,111.0,0.0,149.0,132.11282205909876,3.450325653185086,124,141,133.0,128.0,135.0,163.24720830127472,25.240418224189014,126,194,175.0,128.0,185.0,image_0_1592.jpg,overripe
178.11951797708414,36.5951352701258,107,255,176.0,148.0,209.0,129.96923412838694,4.460640651054605,111,139,131.0,128.0,133.0,175.5599617376115,19.594144287201733,128,203,183.0,159.0,192.0,image_0_1592.jpg,overripe
111.2133855975379,50.776581215510625,0,241,116.0,85.0,150.0,132.69424400590572,3.1242701882007724,125,141,133.0,130.0,135.0,168.45900309842168,20.102027923579392,126,194,176.0,148.0,185.0,image_0_1592.jpg,overripe
123.527043606646,36.741153096794676,54,245,120.0,95.0,152.0,132.71198195013412,3.143339301223766,124,141,133.0,130.0,135.0,170.8595832726819,17.01197011282004,129,194,176.0,157.0,185.0,image_0_1592.jpg,overripe
122.25731899048407,31.042074980996354,0,204,125.0,101.0,146.0,131.18470831609434,3.3862885696495995,118,137,132.0,129.0,134.0,173.13644187008688,10.15847991538007,126,186,175.0,169.0,181.0,image_0_1787.jpg,overripe
123.6693090608192,29.044575370258293,55,215,126.0,102.0,146.0,131.1538932561026,3.441343577787703,118,137,132.0,129.0,134.0,173.3749193214729,9.568084870022934,128,186,175.0,169.0,181.0,image_0_1787.jpg,overripe
142.4178568473314,29.07598068140122,75,235,145.0,120.0,165.0,130.38473314025651,3.3729151088266422,118,137,131.0,129.0,133.0,174.5457261067439,9.885547688585731,128,187,177.0,170.0,182.0,image_0_1787.jpg,overripe
84.24014067025237,31.88744711048381,9,183,87.0,60.0,109.0,136.5564501448076,4.740439846561432,120,150,137.0,135.0,139.0,158.43206454282168,20.24327482985299,107,187,164.0,142.0,176.0,image_0_1787.jpg,overripe
116.38936698386429,40.491491552919804,0,208,124.0,96.0,146.0,131.14394704178733,3.4091214709437545,119,137,132.0,129.0,134.0,171.4334795200662,13.400250012136654,126,186,175.0,168.0,181.0,image_0_1787.jpg,overripe
141.62974747024472,29.66252599479062,53,208,145.0,125.0,163.0,131.04719609503857,1.965699393764335,122,138,131.0,130.0,132.0,174.46677328043506,11.937854940636923,130,190,179.0,170.0,183.0,image_0_1788.jpg,overripe
121.66923728435786,48.763999765194555,0,198,136.0,109.0,154.0,130.46807159095974,1.8096167431161483,122,136,131.0,129.0,132.0,168.3714728302055,16.367848439381266,126,185,176.0,166.0,179.0,image_0_1788.jpg,overripe
133.00201154549103,33.20195429908753,0,197,138.0,119.0,156.0,130.6132762002407,1.7769663392486075,123,136,131.0,130.0,132.0,171.27842352783844,12.337867754115866,126,187,176.0,168.0,180.0,image_0_1788.jpg,overripe
135.94831275353275,27.72532017650881,54,198,139.0,121.0,156.0,130.6157335175857,1.809048797461437,122,137,131.0,130.0,132.0,171.7942484286542,11.283711044281434,130,187,176.0,168.0,180.0,image_0_1788.jpg,overripe
118.05570476530112,53.44417680668603,0,198,136.0,103.0,155.0,130.47644095751795,1.799822042125656,122,136,131.0,129.0,132.0,166.92646993268846,18.11983408570427,124,187,176.0,162.0,180.0,image_0_1788.jpg,overripe
98.49156362858577,64.52949505355316,0,220,116.0,30.0,151.0,125.54350633859012,2.5806809189021735,116,135,126.0,124.0,128.0,162.49134151056705,22.199341169233307,125,190,173.0,136.0,181.0,image_0_1796.jpg,overripe
150.79489457620704,34.343314251896295,69,255,152.0,127.0,176.0,123.81410367152858,2.9729459298054612,114,135,124.0,122.0,126.0,176.97467031927408,11.779090224855082,128,193,180.0,173.0,185.0,image_0_1796.jpg,overripe
124.48421728078185,45.277057870995236,0,226,131.0,104.0,156.0,124.64624826213218,2.845543459297119,115,134,125.0,123.0,127.0,172.32347787457735,14.744271146708233,126,189,177.0,169.0,182.0,image_0_1796.jpg,overripe
121.4879274743536,49.156262490686416,0,217,131.0,101.0,156.0,124.73936507153023,2.818422324409232,115,135,125.0,123.0,127.0,171.2725059025807,16.20596906144276,126,189,177.0,168.0,182.0,image_0_1796.jpg,overripe
132.44983012084865,32.82610683793352,54,237,133.0,110.0,157.0,124.3797889056163,2.8385665398830358,115,135,125.0,122.0,127.0,174.16909762498253,11.044518316833946,129,190,177.0,170.0,182.0,image_0_1796.jpg,overripe
104.247935828877,49.49119560349358,9,199,107.0,62.0,147.0,131.8732513368984,3.507319926264499,120,148,132.0,130.0,134.0,166.26618181818182,22.07761400803533,111,198,172.0,145.0,187.0,image_0_1830.jpg,overripe
130.58930481283423,58.17081791358933,0,227,139.0,93.0,179.0,128.26320855614972,1.8838759607916646,121,137,128.0,127.0,130.0,173.52427807486632,19.84250283095535,126,197,181.0,166.0,189.0,image_0_1830.jpg,overripe
196.55054545454544,42.41680956798941,112,255,201.0,159.0,236.0,122.57844919786096,5.573137995216815,110,134,125.0,119.0,127.0,179.00548663101605,17.88086067428047,130,206,184.0,172.0,192.0,image_0_1830.jpg,overripe
140.5906844919786,44.782199013842856,54,228,142.0,102.0,180.0,128.15683422459892,1.9801263475338289,121,135,128.0,127.0,130.0,175.8710588235294,16.60537812665403,131,197,181.0,169.0,189.0,image_0_1830.jpg,overripe
134.02934759358288,54.29740910987332,0,227,140.0,97.0,180.0,128.25557219251337,1.8767842758426643,121,137,128.0,127.0,130.0,174.26802139037434,18.94124983423652,126,197,181.0,168.0,189.0,image_0_1830.jpg,overripe
140.3498258937952,41.02863990023145,54,250,142.0,111.0,172.0,131.23351994716776,2.656873194826132,116,142,132.0,130.0,133.0,177.10624230780778,13.569041767309782,130,195,181.0,170.0,187.0,image_0_1839.jpg,overripe
118.58246030078348,41.07299089670906,30,228,120.0,89.0,150.0,132.5215831657311,2.900103000849911,117,145,133.0,131.0,134.0,172.92136703389068,14.553995330637209,130,194,177.0,164.0,184.0,image_0_1839.jpg,overripe
185.74723081079458,38.16837178502835,105,255,188.0,158.0,218.0,127.80738000180109,4.568063776356705,111,138,129.0,126.0,131.0,177.8920241347222,14.21285374241904,128,199,182.0,171.0,188.0,image_0_1839.jpg,overripe
95.36335664755501,72.88607349217233,0,227,110.0,0.0,160.0,130.64948368504787,2.7342267858047866,121,143,131.0,128.0,133.0,161.4175847266833,24.985609569994878,126,195,170.0,128.0,184.0,image_0_1839.jpg,overripe
125.53872362140906,56.917458157336384,0,248,136.0,93.0,168.0,131.1227974064179,2.6429298880429415,119,142,132.0,129.0,133.0,173.04131270074745,19.095647134437534,126,195,180.0,166.0,187.0,image_0_1839.jpg,overripe
123.09475790732125,50.31822992159584,0,233,128.0,94.0,158.0,131.42121267250565,2.979822321301302,119,143,132.0,130.0,133.0,170.17986502759223,18.876404940132606,126,197,176.0,153.0,186.0,image_0_1856.jpg,overripe
171.6127729985879,39.52541289452394,95,255,171.0,142.0,201.0,129.07529173272346,4.8459908987810865,110,140,130.0,128.0,132.0,174.6683213348234,17.929724558572367,128,200,181.0,159.0,190.0,image_0_1856.jpg,overripe
106.83407403557104,47.107885808769524,14,237,106.0,72.0,139.0,135.3665306546768,4.838105023732161,117,152,135.0,132.0,139.0,167.62092505479464,19.822835886943896,116,204,167.0,151.0,185.0,image_0_1856.jpg,overripe
130.50597326541396,39.897755686008544,54,243,130.0,101.0,158.0,131.5024300231307,3.0154644522666088,119,142,132.0,130.0,134.0,171.98697923434779,16.51477217027751,131,197,177.0,158.0,186.0,image_0_1856.jpg,overripe
82.89674350910934,70.54978273906663,0,229,97.0,0.0,140.0,130.01633876514975,2.857505638029762,119,141,129.0,128.0,132.0,156.61252176624996,24.956162805022082,126,197,156.0,128.0,182.0,image_0_1856.jpg,overripe
113.47963461118029,46.91117578889394,0,228,118.0,90.0,144.0,126.615885478551,2.893730621903778,116,138,127.0,125.0,128.0,169.65355550697222,14.999901503614279,126,189,174.0,165.0,180.0,image_0_1863.jpg,overripe
163.1962016292311,36.901755548762715,83,255,162.0,136.0,187.0,125.04290752164862,3.8272193698272674,111,136,126.0,123.0,128.0,179.61448817999488,11.705340154746617,128,198,182.0,174.0,188.0,image_0_1863.jpg,overripe
125.31938252711424,33.28780941757127,54,231,124.0,101.0,146.0,126.3191829130348,2.9602513568947666,116,135,127.0,125.0,128.0,172.71028392726444,10.003676378962746,129,189,175.0,168.0,180.0,image_0_1863.jpg,overripe
154.03366824139997,34.18308168046971,82,255,152.0,129.0,175.0,125.24316797049514,3.093656217386283,112,135,126.0,124.0,127.0,175.53069779378916,10.819060798922072,128,192,178.0,170.0,184.0,image_0_1863.jpg,overripe
119.56873853407222,40.55841451240134,0,228,121.0,97.0,145.0,126.47192570554071,2.9569046648340773,116,137,127.0,125.0,128.0,171.4461564784274,12.491379403722235,126,189,174.0,167.0,180.0,image_0_1863.jpg,overripe
132.1202449715658,53.532066287488654,0,230,141.0,99.0,171.0,129.27094176568792,2.3172728382250205,121,137,130.0,128.0,131.0,175.12467302902343,18.615164499054554,126,195,183.0,168.0,189.0,image_0_1886.jpg,overripe
103.60944711774526,70.13804882327567,0,230,128.0,23.0,161.0,129.14272450519135,2.2087606439814165,120,137,129.0,128.0,131.0,166.64646067867122,25.297779896178685,126,195,179.0,137.0,189.0,image_0_1886.jpg,overripe
85.64921928704705,43.35858206756775,1,177,88.0,53.0,119.0,134.59435065572745,4.6914378511326555,121,152,134.0,132.0,138.0,157.26187138992796,23.50817245477037,101,191,160.0,139.0,179.0,image_0_1886.jpg,overripe
133.22134930766964,52.06379393546914,0,230,141.0,100.0,171.0,129.26299625936275,2.339612746409251,121,137,130.0,128.0,131.0,175.51502950550383,18.09406814028309,126,195,183.0,168.0,189.0,image_0_1886.jpg,overripe
189.51460098381438,42.53552746631675,99,255,194.0,157.0,226.0,124.86923839197236,5.815987817185988,110,136,126.0,123.0,129.0,183.09241784435736,17.59837328998847,128,205,189.0,176.0,196.0,image_0_1886.jpg,overripe
125.23201271186441,38.44181196808586,54,246,122.0,94.0,154.0,132.61935381355931,3.2366303239062577,123,141,133.0,130.0,135.0,171.32365466101695,16.60460498050788,129,194,176.0,160.0,185.0,image_0_1895.jpg,overripe
112.87729872881356,52.68555422962536,0,240,117.0,85.0,153.0,132.59816737288136,3.182932974387608,124,140,133.0,130.0,135.0,168.7555190677966,19.972613300214135,126,194,176.0,150.0,185.0,image_0_1895.jpg,overripe
120.54549788135593,39.592960846429,47,244,117.0,88.0,151.0,133.2335911016949,3.5255545341804235,122,142,134.0,131.0,136.0,171.0665783898305,16.618095786588935,129,195,175.0,159.0,185.0,image_0_1895.jpg,overripe
90.23542372881356,67.34702958159716,0,221,104.0,0.0,145.0,132.09385593220338,3.4761908647824575,123,141,132.0,128.0,135.0,162.51648305084746,24.81146714803154,126,194,173.0,128.0,184.0,image_0_1895.jpg,overripe
124.29647245762712,39.173881662475026,0,245,121.0,93.0,154.0,132.62912076271186,3.2081202371100983,123,141,133.0,130.0,135.0,171.21780720338984,16.75688091213599,127,194,176.0,160.0,185.0,image_0_1895.jpg,overripe
121.74813243859205,38.150691119021275,0,241,120.0,93.0,151.0,132.76442348273824,3.0733748034229587,124,142,133.0,130.0,135.0,170.46536042880055,16.79183781086596,126,192,177.0,158.0,184.0,image_0_1912.jpg,overripe
108.0330041360682,40.219581308570135,31,237,106.0,76.0,138.0,134.8367097155398,4.0470831460170205,124,146,135.0,132.0,138.0,168.38269182071411,17.02492405994471,128,194,170.0,153.0,185.0,image_0_1912.jpg,overripe
119.0182430151093,42.5594854110016,38,254,117.0,85.0,152.0,135.05221786106188,4.193926075916508,124,147,136.0,132.0,139.0,171.68536338313498,17.878276520274902,128,199,175.0,156.0,188.0,image_0_1912.jpg,overripe
115.68918291550604,45.908085248627955,0,241,118.0,88.0,150.0,132.71119270701445,3.109236246012001,124,142,133.0,130.0,135.0,169.08303789989026,18.522788091757594,126,193,176.0,152.0,184.0,image_0_1912.jpg,overripe
89.07225457921837,69.17988428589697,0,212,110.0,0.0,147.0,131.99527306491095,3.4710998621029905,124,142,133.0,128.0,135.0,161.92278635941588,25.537758344781647,126,193,175.0,128.0,184.0,image_0_1912.jpg,overripe
100.0179441893324,43.092543529233176,8,212,104.0,69.0,133.0,129.12895796538325,3.7470911843785295,119,146,129.0,127.0,131.0,165.8065206640763,19.311307193651253,114,194,171.0,150.0,183.0,image_0_1934.jpg,overripe
182.64997527375485,43.96897429591923,88,255,188.0,150.0,219.0,123.48936064994702,4.514908368705692,109,135,124.0,122.0,127.0,181.92213352172377,17.67513820201834,128,203,189.0,176.0,194.0,image_0_1934.jpg,overripe
129.6972942423172,54.56684445103044,0,233,140.0,99.0,171.0,126.29563405157188,2.443436557418626,117,137,127.0,125.0,128.0,172.75196750264925,18.92352880043894,126,196,181.0,166.0,187.0,image_0_1934.jpg,overripe
139.64902154715648,40.881734992768635,54,248,143.0,109.0,171.0,126.10539738608266,2.506357266938913,116,136,126.0,124.0,128.0,175.26243730130696,15.492601207913161,130,195,181.0,170.0,187.0,image_0_1934.jpg,overripe
116.7962557400212,59.40738042768511,0,248,127.0,71.0,165.0,126.10810314376545,2.4304872234534676,116,137,126.0,124.0,128.0,167.40591310490993,21.330841026126645,126,195,178.0,142.0,185.0,image_0_1934.jpg,overripe
119.32780451221798,45.08541581338516,0,221,122.0,86.0,153.0,124.47143303543528,3.3124143380598396,113,138,125.0,123.0,127.0,164.43802262358602,17.44353266651412,126,191,168.0,149.0,181.0,image_0_1952.jpg,overripe
124.14395350290607,39.990661538422884,54,222,125.0,90.0,154.0,124.40359977501406,3.268968362675783,113,135,125.0,123.0,127.0,165.0735079057559,16.765785562485064,130,191,168.0,150.0,181.0,image_0_1952.jpg,overripe
60.9701893631648,36.73750938731612,1,151,61.0,28.0,89.0,128.0573214174114,4.035705776834712,116,145,128.0,126.0,130.0,150.24480969939378,18.553104210902408,106,183,151.0,136.0,166.0,image_0_1952.jpg,overripe
119.12641709893131,35.55109879004014,57,207,119.0,89.0,146.0,124.44915942753578,3.0025934168135557,114,134,125.0,123.0,127.0,161.47408286982065,15.349482677658154,130,186,164.0,147.0,176.0,image_0_1952.jpg,overripe
61.22458596337729,63.280400657892585,0,219,46.0,0.0,115.0,125.91263046059622,3.2603491713618107,113,138,128.0,124.0,128.0,144.57487657021437,19.364619076922917,126,190,137.0,128.0,157.0,image_0_1952.jpg,overripe
52.91615726841972,56.3778848213952,0,243,42.0,0.0,85.0,126.48956487141461,2.123929558669157,120,135,128.0,125.0,128.0,140.23100155532245,15.314881657855654,126,187,136.0,128.0,142.0,image_0_2070.jpg,overripe
103.51577024631968,52.19432518082734,0,242,105.0,66.0,139.0,126.99529786233587,2.128043820960514,120,137,127.0,126.0,128.0,154.6666184396137,16.93071208024147,126,187,151.0,139.0,170.0,image_0_2070.jpg,overripe
112.87781676131226,44.27398087275048,48,248,110.0,74.0,142.0,126.97789995297862,2.3373675455013583,120,136,127.0,125.0,129.0,156.95391905089159,16.454948731414923,130,189,154.0,141.0,172.0,image_0_2070.jpg,overripe
114.54644265200564,41.952576418193715,54,243,112.0,78.0,142.0,126.82470069085254,2.087836027906246,120,136,127.0,125.0,128.0,155.70316851737982,15.916168864094551,130,187,152.0,141.0,170.0,image_0_2070.jpg,overripe
100.24570477809527,53.63181326330909,0,242,102.0,62.0,135.0,126.94612435345607,2.024243165832095,120,136,127.0,126.0,128.0,154.28527507505336,17.21509295509089,126,187,151.0,139.0,170.0,image_0_2070.jpg,overripe
118.95615526405268,53.12762219300379,0,207,132.0,91.0,159.0,123.60486945006174,3.98341470919656,114,136,125.0,121.0,127.0,172.0739812809821,17.794512178562673,126,193,178.0,167.0,183.0,image_0_2095.jpg,overripe
113.82267936076164,42.9243626978485,14,240,121.0,82.0,147.0,126.39009287925697,5.996753650031042,113,147,127.0,122.0,131.0,169.20130102542996,21.513915696846652,114,201,177.0,152.0,187.0,image_0_2095.jpg,overripe
91.95329193435816,70.92760908456158,0,207,113.0,0.0,156.0,124.47820290270047,3.993543799902403,113,132,126.0,122.0,128.0,161.5852109021278,25.05956433173398,126,193,174.0,128.0,183.0,image_0_2095.jpg,overripe
133.84861933821293,35.47381525526016,54,240,139.0,107.0,161.0,123.06647398843931,3.788906824949287,113,133,124.0,120.0,126.0,176.20804774602266,11.266662502303495,129,193,179.0,172.0,184.0,image_0_2095.jpg,overripe
126.31148553123714,45.35073343839449,0,235,136.0,100.0,160.0,123.31569999463126,3.9155615878985577,113,136,124.0,120.0,126.0,174.446652588629,14.637786083528201,126,193,179.0,170.0,183.0,image_0_2095.jpg,overripe
133.40463341319102,63.309685887846825,0,244,138.0,89.0,182.0,128.94486818479638,3.8536379980974167,117,143,128.0,126.0,130.0,159.27873501417932,21.108091901191123,126,194,156.0,138.0,181.0,image_0_2116.jpg,overripe
151.91301346910808,50.39697929028442,59,247,151.0,111.0,192.0,128.62410035060694,3.7214649786390486,117,143,128.0,126.0,130.0,159.87755765508481,20.30177891033154,126,193,159.0,139.0,181.0,image_0_2116.jpg,overripe
92.11546021536569,70.19617002516543,0,246,97.0,15.0,153.0,128.73755495426104,3.265671647919439,117,143,128.0,127.0,130.0,154.38937876052196,22.51286084084311,125,194,148.0,132.0,177.0,image_0_2116.jpg,overripe
148.72857221452543,51.45543723790578,54,246,148.0,106.0,189.0,128.8329890616638,3.8380722696886953,117,144,128.0,126.0,130.0,160.35868439874162,20.530881921169918,126,194,159.0,139.0,181.0,image_0_2116.jpg,overripe
111.46263110248626,46.86478818681258,24,199,111.0,73.0,148.0,129.37493435497828,3.6217589417444445,118,143,129.0,127.0,131.0,156.20014604454357,17.991872597368605,126,187,154.0,138.0,175.0,image_0_2116.jpg,overripe
133.92847836830046,31.7287805393429,0,198,139.0,120.0,156.0,130.68196010602452,1.7174055523362002,121,138,131.0,130.0,132.0,171.68129745271577,11.796223478960773,126,186,176.0,168.0,180.0,image_0_214.jpg,overripe
130.08731299699,37.76854475094197,0,197,137.0,117.0,155.0,130.6057549755155,1.7569415611238206,121,137,131.0,130.0,132.0,170.7663304730671,13.320075760840943,126,185,176.0,167.0,180.0,image_0_214.jpg,overripe
122.0375859203019,30.768941096212473,28,190,126.0,106.0,144.0,132.41646637315245,2.1908720789777183,121,143,133.0,131.0,134.0,173.41898220944339,12.404411266406981,131,188,178.0,169.0,182.0,image_0_214.jpg,overripe
104.6028291926861,62.86225182398153,0,198,130.0,58.0,151.0,130.16108652679816,1.9100378832634621,122,138,131.0,128.0,132.0,162.5549721460982,21.20807609822114,125,186,174.0,140.0,179.0,image_0_214.jpg,overripe
135.8218192641179,27.77323646154023,54,198,139.0,121.0,156.0,130.64376768947392,1.7701739111113965,121,137,131.0,130.0,132.0,172.00134776944157,11.019924775714124,131,186,176.0,168.0,180.0,image_0_214.jpg,overripe
127.82518397044018,40.50180744688169,54,242,125.0,97.0,158.0,130.81881117211745,2.9103958002286467,119,141,131.0,129.0,133.0,168.65215315474276,16.88068853437392,130,196,172.0,153.0,183.0,image_0_2154.jpg,overripe
119.77734646641827,51.09057723572569,0,237,122.0,88.0,157.0,130.89019896831246,2.8692889411749287,120,144,131.0,129.0,133.0,167.33655432966256,18.6005186069131,126,196,171.0,151.0,183.0,image_0_2154.jpg,overripe
109.39639013150384,33.35792351000789,49,204,107.0,84.0,134.0,129.94303922280923,2.2765585226194465,120,138,130.0,129.0,132.0,162.08023083230407,14.35324093352144,130,185,165.0,149.0,175.0,image_0_2154.jpg,overripe
120.07538376908467,35.03996663689324,57,219,117.0,93.0,146.0,129.9551101746811,2.3495815814195335,120,139,130.0,129.0,132.0,163.87638431917964,15.19412264533211,130,188,167.0,150.0,177.0,image_0_2154.jpg,overripe
120.41644265000467,50.22333073258336,0,234,122.0,89.0,157.0,130.82364785618648,2.9005803345807335,119,144,131.0,129.0,133.0,167.22950377282115,18.603827362257487,126,196,171.0,150.0,183.0,image_0_2154.jpg,overripe
70.94225214330281,59.8199132500772,0,217,76.0,0.0,112.0,128.44282600155597,4.897802753438919,111,141,128.0,128.0,131.0,150.1100344314952,19.638870295574968,126,191,148.0,128.0,165.0,image_0_2156.jpg,overripe
169.53649199294424,40.49633302945292,101,255,166.0,134.0,205.0,127.2109872672793,6.692810341345576,109,140,130.0,123.0,132.0,170.8110966469732,17.945477347960864,128,204,172.0,158.0,187.0,image_0_2156.jpg,overripe
107.21640233240643,49.72015990166192,0,245,105.0,75.0,148.0,129.24900056230405,5.95245277024378,111,141,131.0,127.0,133.0,163.68934626375912,18.288626816845053,126,194,164.0,148.0,181.0,image_0_2156.jpg,overripe
105.38445421843588,50.932412385832734,0,246,102.0,73.0,147.0,129.22008426858108,5.893407895986146,111,141,131.0,128.0,133.0,163.02724478713324,18.634371897656777,126,194,163.0,147.0,181.0,image_0_2156.jpg,overripe
119.41589702903184,39.32579219659359,54,248,115.0,86.0,152.0,129.33963165232663,6.155901732679487,111,141,131.0,127.0,134.0,166.93502692126972,15.804231883367097,129,194,167.0,156.0,182.0,image_0_2156.jpg,overripe
117.25096925821725,58.39547995294052,0,229,127.0,84.0,159.0,130.0789559459274,2.763869491050017,121,142,130.0,128.0,132.0,168.0924140533864,18.23248733476912,126,189,176.0,160.0,181.0,image_0_216.jpg,overripe
198.6134804089755,37.145411398848225,116,255,202.0,171.0,229.0,125.30717765731147,5.871481605834499,111,139,127.0,123.0,130.0,175.92438928154806,13.960995359892339,128,198,180.0,169.0,186.0,image_0_216.jpg,overripe
134.88679407122763,39.3485969661323,54,230,135.0,107.0,162.0,129.88935874562546,3.1147701405907906,117,141,130.0,128.0,132.0,172.26988265971318,12.842724372429961,130,189,177.0,166.0,182.0,image_0_216.jpg,overripe
120.49264049955397,55.854064664430936,0,229,129.0,88.0,160.0,129.87935737322445,3.0014837724806562,117,142,130.0,128.0,132.0,168.40204487751322,17.550597700889107,126,189,176.0,159.0,181.0,image_0_216.jpg,overripe
120.45526830439854,38.50181601847332,41,213,120.0,93.0,147.0,130.31118335277569,3.1846084696543566,118,141,131.0,128.0,133.0,170.19102964386192,12.504969361082887,130,187,174.0,163.0,180.0,image_0_216.jpg,overripe
134.18467031423046,36.54097566221225,62,252,133.0,108.0,155.0,133.29931236259648,2.746839917723893,116,142,134.0,132.0,135.0,174.65203233218176,13.348637526658637,130,193,179.0,171.0,184.0,image_0_2168.jpg,overripe
101.78568358761592,37.69245774669319,25,231,100.0,76.0,123.0,135.94564193265782,3.458092960134344,121,147,137.0,135.0,138.0,166.86669586921664,15.009457800872115,130,191,170.0,155.0,180.0,image_0_2168.jpg,overripe
116.86902656330066,40.004557968813394,0,236,119.0,94.0,139.0,133.05903598525546,2.4064823834802453,120,141,134.0,132.0,135.0,170.87697737077872,13.638583417482135,126,188,176.0,168.0,180.0,image_0_2168.jpg,overripe
91.17613270079508,61.194172047101986,0,229,112.0,0.0,134.0,132.0770368778617,3.0964341884472084,122,141,133.0,128.0,135.0,162.73535877812122,22.327552431187907,126,188,175.0,128.0,180.0,image_0_2168.jpg,overripe
116.90634246326265,38.806894731538065,0,238,119.0,94.0,139.0,133.041679752715,2.4363440020233873,121,141,134.0,132.0,135.0,170.98749524769823,13.377216284995987,126,188,176.0,168.0,180.0,image_0_2168.jpg,overripe
68.4174189271311,73.33070389313686,0,250,43.0,0.0,133.0,126.83173305342247,3.024121690875172,112,140,128.0,125.0,128.0,148.26399646428374,22.523610881736026,126,195,139.0,128.0,171.0,image_0_2178.jpg,overripe
164.87310093365008,53.41096499135139,54,250,162.0,124.0,228.0,126.28318877410088,4.794595174155717,96,138,126.0,125.0,129.0,163.0508535440031,21.7407500227695,128,195,169.0,136.0,183.0,image_0_2178.jpg,overripe
160.4555438926026,57.98580666609711,0,249,159.0,122.0,225.0,126.36042760068504,4.66898568647398,96,141,127.0,125.0,129.0,162.68680735870947,21.997620017311256,126,194,169.0,136.0,183.0,image_0_2178.jpg,overripe
132.48876857632175,55.76852002115095,12,221,130.0,91.0,197.0,128.05343903651732,5.7485456370811,96,147,127.0,126.0,131.0,157.79487873598143,20.405579777446764,120,194,157.0,135.0,177.0,image_0_2178.jpg,overripe
152.97613943980994,64.58167684038602,0,249,154.0,115.0,212.0,126.75827302358985,3.8575071621064176,96,140,127.0,125.0,129.0,161.89844759958012,22.445786267434165,126,194,167.0,135.0,183.0,image_0_2178.jpg,overripe
153.9189870686749,35.20990599632537,90,255,150.0,128.0,174.0,122.22181470044902,2.6757077438497174,113,130,122.0,121.0,124.0,169.33632232575073,11.021696981501218,128,188,172.0,164.0,177.0,image_0_2198.jpg,overripe
118.98674505467834,36.42084919886413,0,246,115.0,93.0,140.0,123.27181402624021,2.615137077714316,115,132,123.0,122.0,125.0,168.4000889955637,10.85467038383169,127,186,171.0,163.0,176.0,image_0_2198.jpg,overripe
119.89801917449873,35.66757959822424,55,250,116.0,94.0,141.0,123.24961907201899,2.6093667962649874,115,132,123.0,122.0,125.0,168.4820323350548,10.691617257304154,128,186,171.0,163.0,176.0,image_0_2198.jpg,overripe
115.88102911233668,40.5504445293497,0,247,114.0,90.0,139.0,123.37661304459218,2.683135830755079,115,133,124.0,122.0,125.0,167.81274524345682,11.945095261555961,126,186,171.0,163.0,176.0,image_0_2198.jpg,overripe
51.42654494950176,55.3802717835486,0,182,24.0,0.0,107.0,125.77981688488559,2.633559385340423,116,132,127.0,124.0,128.0,147.19858146465123,20.181212227915733,126,182,138.0,128.0,168.0,image_0_2198.jpg,overripe
87.96877744444366,71.35040748184704,0,232,96.0,0.0,152.0,126.49991920355785,2.1585364579957576,117,139,127.0,125.0,128.0,157.31547146480438,25.343424627970386,124,194,155.0,128.0,184.0,image_0_220.jpg,overripe
112.37827489057351,33.70554610645205,41,203,115.0,88.0,138.0,126.35103595090386,2.1517288671037256,118,134,127.0,125.0,128.0,168.11298152923075,13.1931199239109,128,184,173.0,163.0,178.0,image_0_220.jpg,overripe
98.66389382644924,40.42436294931689,11,204,102.0,70.0,129.0,128.6682989889906,3.3607454600640714,119,143,129.0,126.0,131.0,165.98048941566609,17.39856485288376,119,191,171.0,152.0,181.0,image_0_220.jpg,overripe
125.68262454947201,57.105983512266164,0,232,138.0,98.0,167.0,126.39948571308129,2.3820687490762738,116,138,127.0,125.0,128.0,171.93229258148145,20.102191359271732,126,194,181.0,165.0,186.0,image_0_220.jpg,overripe
130.59675549591452,50.30528224219778,0,232,139.0,103.0,167.0,126.254586076314,2.4734641225283993,117,138,127.0,125.0,128.0,173.5005374719847,17.94124299676504,126,194,181.0,168.0,186.0,image_0_220.jpg,overripe
164.93544324621763,38.943550777716574,73,255,166.0,139.0,192.0,132.40023485497423,5.057092248367988,111,144,133.0,128.0,137.0,176.15224161698217,20.859943943832555,128,202,186.0,158.0,193.0,image_0_2210.jpg,overripe
129.46979504081597,42.66341685828487,0,235,133.0,109.0,157.0,132.71922917647592,3.7683096078992677,117,142,134.0,129.0,136.0,169.2951287447739,19.29283389355423,126,193,178.0,149.0,185.0,image_0_2210.jpg,overripe
100.59456883690059,38.12443638710823,10,218,101.0,76.0,125.0,136.2187044401205,5.656818793418928,119,151,138.0,132.0,140.0,161.3841183578305,18.537569745082976,115,194,161.0,144.0,178.0,image_0_2210.jpg,overripe
122.74724158861804,49.95784448703788,0,238,130.0,101.0,156.0,132.6302622547212,3.7367636198564287,119,142,133.0,129.0,136.0,168.28718678912406,20.16963472322182,126,193,178.0,147.0,185.0,image_0_2210.jpg,overripe
135.38823115629202,35.17091454864748,54,246,135.0,112.0,158.0,132.752630772809,3.7693900981379227,117,142,134.0,129.0,136.0,170.17954492594126,18.212434426302465,129,193,178.0,155.0,185.0,image_0_2210.jpg,overripe
150.64294571437284,47.41690882712412,54,252,143.0,118.0,184.0,131.93846748045982,4.2664853871649395,113,142,133.0,128.0,136.0,165.7270015347556,21.390146869448454,129,194,176.0,141.0,185.0,image_0_2216.jpg,overripe
132.41311352109526,60.63326082358023,0,246,136.0,106.0,171.0,132.009406730564,4.15156309976767,114,142,133.0,128.0,136.0,164.84539115940115,22.473839720349492,126,193,175.0,140.0,185.0,image_0_2216.jpg,overripe
110.80859768058788,41.631321790701044,25,199,105.0,82.0,140.0,132.23504121479465,4.2503030952431935,115,143,133.0,128.0,136.0,158.58901582526147,17.710626435314445,129,184,164.0,139.0,175.0,image_0_2216.jpg,overripe
168.3408427942716,48.22734502319165,70,255,161.0,135.0,203.0,131.54117922083202,4.177259813757804,113,141,132.0,128.0,135.0,167.25567402197444,22.876607618054596,128,197,178.0,141.0,188.0,image_0_2216.jpg,overripe
140.50300344557715,55.49351457699674,0,248,140.0,112.0,175.0,132.02617215689065,4.150314089749461,119,142,133.0,128.0,136.0,165.25001778690273,21.993600967412448,126,193,176.0,141.0,185.0,image_0_2216.jpg,overripe
142.0583144518932,30.659103415178002,0,216,147.0,123.0,164.0,125.87229917544556,1.992387345467853,118,136,126.0,125.0,127.0,177.90179509939034,9.631841391859853,128,192,180.0,174.0,186.0,image_0_2273.jpg,overripe
106.89913223237019,33.59678392449836,8,188,112.0,86.0,131.0,129.40051038284554,2.4766339267091135,119,148,129.0,128.0,131.0,169.83164373642288,16.84081451072514,111,193,175.0,162.0,183.0,image_0_2273.jpg,overripe
132.1633925860176,48.74508330208715,0,216,145.0,117.0,164.0,126.19984933778701,2.002599213991855,119,140,126.0,125.0,128.0,174.72932190324917,16.141336477254168,124,192,180.0,172.0,186.0,image_0_2273.jpg,overripe
142.3838032281423,30.47087184049883,54,216,147.0,123.0,165.0,125.86586391348018,2.0071508164837004,117,135,126.0,125.0,127.0,177.9379949078508,9.55346117327222,132,192,180.0,174.0,186.0,image_0_2273.jpg,overripe
141.82114409847935,31.216394605287128,0,216,147.0,123.0,164.0,125.8830323982154,2.000100933743205,118,135,126.0,125.0,127.0,177.86565952675713,9.751295335695437,127,192,180.0,174.0,186.0,image_0_2273.jpg,overripe
92.57707812469717,36.92133247800037,15,203,95.0,65.0,122.0,131.4450743260267,5.584877427134462,115,144,132.0,128.0,135.0,163.96790511076225,16.219982480681452,124,188,168.0,151.0,178.0,image_0_2351.jpg,overripe
131.05178595654786,37.58121816487354,54,246,134.0,103.0,161.0,129.14679148012482,5.646314644840604,113,140,130.0,126.0,133.0,173.3153381010524,13.533178603143327,130,192,178.0,164.0,184.0,image_0_2351.jpg,overripe
184.49153051534003,35.99787517681941,110,255,188.0,157.0,215.0,126.34075624551815,5.5630314668997825,111,137,127.0,123.0,130.0,175.07326976374594,14.567073617255195,128,195,180.0,166.0,186.0,image_0_2351.jpg,overripe
101.89415082272225,64.59126730463255,0,246,117.0,54.0,157.0,128.70031203364536,4.992713113634453,113,140,129.0,127.0,132.0,163.25095451285927,21.933161420269425,126,192,171.0,146.0,183.0,image_0_2351.jpg,overripe
118.61741961741961,51.89996390680147,0,245,129.0,87.0,159.0,129.41928794309746,5.3494004099519,113,140,130.0,127.0,133.0,170.8397193635289,17.437011573695944,126,192,177.0,162.0,184.0,image_0_2351.jpg,overripe
87.45462545238213,37.70417536119975,20,183,87.0,55.0,116.0,125.66943879827475,3.019183707008458,115,139,126.0,124.0,128.0,159.1002057409152,15.033722951975223,130,185,160.0,145.0,173.0,image_0_2402.jpg,overripe
68.4715309107134,66.99210394559744,0,228,58.0,0.0,127.0,125.82608695652173,3.043195486767907,114,137,127.0,124.0,128.0,148.9388106687819,22.511413910227095,126,191,140.0,128.0,174.0,image_0_2402.jpg,overripe
113.34383520896337,50.344368035916496,0,228,116.0,79.0,150.0,124.68040751574041,3.2558185334949123,114,137,125.0,123.0,127.0,162.69897377423032,18.708000960110898,126,191,166.0,145.0,180.0,image_0_2402.jpg,overripe
117.60879480442219,46.531345667003414,0,227,119.0,84.0,151.0,124.56912151108027,3.279631112738757,113,138,125.0,123.0,127.0,163.77630013385553,17.932664473598194,126,191,167.0,147.0,181.0,image_0_2402.jpg,overripe
123.9148406127609,40.46181769965714,54,228,124.0,89.0,155.0,124.4036859848297,3.2605156143835416,113,135,125.0,123.0,127.0,164.86050518070496,16.89763387463793,131,191,168.0,149.0,181.0,image_0_2402.jpg,overripe
145.34827334344658,63.7694698944705,0,234,157.0,109.0,201.0,128.44594270186892,2.2269772576543,118,138,128.0,127.0,130.0,162.15080982516358,23.330942209675108,126,192,172.0,132.0,183.0,image_0_2415.jpg,overripe
139.84916974405337,48.13598503493368,27,213,144.0,102.0,186.0,129.38460949112027,2.7192355767255423,117,143,129.0,127.0,131.0,161.14122268021228,21.954797856401605,128,190,168.0,134.0,182.0,image_0_2415.jpg,overripe
162.47387158231308,47.42643879941596,54,234,166.0,125.0,208.0,128.35484184020063,2.3101865686073078,117,138,128.0,127.0,130.0,163.64683348401036,22.55446167978967,128,192,173.0,134.0,184.0,image_0_2415.jpg,overripe
199.0596374557546,42.804834671336344,103,255,202.0,165.0,241.0,126.58648095084864,2.298602096058668,115,135,127.0,125.0,128.0,161.49240230254924,21.587394024349084,128,190,171.0,132.0,180.0,image_0_2415.jpg,overripe
96.2889576725252,78.67597901821273,0,228,112.0,0.0,164.0,128.3778979788848,2.0629931436030424,119,138,128.0,128.0,130.0,155.497019659521,25.274001142477914,126,192,159.0,128.0,181.0,image_0_2415.jpg,overripe
155.4228228028819,49.71546061863354,56,234,156.0,119.0,204.0,126.27151742532399,3.6861413736662927,112,145,127.0,125.0,128.0,154.64484212623262,20.375926141722427,129,189,150.0,134.0,177.0,image_0_2457.jpg,overripe
147.99584426220437,70.38102109053744,0,249,156.5,102.0,207.0,126.29174828734907,3.975976445769303,111,147,126.0,124.0,128.0,156.01464192038247,22.765358006374946,126,195,149.0,135.0,181.0,image_0_2457.jpg,overripe
76.7352003718583,80.03350088836338,0,251,57.0,0.0,152.0,125.99219761612271,3.2298731426320417,111,135,128.0,124.0,128.0,149.42469316157022,24.119297819236937,126,195,137.0,128.0,176.0,image_0_2457.jpg,overripe
181.93630819969675,60.44555475034159,56,255,186.0,138.0,245.0,126.29159887999823,4.660081321336027,109,151,127.0,124.0,128.0,159.80396648848458,26.149903934295526,127,204,156.0,135.0,188.0,image_0_2457.jpg,overripe
164.72597031773964,54.691295083149505,54,251,166.0,125.0,218.0,126.24509999225295,4.008406939822957,111,147,126.0,124.0,128.0,157.0858870923116,22.069131872265622,129,195,152.0,135.0,181.0,image_0_2457.jpg,overripe
180.00285418429726,55.867475768556005,70,255,181.0,137.0,239.0,126.41901317760595,4.549120449868196,111,147,126.0,124.0,129.0,156.2397251993461,22.07790984926304,127,194,150.0,134.0,181.0,image_0_2528.jpg,overripe
97.81351611326329,52.60452615058792,0,173,99.0,57.0,153.0,129.33292509211708,4.851408779243562,114,152,128.0,127.0,130.0,145.89135176901607,18.682930912286256,102,186,136.0,134.0,162.0,image_0_2528.jpg,overripe
162.21827413835697,62.02276723341933,0,248,165.0,119.0,225.0,126.74712347632288,4.493321622339898,111,147,126.0,125.0,129.0,156.1324751507251,22.018840423526523,126,195,150.0,135.0,181.0,image_0_2528.jpg,overripe
141.7596019910958,76.26535236700532,0,249,151.0,88.0,210.0,126.82648346623074,4.601555223946415,111,147,127.0,125.0,129.0,154.7540618248908,22.740027763446722,126,195,148.0,134.0,181.0,image_0_2528.jpg,overripe
166.92091859529978,57.16747803123302,54,249,168.0,123.0,227.0,126.77549186058124,4.584841544451373,111,147,126.0,125.0,129.0,156.42768085699117,21.833159124578714,128,195,150.0,135.0,181.0,image_0_2528.jpg,overripe
163.8770954339693,47.0648482881439,71,238,162.0,123.0,213.0,129.71117289181944,3.368214266683597,123,143,129.0,127.0,131.0,149.3811571136237,15.239176269005583,129,182,146.0,134.0,166.0,image_0_2537.jpg,overripe
166.08699366805158,59.45739023618398,47,255,164.0,115.0,228.0,131.06676450526055,4.7342504439010025,121,147,130.0,127.0,134.0,154.20504075459738,18.184548259672702,130,194,152.0,135.0,173.0,image_0_2537.jpg,overripe
159.45300991477018,61.14831780921363,0,251,160.0,113.0,219.0,130.65605255723904,4.233990423302219,122,145,130.0,127.0,133.0,152.69576331328332,17.702725326238678,128,191,150.0,135.0,172.0,image_0_2537.jpg,overripe
151.72616906784623,66.7048753893295,0,252,153.0,107.0,215.0,130.5701096205654,4.097027700937695,122,145,130.0,127.0,133.0,152.32365282457263,17.935625434397604,128,191,149.0,135.0,172.0,image_0_2537.jpg,overripe
157.80929742243535,62.206556806078076,1,252,158.0,109.0,222.0,131.00084058510234,4.431240800645326,122,145,130.0,127.0,133.0,152.52891061548743,17.10350505452869,129,191,149.0,135.0,171.0,image_0_2537.jpg,overripe
97.70230491324119,68.11277043706609,0,238,123.0,0.0,149.0,132.66725272442673,3.7991422848806393,122,142,134.0,128.0,136.0,165.16065401078643,25.69257980744086,126,193,180.0,128.0,186.0,image_0_2554.jpg,overripe
134.17555768217866,34.02878367775306,54,249,134.0,113.0,156.0,134.1770191173525,3.136373435727759,121,142,135.0,133.0,136.0,176.76877424906712,14.081307507686947,130,193,181.0,174.0,187.0,image_0_2554.jpg,overripe
130.25479417503098,40.761618134871995,0,245,133.0,111.0,156.0,134.21940815584685,3.0188501478910847,123,142,135.0,133.0,136.0,176.18515715991958,15.326593557636237,126,193,181.0,173.0,187.0,image_0_2554.jpg,overripe
124.14078739456524,48.85097687662906,0,233,132.0,107.0,155.0,134.1456984102256,3.0778836284849285,124,142,135.0,133.0,136.0,174.8147167263852,17.524524882533484,126,193,181.0,172.0,187.0,image_0_2554.jpg,overripe
126.5579121506836,39.800069869348526,30,255,127.0,102.0,152.0,137.49248139822996,4.335272935808827,120,148,138.0,135.0,140.0,176.54430670850675,16.375406145349412,130,200,180.0,166.0,190.0,image_0_2554.jpg,overripe
104.17736019411997,41.414487626804856,11,196,105.0,73.0,136.0,131.4800307544721,3.6252172907774476,118,147,132.0,129.0,134.0,167.09209412561367,17.831836080209996,118,190,172.0,156.0,182.0,image_0_26.jpg,overripe
112.10829665368772,40.98472437626256,19,202,114.0,82.0,144.0,130.5445798769821,3.2411193744186058,118,144,131.0,128.0,133.0,170.35608882117262,15.545102660361858,128,190,175.0,161.0,183.0,image_0_26.jpg,overripe
130.19679335251962,51.81900360950284,0,224,137.0,101.0,169.0,128.68673466508662,2.5080882832548728,118,139,129.0,127.0,130.0,173.6524180350996,16.224841304673575,126,192,179.0,168.0,185.0,image_0_26.jpg,overripe
140.50012696800405,39.806518829871024,54,230,141.0,111.0,171.0,128.51336690931663,2.6094849381264646,118,139,129.0,127.0,130.0,175.89471530951977,12.700654207371684,128,192,179.0,170.0,186.0,image_0_26.jpg,overripe
106.73867163252638,67.5302817283003,0,221,126.0,47.0,160.0,128.51448846001918,2.4514216014278474,118,138,128.0,127.0,130.0,165.47591840189605,22.99518817378521,124,192,175.0,140.0,185.0,image_0_26.jpg,overripe
128.31235229006492,57.74937056412502,0,247,132.0,90.0,165.0,130.6679031920304,2.9377356387568354,122,142,130.0,128.0,133.0,158.7587678623069,18.962608267166846,126,189,160.0,141.0,177.0,image_0_2600.jpg,overripe
143.0333662408632,55.40552844805698,42,255,140.0,104.0,176.0,131.67353736001834,3.825413926129865,121,145,131.0,129.0,135.0,161.81872438447962,20.004445807069434,128,196,161.0,143.0,182.0,image_0_2600.jpg,overripe
129.78652985111836,56.99624632253141,0,248,133.0,93.0,166.0,130.66360526919357,2.939679808360782,122,142,130.0,128.0,133.0,158.83554212662418,18.889737617587986,126,189,160.0,141.0,177.0,image_0_2600.jpg,overripe
90.57138440980845,68.2469780715772,0,227,109.0,0.0,146.0,129.94059692264736,2.455781877340576,121,141,129.0,128.0,132.0,153.9828382245889,21.780804873113805,126,189,152.0,128.0,177.0,image_0_2600.jpg,overripe
141.73416699075597,49.02015272759804,54,249,139.0,107.0,171.0,130.6141043667295,2.950399204172748,121,142,130.0,128.0,133.0,159.30150277719608,18.43734447795247,129,189,160.0,141.0,177.0,image_0_2600.jpg,overripe
93.92029607568325,59.826292709407646,0,226,112.0,34.0,142.0,125.2332077785564,4.216685153473928,114,136,126.0,122.0,128.0,160.23355816398038,20.060628505508873,126,187,169.0,139.0,176.0,image_0_2670.jpg,overripe
116.59231779957953,43.39166598718667,0,224,123.0,98.0,148.0,125.08308514365802,4.8026240139656995,114,136,126.0,121.0,129.0,168.14561142256483,13.830666576789705,126,187,172.0,165.0,177.0,image_0_2670.jpg,overripe
91.69872985283813,31.460544891369075,15,198,92.0,69.0,116.0,127.37651541695865,5.594755557641667,114,143,127.0,123.0,132.0,163.32461457603364,14.105205379213041,121,187,166.0,154.0,175.0,image_0_2670.jpg,overripe
112.47932725998598,47.98243163625849,0,224,121.0,94.0,147.0,125.19877365101611,4.764502653143083,114,136,126.0,121.0,129.0,166.75647337070777,15.598718883307281,126,187,172.0,163.0,177.0,image_0_2670.jpg,overripe
124.91508409250176,29.62269462187333,55,226,125.0,104.0,148.0,124.8229502452698,4.827353471760965,114,136,125.0,121.0,129.0,170.46825508058865,9.232713613523478,131,187,172.0,166.0,177.0,image_0_2670.jpg,overripe
130.37475319980746,38.25317428109756,54,243,132.0,100.0,161.0,129.21204679626337,5.655202241794541,113,142,130.0,126.0,133.0,173.64614009410332,12.957778966437594,131,191,178.0,165.0,184.0,image_0_2678.jpg,overripe
140.9515829592448,44.27710839423285,52,255,143.0,106.0,177.0,130.19292162313488,6.59747260605864,111,146,131.0,127.0,135.0,178.6660805673703,15.022984248257046,128,200,183.0,167.0,191.0,image_0_2678.jpg,overripe
129.59073897625808,38.73608186532209,0,243,132.0,99.0,161.0,129.22847067375224,5.638233946798575,113,142,130.0,126.0,133.0,173.57068062827224,13.067701854525984,128,192,178.0,165.0,184.0,image_0_2678.jpg,overripe
94.454161468719,62.43659792850792,0,214,105.0,48.0,146.0,129.15757885327545,5.261082495853822,113,142,129.0,128.0,133.0,162.54315688142785,21.95202786003113,126,191,170.0,145.0,182.0,image_0_2678.jpg,overripe
120.45359174091136,50.25950822863141,0,243,129.0,87.0,160.0,129.35525475673606,5.481350521976012,113,142,130.0,127.0,133.0,171.50993585650718,16.413524805692038,126,191,177.0,162.0,184.0,image_0_2678.jpg,overripe
110.36925851496882,50.33527863377121,0,215,116.0,77.0,150.0,125.22712423352398,3.0204254924228193,115,135,126.0,123.0,128.0,158.70602359973205,18.145250798599942,126,187,159.0,142.0,177.0,image_0_2722.jpg,overripe
90.1496779512547,60.49571063368732,0,216,97.0,38.0,140.0,125.45027052094605,3.075680608622045,115,136,126.0,124.0,128.0,153.16249806770753,19.837088786366774,125,187,151.0,135.0,173.0,image_0_2722.jpg,overripe
106.9464729221415,54.53937071991029,0,216,116.0,69.0,150.0,125.15248106353377,3.1388635640113716,115,136,126.0,123.0,128.0,158.1019529035915,18.77894951851841,126,187,159.0,140.0,176.0,image_0_2722.jpg,overripe
117.41147008811254,36.94807412743049,49,208,118.0,88.0,147.0,125.01023342093059,3.0057241524053095,115,134,125.0,123.0,127.0,160.58839593960943,16.087100779793488,130,186,162.0,145.0,176.0,image_0_2722.jpg,overripe
76.38800432833514,42.41453855965919,2,179,77.0,42.0,110.0,127.67186066883083,4.197863893968657,116,149,127.0,125.0,130.0,155.56204462307414,19.19508136636244,101,189,155.0,140.0,173.0,image_0_2722.jpg,overripe
137.3056907206462,40.66726072421716,54,241,136.0,109.0,170.0,130.46087781616467,2.880480061020635,116,141,131.0,129.0,133.0,170.58587781616467,15.691944249198228,130,193,175.0,160.0,183.0,image_0_2777.jpg,overripe
106.98127828329521,64.55680045494651,0,235,121.0,58.0,158.0,130.34826772419834,2.6273195801600195,122,141,131.0,128.0,132.0,161.92653033915624,21.60806828268199,126,193,168.0,142.0,181.0,image_0_2777.jpg,overripe
136.55812369227775,41.176700591001385,0,241,136.0,109.0,170.0,130.46559778112987,2.8619960248451295,117,141,131.0,129.0,133.0,170.4964843559924,15.77647213226812,128,193,175.0,160.0,183.0,image_0_2777.jpg,overripe
123.82093328791787,55.01931574529096,0,241,130.0,89.0,168.0,130.57298306651745,2.6946624119243765,118,141,131.0,128.0,133.0,167.36825458615152,18.467180413777726,126,193,173.0,152.0,182.0,image_0_2777.jpg,overripe
86.07064741375116,40.4713990624878,5,188,86.0,58.0,119.0,133.7578341686536,4.561275144884711,119,152,134.0,131.0,136.0,159.32035545715536,20.0670267840868,109,187,164.0,144.0,177.0,image_0_2777.jpg,overripe
127.46977904421061,59.03367915540208,0,228,131.0,104.0,164.0,131.44331200280084,3.823102065713374,120,139,132.0,128.0,135.0,159.7834740240795,21.316993022508786,126,186,170.0,132.0,178.0,image_0_281.jpg,overripe
99.28241398089978,71.4647005493794,0,229,118.0,0.0,148.0,130.8216209908,3.710149184746279,119,139,129.0,128.0,135.0,156.37539143796317,23.267300233021697,125,186,168.0,128.0,179.0,image_0_281.jpg,overripe
200.40952191080078,38.5079710629247,113,255,195.0,171.0,243.0,129.87481765312276,3.3030362632151307,117,136,130.0,128.0,133.0,162.55795226888142,22.422706177959025,128,190,173.0,132.0,181.0,image_0_281.jpg,overripe
123.49744714371852,43.05330021388307,27,208,116.0,90.0,165.0,133.203810320347,4.671239737687591,120,143,135.0,129.0,138.0,158.40115826736428,19.343791466975684,128,186,165.0,133.0,176.0,image_0_281.jpg,overripe
146.7557329858207,41.6078870622268,55,229,139.0,115.0,187.0,131.60830918250247,3.7710208820602378,119,139,132.0,129.0,135.0,161.7031392838387,20.24004034908077,128,186,171.0,133.0,179.0,image_0_281.jpg,overripe
156.94313821336917,32.31873607869574,90,255,155.0,132.0,176.0,132.16603934987168,2.665307102345651,120,138,133.0,131.0,134.0,176.26682145912258,12.213549680553916,132,191,181.0,173.0,185.0,image_0_2832.jpg,overripe
125.21256262984235,37.822401006685226,0,217,125.0,101.0,147.0,134.38796284981058,2.89536525603749,123,141,135.0,133.0,136.0,176.10241965049494,12.737557455193112,126,192,180.0,172.0,185.0,image_0_2832.jpg,overripe
83.33386288647195,63.11009516525535,0,209,105.0,0.0,135.0,132.8791885616522,3.985967163810143,124,141,135.0,128.0,136.0,161.65367224734206,24.847785686442272,126,191,175.0,128.0,182.0,image_0_2832.jpg,overripe
121.294036416962,44.60677901485448,0,217,125.0,99.0,147.0,134.36369302211904,2.9623964770623954,122,141,135.0,133.0,136.0,174.96611267261395,15.136364567771881,126,192,180.0,172.0,185.0,image_0_2832.jpg,overripe
127.0767200293291,34.38756904319744,54,232,125.0,101.0,147.0,134.3615422216791,2.9660195664520845,122,141,135.0,133.0,136.0,176.39184895515092,11.976717996233312,132,192,180.0,172.0,185.0,image_0_2832.jpg,overripe
97.37774317133058,60.235763440539486,0,219,113.0,52.0,142.0,127.05055938243414,2.4682188028957954,117,139,128.0,126.0,128.0,163.78273414286943,20.73803315500007,126,189,173.0,150.0,180.0,image_0_2839.jpg,overripe
125.97116624788619,32.245558549981276,54,232,124.0,103.0,148.0,126.31271914320381,2.965939692461552,116,134,127.0,125.0,128.0,172.84006725964707,9.947878731685492,130,189,175.0,168.0,180.0,image_0_2839.jpg,overripe
131.32289407560978,30.58143685084935,63,232,129.0,109.0,152.0,125.8466403615206,2.7698301297316554,116,133,126.0,125.0,128.0,171.42741403854055,9.74737401438688,130,187,174.0,166.0,179.0,image_0_2839.jpg,overripe
112.08688341342709,48.8636994207274,0,230,119.0,92.0,145.0,126.65320199868155,2.929180923613617,116,138,127.0,125.0,128.0,169.19565487393592,15.839989727545648,125,189,174.0,165.0,180.0,image_0_2839.jpg,overripe
64.65114790434608,31.242551589512356,1,168,62.0,42.0,86.0,132.56903190056272,5.13224817582337,119,149,133.0,129.0,136.0,147.7659096771728,20.371223150366887,101,182,150.0,133.0,165.0,image_0_2839.jpg,overripe
76.45110003041559,67.58382087150811,0,226,84.0,0.0,133.0,129.30470888595997,3.6772671819299494,116,140,128.0,128.0,131.0,157.0975787348959,25.336822222738967,126,197,158.0,128.0,182.0,image_0_2858.jpg,overripe
116.16099062646893,51.69236609256338,0,245,119.0,87.0,155.0,128.7625464298552,4.950042584592811,110,140,129.0,126.0,132.0,170.78570836059984,18.234529258190214,126,197,176.0,159.0,185.0,image_0_2858.jpg,overripe
114.37442509931151,53.62610708107951,0,245,118.0,85.0,155.0,128.777256514005,4.921923712721794,110,140,129.0,126.0,132.0,170.29749209655566,18.907367523423286,126,197,176.0,159.0,185.0,image_0_2858.jpg,overripe
126.38560513193913,40.97699588216429,54,249,123.0,95.0,158.0,128.65257103883056,5.039915209901105,110,140,129.0,126.0,132.0,172.73299722572975,15.122366702879908,130,197,176.0,160.0,185.0,image_0_2858.jpg,overripe
129.68372397393478,42.68857183438621,55,255,126.0,97.0,162.0,128.85662276376306,5.2811352770579205,109,142,129.0,126.0,132.0,174.0986294551923,15.548480694506003,130,199,177.0,162.0,187.0,image_0_2858.jpg,overripe
94.24320967054156,58.874148258607676,0,238,95.0,50.0,134.0,126.98592802714278,2.1495969807665833,120,136,127.0,126.0,128.0,153.5455067949645,17.91323649241628,126,187,150.0,139.0,170.0,image_0_2876.jpg,overripe
138.8059773439383,47.20351080656749,73,255,133.0,99.0,167.0,125.89118786732669,3.492825904249962,112,135,126.0,124.0,128.0,159.5193095648627,17.731866345643077,128,193,156.0,143.0,177.0,image_0_2876.jpg,overripe
113.38774866974433,42.93119066289342,54,240,108.0,77.0,138.0,126.82053136066152,2.148623971480719,120,135,127.0,125.0,128.0,156.17123681331924,15.897163621282035,129,187,153.0,141.0,171.0,image_0_2876.jpg,overripe
137.18682907836921,45.76513441589121,74,255,132.0,99.0,164.0,126.0245471568682,3.0319858260363617,112,135,126.0,124.0,128.0,158.5358102971986,17.305021375522568,128,191,155.0,142.0,175.0,image_0_2876.jpg,overripe
66.79807924059551,68.21505255914524,0,240,52.0,0.0,115.0,126.88835122457682,2.098973335834856,120,135,128.0,125.0,128.0,145.48999758978067,19.214275037020812,126,187,139.0,128.0,159.0,image_0_2876.jpg,overripe
105.20840750042672,68.66733140873221,0,218,119.0,48.0,165.0,131.90447684767503,4.029869118961955,123,142,133.0,128.0,136.0,167.35200312111385,26.387509136655783,126,200,178.0,142.0,191.0,image_0_2886.jpg,overripe
128.96926434371267,48.3520561328008,0,218,133.0,96.0,167.0,133.00226768427981,3.5033425906396554,123,142,134.0,131.0,136.0,176.6552876057643,19.08000184697759,126,200,183.0,168.0,192.0,image_0_2886.jpg,overripe
144.11698081002658,33.982822106205575,79,215,145.0,116.0,172.0,130.67691594937943,2.63551601342614,123,138,131.0,129.0,133.0,172.21073614396138,16.44348261696341,130,194,179.0,164.0,185.0,image_0_2886.jpg,overripe
131.96959352368876,44.02677321778037,0,218,134.0,99.0,167.0,132.977225622394,3.5429030914988715,123,142,134.0,131.0,136.0,177.14319328960522,18.265633885105526,126,200,183.0,169.0,192.0,image_0_2886.jpg,overripe
137.3383116724781,47.81060174415592,41,229,139.0,99.0,177.0,135.2089195581673,4.77931191388812,121,148,137.0,132.0,139.0,179.56460461827314,20.214501974447767,132,208,183.0,163.0,198.0,image_0_2886.jpg,overripe
176.70691256830602,38.11866444158565,108,255,173.0,147.0,207.0,126.14647540983607,5.094306651042888,108,137,127.0,124.0,130.0,172.78000910746812,16.494600076810173,128,197,177.0,159.0,187.0,image_0_2893.jpg,overripe
124.36746812386157,45.933802391600715,0,248,123.0,94.0,159.0,128.69119307832423,4.99027860382336,110,140,129.0,126.0,132.0,172.0990072859745,16.32479387892485,126,196,176.0,160.0,185.0,image_0_2893.jpg,overripe
150.46104735883424,35.43914913531243,89,254,147.0,123.0,177.0,126.94764116575593,4.052654338375823,110,136,127.0,125.0,130.0,168.19705828779598,14.741414484378545,130,189,172.0,156.0,181.0,image_0_2893.jpg,overripe
128.56963570127505,41.73743690057404,54,248,125.0,97.0,160.0,128.6359927140255,5.018829169910158,109,141,129.0,126.0,132.0,172.58918943533698,15.463641052711406,130,196,176.0,160.0,185.0,image_0_2893.jpg,overripe
121.32826047358834,49.21641731395908,0,247,121.0,90.0,158.0,128.73464480874316,4.949061668113093,110,140,129.0,126.0,132.0,171.25667577413478,17.420518204786358,126,196,176.0,159.0,185.0,image_0_2893.jpg,overripe
136.02586709454621,27.47245745251235,54,199,139.0,121.0,156.0,130.60279380166895,1.8117121646382415,123,136,131.0,130.0,132.0,171.69215992182686,11.417517450632724,131,186,176.0,168.0,180.0,image_0_2965.jpg,overripe
119.70434671567294,51.9476281316746,0,199,136.0,104.0,155.0,130.5212172358464,1.7980666073667717,123,136,131.0,129.0,132.0,167.6094895981967,17.585186486518396,125,186,176.0,164.0,180.0,image_0_2965.jpg,overripe
121.36594804372811,49.116329761743245,0,199,135.0,108.0,154.0,130.4623930532499,1.8018364888841667,123,136,131.0,129.0,132.0,168.1864884822306,16.549872529325665,126,184,176.0,165.0,179.0,image_0_2965.jpg,overripe
132.92631847784446,33.32831823894072,0,199,138.0,119.0,155.0,130.60071732745556,1.7773454381966791,123,137,131.0,130.0,132.0,171.13256122545292,12.540142904639687,126,185,176.0,168.0,180.0,image_0_2965.jpg,overripe
107.8114794601167,27.67804840001297,23,171,111.0,93.0,128.0,131.89942425033175,2.0405072566508733,123,141,132.0,131.0,133.0,169.2447352495378,11.472557367354339,131,183,174.0,165.0,177.0,image_0_2965.jpg,overripe
94.3648613768182,73.95725248469512,0,229,109.0,0.0,162.0,128.6470043424129,2.3019539290527846,120,137,128.0,128.0,130.0,160.16272661018493,26.70187745452858,126,195,166.0,128.0,188.0,image_0_299.jpg,overripe
141.55834927575842,40.61056070631675,54,231,148.0,111.0,171.0,129.21238346846437,2.5094464269192134,119,138,130.0,128.0,131.0,177.2290698733716,15.30887538804408,130,195,183.0,171.0,188.0,image_0_299.jpg,overripe
82.876355106131,37.44021452675291,5,164,89.0,55.0,110.0,132.50437277944795,3.5227351937038134,120,147,133.0,130.0,135.0,160.16076037775954,18.97050154258301,111,184,166.0,145.0,176.0,image_0_299.jpg,overripe
133.177325316571,53.22576394349979,0,231,147.0,103.0,170.0,129.3245725911755,2.372543093772917,120,139,130.0,128.0,131.0,174.9048692721144,18.699598767209032,126,195,183.0,168.0,188.0,image_0_299.jpg,overripe
130.17034860769488,33.040918890413636,60,203,135.0,105.0,154.0,128.1514606298017,1.9301858117115902,120,136,128.0,127.0,130.0,169.51146336278887,13.098484498291041,130,185,175.0,164.0,179.0,image_0_299.jpg,overripe
93.39583536322259,33.11478767788982,32,213,91.0,68.0,117.0,124.36341745194382,2.380599517848236,116,134,125.0,123.0,126.0,164.47623289673317,10.406717402653433,128,183,167.0,157.0,172.0,image_0_301.jpg,overripe
107.6607324304386,47.47067526068407,0,227,112.0,80.0,142.0,123.66151190791031,2.785250319923563,115,132,124.0,122.0,126.0,166.34288657210863,14.18585748442986,126,187,170.0,162.0,176.0,image_0_301.jpg,overripe
105.80288963434155,49.022571059782386,0,227,111.0,78.0,141.0,123.74792255334549,2.808383132408553,115,133,124.0,122.0,126.0,165.74061495204822,14.833786430885166,126,187,170.0,161.0,176.0,image_0_301.jpg,overripe
149.6111799340228,33.00859753313445,89,255,147.0,124.0,173.0,122.28864329162201,2.5563085202265787,114,131,123.0,121.0,124.0,168.59049594254137,9.547630653619969,128,186,171.0,163.0,175.0,image_0_301.jpg,overripe
80.89432512562115,65.86237804574469,0,204,96.0,0.0,136.0,124.872123936918,3.16921190596367,115,133,125.0,123.0,128.0,156.36156619294852,21.7276373292833,125,186,168.0,128.0,175.0,image_0_301.jpg,overripe
106.82809925708798,36.41447159007344,0,232,102.0,77.0,137.0,129.76991964421086,5.034185134786575,114,140,131.0,128.0,133.0,162.4821448425734,14.766912310465038,126,187,164.0,151.0,176.0,image_0_3066.jpg,overripe
151.81028958407035,31.53533521643382,104,255,147.0,125.0,178.0,128.13603881336232,4.32246480170804,113,135,130.0,126.0,131.0,160.31609642694698,14.3719816214711,128,184,162.0,148.0,173.0,image_0_3066.jpg,overripe
103.98500025269117,32.3634805421027,54,220,99.0,76.0,131.0,129.357547884975,4.62494385222074,114,138,130.0,127.0,132.0,160.06151513620054,13.624238245886447,129,183,161.0,149.0,172.0,image_0_3066.jpg,overripe
108.66423409309142,35.31050109050751,54,235,103.0,78.0,138.0,129.72942841259413,5.08179626203843,113,140,131.0,128.0,133.0,162.64123919745288,14.564772348450255,129,188,164.0,151.0,176.0,image_0_3066.jpg,overripe
97.62719967655532,44.47482907264274,0,228,96.0,69.0,134.0,130.07088492444535,4.754252826426454,114,139,131.0,128.0,133.0,160.77714661141152,16.51568842351346,126,188,163.0,148.0,176.0,image_0_3066.jpg,overripe
121.15673841053909,53.86177998501461,8,197,135.0,77.0,170.0,129.26588102598666,4.336237274463798,115,148,128.0,126.0,131.0,142.6462760012792,14.736270632396616,113,188,135.0,134.0,146.0,image_0_3069.jpg,overripe
218.2317995343927,44.67726322938704,112,255,243.0,185.0,255.0,127.28731821886294,3.5787986991186687,110,138,128.0,126.0,128.0,144.56195775146747,20.63380537429651,128,202,138.0,128.0,157.0,image_0_3069.jpg,overripe
149.9954917934134,67.88866275909284,0,241,161.0,103.0,211.0,128.20420353297592,3.4166604515693857,112,140,128.0,126.0,130.0,145.26111835159884,17.38920923891991,128,194,138.0,133.0,155.0,image_0_3069.jpg,overripe
144.87965048503625,71.81316721610109,0,241,157.0,95.0,209.0,128.32119682396674,3.3129143142072537,113,140,128.0,126.0,130.0,144.34089400728328,17.16885063335416,127,194,136.0,133.0,152.0,image_0_3069.jpg,overripe
164.72392994570208,57.182134356168746,6,243,180.0,121.0,215.0,128.2809530850782,3.4307755650760647,112,140,128.0,126.0,130.0,145.44211373335213,17.026568425759223,127,194,137.0,134.0,154.0,image_0_3069.jpg,overripe
78.37480528362103,41.988916309108326,18,224,69.0,44.0,109.0,127.27904915084662,3.2065605813942626,120,143,127.0,125.0,129.0,149.2027836526893,14.48563170068271,126,194,142.0,139.0,154.0,image_0_3083.jpg,overripe
106.90297741923229,37.771899616358574,54,241,98.0,77.0,134.0,126.7423284912805,2.4040915073114566,120,140,126.0,125.0,128.0,148.1121566342878,14.162234916178837,130,192,141.0,139.0,153.0,image_0_3083.jpg,overripe
102.00677549676422,40.80007610089902,0,239,96.0,73.0,129.0,126.79448081964514,2.4040478341846225,120,140,127.0,125.0,128.0,147.70248603741086,14.26377884228975,126,192,141.0,138.0,153.0,image_0_3083.jpg,overripe
88.45398361216297,46.642988295742356,21,251,78.0,51.0,122.0,127.2572155874419,3.593245239002668,119,146,127.0,124.0,130.0,151.59127923911805,15.889393323479833,125,201,144.0,141.0,157.0,image_0_3083.jpg,overripe
88.3487671128785,49.50346509181999,0,241,85.0,58.0,121.0,126.88940109674397,2.308341914188581,120,140,127.0,125.0,128.0,145.3728802826712,13.908680874843506,126,192,140.0,137.0,149.0,image_0_3083.jpg,overripe
114.81578893316353,47.437331318723906,0,215,120.0,84.0,152.0,125.0142854208602,3.114922034019834,115,136,125.0,123.0,127.0,159.85731010968246,17.65189171082083,126,187,161.0,143.0,177.0,image_0_3102.jpg,overripe
90.29238384751264,60.355618294027344,0,217,97.0,39.0,139.0,125.46582179682044,3.0641836245175846,114,135,126.0,124.0,128.0,153.11360555395802,19.794145403271187,126,187,151.0,135.0,173.0,image_0_3102.jpg,overripe
123.32578153884073,37.63718796159266,54,217,124.0,93.0,153.0,124.88320050938668,3.060127834326021,114,134,125.0,123.0,127.0,161.2630633036191,16.519840593547688,130,187,163.0,146.0,177.0,image_0_3102.jpg,overripe
66.46079981924989,39.38112017641915,0,164,67.0,33.0,98.0,128.1265045392926,4.177344689427069,116,149,128.0,126.0,130.0,152.03645811937724,18.93104675439657,99,185,152.0,137.0,169.0,image_0_3102.jpg,overripe
118.37792178449656,43.499066121032136,0,216,121.0,89.0,152.0,124.96516452368238,3.0987523181539327,115,135,125.0,123.0,127.0,160.5418190034096,17.141165809431815,126,187,162.0,144.0,177.0,image_0_3102.jpg,overripe
130.63899651934065,35.24938327355596,55,220,127.0,104.0,159.0,126.6153073956975,4.23174708438656,111,138,127.0,124.0,130.0,178.30188856260966,9.60220720798052,135,194,180.0,172.0,186.0,image_0_3153.jpg,overripe
84.01959864526359,32.82897338591003,11,167,81.0,59.0,110.0,130.01310641811068,4.610438140644297,113,145,131.0,127.0,133.0,159.94570734315923,16.254831933818885,121,186,160.0,148.0,176.0,image_0_3153.jpg,overripe
117.09262681890252,52.82624898599893,0,220,122.0,92.0,156.0,126.76334330934712,4.180159007093612,111,138,128.0,124.0,130.0,173.31828800345252,17.91922983343221,126,194,179.0,169.0,186.0,image_0_3153.jpg,overripe
130.33440598936102,35.405200596812605,2,220,127.0,103.0,158.0,126.6239949713385,4.215895033980167,111,137,127.0,124.0,130.0,178.26093686965822,9.683716376454935,129,194,180.0,172.0,186.0,image_0_3153.jpg,overripe
124.47120246929796,44.77381246107044,0,220,125.0,100.0,158.0,126.71710026362946,4.178024183714497,112,138,127.0,124.0,130.0,176.34520447700982,14.107724956707015,126,194,180.0,172.0,186.0,image_0_3153.jpg,overripe
111.36419218482045,56.71870990488901,0,241,117.0,78.0,152.0,129.623172529294,4.134463336109832,117,144,128.0,127.0,132.0,153.64850619146216,18.163056723983438,126,193,151.0,140.0,167.0,image_0_3157.jpg,overripe
134.04769634018342,44.982587783020556,54,243,129.0,100.0,164.0,129.54567457973192,4.245134502663474,114,144,129.0,127.0,132.0,155.09095914610015,17.119881496664885,129,193,151.0,141.0,168.0,image_0_3157.jpg,overripe
72.86331178700682,69.89067665886482,0,243,71.0,0.0,132.0,128.1362981996295,2.699281523139643,114,144,128.0,127.0,129.0,145.772587796023,19.03195062514872,126,193,142.0,128.0,157.0,image_0_3157.jpg,overripe
106.89309618991356,58.95835251250465,0,242,114.0,72.0,150.0,129.55777072949707,4.059105139079737,117,145,128.0,127.0,131.0,153.10245306934783,18.522016551532666,126,193,150.0,140.0,167.0,image_0_3157.jpg,overripe
106.36106634242026,41.62866462085032,32,207,102.0,75.0,135.0,129.78241842698435,4.056600167366012,116,144,129.0,127.0,132.0,152.46576772409995,15.326393136763457,128,187,149.0,140.0,164.0,image_0_3157.jpg,overripe
118.10488027539512,42.54484113332965,0,232,121.0,97.0,145.0,126.53118165046882,2.921878635978177,116,137,127.0,125.0,128.0,170.8983149166017,13.488487956081832,126,188,175.0,166.0,180.0,image_0_3178.jpg,overripe
126.17858840982142,32.3196181010588,54,234,124.0,103.0,146.0,126.32636603967363,2.9448856166868147,116,137,127.0,125.0,128.0,172.82545312767454,9.920749123297579,129,188,175.0,168.0,180.0,image_0_3178.jpg,overripe
112.0182962779817,49.12266309529824,0,230,119.0,91.0,143.0,126.65676410734324,2.9214685105849294,116,137,127.0,125.0,128.0,169.05557351794442,16.039927295901965,126,188,174.0,165.0,180.0,image_0_3178.jpg,overripe
91.87357119762643,63.72183445209296,0,223,113.0,1.0,139.0,127.02663610947336,2.8071021836213212,116,138,128.0,126.0,128.0,161.54767112345232,22.24210809805413,126,188,172.0,129.0,180.0,image_0_3178.jpg,overripe
107.06884877993114,29.304974395547863,41,205,105.0,86.0,125.0,126.65657391734342,2.7163345604425726,117,135,127.0,125.0,129.0,168.20442572129556,9.033837998952647,129,182,170.0,163.0,175.0,image_0_3178.jpg,overripe
136.94645487312744,68.4416163431046,0,242,139.0,89.0,200.0,130.63348860601852,4.588193286034149,117,147,129.0,127.0,133.0,150.6531810942533,19.098047408958745,126,189,144.0,134.0,169.0,image_0_3180.jpg,overripe
152.57208803841502,48.101023169883675,67,230,149.0,112.0,205.0,129.8875390676454,3.834218783175244,117,144,129.0,127.0,131.0,148.95693877306638,16.718528059297135,128,182,143.0,134.0,166.0,image_0_3180.jpg,overripe
83.5127950280808,50.187824849235504,1,165,81.0,40.0,138.0,132.50159264270917,5.742465258551276,119,153,131.0,127.0,137.0,142.22805925109867,15.391389052981525,104,179,135.0,133.0,152.0,image_0_3180.jpg,overripe
126.8116250943012,73.4760422166602,0,241,132.0,74.0,187.0,130.56457986564322,4.524122651721157,117,147,129.0,127.0,133.0,149.77917948963585,19.40261088289454,126,188,142.0,134.0,168.0,image_0_3180.jpg,overripe
51.4888395262786,64.74560183539765,0,241,0.0,0.0,111.0,129.07250715491745,2.6055189481970795,118,145,128.0,128.0,130.0,142.46012405848472,20.238071151197975,126,189,128.0,128.0,152.0,image_0_3180.jpg,overripe
122.91203711457618,39.90334303393093,0,228,128.0,103.0,151.0,125.38274406685983,4.736279336858936,114,135,126.0,121.0,129.0,169.67948481752558,13.24867782582082,126,187,173.0,166.0,179.0,image_0_3190.jpg,overripe
127.40887165658968,31.602587424538967,0,229,128.0,106.0,151.0,125.26975898973319,4.737032109668484,114,135,126.0,121.0,129.0,170.69436581975313,11.164333343277233,126,187,173.0,166.0,179.0,image_0_3190.jpg,overripe
128.47296799370258,30.107793713681897,55,231,129.0,107.0,151.0,125.24161321118127,4.73814722806263,114,135,126.0,121.0,129.0,170.81497981811177,10.864577397336829,129,187,173.0,166.0,179.0,image_0_3190.jpg,overripe
113.7303163783141,32.14048087016311,33,222,114.0,91.0,138.0,126.3414926223056,5.265820915842393,113,139,127.0,122.0,131.0,169.89250004187113,11.939256989552915,129,189,172.0,163.0,179.0,image_0_3190.jpg,overripe
107.58267037365803,31.38208683673019,29,213,108.0,86.0,131.0,126.55944864086288,5.145558654139138,113,139,127.0,122.0,131.0,168.11982682097576,11.908011881271314,129,187,170.0,161.0,178.0,image_0_3190.jpg,overripe
164.72481250997288,51.42432623170554,54,250,166.0,125.0,212.0,129.9935322589224,3.0084346219704963,118,140,130.0,127.0,132.0,164.59414924738047,22.411521685537714,128,195,173.0,135.0,184.0,image_0_3193.jpg,overripe
194.07193766289026,48.94907807363552,87,255,197.0,157.0,242.0,128.7135577894793,3.098331692991716,111,138,129.0,127.0,131.0,164.59684591245147,24.309597041539714,128,199,175.0,135.0,185.0,image_0_3193.jpg,overripe
136.3501728631456,74.25153337184864,0,249,148.0,90.0,198.0,129.8994627945322,2.9693016929416993,118,141,130.0,128.0,132.0,161.33547151747248,24.169242545019678,126,195,170.0,135.0,183.0,image_0_3193.jpg,overripe
97.30916972501463,85.1435389931749,0,250,103.0,0.0,173.0,129.68306473059943,2.816977806072956,118,142,128.0,128.0,132.0,154.01033987553853,25.296885959108415,126,195,144.0,128.0,181.0,image_0_3193.jpg,overripe
142.6671506834743,70.91356891885215,0,248,152.0,101.0,203.0,129.92513696079996,2.969428564254227,118,141,130.0,128.0,132.0,162.17282591351523,23.807011486163145,126,195,171.0,135.0,184.0,image_0_3193.jpg,overripe
126.46261661646955,45.97205260402299,0,233,131.0,107.0,156.0,134.12836994049806,3.0532021157147384,124,141,135.0,133.0,136.0,175.09761992213325,16.577369083045948,126,193,181.0,172.0,186.0,image_0_3295.jpg,overripe
111.33672225078969,61.2777302471104,0,237,127.0,83.0,152.0,133.40298978917212,3.5636547979096633,123,142,135.0,130.0,136.0,169.81120252699625,22.327781731269237,125,194,180.0,156.0,186.0,image_0_3295.jpg,overripe
133.76823624476603,35.02800045378294,54,245,132.0,112.0,158.0,134.1167486960993,3.1318858029432586,121,142,135.0,133.0,136.0,176.33513553221186,14.218788273265783,129,194,181.0,172.0,186.0,image_0_3295.jpg,overripe
175.52961874678616,34.64047657269844,96,255,174.0,154.0,201.0,131.60328362594578,4.453844635499142,112,140,133.0,129.0,135.0,179.76877249687797,15.571461805864583,128,200,186.0,176.0,190.0,image_0_3295.jpg,overripe
124.25745243517227,48.720048299735325,0,232,130.0,105.0,156.0,134.08922353632556,3.0902346776729686,124,142,135.0,132.0,136.0,174.55904649966942,17.383429823867065,125,194,181.0,171.0,186.0,image_0_3295.jpg,overripe
159.58740673144024,46.87531583481578,70,247,160.0,119.0,202.0,127.30750979655376,2.472525495829101,114,135,128.0,126.0,129.0,178.52562134306726,17.517247807259537,131,201,184.0,171.0,192.0,image_0_3299.jpg,overripe
131.00312416125396,57.38361747363156,0,228,138.0,92.0,180.0,128.28126040045092,1.8795084006480463,121,136,128.0,127.0,130.0,173.24955714209028,19.711502907446675,126,197,180.0,166.0,189.0,image_0_3299.jpg,overripe
121.59832519190509,47.59218270044118,30,214,123.0,81.0,164.0,129.65920876053465,2.468945594228693,121,140,130.0,128.0,131.0,172.84294379730528,17.441303271178054,131,197,177.0,159.0,188.0,image_0_3299.jpg,overripe
135.16386279456762,52.11004822085839,0,229,139.0,97.0,180.0,128.27674056578454,1.897495201433433,121,136,128.0,127.0,130.0,174.6501261474046,18.09385381504643,126,197,180.0,168.0,189.0,image_0_3299.jpg,overripe
112.54576198400343,70.04113046591937,0,229,123.0,56.0,176.0,128.08433088195824,1.9374750183680676,121,136,128.0,127.0,129.0,165.57198990820763,24.112681582179636,126,197,175.0,141.0,187.0,image_0_3299.jpg,overripe
84.56968255034201,66.8505795178761,0,215,106.0,0.0,142.0,127.18646929593139,2.5734089176346253,116,138,128.0,126.0,128.0,158.7961664284275,23.521609148889947,126,188,170.0,128.0,180.0,image_0_3315.jpg,overripe
126.42223970375203,32.132291781610704,54,231,126.0,104.0,149.0,126.31325728867868,2.9563115051890234,116,135,127.0,125.0,128.0,172.96338152479447,9.80648314881727,130,188,175.0,168.0,180.0,image_0_3315.jpg,overripe
160.63568598482306,27.278112450384384,101,251,160.0,141.0,180.0,124.73156364822472,2.394555020536345,115,131,125.0,124.0,126.0,168.30327043180444,9.19325042848343,129,183,170.0,163.0,175.0,image_0_3315.jpg,overripe
127.2631982885156,35.47408518016843,46,242,126.0,102.0,152.0,126.98142694052976,3.3546708082651238,115,137,128.0,125.0,129.0,175.3773612057139,11.10780030499545,130,193,178.0,169.0,184.0,image_0_3315.jpg,overripe
112.63112906165757,48.01428731668288,0,226,120.0,90.0,146.0,126.66216410679509,2.8538702544561714,116,137,127.0,125.0,128.0,169.340713949941,15.575916496575354,126,188,174.0,165.0,180.0,image_0_3315.jpg,overripe
160.46273715233008,37.47094290646895,86,234,163.0,130.0,191.0,130.974003806717,2.9607696028207826,121,138,132.0,129.0,133.0,177.11459446184074,17.695176757035405,131,200,183.0,169.0,191.0,image_0_3328.jpg,overripe
128.87785350279364,48.953302863281806,0,218,136.0,97.0,166.0,132.94673052127465,3.417281908826778,123,140,134.0,131.0,136.0,176.29607662552957,18.964343457946555,126,199,183.0,169.0,191.0,image_0_3328.jpg,overripe
82.0200896420458,41.72354334543955,2,167,85.0,48.0,115.0,138.9570823356051,5.478242213623447,122,153,140.0,137.0,143.0,154.15336157671763,24.150225605281737,100,194,154.0,134.0,175.0,image_0_3328.jpg,overripe
124.37930865107141,54.631107882665795,0,218,135.0,92.0,166.0,132.88944557008656,3.446256371759334,123,140,134.0,130.0,136.0,175.0502363848468,20.636396591551048,126,199,183.0,167.0,191.0,image_0_3328.jpg,overripe
100.37354945662184,73.46234720169751,0,218,116.0,1.0,166.0,131.79874746730522,3.901077196613243,122,140,132.0,128.0,135.0,165.31477865782526,27.422130963499175,125,199,176.0,128.0,191.0,image_0_3328.jpg,overripe
125.37591809839122,35.680673332453175,0,228,127.0,106.0,148.0,126.88302180935698,2.861281470026898,116,139,127.0,125.0,129.0,172.90913839378987,11.26853402682141,125,189,175.0,168.0,181.0,image_0_334.jpg,overripe
110.48011925234246,27.79698234238929,42,202,110.0,92.0,128.0,127.01315472268205,2.6332071927989955,116,136,127.0,126.0,129.0,169.03959274200028,8.843466004558863,128,183,171.0,164.0,176.0,image_0_334.jpg,overripe
106.09614117420163,30.666594109394634,30,205,106.0,85.0,126.0,128.03644268012408,3.094232282181567,117,139,129.0,126.0,130.0,169.79003069703154,10.385948590659618,128,187,171.0,164.0,178.0,image_0_334.jpg,overripe
107.91560727085711,52.558329702787056,0,229,119.0,89.0,143.0,127.18517060156539,2.8830737396677657,116,138,128.0,126.0,129.0,167.34318799119268,18.06599203998965,124,189,174.0,162.0,180.0,image_0_334.jpg,overripe
128.6034377460986,30.67279692132916,54,229,128.0,108.0,148.0,126.79822728660741,2.8729166023818964,116,136,127.0,125.0,129.0,173.56177978496007,9.74104677607622,128,189,175.0,168.0,181.0,image_0_334.jpg,overripe
120.4729914263984,52.40495685385017,0,235,128.0,95.0,159.0,130.67274251538407,2.194579892427524,118,140,131.0,129.0,132.0,169.9734667772938,16.275183004221724,126,188,176.0,167.0,181.0,image_0_3342.jpg,overripe
106.35440434211436,62.944128237167476,0,234,122.0,61.0,156.0,130.43432379174445,2.2469007411818285,121,140,131.0,128.0,132.0,164.7981227961004,20.622771346022198,125,188,174.0,148.0,181.0,image_0_3342.jpg,overripe
78.27502938532808,33.45376269614848,8,169,79.0,53.0,104.0,133.0250639563023,2.7697848480579847,121,147,133.0,132.0,135.0,158.68339037544078,15.550251271044193,117,180,164.0,146.0,172.0,image_0_3342.jpg,overripe
133.27994710640945,37.54630219367404,54,236,134.0,104.0,162.0,130.68509299592063,2.251072497850162,118,140,131.0,129.0,132.0,173.17618232731797,11.375883101488887,129,188,176.0,169.0,181.0,image_0_3342.jpg,overripe
67.44922388162898,34.74502318798002,0,163,68.0,40.0,94.0,135.97365691765194,4.269263425632518,123,153,136.0,134.0,138.0,150.6089677107101,21.928606299621254,101,182,156.0,132.0,171.0,image_0_3342.jpg,overripe
117.0698063966832,50.53135230163818,0,247,118.0,86.0,155.0,128.7535722218109,4.9492820084855325,110,140,129.0,126.0,132.0,170.77817983267934,17.986219509731704,126,197,176.0,158.0,185.0,image_0_3436.jpg,overripe
113.84883763974236,54.10444636786199,0,245,118.0,85.0,154.0,128.78429703116902,4.917941426948946,110,141,129.0,126.0,132.0,170.33285518619974,19.064953482727592,126,197,176.0,159.0,185.0,image_0_3436.jpg,overripe
151.87697120011845,45.400880540665256,72,255,148.0,116.0,187.0,128.24844525061079,5.913556232921748,107,142,129.0,125.0,132.0,178.6784722736359,17.345801354502154,128,204,182.0,165.0,193.0,image_0_3436.jpg,overripe
76.65606722440216,67.86947980213671,0,226,84.0,0.0,133.0,129.2927278448212,3.6770717989087687,115,141,128.0,128.0,131.0,157.35127156289332,25.499934998270817,126,197,159.0,128.0,182.0,image_0_3436.jpg,overripe
126.29904864144518,41.10119099154668,54,248,122.0,95.0,157.0,128.65513252387652,5.040808069889853,110,141,129.0,126.0,132.0,172.88464314799734,15.113647691136524,130,197,176.0,161.0,185.0,image_0_3436.jpg,overripe
74.08161933444242,71.61345881533607,0,242,74.0,0.0,142.0,127.20451372358124,3.4295561684092815,114,138,128.0,126.0,128.0,154.171412370748,25.13422185877128,125,196,152.0,128.0,180.0,image_0_3503.jpg,overripe
162.17386769087574,53.46318660493609,54,251,159.0,121.0,209.0,126.8500008023922,3.8192556660780865,114,138,127.0,125.0,129.0,161.47124493824253,22.051066327935043,129,196,167.0,135.0,182.0,image_0_3503.jpg,overripe
141.514402939965,71.39221008157533,0,251,151.0,97.0,191.0,126.9757142627888,3.8394737654143083,114,139,127.0,125.0,129.0,159.6014838906393,23.141124022775692,126,196,164.0,135.0,182.0,image_0_3503.jpg,overripe
172.89277365585934,58.20024204105432,52,255,171.0,128.0,226.0,127.22806660925104,4.365523527455202,111,140,127.0,126.0,130.0,163.55312103818852,24.866085911785117,128,203,169.0,136.0,187.0,image_0_3503.jpg,overripe
159.59356695427968,45.5168856279667,69,236,156.0,124.0,199.0,126.35290813679183,3.2192453033027473,115,136,127.0,125.0,129.0,157.45607972568885,19.719661688716187,129,189,162.0,134.0,176.0,image_0_3503.jpg,overripe
89.23187387123542,72.87148855493177,0,227,106.0,0.0,152.0,127.8309366915605,2.851530511302517,113,139,128.0,127.0,130.0,162.21991506809195,26.50969535110405,126,195,174.0,128.0,186.0,image_0_3513.jpg,overripe
125.6436667154781,48.70966484184177,0,226,126.0,99.0,162.0,127.92450822472787,4.006882863968537,112,139,129.0,126.0,131.0,176.58092448870016,15.3759067563696,126,195,181.0,172.0,187.0,image_0_3513.jpg,overripe
99.40011714745937,36.62996811825205,19,189,97.0,71.0,128.0,130.24686874603407,4.384171691540363,113,144,131.0,128.0,133.0,166.80871772343437,15.18743344261486,129,191,167.0,155.0,181.0,image_0_3513.jpg,overripe
123.30795138380437,51.37338385285877,0,227,125.0,97.0,161.0,127.90985503001903,3.9890997100568284,112,139,128.0,126.0,131.0,175.70043442182848,16.68072337299796,126,195,181.0,171.0,187.0,image_0_3513.jpg,overripe
133.93830233806804,37.77952136793973,55,227,131.0,105.0,164.0,127.83376775516182,4.045510848512181,112,139,129.0,126.0,131.0,179.04464294430613,10.422402498471705,133,195,181.0,173.0,187.0,image_0_3513.jpg,overripe
118.79629629629629,33.32627011084679,0,223,117.0,95.0,141.0,129.29756483041155,3.0886929636383194,116,136,130.0,128.0,132.0,165.0641233597438,15.773711851049118,127,186,171.0,152.0,179.0,image_0_3601.jpg,overripe
119.3141909455778,33.32834280007228,54,226,118.0,96.0,141.0,129.29154449227443,3.1034498951491494,116,137,130.0,128.0,132.0,165.07640318589225,15.761319229960344,128,186,171.0,152.0,179.0,image_0_3601.jpg,overripe
109.59813463098135,43.914677038716064,0,221,114.0,88.0,138.0,129.38470896500093,3.0394826551754606,115,137,130.0,128.0,132.0,164.2235115519787,17.075763215533335,126,186,171.0,151.0,179.0,image_0_3601.jpg,overripe
156.65948177262047,28.53434025373801,102,250,155.0,136.0,175.0,127.52139871482937,2.445376089579343,115,134,128.0,127.0,129.0,161.41456110799177,14.769352478255465,128,181,167.0,148.0,174.0,image_0_3601.jpg,overripe
103.6800590596211,50.56595117337282,0,215,112.0,81.0,138.0,129.59180235822572,2.760361478750298,116,136,130.0,128.0,132.0,162.6788217189677,18.627263420654305,126,186,170.0,149.0,179.0,image_0_3601.jpg,overripe
144.76275023379887,67.87979693974704,0,240,157.0,102.0,205.0,129.45370437471314,2.508128796920163,119,142,129.0,128.0,131.0,152.26998160667267,21.499363117013857,128,191,142.0,133.0,176.0,image_0_3615.jpg,overripe
158.31353548738866,56.07212331439681,6,241,172.0,117.0,210.0,129.36453297167841,2.5944719334938666,119,142,129.0,128.0,131.0,152.34185361948244,20.549718480511054,128,191,142.0,133.0,175.0,image_0_3615.jpg,overripe
148.48409650112671,65.39760610983818,0,241,162.0,107.0,207.0,129.45775918889913,2.50405838831809,119,142,129.0,128.0,131.0,152.4292512569924,21.419550887710713,128,192,142.0,133.0,176.0,image_0_3615.jpg,overripe
164.253558746493,49.73896764735086,54,241,175.0,126.0,212.0,129.44944940799712,2.484916492496451,119,141,129.0,128.0,131.0,153.19338875487873,21.013616761513763,128,191,143.0,133.0,176.0,image_0_3615.jpg,overripe
154.54900458625366,42.53245446432085,61,221,164.0,122.0,195.0,128.88071599391262,1.837057857453253,119,138,129.0,128.0,130.0,149.7936082324806,18.523340387841586,128,184,141.0,132.0,170.0,image_0_3615.jpg,overripe
109.6905202837276,46.50148019022245,0,194,116.0,91.0,141.0,129.43916628813025,2.8950017140958186,116,138,130.0,128.0,132.0,167.44295747580279,16.191128137138424,126,187,173.0,162.0,179.0,image_0_3622.jpg,overripe
121.30849260980467,30.664536522313167,54,228,119.0,99.0,143.0,129.18803941437506,3.3528688948486423,115,138,130.0,128.0,132.0,170.45528320346622,11.51697568873779,129,187,174.0,166.0,179.0,image_0_3622.jpg,overripe
170.28146511059086,28.876230383513406,108,255,168.0,149.0,190.0,127.2304325797547,2.9581305790571193,114,134,128.0,126.0,129.0,170.3557077466019,12.04223932563234,128,188,174.0,165.0,179.0,image_0_3622.jpg,overripe
109.80007163073482,45.797443816088844,0,227,115.0,90.0,140.0,129.3308291694329,2.9548189943339476,115,138,130.0,128.0,132.0,167.89854642021035,15.833502845107638,126,187,174.0,163.0,179.0,image_0_3622.jpg,overripe
107.71247248331528,26.77507162644475,50,202,106.0,88.0,126.0,128.76499877703623,2.900736150482494,116,136,130.0,127.0,131.0,165.54990565708096,10.249365547236245,129,180,169.0,161.0,173.0,image_0_3622.jpg,overripe
103.43727776901326,64.058822896769,0,234,118.0,50.0,153.0,127.0479594189532,2.5142204790476677,115,137,128.0,126.0,128.0,166.489605960948,22.70845316122108,124,192,177.0,144.0,185.0,image_0_3660.jpg,overripe
156.12026261179813,42.127286615460065,69,255,154.0,124.0,188.0,125.97048651141343,3.3932322726731425,110,137,127.0,125.0,128.0,183.49129279273814,13.096994350959843,128,201,187.0,177.0,193.0,image_0_3660.jpg,overripe
88.05172141790955,35.236339493878205,14,195,85.0,61.0,114.0,129.31385993228403,2.716967306596254,118,140,130.0,128.0,131.0,162.3977525090106,15.293459320451179,126,186,163.0,150.0,177.0,image_0_3660.jpg,overripe
126.22404524107132,43.654426613848266,0,245,126.0,99.0,158.0,126.8064512214361,2.415249364606198,116,137,127.0,126.0,128.0,175.7771804424596,13.677372444030746,126,192,179.0,171.0,185.0,image_0_3660.jpg,overripe
130.384961712559,37.695707976137896,54,246,128.0,102.0,158.0,126.66752424062231,2.4429417293109696,115,136,127.0,126.0,128.0,176.77373396599637,11.437790688453351,130,192,179.0,171.0,185.0,image_0_3660.jpg,overripe
133.93779397930385,54.40395047691587,0,218,147.0,109.0,174.0,131.65871354656633,2.7566985108892097,121,143,132.0,130.0,134.0,178.28784101599248,18.543976686516753,126,199,185.0,175.0,190.0,image_0_3687.jpg,overripe
102.82695202257761,75.87745242975095,0,218,129.0,0.0,169.0,130.46832079021638,2.9261582123875947,120,139,130.0,128.0,133.0,166.3761053621825,27.446271520764583,125,199,182.0,128.0,189.0,image_0_3687.jpg,overripe
143.95584430856067,37.051964347846464,55,223,148.0,116.0,174.0,131.78746472248355,2.6763849980850454,121,140,132.0,130.0,134.0,181.93100893697084,11.622153921542491,131,199,185.0,177.0,190.0,image_0_3687.jpg,overripe
194.6097013170273,35.95211887764414,106,255,200.0,167.0,226.0,126.96438146754468,5.467628062138481,110,137,128.0,125.0,131.0,185.98033866415804,12.459291722026714,128,205,190.0,182.0,194.0,image_0_3687.jpg,overripe
142.08720602069613,40.859939807750834,0,218,147.0,115.0,174.0,131.8214487300094,2.6386368613960065,121,141,132.0,130.0,134.0,181.5093838193791,12.827969551679496,126,199,185.0,177.0,190.0,image_0_3687.jpg,overripe
84.9597823233167,55.058204058487014,0,233,80.0,49.0,121.0,126.9779220469246,2.197482095012755,120,140,127.0,125.0,128.0,143.52025204668593,13.531554544032515,126,192,139.0,137.0,145.0,image_0_3715.jpg,overripe
104.3802658901592,38.849796282781746,51,229,94.0,72.0,134.0,126.80790987421534,2.1655312765924473,119,140,127.0,125.0,128.0,146.30709836026446,13.095298469000653,129,188,140.0,138.0,150.0,image_0_3715.jpg,overripe
110.66002339069622,41.2596390550763,54,243,99.0,77.0,142.0,126.73872830990285,2.3081544362439566,119,140,126.0,125.0,128.0,147.42913573764233,13.859792412478546,129,192,141.0,138.0,151.0,image_0_3715.jpg,overripe
92.72916915292264,50.45824119652399,0,238,88.0,61.0,126.0,126.90779769434566,2.267558105143894,119,139,127.0,125.0,128.0,145.38441893214312,13.965897509976115,126,192,140.0,138.0,148.0,image_0_3715.jpg,overripe
84.86864214621572,42.03991813567754,26,218,74.0,51.0,117.0,127.09075828818293,2.627639507489657,119,142,127.0,125.0,129.0,147.44747833973793,13.401851744829361,129,190,141.0,139.0,151.0,image_0_3715.jpg,overripe
152.58401242920863,35.22600287433598,84,255,153.0,126.0,175.0,123.4321355184684,2.8347030280493932,115,133,124.0,122.0,125.0,172.8575552548489,10.888641286845184,129,191,175.0,167.0,181.0,image_0_3759.jpg,overripe
80.14390818423294,64.16417470984139,0,214,99.0,0.0,136.0,125.54417882022753,2.9415845525406663,116,133,126.0,124.0,128.0,157.16501779181075,22.7037965924922,124,189,168.0,128.0,178.0,image_0_3759.jpg,overripe
113.78814213401493,50.36212255936851,0,228,122.0,87.0,147.0,124.7018292988523,2.947243769906357,116,133,125.0,123.0,127.0,169.07700095223777,15.89602186201906,126,191,174.0,164.0,180.0,image_0_3759.jpg,overripe
122.32645717435975,41.24995550800026,0,234,125.0,97.0,149.0,124.57621410314239,2.934613374272708,116,133,125.0,123.0,127.0,171.589866185536,12.412984680992666,125,191,174.0,166.0,180.0,image_0_3759.jpg,overripe
126.3327619906781,36.09872597494707,54,234,126.0,100.0,149.0,124.4503683656593,2.914088361808823,116,134,125.0,123.0,126.0,172.42015736981907,10.69894157895683,129,191,174.0,167.0,180.0,image_0_3759.jpg,overripe
85.52343574606078,32.11754983512203,12,184,85.0,62.0,110.0,135.62927701326237,4.275060562719501,119,147,137.0,134.0,138.0,159.73693094416498,18.199079943742994,114,186,163.0,145.0,176.0,image_0_3761.jpg,overripe
113.0291522886958,42.2083237254289,0,215,118.0,92.0,143.0,131.16972519020496,3.396983469190838,119,137,132.0,129.0,134.0,170.98414335010185,13.842811177264224,126,186,175.0,167.0,181.0,image_0_3761.jpg,overripe
110.45487880929613,31.442323014472844,40,208,110.0,87.0,134.0,132.49419199268283,3.6696883844822796,119,140,134.0,131.0,135.0,171.57340872240468,11.026950261592154,129,187,174.0,165.0,181.0,image_0_3761.jpg,overripe
117.48563588741528,36.33484037055388,0,214,120.0,96.0,144.0,131.26296096121067,3.336344173896706,119,137,132.0,130.0,134.0,172.30808630940007,11.72743954149883,124,186,175.0,169.0,181.0,image_0_3761.jpg,overripe
108.67939965908619,47.88107119149205,0,215,118.0,88.0,143.0,131.06615391011516,3.2220471736072445,120,138,132.0,128.0,134.0,169.298698707022,16.495927831605865,126,186,175.0,167.0,181.0,image_0_3761.jpg,overripe
142.239781510107,57.252122904420276,0,244,143.0,104.0,184.0,128.66756730932562,3.5561754732062716,116,143,128.0,126.0,130.0,160.86321555970784,20.866479266876365,126,194,162.0,140.0,182.0,image_0_3763.jpg,overripe
83.23876231527093,72.58625661504671,0,245,89.0,0.0,146.0,128.11347566672328,2.7185310809459855,116,141,128.0,127.0,129.0,152.34204603363344,23.523061511851637,126,194,147.0,128.0,176.0,image_0_3763.jpg,overripe
140.8654768982504,58.33666509651685,0,244,142.0,103.0,183.0,128.66916510956344,3.552395918976771,116,143,128.0,126.0,130.0,160.7326259130287,20.9362786748202,126,194,162.0,140.0,182.0,image_0_3763.jpg,overripe
176.37201142347544,43.25753603810785,97,255,174.0,143.0,208.0,127.4597895787328,3.0950431868954915,117,140,127.0,126.0,128.0,157.32126932223542,18.524987276977942,127,187,158.0,139.0,176.0,image_0_3763.jpg,overripe
163.99982482588754,50.27810012717659,70,255,161.0,126.0,202.0,128.22321428571428,3.5379832474296244,116,143,128.0,126.0,129.0,161.510388355699,20.762431996678554,127,194,163.0,141.0,182.0,image_0_3763.jpg,overripe
129.84204046609378,38.82672438196821,0,240,130.0,109.0,155.0,133.29404449529304,3.460623615549454,120,142,134.0,131.0,136.0,172.72350863666324,16.959292826879118,126,193,179.0,164.0,186.0,image_0_3797.jpg,overripe
131.97007324686308,35.85799489249474,0,244,130.0,110.0,155.0,133.29535025431213,3.4636841403495686,120,142,134.0,131.0,136.0,173.01795729546217,16.474124861210004,128,193,179.0,164.0,186.0,image_0_3797.jpg,overripe
118.43839926380063,41.03020606445794,26,246,117.0,93.0,145.0,136.40481638541033,4.928614703062927,119,148,137.0,134.0,140.0,171.15691492669094,17.999151598475276,130,199,174.0,158.0,186.0,image_0_3797.jpg,overripe
117.4302600325818,55.52192792691514,0,224,128.0,99.0,154.0,133.01627224453756,3.5522541493524664,119,142,134.0,130.0,136.0,169.7900339497345,20.792540055880462,126,193,179.0,157.0,186.0,image_0_3797.jpg,overripe
112.24589929489012,36.20812486854806,31,226,111.0,89.0,136.0,134.58818225908746,4.007974202409252,120,145,135.0,132.0,138.0,169.57485729919293,15.847165699901236,130,192,174.0,159.0,183.0,image_0_3797.jpg,overripe
77.92025914034443,38.54405665217052,2,164,81.0,50.0,106.0,134.05800835035978,4.465528977111869,119,151,134.0,131.0,137.0,157.6473115141055,19.558394048992376,106,184,163.0,143.0,174.0,image_0_3799.jpg,overripe
134.82827193238492,46.49687426521646,0,232,140.0,104.0,168.0,130.3711976040305,3.0578160239883965,118,142,131.0,128.0,133.0,173.6265815556035,14.577739563153195,126,192,179.0,167.0,185.0,image_0_3799.jpg,overripe
132.41881876673563,39.97682681869009,50,223,135.0,103.0,161.0,130.32636835492835,3.025484555286258,118,141,131.0,128.0,133.0,173.1244622393685,12.66884159711843,130,190,177.0,167.0,183.0,image_0_3799.jpg,overripe
105.38047437150217,72.25317704354985,0,232,128.0,32.0,164.0,129.43099531719946,2.617799260524776,118,143,129.0,128.0,131.0,162.49088820924123,23.200107061690083,125,192,172.0,139.0,184.0,image_0_3799.jpg,overripe
138.83768195027855,41.12669723654489,54,232,141.0,109.0,168.0,130.32125407682838,3.0958333260925994,118,141,131.0,128.0,133.0,174.58731709793273,13.07410103907802,130,192,179.0,168.0,185.0,image_0_3799.jpg,overripe
117.77160999372467,49.68364900203643,0,244,118.0,88.0,156.0,132.58177602399516,3.210587812276164,123,141,133.0,130.0,135.0,169.54767653346664,19.147020622730448,126,195,177.0,152.0,185.0,image_0_3857.jpg,overripe
80.20333124155756,38.59994498361104,10,193,77.0,50.0,110.0,135.43639051681043,4.449915251782739,123,149,136.0,132.0,139.0,157.66795009519353,17.678945999835754,118,188,156.0,142.0,175.0,image_0_3857.jpg,overripe
126.5321477573682,39.67511029228204,54,245,123.0,95.0,157.0,132.64769886937748,3.1958311878694374,122,141,133.0,130.0,135.0,171.53507269807167,16.716009660501374,130,195,177.0,160.0,185.0,image_0_3857.jpg,overripe
131.6219487550389,31.490640115428423,75,227,128.0,106.0,156.0,130.36041651155617,2.067066334121874,122,137,130.0,129.0,132.0,164.5691934608962,14.566695849009204,129,183,170.0,154.0,176.0,image_0_3857.jpg,overripe
113.65782448228549,54.61830482327467,0,239,118.0,85.0,156.0,132.63403141918124,3.135264394323788,123,141,133.0,130.0,135.0,168.78158670056052,20.29473787567264,126,194,177.0,150.0,185.0,image_0_3857.jpg,overripe
94.16371202048555,29.946627922474235,31,174,92.0,73.0,112.0,134.12601565962476,2.6819885873428926,123,141,135.0,133.0,136.0,167.04772984685084,10.571680417052834,132,182,170.0,161.0,176.0,image_0_387 (2).jpg,overripe
104.91589107204412,42.38770055937611,11,216,102.0,74.0,131.0,140.72920667750037,4.712074323895802,123,152,142.0,139.0,144.0,165.50124341360123,21.175254494237862,112,199,166.0,148.0,184.0,image_0_387 (2).jpg,overripe
124.69251982075147,38.092361760749135,0,219,124.0,101.0,147.0,134.44412025409957,2.8609227756613085,123,141,135.0,133.0,136.0,176.06279854237454,12.488373804685642,126,192,180.0,172.0,185.0,image_0_387 (2).jpg,overripe
122.53544344314768,41.88842102307582,0,219,124.0,100.0,147.0,134.43407445708377,2.8931667352209387,123,141,135.0,133.0,136.0,175.50854385187372,13.726575811907798,126,192,180.0,172.0,185.0,image_0_387 (2).jpg,overripe
126.44005761560054,34.81244182094445,54,219,124.0,101.0,148.0,134.4081597478702,2.9419246028454564,122,142,135.0,133.0,136.0,176.34788496577534,11.714527748537927,132,192,180.0,172.0,185.0,image_0_387 (2).jpg,overripe
68.06603633588433,36.49740008240435,2,176,65.0,38.0,95.0,136.8156282461682,4.69930787411354,121,154,136.0,134.0,140.0,148.5382650357211,24.15518788434442,98,183,152.0,127.0,171.0,image_0_3891.jpg,overripe
111.82933370079074,51.952694817510135,0,233,118.0,85.0,150.0,130.07153759725256,2.191133555113757,121,140,130.0,128.0,132.0,168.64737868605712,15.943144816569303,125,187,174.0,166.0,179.0,image_0_3891.jpg,overripe
104.7414089164953,60.46288411087812,0,234,117.0,72.0,151.0,130.0400987895105,2.1822898602973715,119,140,130.0,128.0,132.0,165.25408619702785,19.236372158482087,125,187,173.0,159.0,179.0,image_0_3891.jpg,overripe
120.937207182379,44.131794346681986,0,234,122.0,92.0,153.0,130.1142439210532,2.205272827622121,120,140,130.0,129.0,132.0,171.47086133429437,12.229842634992588,126,188,175.0,168.0,180.0,image_0_3891.jpg,overripe
127.25894087468996,36.87162499690177,54,236,125.0,98.0,155.0,130.07815183057386,2.225068891964478,119,139,130.0,129.0,132.0,172.89740518538932,9.466957554144683,131,189,175.0,168.0,180.0,image_0_3891.jpg,overripe
114.15040769852347,60.782947073423685,0,216,123.0,76.0,165.0,132.43669041847255,3.8279435366271137,123,142,134.0,128.0,136.0,171.32000048972796,23.912775300793783,126,200,181.0,147.0,191.0,image_0_3905.jpg,overripe
133.41811748573667,40.35696578114749,54,216,131.0,103.0,169.0,132.92087220548984,3.6152457285920145,123,142,134.0,131.0,136.0,177.3987242586743,17.71739378675426,132,200,183.0,169.0,192.0,image_0_3905.jpg,overripe
130.74913685447734,44.4363719079361,0,216,130.0,100.0,169.0,132.94003281177305,3.572091942704192,123,141,134.0,131.0,136.0,176.94620338402018,18.509551900728855,126,200,183.0,169.0,192.0,image_0_3905.jpg,overripe
154.36685521192976,42.30330682684712,72,236,152.0,122.0,192.0,132.21710864614707,3.8036401126343207,119,142,133.0,129.0,135.0,181.290837189941,19.16852903158236,132,205,188.0,172.0,196.0,image_0_3905.jpg,overripe
128.25038566076543,48.32176149559043,0,216,130.0,98.0,169.0,132.92957711990988,3.5704440633747936,123,142,134.0,130.0,136.0,176.25649501701804,19.53512735262022,126,200,183.0,168.0,192.0,image_0_3905.jpg,overripe
157.75921935966997,37.05030537426538,89,249,159.0,129.0,183.0,129.13751855695836,2.504863497152071,113,137,129.0,128.0,131.0,168.80779589316447,14.695549733465967,131,193,174.0,158.0,181.0,image_0_3939.jpg,overripe
121.80665948474059,40.96813889779913,44,225,123.0,90.0,150.0,131.27466269033198,2.9717640358239694,120,143,131.0,130.0,133.0,170.12819738034867,14.617337427290057,132,192,175.0,159.0,182.0,image_0_3939.jpg,overripe
102.62556984642065,60.99786800469439,0,231,110.0,57.0,150.0,129.93774058357528,3.005792395828002,120,142,130.0,128.0,132.0,162.05410749241298,20.692584560646978,125,192,168.0,142.0,181.0,image_0_3939.jpg,overripe
129.64379836304636,40.01096833621387,54,231,131.0,99.0,157.0,130.70360760408317,2.6926519054073386,120,141,131.0,129.0,133.0,170.2843517216916,14.720032450782805,132,192,175.0,159.0,182.0,image_0_3939.jpg,overripe
127.62047899943508,42.94898877062652,0,231,130.0,97.0,157.0,130.71960271687007,2.680499331958625,121,141,131.0,129.0,133.0,170.01968022912095,15.191247030779984,126,192,175.0,159.0,182.0,image_0_3939.jpg,overripe
130.46619528541981,49.44800440565336,0,242,137.0,102.0,168.0,130.22756428711264,2.9063009144782783,117,142,131.0,128.0,132.0,167.09574259820124,18.4245724758954,126,193,173.0,149.0,182.0,image_0_3989.jpg,overripe
114.9387588240036,33.685131184483716,43,202,116.0,92.0,142.0,129.74913343390492,2.398112046544713,118,138,130.0,128.0,131.0,162.30917696373666,14.370212328662758,129,182,167.0,152.0,174.0,image_0_3989.jpg,overripe
139.7482121676244,40.31084013096193,54,244,141.0,113.0,172.0,130.2730057463984,2.931496855108401,117,141,131.0,128.0,132.0,168.81995577921853,17.042764973251458,129,193,174.0,157.0,182.0,image_0_3989.jpg,overripe
132.00825684903901,48.10599881113387,0,242,138.0,104.0,169.0,130.23447954213066,2.9084992808390076,117,142,131.0,128.0,132.0,167.42830820963414,18.199428961841377,126,193,174.0,150.0,182.0,image_0_3989.jpg,overripe
109.34400082913966,65.33739965602979,0,239,121.0,60.0,164.0,130.24479772447228,2.7782526935061496,117,143,130.0,128.0,132.0,162.93316213134955,21.35689129740829,125,193,170.0,143.0,181.0,image_0_3989.jpg,overripe
125.22899318326712,36.62430578690223,0,233,126.0,100.0,149.0,124.47948604776617,2.892424724907982,115,133,125.0,123.0,126.0,171.68106517581285,11.766082872300085,127,191,174.0,166.0,180.0,image_0_4051.jpg,overripe
127.0548575351871,33.84060758045584,58,230,127.0,103.0,149.0,124.32171055857977,2.7938783794542363,115,133,125.0,123.0,126.0,170.52135746162523,11.101924677265313,130,189,173.0,165.0,179.0,image_0_4051.jpg,overripe
78.84236182629591,65.09145939980039,0,219,98.0,0.0,136.0,125.52015104703055,2.9888409162739245,116,134,126.0,124.0,128.0,156.5484380363886,22.867324640297774,126,189,167.0,128.0,178.0,image_0_4051.jpg,overripe
139.00763081751754,34.253158092699515,70,244,139.0,114.0,161.0,123.9348536118876,2.8714318490972714,115,133,124.0,122.0,126.0,171.6806532293659,11.37104420230381,130,190,174.0,166.0,180.0,image_0_4051.jpg,overripe
121.1294492668334,42.170009492983105,0,231,125.0,97.0,148.0,124.57047717130106,2.9075337489791515,115,134,125.0,123.0,127.0,170.7699082928743,13.431270666484625,126,191,174.0,165.0,180.0,image_0_4051.jpg,overripe
95.74530590055619,65.55946156819651,0,212,115.0,1.0,149.0,130.7386881612512,2.982306636282514,117,141,131.0,128.0,133.0,160.64021661857566,21.225469066671643,126,185,172.0,128.0,177.0,image_0_4057.jpg,overripe
126.6386066156484,34.140879399181806,54,229,128.0,101.0,151.0,131.72530631873877,3.235532737907749,117,140,132.0,130.0,134.0,170.16837076067412,11.635683624508049,130,185,174.0,167.0,178.0,image_0_4057.jpg,overripe
114.65283527788232,35.99903187994881,38,221,116.0,88.0,141.0,132.9059089198344,3.618528425240242,116,143,134.0,131.0,135.0,170.08828879688872,12.101221688584733,131,186,174.0,165.0,179.0,image_0_4057.jpg,overripe
116.45289173253042,48.62194455540413,0,226,126.0,95.0,151.0,131.6889139798436,3.1681756013505034,117,142,132.0,129.0,134.0,167.62183749425,15.550248210168162,126,185,174.0,165.0,178.0,image_0_4057.jpg,overripe
116.82737423158952,47.87953701585809,0,224,125.0,95.0,151.0,131.66278802325095,3.2444140346250774,117,142,132.0,129.0,134.0,167.85017563668296,15.194205480404435,126,185,174.0,164.0,178.0,image_0_4057.jpg,overripe
110.14489937206224,57.11002448950434,0,246,119.0,80.0,150.0,127.24024388762707,2.2223185784221613,117,137,128.0,126.0,128.0,169.75413260782432,20.202250030021244,126,193,177.0,162.0,185.0,image_0_410.jpg,overripe
124.51549196555452,32.26696381680889,60,225,122.0,102.0,147.0,126.03301227940194,2.1125643806417718,116,134,126.0,125.0,127.0,171.70803930380285,10.52014766830778,130,185,175.0,167.0,179.0,image_0_410.jpg,overripe
129.78441208264002,37.558281758023725,54,246,127.0,103.0,156.0,126.6757800638869,2.443247149540163,115,135,127.0,126.0,128.0,176.98021449479552,11.713869339838721,131,193,180.0,171.0,186.0,image_0_410.jpg,overripe
116.42264948441087,51.15124166432936,0,240,122.0,89.0,151.0,126.8531815918283,2.4276725086115514,115,137,127.0,126.0,128.0,173.035805812979,17.53133281549157,126,193,179.0,168.0,185.0,image_0_410.jpg,overripe
107.95642087619788,37.58194390070239,30,223,106.0,82.0,135.0,128.191770007166,2.5642181257249175,116,137,129.0,127.0,130.0,170.83357827359626,13.417469592709132,131,191,173.0,161.0,182.0,image_0_410.jpg,overripe
175.8128209891383,58.91917976947053,56,255,174.0,128.0,228.0,132.57071595602858,5.344155708530493,114,149,132.0,128.0,136.0,156.60149266778853,20.16818932626376,128,202,154.0,140.0,173.0,image_0_4103.jpg,overripe
148.96046506545446,65.54919757507538,0,251,148.0,109.0,199.0,131.80345083812313,4.549523359344997,120,145,131.0,128.0,134.0,153.35738247699805,17.145019447170508,126,193,150.0,137.0,168.0,image_0_4103.jpg,overripe
143.52438971086391,69.22871639943885,0,250,144.0,104.0,196.0,131.74260768844113,4.53710137125953,120,145,131.0,128.0,134.0,152.9995191992482,17.386214956582005,126,193,150.0,135.0,168.0,image_0_4103.jpg,overripe
86.62058264309286,79.41324120435952,0,251,100.0,0.0,154.0,130.19387743951745,3.4422761243211504,120,145,128.0,128.0,132.0,148.55348361999256,20.433805472951175,126,193,147.0,128.0,168.0,image_0_4103.jpg,overripe
161.01291605655965,55.10561731171169,54,251,157.0,116.0,206.0,131.90935813099634,4.546900325863738,122,145,131.0,128.0,134.0,154.0720163035164,16.587994741927908,129,193,150.0,138.0,168.0,image_0_4103.jpg,overripe
128.09534067614052,44.39425502938968,0,234,132.0,100.0,161.0,130.7711858517772,2.1618812964552725,120,140,131.0,129.0,132.0,172.3987092178868,12.919821491079702,126,188,176.0,168.0,181.0,image_0_4106.jpg,overripe
132.67150203259095,38.100824757798335,54,237,134.0,103.0,161.0,130.73188040721308,2.238663251175029,120,140,131.0,129.0,132.0,173.309891942601,11.103901200046405,129,188,176.0,169.0,181.0,image_0_4106.jpg,overripe
145.54395260762308,37.68080241044086,68,249,146.0,117.0,174.0,130.14559084117994,2.178392552640436,119,140,131.0,129.0,132.0,173.66998193252493,11.197380647984565,129,188,177.0,169.0,182.0,image_0_4106.jpg,overripe
126.23922031896042,45.971601795506594,0,233,131.0,98.0,160.0,130.72077933358813,2.1793507310897455,120,140,131.0,129.0,132.0,171.93288975365692,13.633136921189992,126,188,176.0,168.0,181.0,image_0_4106.jpg,overripe
95.98505958792259,69.38122417191842,0,223,113.0,1.0,154.0,130.27198499009762,2.2819592955444046,122,140,130.0,128.0,132.0,160.74285987283278,22.989950203688686,126,188,172.0,128.0,181.0,image_0_4106.jpg,overripe
130.96554186145346,54.946319830862464,15,212,150.0,85.0,179.0,129.19446493837654,3.969823353109119,110,147,129.0,127.0,131.0,143.60565065873354,15.426148448587504,124,191,136.0,133.0,149.0,image_0_4135.jpg,overripe
166.75549171270717,54.51972687557572,54,248,186.0,120.0,215.0,128.49140671483212,3.4645911041298856,109,140,128.0,126.0,130.0,145.34911007224818,17.159505269528648,128,194,138.0,133.0,155.0,image_0_4135.jpg,overripe
166.9051287717807,44.048047973341404,77,233,182.0,129.0,206.0,127.98985125371865,2.5974407660061605,112,136,128.0,127.0,129.0,142.12827539311516,14.447533025810788,128,185,136.0,132.0,149.0,image_0_4135.jpg,overripe
149.0142048448789,69.3083825501652,0,247,159.0,98.0,212.0,128.444841478963,3.467411705854528,109,140,128.0,127.0,130.0,144.7694415639609,17.347725467310383,127,194,137.0,132.0,154.0,image_0_4135.jpg,overripe
163.7825448363791,58.703862672590205,2,248,185.0,115.0,215.0,128.4270735231619,3.4499291435827804,109,140,128.0,126.0,130.0,144.75800764980875,16.748009321798083,128,194,137.0,133.0,152.0,image_0_4135.jpg,overripe
196.1924020155812,56.44786742069424,75,255,212.0,150.0,250.0,127.77455758680586,3.609184327093581,111,141,127.0,126.0,129.0,146.44115431578587,19.594868717106188,128,202,138.0,132.0,157.0,image_0_4152.jpg,overripe
166.96023870535024,53.37584728457839,54,243,180.0,123.0,215.0,128.32900407587667,3.46261230635834,112,140,128.0,126.0,130.0,145.6559616145287,17.16211147916673,128,194,138.0,134.0,155.0,image_0_4152.jpg,overripe
164.66708170670887,57.082050158145314,5,243,180.0,121.0,215.0,128.36214422068207,3.4585201929576965,112,140,128.0,126.0,130.0,145.40846131356733,17.061605845265213,128,194,137.0,134.0,154.0,image_0_4152.jpg,overripe
186.06540320222882,55.087690749389736,70,255,200.0,141.0,236.0,128.07054190241973,3.4876471415870394,112,140,128.0,126.0,130.0,146.2930331745404,18.03294928759369,128,198,138.0,134.0,156.0,image_0_4152.jpg,overripe
166.03589523105234,54.1254388052567,0,242,179.0,123.0,215.0,128.327329010955,3.45201931204161,112,140,128.0,126.0,130.0,145.63528986878086,17.166323343921885,128,194,138.0,134.0,155.0,image_0_4152.jpg,overripe
126.97757208235622,39.49453986318683,54,245,125.0,97.0,155.0,130.8101736588188,2.925598582722856,120,141,131.0,129.0,133.0,168.6826620109712,17.0103691530263,131,197,172.0,153.0,183.0,image_0_4156.jpg,overripe
115.64890133162532,40.5911444055152,40,236,114.0,85.0,145.0,131.5393650760855,3.3058248708939817,120,144,132.0,130.0,134.0,167.8939038626432,16.57771804790007,131,197,169.0,153.0,182.0,image_0_4156.jpg,overripe
120.96710709821383,47.71399749299945,0,242,123.0,91.0,155.0,130.8680151654459,2.87824205636561,120,144,131.0,129.0,133.0,167.76559675203256,18.233436910677963,126,197,171.0,151.0,183.0,image_0_4156.jpg,overripe
94.80301449395138,64.18995250333099,0,232,102.0,42.0,145.0,129.73927416605542,2.8894331392124406,120,144,130.0,128.0,132.0,158.13167491399705,21.896677248972473,126,197,156.0,141.0,180.0,image_0_4156.jpg,overripe
117.45540759718592,51.48314975297861,0,242,121.0,87.0,154.0,130.81888242647136,2.856449867786427,120,144,131.0,129.0,133.0,166.82389280881,19.20040879504377,126,197,171.0,150.0,183.0,image_0_4156.jpg,overripe
160.14048484977764,45.85343044971411,73,245,161.0,120.0,202.0,127.29673318330649,2.2210292549622577,115,135,128.0,126.0,129.0,177.45949808555795,17.32708829122146,132,200,183.0,171.0,191.0,image_0_4231.jpg,overripe
124.38205650537003,54.57900982811739,17,227,126.0,78.0,173.0,131.41364746536405,3.418916035389607,120,147,132.0,130.0,134.0,173.1180981431512,21.938842232224253,119,205,178.0,152.0,194.0,image_0_4231.jpg,overripe
137.38415759217585,49.00534928742272,0,228,140.0,99.0,180.0,128.2581563763185,1.9012544980081119,120,135,128.0,127.0,130.0,174.86059235716343,17.32023738277588,126,196,180.0,169.0,188.0,image_0_4231.jpg,overripe
106.1574321946225,70.44315075527714,0,228,111.0,50.0,170.0,128.01977367988823,1.8254634015929248,120,137,128.0,127.0,129.0,163.54209106131546,24.26346504840094,126,196,172.0,139.0,186.0,image_0_4231.jpg,overripe
140.03199624577383,45.08140268148632,54,228,141.0,101.0,180.0,128.20433869092693,1.9620444554056664,120,135,128.0,127.0,130.0,175.37189236462922,16.465998927830285,132,196,180.0,169.0,188.0,image_0_4231.jpg,overripe
110.89650289866688,66.382882491322,0,229,128.0,65.0,162.0,129.21539187660852,2.2464985002767723,119,138,129.0,128.0,131.0,169.48881942774705,23.45027034288641,126,195,180.0,154.0,189.0,image_0_4254 (2).jpg,overripe
125.28493316591417,60.51450267464472,0,230,136.0,87.0,170.0,129.20483912621447,2.3070018981347884,121,137,129.0,128.0,131.0,172.27964343280524,21.476504032410666,126,195,182.0,160.0,189.0,image_0_4254 (2).jpg,overripe
139.47234466974788,42.80715568947313,54,231,140.0,107.0,172.0,129.10741542215453,2.4961733337420897,119,139,130.0,127.0,131.0,176.95004140952688,15.865064818474075,131,195,183.0,169.0,189.0,image_0_4254 (2).jpg,overripe
159.4421112625008,45.07387964485698,69,250,161.0,125.0,195.0,128.177597891231,3.434282826703804,111,139,129.0,126.0,131.0,180.7088776682429,17.114876739662225,131,199,187.0,173.0,194.0,image_0_4254 (2).jpg,overripe
155.4654787030358,36.67729965345932,84,235,156.0,128.0,183.0,127.47166786887874,1.8995672980977727,120,136,128.0,126.0,129.0,172.41042629549483,14.828700573192046,130,190,178.0,165.0,183.0,image_0_4254 (2).jpg,overripe
156.52370681396405,39.50628196694398,81,230,153.0,126.0,191.0,127.14294707914316,4.491320277556493,114,139,127.0,124.0,129.0,152.65055920818529,16.81308876680277,128,181,150.0,134.0,170.0,image_0_4254.jpg,overripe
132.96579605734962,63.93145842533157,0,239,138.0,96.0,177.0,127.69973558731914,4.763915944160911,114,142,127.0,125.0,129.0,156.13643803820025,20.892736231165536,126,191,151.0,133.0,177.0,image_0_4254.jpg,overripe
124.62411246571668,67.84520193867692,0,239,131.0,82.0,172.0,127.87136843142514,4.711657819199717,114,142,127.0,125.0,129.0,155.64426366816483,21.070649875268472,126,191,151.0,133.0,177.0,image_0_4254.jpg,overripe
131.28754194745687,40.535870153785226,53,206,128.0,100.0,167.0,127.65710109542397,4.407276778760571,115,140,127.0,125.0,129.0,152.96782157892144,16.846338377732234,128,181,151.0,135.0,170.0,image_0_4254.jpg,overripe
76.01591403029524,78.49947757785483,0,239,65.0,0.0,147.0,126.97794371239783,3.2610922341261377,113,141,128.0,125.0,128.0,149.03714916050342,23.385043402118995,126,191,135.0,128.0,175.0,image_0_4254.jpg,overripe
116.52692118411504,47.81045062625299,0,228,126.0,96.0,151.0,125.51772919499196,4.723216557717508,114,136,126.0,122.0,129.0,167.8010960320969,15.923985766092,126,188,173.0,164.0,179.0,image_0_4324.jpg,overripe
110.16742432457231,52.16346146789025,0,229,122.0,89.0,149.0,125.01602342205577,4.58601022799676,114,135,126.0,121.0,128.0,164.8994803439906,17.42396764826114,126,188,171.0,159.0,177.0,image_0_4324.jpg,overripe
127.50930459516044,30.58466937001521,55,229,128.0,106.0,151.0,125.24980189678614,4.766415623853414,114,136,126.0,121.0,129.0,170.7449097900523,11.004763997568638,129,188,173.0,166.0,179.0,image_0_4324.jpg,overripe
127.05232427202282,30.935668401043156,0,229,128.0,105.0,151.0,125.26046193498878,4.763712767739333,114,136,126.0,121.0,129.0,170.70777482129006,11.078262663206653,128,188,173.0,166.0,179.0,image_0_4324.jpg,overripe
154.8252938183456,28.319556474802635,88,250,156.0,135.0,177.0,124.22999991658813,4.266947929280877,113,133,125.0,121.0,128.0,169.178251186534,10.872445489308243,129,186,172.0,164.0,177.0,image_0_4324.jpg,overripe
104.49320497650749,45.86393703812565,0,224,108.0,81.0,138.0,129.51946604785812,3.0625391137761335,116,136,130.0,128.0,132.0,165.85940102700778,16.776104983374044,126,186,173.0,156.0,179.0,image_0_438.jpg,overripe
65.33838412847936,30.64272704353116,8,167,62.0,42.0,88.0,132.37570793461154,3.763941557884855,118,144,133.0,130.0,135.0,152.65784787878093,15.701408226040742,117,179,152.0,139.0,168.0,image_0_438.jpg,overripe
115.69316132293307,32.780294666144194,54,226,112.0,91.0,139.0,129.4292180266287,3.1871047695781023,116,136,130.0,128.0,132.0,167.80013555583636,13.862544599559062,129,186,173.0,159.0,179.0,image_0_438.jpg,overripe
109.60445266459121,40.87400840240739,0,224,110.0,87.0,139.0,129.5074613148916,3.1240211119506984,116,136,130.0,128.0,132.0,166.94057369987019,15.356713303853779,126,186,173.0,158.0,179.0,image_0_438.jpg,overripe
56.8572987627658,32.1647653534057,1,165,53.0,32.0,80.0,135.1696745511149,5.059961552651661,119,150,135.0,132.0,138.0,144.64673919286838,20.062992241304432,102,181,143.0,128.0,162.0,image_0_438.jpg,overripe
106.40232771171053,51.1537048554181,0,234,116.0,86.0,141.0,132.64744900462924,2.6466728139597766,123,140,134.0,131.0,135.0,167.20516742185072,18.2020065337093,126,189,176.0,160.0,180.0,image_0_4405 (2).jpg,overripe
113.02801269363519,46.19526928125626,0,232,119.0,93.0,143.0,132.97898843505143,2.4103594823311774,125,140,134.0,132.0,135.0,169.66036346981173,15.947244627327612,126,189,176.0,168.0,180.0,image_0_4405 (2).jpg,overripe
122.19048631671929,33.336512944975794,54,234,121.0,98.0,144.0,132.96457723324554,2.516725631786421,120,140,134.0,132.0,135.0,171.6804917147858,12.261451695887951,129,189,176.0,168.0,180.0,image_0_4405 (2).jpg,overripe
146.21083539168697,28.652750900688435,89,242,145.0,126.0,165.0,130.60767506911162,1.7981886409726147,121,136,131.0,130.0,132.0,167.5495313496802,11.53662436546511,129,183,172.0,164.0,175.0,image_0_4405 (2).jpg,overripe
112.95714262346033,44.970791836393666,0,234,118.0,92.0,142.0,132.91356550471923,2.5510676751383383,121,140,134.0,132.0,135.0,170.00412215988092,15.356688537336742,126,189,176.0,168.0,180.0,image_0_4405 (2).jpg,overripe
159.2737924844133,57.74643837231443,0,237,172.0,125.0,212.0,129.30127847456393,2.6080519682428527,118,142,129.0,127.0,131.0,153.37905783113322,21.851488514059294,128,192,142.0,134.0,176.0,image_0_4408.jpg,overripe
208.95914010542478,43.41297364596903,105,255,219.0,176.0,254.0,127.73450772317855,2.74414107782384,112,137,128.0,127.0,129.0,152.43740187906997,22.191722492429836,128,194,143.0,131.0,176.0,image_0_4408.jpg,overripe
167.83680301649298,47.731496751693925,54,238,176.0,132.0,214.0,129.31033765729674,2.623291062748509,118,141,129.0,127.0,131.0,154.07596336125485,21.740541986637567,128,192,144.0,134.0,177.0,image_0_4408.jpg,overripe
160.77829954912025,55.960500195792044,5,238,173.0,124.0,214.0,129.3427795125231,2.638204340631659,118,142,129.0,127.0,131.0,153.0106533770928,21.111292942293503,128,192,143.0,134.0,175.0,image_0_4408.jpg,overripe
105.90786249727081,43.227521456724574,5,170,114.0,74.0,148.0,130.75204732677867,4.062346161628011,120,149,129.0,128.0,134.0,146.5139994524289,18.25243689539121,112,182,137.0,133.0,165.0,image_0_4408.jpg,overripe
147.3102350467428,49.15001289162093,54,248,142.0,113.0,181.0,130.58139764459668,3.2099547307483354,122,143,130.0,128.0,133.0,158.98009358433944,18.73366779550335,128,189,160.0,140.0,177.0,image_0_4427.jpg,overripe
126.72281068914796,63.510002113269785,0,247,135.0,91.0,168.0,130.37455947245283,2.968976796567387,122,143,130.0,128.0,132.0,157.5493144058678,19.90354593235596,126,189,159.0,135.0,177.0,image_0_4427.jpg,overripe
95.7039358730096,72.30326163913061,0,248,111.0,0.0,148.0,130.41132686403617,3.0201876949346906,122,143,130.0,128.0,133.0,155.28710056367782,21.418679288169177,124,189,155.0,128.0,177.0,image_0_4427.jpg,overripe
167.06464032221444,43.02755460329393,87,255,162.0,136.0,196.0,129.3380536826622,2.4635228060803263,121,141,129.0,128.0,130.0,155.69883217011028,17.155364981961124,128,184,156.0,139.0,173.0,image_0_4427.jpg,overripe
160.19087059102262,48.71195636302124,69,255,155.0,126.0,193.0,130.17843710204446,3.004018671148008,122,143,130.0,128.0,132.0,158.88748654971914,18.88603186240817,128,189,160.0,140.0,178.0,image_0_4427.jpg,overripe
114.32896524703862,43.05924280199052,0,199,123.0,94.0,145.0,131.08625303223548,3.4483574537639026,118,138,132.0,129.0,134.0,170.8203832912363,14.266250473575939,126,186,175.0,167.0,181.0,image_0_4460.jpg,overripe
121.97893482048332,31.513926781657204,0,207,125.0,100.0,146.0,131.2255232950709,3.3837174145374345,118,138,132.0,130.0,134.0,173.26047632147115,10.12632833051045,126,186,176.0,169.0,181.0,image_0_4460.jpg,overripe
83.65713023399272,63.26526269530715,0,209,105.0,0.0,139.0,130.44058485674512,3.139067091393579,120,138,130.0,128.0,133.0,159.4414101249573,23.023269608857884,125,186,171.0,128.0,180.0,image_0_4460.jpg,overripe
123.44237710589275,29.033300751219624,55,209,126.0,101.0,146.0,131.191870691308,3.4322176223891723,118,138,132.0,130.0,134.0,173.57807120647544,9.283587798371986,129,186,176.0,169.0,181.0,image_0_4460.jpg,overripe
93.95821975475363,24.97989164673115,35,168,96.0,75.0,114.0,131.1438634222789,3.000978221068591,119,137,132.0,130.0,133.0,165.87090804511467,8.590638822737308,129,178,168.0,161.0,173.0,image_0_4460.jpg,overripe
180.73591955091268,51.532646220133415,79,255,187.0,139.0,224.0,125.50509932215571,3.0672095075111536,114,134,126.0,124.0,128.0,150.83271373161332,19.79386854193011,128,191,142.0,133.0,170.0,image_0_4463.jpg,overripe
141.0132346927395,60.22206159946239,0,233,151.0,99.0,188.0,126.00309800860008,2.8669718665829644,115,135,127.0,124.0,128.0,149.27245126832472,18.698833640064276,126,187,140.0,133.0,168.0,image_0_4463.jpg,overripe
136.74774155173054,61.52344248537984,0,233,148.0,95.0,185.0,126.01977149088566,2.8651445090195042,115,135,127.0,124.0,128.0,149.36964199412617,18.818087054047478,126,187,141.0,133.0,168.0,image_0_4463.jpg,overripe
130.82024734500663,73.52977167902921,0,235,149.0,72.0,191.0,126.24773535571335,2.8665086321056905,115,135,127.0,125.0,128.0,146.99701351970953,19.058070753570238,126,187,136.0,132.0,165.0,image_0_4463.jpg,overripe
153.03698402666765,49.943975591996136,54,235,159.0,113.0,195.0,126.00244742679406,2.891835931206282,115,135,127.0,124.0,128.0,149.98167218112198,18.52436566499058,128,187,141.0,134.0,168.0,image_0_4463.jpg,overripe
142.1128624908202,43.78140395174624,54,233,146.0,109.0,174.0,129.1138297300686,2.5019565041720475,120,137,130.0,127.0,131.0,177.2382005767612,15.759341793965842,132,195,183.0,170.0,189.0,image_0_4520.jpg,overripe
110.42594350606316,71.9930401761426,0,233,129.0,47.0,166.0,128.85328413548515,2.4114036840424147,120,138,129.0,128.0,131.0,166.04658869046554,24.928789596207576,126,195,177.0,138.0,188.0,image_0_4520.jpg,overripe
153.83444983789786,45.04867902336436,63,244,158.0,119.0,187.0,128.65000268677568,2.8384154643453336,115,136,129.0,127.0,131.0,179.29026133371545,16.42501734037416,132,198,186.0,171.0,192.0,image_0_4520.jpg,overripe
93.72037829801715,38.61765049044889,14,173,97.0,65.0,122.0,130.64544412402157,2.6720818105878474,121,141,131.0,129.0,133.0,164.9525425853947,15.580312296306047,128,185,171.0,154.0,178.0,image_0_4520.jpg,overripe
131.1003510720235,58.78595725822987,0,233,144.0,94.0,173.0,129.2306596929911,2.3105816850501304,121,139,130.0,128.0,131.0,173.9534829568862,20.184756344163603,126,195,183.0,165.0,189.0,image_0_4520.jpg,overripe
113.16190022848438,36.97348872213105,29,233,111.0,86.0,137.0,128.17146801218584,3.6923181015441355,116,140,129.0,126.0,131.0,171.5401561309977,13.356263032732539,130,193,174.0,163.0,182.0,image_0_4526.jpg,overripe
120.89688690022848,39.230617116305055,0,231,122.0,99.0,146.0,126.45755902513328,2.9623796265068205,116,137,127.0,125.0,128.0,171.68555788271135,12.172050317936767,126,189,175.0,167.0,180.0,image_0_4526.jpg,overripe
89.91337585681644,62.971374528168596,0,221,108.0,1.0,140.0,127.2135662604722,2.342263090065032,117,138,128.0,126.0,128.0,161.28472010662605,22.17099859181741,125,189,171.0,129.0,180.0,image_0_4526.jpg,overripe
125.94510662604722,32.74722296627764,54,233,124.0,102.0,147.0,126.3170030464585,2.954208198994565,116,134,127.0,125.0,128.0,172.73845201827876,10.04457387454508,130,189,175.0,168.0,180.0,image_0_4526.jpg,overripe
72.76359482102056,33.38900055154782,2,182,70.0,48.0,94.0,131.8665460776847,4.8854853287605025,118,148,132.0,128.0,135.0,152.0640993907083,19.91195859276587,103,185,155.0,138.0,168.0,image_0_4526.jpg,overripe
137.74016252505228,50.221650855538385,33,231,138.0,99.0,183.0,131.64637111347184,3.8969563257956645,118,145,131.0,129.0,134.0,157.07527735491573,19.39252671920195,128,195,154.0,135.0,175.0,image_0_4570.jpg,overripe
98.67608340908345,81.71920339140468,0,248,108.0,0.0,168.0,129.91819535861745,3.10215600023209,118,143,129.0,128.0,132.0,152.69097788826952,22.620507467015383,126,195,150.0,128.0,175.0,image_0_4570.jpg,overripe
156.06074976179787,49.43456239099393,54,248,156.0,117.0,201.0,130.93610706502096,3.6513441204583983,118,143,130.0,128.0,133.0,157.7215334742468,19.696622785654295,128,195,159.0,135.0,176.0,image_0_4570.jpg,overripe
136.06670755347227,67.34055647877824,0,245,143.0,94.0,188.0,130.8534317537154,3.6438743279729553,115,143,130.0,128.0,133.0,156.22996090199214,20.34795821500237,126,195,153.0,134.0,175.0,image_0_4570.jpg,overripe
149.15531327689493,56.995636196772615,0,245,152.0,110.0,196.0,130.91522741460315,3.642737815801781,118,143,130.0,128.0,133.0,157.25314043522545,19.911689377402475,126,195,155.0,134.0,175.0,image_0_4570.jpg,overripe
121.00240938166311,44.047900058066,0,230,124.0,92.0,152.0,130.12600213219616,2.180764377640181,120,140,130.0,129.0,132.0,171.5121748400853,12.302312303815231,126,187,175.0,168.0,180.0,image_0_4602.jpg,overripe
127.6061513859275,36.59046752875423,54,234,128.0,99.0,153.0,130.07576759061834,2.2191464765937896,119,140,130.0,129.0,132.0,172.99428571428572,9.43172804948228,129,187,175.0,169.0,180.0,image_0_4602.jpg,overripe
92.69297441364606,59.98934082380656,0,212,106.0,39.0,140.0,129.95018123667379,2.184038328718397,121,140,130.0,128.0,132.0,162.5269722814499,20.45926624461123,125,186,172.0,146.0,178.0,image_0_4602.jpg,overripe
126.68446695095949,37.564908454707144,0,231,127.0,98.0,153.0,130.09638592750534,2.1907626745639335,119,140,130.0,129.0,132.0,172.85171641791044,9.76613012884676,127,187,175.0,169.0,180.0,image_0_4602.jpg,overripe
142.92424307036248,37.533807031385386,68,252,143.0,114.0,169.0,129.69307036247335,2.289899709481638,118,140,130.0,128.0,131.0,174.78555437100212,9.824157285849395,129,189,177.0,170.0,182.0,image_0_4602.jpg,overripe
107.73042164711332,64.06252541097544,0,241,108.0,67.0,147.0,129.51869279394504,3.5825554724234245,114,146,129.0,128.0,131.0,149.81941439947786,15.361503479489537,126,186,149.0,137.0,164.0,image_0_4675.jpg,overripe
106.75653313543131,46.29543252580476,30,205,99.0,70.0,141.0,129.70295747738075,3.5070216803322807,115,143,129.0,127.0,132.0,149.19839678303939,12.568356124282456,128,180,149.0,139.0,160.0,image_0_4675.jpg,overripe
72.16397972556884,63.44760156383746,0,243,77.0,0.0,123.0,128.7119525456201,2.77653038958146,114,147,128.0,128.0,130.0,146.91388630107426,17.01426467937851,126,186,145.0,128.0,163.0,image_0_4675.jpg,overripe
172.06278126036221,43.42890509870325,102,255,164.0,138.0,204.0,128.39917786444764,3.0058628659263182,115,141,128.0,127.0,129.0,148.6408446626981,12.664756338092909,128,179,147.0,138.0,160.0,image_0_4675.jpg,overripe
125.74971183148853,57.146920966959996,0,242,120.0,88.0,163.0,129.4640276220703,3.601246260602341,114,146,129.0,127.0,131.0,151.1755696262494,14.537575254208463,126,186,151.0,139.0,164.0,image_0_4675.jpg,overripe
133.19940054348316,35.987145005061954,0,240,138.0,107.0,160.0,123.03183258551735,3.8293914624689456,113,133,124.0,120.0,126.0,176.39782606733053,11.372409985180216,128,194,179.0,172.0,184.0,image_0_4687.jpg,overripe
133.8259138552096,35.47123446565414,55,242,139.0,108.0,161.0,123.01705381566713,3.8258570833266767,113,133,124.0,120.0,126.0,176.47311022235866,11.212857131719604,129,194,179.0,172.0,184.0,image_0_4687.jpg,overripe
123.95174555598689,48.43442173690326,0,235,135.0,98.0,159.0,123.36751920698403,3.9861040197975033,113,135,125.0,120.0,126.0,173.87234465138533,15.868616366782172,126,194,179.0,169.0,184.0,image_0_4687.jpg,overripe
108.61308873581481,66.01678420384987,0,242,134.0,62.0,159.0,124.06783608836567,4.180398408662334,113,134,126.0,121.0,128.0,167.2690512517266,22.9715405388493,126,194,178.0,151.0,184.0,image_0_4687.jpg,overripe
118.81211010499517,42.93626708912003,18,247,126.0,88.0,151.0,125.71135807596126,5.7501519840087445,113,144,126.0,121.0,130.0,171.9583449944478,19.88464657624227,120,203,179.0,157.0,188.0,image_0_4687.jpg,overripe
153.37199047370967,44.14012048231813,56,236,153.0,121.0,188.0,124.32324886193081,3.5933247441545846,114,133,126.0,122.0,127.0,161.5073493841402,21.00400830131217,129,190,171.0,134.0,179.0,image_0_4698.jpg,overripe
138.2836862278123,62.40780222110676,0,244,149.0,106.0,184.0,124.49345687741103,3.8114954048947527,113,136,126.0,122.0,127.0,161.40344707823218,22.97263748431997,126,193,172.0,134.0,181.0,image_0_4698.jpg,overripe
157.5190773887049,46.60389789051305,55,244,157.0,123.0,195.0,124.31539711482405,3.7409717541676866,113,134,126.0,122.0,127.0,163.04002778501345,21.898045639108084,129,193,173.0,135.0,181.0,image_0_4698.jpg,overripe
69.42498046366241,73.94359123530997,0,219,42.0,0.0,143.0,126.37526513601013,2.5772704030561995,115,134,128.0,126.0,128.0,150.4571565015691,25.37296748487026,126,193,134.0,128.0,179.0,image_0_4698.jpg,overripe
200.11353403043947,45.45280152763217,93,255,204.0,166.0,245.0,123.11422865577593,4.539135854425115,110,134,124.0,120.0,127.0,166.77771989233307,26.4710828447698,128,201,180.0,135.0,189.0,image_0_4698.jpg,overripe
93.84969988160466,58.51325932719026,0,226,116.0,40.0,139.0,131.5524656515873,3.974798694531262,119,139,133.0,128.0,135.0,162.98173132520168,21.215030799777796,124,186,173.0,142.0,180.0,image_0_4706.jpg,overripe
117.41514083537542,38.70743967264667,0,225,126.0,103.0,142.0,132.7812370935323,3.807700805484357,120,139,134.0,130.0,136.0,171.57244830529476,13.19587925812416,124,186,175.0,169.0,180.0,image_0_4706.jpg,overripe
125.02018915719046,25.926906719414855,55,226,127.0,108.0,143.0,132.88354580247253,3.7838442449533836,119,139,134.0,131.0,136.0,173.61605495746028,9.138512249445858,128,186,176.0,170.0,180.0,image_0_4706.jpg,overripe
124.99191194691484,25.910375178610863,55,226,127.0,108.0,143.0,132.88417907982048,3.7827410945021858,119,139,134.0,131.0,136.0,173.61290922106886,9.143891265434878,128,186,176.0,170.0,180.0,image_0_4706.jpg,overripe
108.04647705057958,29.664179983146106,25,223,111.0,89.0,129.0,136.29779867287095,4.6048810501522475,120,146,138.0,135.0,139.0,171.0612213992676,13.885453338952448,127,190,175.0,164.0,182.0,image_0_4706.jpg,overripe
103.34952208731593,41.66311723858896,0,228,102.0,73.0,136.0,129.78488961309938,5.002742387373949,113,140,131.0,128.0,133.0,161.71415654869543,15.624004233039745,126,187,163.0,150.0,176.0,image_0_4710.jpg,overripe
78.6953083083282,31.05293134447351,29,183,76.0,51.0,103.0,129.84997913478927,4.477165129907857,116,139,131.0,128.0,133.0,156.47138485384417,12.3366295153985,129,178,156.0,147.0,168.0,image_0_4710.jpg,overripe
89.35157880094589,41.70428283623649,21,227,86.0,52.0,122.0,132.12349224012877,6.065248190094967,113,148,133.0,129.0,136.0,161.14408918387218,16.87895482243657,127,193,160.0,145.0,177.0,image_0_4710.jpg,overripe
110.18817439341852,35.982973047745766,54,232,107.0,78.0,138.0,129.62487331836337,5.176901671159215,113,140,131.0,127.0,133.0,162.63208671979015,14.55760308548118,129,187,163.0,151.0,176.0,image_0_4710.jpg,overripe
74.31225284661089,57.0165736520802,0,199,74.0,0.0,123.0,129.08919380800032,4.556252529012987,113,140,129.0,128.0,132.0,152.25792381217337,19.671927566327312,126,187,151.0,128.0,172.0,image_0_4710.jpg,overripe
126.83072749238737,58.01807586112754,0,232,138.0,98.0,170.0,128.6482785906557,2.4342699047095118,118,139,129.0,127.0,130.0,171.41310998226663,18.83850132056635,126,192,179.0,166.0,186.0,image_0_4725.jpg,overripe
168.61284009580262,36.33562956885817,90,254,170.0,142.0,197.0,126.896885001519,2.33220960051017,117,135,127.0,125.0,129.0,174.0260772497015,12.516530283876124,127,191,178.0,169.0,183.0,image_0_4725.jpg,overripe
143.1478016970348,46.979233890998806,36,250,146.0,109.0,180.0,130.20006923788867,3.581320382716949,117,145,131.0,128.0,133.0,179.80137204061015,16.210017062435565,126,200,185.0,171.0,193.0,image_0_4725.jpg,overripe
101.88439392119598,73.5401714172177,0,226,120.0,1.0,165.0,128.3422188623791,2.1269698725975648,119,138,128.0,128.0,130.0,162.55769706304181,24.39417730959374,126,192,174.0,128.0,184.0,image_0_4725.jpg,overripe
141.5185070050374,39.54098323034317,54,232,143.0,113.0,172.0,128.5101701980345,2.6213244635724404,118,138,129.0,127.0,130.0,175.8857150931532,12.769975653477028,127,192,179.0,170.0,186.0,image_0_4725.jpg,overripe
96.89209420675779,46.04677925826232,0,228,95.0,66.0,133.0,129.86364084659843,4.853496713138794,113,139,131.0,128.0,133.0,160.14089591100065,16.76401805444087,126,187,162.0,146.0,176.0,image_0_4730.jpg,overripe
72.41139515158687,57.6454716276648,0,200,73.0,0.0,121.0,129.01387656074323,4.508549229146393,113,140,129.0,128.0,132.0,151.57990610884272,19.85427240362982,126,187,150.0,128.0,171.0,image_0_4730.jpg,overripe
158.5392133656824,35.888109089539725,102,255,156.0,126.0,187.0,128.3047123103931,5.12116404419014,111,137,130.0,126.0,132.0,164.22107817030593,15.928710961245445,128,190,166.0,151.0,179.0,image_0_4730.jpg,overripe
108.14634002011954,29.62964593390453,62,211,106.0,82.0,131.0,128.6812927786654,4.2381238479477155,115,137,130.0,127.0,132.0,157.34903445963272,12.729415800174824,128,178,158.0,147.0,169.0,image_0_4730.jpg,overripe
107.1781860859617,37.844839603938844,0,231,105.0,76.0,136.0,129.65924019172732,5.161982941876704,113,139,131.0,127.0,133.0,162.284632226759,14.9106462495607,126,187,163.0,151.0,176.0,image_0_4730.jpg,overripe
133.79057593933857,66.72360257480793,0,240,141.0,91.0,187.0,129.7843703242721,2.668953961194706,120,141,129.0,128.0,132.0,156.91779546186814,21.784496482506903,126,192,157.0,133.0,179.0,image_0_474.jpg,overripe
129.77587842997056,50.55528539306616,27,219,131.0,90.0,173.0,130.6878875750875,3.349309135526999,120,145,130.0,128.0,133.0,156.7120965357132,19.756083162121637,129,191,156.0,136.0,176.0,image_0_474.jpg,overripe
135.45331444284082,66.01182376974818,0,241,144.0,93.0,187.0,129.6820659490045,2.662290737083888,120,142,129.0,128.0,132.0,156.55492145880504,21.77061182397935,126,192,155.0,134.0,179.0,image_0_474.jpg,overripe
152.73250974316875,49.7473491651506,54,242,154.0,113.0,195.0,129.80629300566272,2.6402535103624047,120,140,129.0,128.0,132.0,158.52146145324383,20.737106474776933,129,192,160.0,136.0,179.0,image_0_474.jpg,overripe
162.23929134171047,43.24518610672218,78,240,162.0,128.0,199.0,128.83501714709428,1.8323885945302258,120,137,129.0,128.0,130.0,155.16410894694332,18.879928131385615,129,186,156.0,135.0,174.0,image_0_474.jpg,overripe
87.83454762220161,68.5243558893558,0,223,96.0,1.0,148.0,126.53923992876172,1.9815817718603905,119,138,127.0,125.0,128.0,157.52472733695413,24.013700292558674,125,192,165.0,129.0,181.0,image_0_4756.jpg,overripe
155.70033558528723,32.44382974183303,89,247,157.0,131.0,180.0,124.79440249628354,2.0152953176058244,116,132,125.0,124.0,126.0,169.69712691894438,13.18432440849347,129,185,175.0,166.0,179.0,image_0_4756.jpg,overripe
121.19744336998278,54.81203980538767,0,231,133.0,92.0,161.0,126.27684314331552,2.2426927351398267,117,137,127.0,125.0,128.0,170.59335305632828,18.87563487212688,126,192,179.0,164.0,184.0,image_0_4756.jpg,overripe
125.28905226593662,50.28615279514429,0,237,134.0,97.0,162.0,126.20991006903049,2.2806724824240754,116,137,126.0,125.0,128.0,172.02156282657012,17.36075771296932,126,192,179.0,168.0,184.0,image_0_4756.jpg,overripe
134.03641394739554,37.868346746506404,54,238,136.0,105.0,162.0,126.02557365949868,2.325735808749234,116,135,126.0,125.0,128.0,174.08906256899368,14.183398560456569,129,192,179.0,170.0,184.0,image_0_4756.jpg,overripe
164.46118447239235,37.243752400843405,88,255,167.0,136.0,193.0,124.86769131931594,2.3598442343264643,114,133,125.0,123.0,127.0,173.63222837510386,15.71973939881449,128,193,180.0,168.0,185.0,image_0_4783.jpg,overripe
137.79505317626027,40.242529376464766,54,248,141.0,107.0,168.0,126.12171532719286,2.503276766893981,117,136,126.0,124.0,128.0,174.86587571489423,15.76411696695816,131,195,181.0,169.0,187.0,image_0_4783.jpg,overripe
154.13756695041306,41.27240645023326,69,255,158.0,123.0,186.0,125.57729237515974,2.59555785731484,114,135,126.0,124.0,127.0,176.93180310468355,16.555664046023004,128,198,184.0,171.0,189.0,image_0_4783.jpg,overripe
130.50783852293597,50.35410207700001,0,231,139.0,101.0,168.0,126.2707904164019,2.4577536178772577,117,137,127.0,125.0,128.0,173.30046158250875,18.059973132601403,126,195,181.0,167.0,186.0,image_0_4783.jpg,overripe
137.20530296153012,40.74515664996131,0,245,141.0,107.0,168.0,126.13589100786994,2.486094032911157,117,135,126.0,125.0,128.0,174.80116338344868,15.845456738024637,127,195,181.0,169.0,187.0,image_0_4783.jpg,overripe
150.5688552128382,54.144296120891525,54,241,148.0,105.0,211.0,130.67906286858002,4.52037222219212,117,146,129.0,127.0,133.0,151.36309970573168,18.26848724390092,128,187,146.0,135.0,170.0,image_0_4892.jpg,overripe
62.78660185615402,67.53281905474206,0,231,43.0,0.0,125.0,130.19401455853796,3.709956987152053,117,146,128.0,128.0,132.0,146.05263471413085,21.13156143855209,126,187,136.0,128.0,167.0,image_0_4892.jpg,overripe
139.62201412964484,64.0805158830883,0,240,141.0,95.0,205.0,130.71134898793142,4.41396235981976,117,146,129.0,127.0,133.0,150.56525727629054,18.682508396520273,126,187,143.0,134.0,169.0,image_0_4892.jpg,overripe
182.45080238750492,50.417807378564824,93,255,179.0,140.0,239.0,129.77372910635358,3.9194263579603974,117,145,129.0,127.0,131.0,150.0677412821521,17.89328835281227,128,186,144.0,134.0,168.0,image_0_4892.jpg,overripe
180.18991624670883,47.026089021487465,97,255,177.0,141.0,233.0,129.55687003347748,3.566714896040663,117,143,128.0,127.0,131.0,148.62677365166732,16.650945294294644,128,182,143.0,134.0,165.0,image_0_4892.jpg,overripe
156.96477003151224,37.25807933090566,71,254,159.0,129.0,187.0,130.95781845649068,2.5298166304748717,122,139,131.0,129.0,133.0,182.32924972559573,11.456663132235253,131,199,186.0,178.0,190.0,image_0_4937.jpg,overripe
135.62099163214484,53.764718003837444,0,223,146.0,110.0,174.0,131.70869477982745,2.7183353852397643,120,141,132.0,130.0,134.0,178.82867731237238,17.83988656010748,126,200,185.0,176.0,190.0,image_0_4937.jpg,overripe
131.9137013301231,57.27138368387342,0,223,144.0,106.0,174.0,131.60752516847833,2.8188357279515177,120,141,132.0,130.0,134.0,177.45560551877162,19.488208326679263,126,200,185.0,175.0,190.0,image_0_4937.jpg,overripe
144.4488309787676,37.98752916100616,55,243,146.0,116.0,175.0,131.80284200214803,2.6344646181905538,122,140,132.0,130.0,134.0,182.09853769075522,11.311686779444821,131,200,185.0,177.0,190.0,image_0_4937.jpg,overripe
120.46880052874458,43.187636216186846,14,231,123.0,88.0,155.0,136.16883239504773,3.834906727437948,120,150,136.0,134.0,139.0,173.45175795772403,19.7207963144386,116,204,178.0,158.0,191.0,image_0_4937.jpg,overripe
113.37260273972603,57.69590915982793,16,235,106.0,66.0,154.0,131.5541896107419,5.1341361763017686,113,151,130.0,128.0,135.0,152.25367150413672,15.083781003363745,121,191,152.0,140.0,163.0,image_0_4949.jpg,overripe
106.35888240878883,45.8394609001078,30,204,101.0,69.0,138.0,129.914699579547,3.6490456412463033,115,143,129.0,128.0,132.0,149.6015299064153,12.262873072012404,128,179,149.0,140.0,160.0,image_0_4949.jpg,overripe
136.53045436050454,50.87009660739306,54,244,130.0,95.0,172.0,129.76790451647904,3.9415447453537307,114,144,129.0,127.0,132.0,152.6300393327004,13.927164836034617,128,185,152.0,141.0,165.0,image_0_4949.jpg,overripe
114.00775261087753,65.18331071090257,0,243,113.0,72.0,156.0,129.62264478502644,3.6930003185944553,114,146,129.0,128.0,131.0,150.53024820290247,15.261380809351024,126,185,150.0,137.0,164.0,image_0_4949.jpg,overripe
131.3763407025634,53.88196495500579,0,242,127.0,91.0,167.0,129.8192594601926,3.950168120224136,114,144,129.0,127.0,132.0,152.4482680048827,14.061822762485543,126,185,152.0,141.0,165.0,image_0_4949.jpg,overripe
77.58666619930597,79.77621541134279,0,251,58.0,0.0,147.0,126.27179945552479,2.920679691357763,112,135,128.0,125.0,128.0,149.55024127495997,23.421173442500567,125,194,139.0,128.0,174.0,image_0_4953.jpg,overripe
163.16035729725309,60.488816775234085,36,255,158.0,119.0,223.0,127.54166520616448,4.345961316458761,110,143,127.0,126.0,130.0,164.23048476988328,23.337587557488828,128,201,167.0,137.0,187.0,image_0_4953.jpg,overripe
147.51049808966314,67.99507108334528,0,250,151.0,110.0,198.0,126.76474815100424,3.4916243414413537,112,140,127.0,125.0,129.0,161.5215394861369,23.023774858237054,126,195,166.0,135.0,184.0,image_0_4953.jpg,overripe
162.56850339420706,54.14693142976005,0,250,158.0,124.0,215.0,126.68370196408333,3.535239765085037,112,138,127.0,125.0,129.0,162.6964317010761,22.2095410184191,127,194,168.0,136.0,184.0,image_0_4953.jpg,overripe
163.70386857817192,53.27086179808473,54,251,159.0,125.0,217.0,126.67742180471333,3.5470850930366282,112,138,127.0,125.0,129.0,162.7777349363805,22.162466462291192,129,194,168.0,136.0,184.0,image_0_4953.jpg,overripe
101.39074787972244,51.76342654480712,0,240,100.0,65.0,133.0,127.0178103315343,2.1954320315595766,120,136,127.0,126.0,129.0,155.79668465690054,16.887067306320294,126,187,153.0,141.0,172.0,image_0_4967.jpg,overripe
50.77226291441789,54.491974943090625,0,242,41.0,0.0,80.0,126.48232459521974,2.205471710881459,120,136,128.0,124.0,128.0,140.58569776407094,15.569677613293713,126,187,136.0,128.0,144.0,image_0_4967.jpg,overripe
97.59387047031612,54.357218705000754,0,239,97.0,59.0,131.0,126.98089822667694,2.082067531821919,121,136,127.0,126.0,128.0,155.03860832690825,17.371548440208457,126,187,152.0,140.0,172.0,image_0_4967.jpg,overripe
58.845123361603704,41.96570922888676,5,186,54.0,20.0,84.0,129.30389360061682,3.267951470517868,120,143,129.0,127.0,132.0,148.9490169622205,16.6361825654825,112,183,145.0,135.0,163.0,image_0_4967.jpg,overripe
157.40387432536622,43.352252793903205,97,255,153.0,119.0,184.0,125.34151888974557,3.567622349308274,112,134,126.0,124.0,128.0,159.0850231303007,17.23352797788704,128,192,156.0,143.0,175.0,image_0_4967.jpg,overripe
172.59312673456975,41.254611087410936,87,255,176.0,141.0,205.0,124.44602822848434,3.1987805234135336,111,134,125.0,123.0,127.0,178.2846127496557,17.116278211448105,128,199,185.0,172.0,191.0,image_0_497.jpg,overripe
137.71166819297153,40.34999475888374,54,246,141.0,107.0,169.0,126.12207176662216,2.508172250129253,116,135,126.0,124.0,128.0,174.92060651394297,15.775549492047864,130,195,181.0,169.0,187.0,image_0_497.jpg,overripe
104.25748180667892,66.99601399964342,0,231,117.0,45.0,161.0,126.52252057016226,2.2544692462993146,116,137,127.0,125.0,128.0,163.0032087355904,23.977189183605507,126,195,175.0,137.0,185.0,image_0_497.jpg,overripe
130.26838032255134,50.686760362207345,0,231,139.0,100.0,168.0,126.27100183855656,2.462390339776613,117,137,127.0,125.0,128.0,173.29435080777645,18.151171956970725,126,195,181.0,167.0,187.0,image_0_497.jpg,overripe
133.57607639447176,46.51734245220469,0,244,140.0,103.0,168.0,126.24563954504464,2.471017653726074,116,137,127.0,125.0,128.0,174.15966780149182,17.034172877608786,126,195,181.0,169.0,187.0,image_0_497.jpg,overripe
117.19141260288448,34.74936862120105,50,232,115.0,92.0,138.0,133.43096317210293,2.626862937468664,120,140,134.0,132.0,135.0,171.1997589386697,12.36397651138818,129,189,176.0,166.0,180.0,image_0_501.jpg,overripe
113.71052001552039,43.43191527401847,0,234,116.0,92.0,140.0,133.0788402638466,2.3574447523138713,124,139,134.0,132.0,135.0,170.21030949963264,14.762285311456749,126,189,176.0,167.0,180.0,image_0_501.jpg,overripe
112.30855024725298,44.293614528952915,0,234,116.0,90.0,139.0,132.99546771676944,2.506924657500194,121,140,134.0,132.0,135.0,170.0286549273101,14.976452318128523,126,189,176.0,167.0,180.0,image_0_501.jpg,overripe
126.15908396694488,28.417303293346333,72,222,124.0,106.0,143.0,130.94241771305445,1.7874835854695779,120,136,131.0,130.0,132.0,165.80928086121637,11.069235470428522,129,181,170.0,163.0,173.0,image_0_501.jpg,overripe
120.65707374660492,34.17464557820515,54,234,118.0,96.0,141.0,133.03072706408764,2.4927657570148294,120,140,134.0,132.0,135.0,171.44668169172218,12.323415819286314,129,189,176.0,168.0,180.0,image_0_501.jpg,overripe
124.10000094233831,48.59014240808545,0,231,125.0,97.0,162.0,126.86551889859497,4.026649861106366,111,138,128.0,124.0,130.0,175.83088796539732,15.026087660845695,126,194,180.0,172.0,186.0,image_0_5013.jpg,overripe
131.15589102799686,37.294939651734666,55,232,127.0,101.0,162.0,126.64847953712342,4.237122333255341,111,138,127.0,124.0,130.0,178.16123408626166,9.682496825460623,134,194,180.0,172.0,186.0,image_0_5013.jpg,overripe
182.35402708280327,37.65742589215735,104,251,178.0,152.0,216.0,123.64013041962325,4.92966573332918,109,136,124.0,121.0,127.0,183.4931162185848,10.588270235231796,134,200,186.0,178.0,192.0,image_0_5013.jpg,overripe
90.85957274380648,72.44835053509217,0,230,108.0,0.0,155.0,126.82543182653436,2.737997866058127,111,138,128.0,126.0,128.0,162.47348731141454,25.940379331656782,124,194,175.0,128.0,186.0,image_0_5013.jpg,overripe
121.88636342219584,51.69639226278706,0,231,124.0,97.0,162.0,126.91978816234605,3.9099220971730464,112,138,128.0,125.0,129.0,174.89980116661485,16.58397249583,126,194,180.0,171.0,186.0,image_0_5013.jpg,overripe
131.21294605952053,36.19761789785592,54,233,131.0,104.0,158.0,130.684055524938,2.2679886166077807,117,139,131.0,129.0,132.0,173.088333562965,11.407503236172222,130,188,176.0,169.0,181.0,image_0_5022.jpg,overripe
181.5476543124828,35.964076327733046,104,255,182.0,154.0,210.0,128.22044640396803,3.4902416961436167,112,137,129.0,127.0,130.0,175.9653227473133,12.483442242052439,128,192,179.0,171.0,185.0,image_0_5022.jpg,overripe
139.2153658032516,37.98770618694862,58,246,139.0,111.0,167.0,130.82769013502343,2.385386094406394,117,140,131.0,129.0,133.0,175.26061759437863,11.941284998330689,130,191,178.0,171.0,184.0,image_0_5022.jpg,overripe
88.83146183521632,68.33423844254796,0,224,107.0,0.0,147.0,130.2034565307247,2.321885872992864,121,140,130.0,128.0,132.0,158.98167539267016,23.286210828430296,126,188,170.0,128.0,180.0,image_0_5022.jpg,overripe
120.6935278313585,48.45754270089117,0,232,127.0,95.0,155.0,130.65415748139984,2.200404596178455,121,140,131.0,129.0,132.0,170.5490665472582,15.461164453295243,126,188,176.0,167.0,181.0,image_0_5022.jpg,overripe
91.32401976204133,60.41878121014735,0,229,91.0,46.0,133.0,126.98208833706492,2.1492721789687463,121,137,127.0,126.0,128.0,152.8815017671114,18.188387619789097,126,187,149.0,138.0,170.0,image_0_506.jpg,overripe
113.1937161149455,43.03720361877567,54,233,108.0,77.0,138.0,126.81120589160483,2.1577360102250425,121,138,127.0,125.0,128.0,156.14951057491257,15.877241004222423,129,187,153.0,141.0,171.0,image_0_506.jpg,overripe
98.51201820772349,55.968575548458666,0,230,99.0,59.0,134.0,126.97426123642285,2.182779076495622,120,136,127.0,126.0,128.0,154.416908757841,17.41182189527151,126,187,151.0,139.0,171.0,image_0_506.jpg,overripe
150.57395037285124,46.116683937720374,86,255,145.0,111.0,179.0,125.3887459985567,3.9064610215467708,111,139,126.0,124.0,128.0,159.44259201006605,17.693569117903554,128,193,156.0,142.0,176.0,image_0_506.jpg,overripe
67.22674536942804,67.98773081116622,0,233,53.0,0.0,115.0,126.88662731528598,2.1071019714460557,119,136,128.0,125.0,128.0,145.60266824565625,19.132003269985,126,187,139.0,128.0,159.0,image_0_506.jpg,overripe
124.62505050934689,65.00918574605298,0,229,138.0,83.0,181.0,128.21432976755068,1.8495206356772251,120,136,128.0,127.0,130.0,170.2608409008741,22.260017639810144,126,196,178.0,149.0,189.0,image_0_5084.jpg,overripe
165.6618851151613,43.56853964754257,82,246,169.0,126.0,205.0,126.82247293762362,2.0564728229236793,114,135,127.0,126.0,128.0,175.83466961570363,16.80207068066578,131,198,181.0,169.0,189.0,image_0_5084.jpg,overripe
164.8915803577125,44.18474444348396,80,246,168.0,125.0,205.0,126.87924544352524,2.0969228561261555,114,135,127.0,126.0,128.0,176.31758150613555,16.92482006890574,131,198,181.0,170.0,189.0,image_0_5084.jpg,overripe
131.84431424257247,58.60290703112723,0,228,142.0,93.0,182.0,128.2414878458561,1.8710015063671936,121,136,128.0,127.0,130.0,173.00349843686863,20.079688505682906,126,196,180.0,165.0,189.0,image_0_5084.jpg,overripe
84.0199379000872,78.7959586855216,0,229,75.0,0.0,161.0,128.09005550711385,1.6783034062823627,121,136,128.0,128.0,129.0,156.1084302758342,26.981152615519928,126,196,144.0,128.0,186.0,image_0_5084.jpg,overripe
138.66419932639315,48.079146844553456,0,226,150.0,108.0,174.0,129.33333588487446,2.4735050756605537,119,139,130.0,128.0,131.0,176.64495560318431,16.613603649041934,126,194,183.0,171.0,188.0,image_0_5085.jpg,overripe
141.34298071034905,43.54694898199849,0,226,150.0,111.0,174.0,129.29542253521126,2.4874339157599614,118,137,130.0,128.0,131.0,177.33320575627678,15.542494923576374,126,194,183.0,172.0,188.0,image_0_5085.jpg,overripe
142.7933251684017,41.177613079052335,54,226,150.0,112.0,174.0,129.2595300061237,2.517680339572859,118,137,130.0,128.0,131.0,177.5868799755052,15.10398685122187,129,194,183.0,172.0,188.0,image_0_5085.jpg,overripe
163.3678199632578,40.14378717902375,78,241,170.0,133.0,194.0,128.14758879363134,2.437842318936838,117,136,128.0,127.0,130.0,178.10053582363747,15.422274046367813,129,196,184.0,172.0,189.0,image_0_5085.jpg,overripe
116.07078995713411,66.14552197674156,0,225,138.0,62.0,169.0,129.00806031843234,2.490444863702436,122,137,129.0,128.0,131.0,167.85887936313534,23.843992193351692,126,194,180.0,139.0,188.0,image_0_5085.jpg,overripe
148.3386853644383,64.33493312613072,15,247,150.0,94.0,215.0,132.6456877577439,5.9726883603011265,121,153,131.0,128.0,136.0,152.59944579695016,18.30654667234822,118,196,149.0,136.0,166.0,image_0_5146.jpg,overripe
148.75269976547665,70.64189733040834,0,251,152.0,105.0,215.0,130.55164835919499,4.093090253002653,122,146,129.0,128.0,133.0,151.88945469029525,18.35279468429449,128,190,149.0,135.0,172.0,image_0_5146.jpg,overripe
158.80641350964362,62.11904341316355,2,252,159.0,110.0,223.0,131.00730009717438,4.421517043394988,121,147,130.0,127.0,133.0,152.62156241308386,17.25857962085168,130,190,150.0,135.0,171.0,image_0_5146.jpg,overripe
165.89045390397249,55.663032785185315,54,252,167.0,118.0,224.0,130.6378313972853,4.235107424039005,121,146,130.0,127.0,133.0,152.89987260884047,17.61172940388989,130,190,150.0,135.0,172.0,image_0_5146.jpg,overripe
144.94936973996408,72.98995363069056,0,251,148.0,101.0,212.0,130.50068846165732,4.033392269874143,122,146,129.0,128.0,133.0,151.6532522516645,18.520050260837518,128,190,149.0,135.0,172.0,image_0_5146.jpg,overripe
192.11907468850785,46.211200112780496,99,255,193.0,156.0,231.0,128.79402770365903,5.723651226470772,109,143,128.0,126.0,132.0,161.35865333302397,21.796637160340993,128,193,166.0,145.0,182.0,image_0_5180.jpg,overripe
103.76248636859324,81.96182595793637,0,251,118.0,0.0,168.0,128.61196779507645,4.4433045382508745,109,141,128.0,127.0,131.0,156.30202556903873,24.307087356766072,125,197,157.0,128.0,181.0,image_0_5180.jpg,overripe
157.03948119445926,53.86846268605997,54,251,155.0,116.0,196.0,130.19378175827745,5.924482361604056,109,145,130.0,127.0,134.0,163.1537576277872,20.15114854420403,129,197,166.0,146.0,182.0,image_0_5180.jpg,overripe
139.79361006055825,68.05096893135416,0,249,147.0,96.0,186.0,129.95384115640735,5.579855852215676,109,145,129.0,127.0,134.0,161.18195317756792,21.693345031681424,126,197,164.0,135.0,182.0,image_0_5180.jpg,overripe
147.61956889951043,62.435966199786016,0,248,151.0,107.0,190.0,130.08764008445672,5.73456619510109,109,145,129.0,127.0,134.0,162.15220770783546,20.977746900985373,126,197,165.0,138.0,182.0,image_0_5180.jpg,overripe
153.16759041458394,37.583374541737996,66,255,152.0,130.0,178.0,134.21171714201705,3.741282254198931,116,143,135.0,132.0,137.0,180.99755954131138,15.595620674520152,128,200,186.0,177.0,192.0,image_0_5209.jpg,overripe
144.89392825639518,40.567429047273684,50,255,144.0,120.0,172.0,135.95374889738312,4.310530676584707,116,146,137.0,134.0,139.0,181.6228462216995,16.05498193161961,128,202,186.0,175.0,194.0,image_0_5209.jpg,overripe
130.67265510144074,40.74016177212104,0,243,132.0,111.0,157.0,134.19608203469568,3.0381100297891863,124,142,135.0,133.0,136.0,176.05327109673627,15.329536838379244,126,193,181.0,173.0,187.0,image_0_5209.jpg,overripe
128.4229711849456,43.94946568249921,0,233,132.0,109.0,156.0,134.10993825345486,3.1609777111326394,121,142,135.0,133.0,136.0,175.4797706556895,16.320980577286072,126,193,181.0,172.0,187.0,image_0_5209.jpg,overripe
134.1979785357248,34.90269424556031,54,244,133.0,113.0,157.0,134.1575124963246,3.1406774606766024,121,142,135.0,133.0,136.0,176.55463099088504,14.270171602953482,131,193,181.0,173.0,187.0,image_0_5209.jpg,overripe
119.2015774294479,39.03265098073625,54,250,114.0,86.0,153.0,129.38286706599652,6.113802211060444,111,141,131.0,127.0,133.0,167.01215584574544,16.01801174564176,130,194,167.0,155.0,182.0,image_0_5228.jpg,overripe
117.03347638828326,37.881536676555875,54,243,112.0,85.0,150.0,129.24123501556775,5.923694967276699,112,140,131.0,127.0,133.0,165.9737452091892,15.618189536914088,130,192,166.0,155.0,180.0,image_0_5228.jpg,overripe
95.40705635753028,43.34201772850597,20,237,89.0,59.0,134.0,131.78943382369818,6.6283054503264776,113,147,133.0,128.0,136.0,163.78694757456836,17.84693971997694,127,197,162.0,147.0,181.0,image_0_5228.jpg,overripe
89.44171849539853,57.578929055566476,0,244,91.0,55.0,133.0,128.59505504173075,5.562125195943211,111,141,130.0,128.0,132.0,157.39750151087446,19.898416740085224,124,192,159.0,141.0,175.0,image_0_5228.jpg,overripe
110.13462465288137,47.45326009098142,0,244,108.0,79.0,151.0,129.65948331918085,5.859274608141883,112,141,131.0,128.0,134.0,165.33428193300134,17.924059759300818,125,194,166.0,151.0,182.0,image_0_5228.jpg,overripe
141.09102330224073,41.20147638010682,63,255,140.0,110.0,169.0,131.40168829380787,3.5379180191761965,111,142,132.0,130.0,134.0,174.11552163287786,17.64725140263868,128,202,179.0,159.0,189.0,image_0_5238.jpg,overripe
106.22665473445083,63.22441711103258,0,234,119.0,70.0,151.0,131.21003855023577,2.8169314547822872,119,140,131.0,129.0,133.0,164.7531924414002,23.181993466157884,126,197,172.0,145.0,185.0,image_0_5238.jpg,overripe
127.84151378515128,40.10638528437064,0,234,127.0,99.0,155.0,131.50534368223592,2.986436141263864,119,142,132.0,130.0,134.0,171.49491446666437,16.779185917297642,126,197,176.0,157.0,186.0,image_0_5238.jpg,overripe
128.62682855471036,39.260918829111255,54,247,128.0,99.0,155.0,131.49606753175232,3.013895244470624,118,142,132.0,130.0,134.0,171.57679069287164,16.65804965112466,131,197,176.0,157.0,186.0,image_0_5238.jpg,overripe
117.37152789729116,53.462867546628615,0,244,124.0,87.0,154.0,131.27690772037312,2.9872851942945973,118,143,131.0,129.0,133.0,168.61523766908752,20.151191627733066,126,197,175.0,151.0,185.0,image_0_5238.jpg,overripe
143.65465453623636,46.24528257931826,54,236,144.0,106.0,179.0,131.53814043883617,3.3792133711804486,123,142,131.0,129.0,134.0,155.67533447877645,19.201125451717612,128,195,151.0,140.0,176.0,image_0_5323.jpg,overripe
121.54731712813002,62.42530073648482,0,234,129.0,83.0,169.0,131.58516745063798,3.5103150303820128,122,143,131.0,128.0,134.0,154.18499845083514,19.850263723557813,126,194,150.0,139.0,175.0,image_0_5323.jpg,overripe
96.66970115201532,45.93648524926873,8,187,97.0,59.0,132.0,132.88971636199759,4.146452806888079,123,150,133.0,129.0,136.0,152.3603470129285,18.16732617416273,115,189,150.0,137.0,171.0,image_0_5323.jpg,overripe
118.60073233247894,63.828962010343695,0,234,127.0,79.0,168.0,131.55993578007494,3.522584625863933,122,143,131.0,128.0,134.0,153.8457538799538,19.933859538186397,126,194,150.0,138.0,175.0,image_0_5323.jpg,overripe
180.09278652508237,40.26247858042283,103,255,180.0,147.0,211.0,129.86032166295806,3.1762945396186604,116,140,129.0,128.0,132.0,152.54047826944202,17.613475695023332,128,190,147.0,138.0,171.0,image_0_5323.jpg,overripe
62.105651845304436,77.42722097523097,0,251,0.0,0.0,123.0,129.16439286217542,3.3551074181571376,116,144,128.0,128.0,129.0,139.39826166045373,16.026260404725658,126,185,128.0,128.0,147.0,image_0_5363.jpg,overripe
147.98606253923114,68.1058121444057,29,255,144.0,90.0,207.0,133.62834505463536,6.872521719235515,115,149,132.0,128.0,141.0,153.1247453979478,17.00430262742742,128,194,152.0,137.0,162.0,image_0_5363.jpg,overripe
156.8734547737084,58.18506590971585,58,255,153.0,108.0,207.0,132.02530648322508,5.428194667669872,116,145,130.0,127.0,137.0,150.3077898620345,15.266343018997015,129,187,151.0,135.0,157.0,image_0_5363.jpg,overripe
151.89076771325725,57.2704775154162,54,251,147.0,103.0,201.0,131.99815533607472,5.350982242300123,116,144,130.0,128.0,137.0,149.99477985729476,14.967907105586836,129,185,150.0,135.0,156.0,image_0_5363.jpg,overripe
120.10214185977992,75.69847107362102,0,250,124.0,63.0,176.0,131.6354611019305,5.096647767084259,116,144,129.0,128.0,136.0,147.54062744193791,16.132837585547296,126,185,145.0,135.0,156.0,image_0_5363.jpg,overripe
121.72582075383123,50.6343080086214,0,244,122.0,90.0,157.0,130.79481936634778,2.9421831081548415,118,145,131.0,129.0,133.0,167.39954306936374,18.383663788149168,126,196,172.0,150.0,183.0,image_0_5376.jpg,overripe
63.259292487768235,71.20081451367383,0,238,33.0,0.0,125.0,129.03312225502572,2.8159326311626933,118,141,128.0,128.0,131.0,149.51284726206745,24.805266264008,126,195,139.0,128.0,178.0,image_0_5376.jpg,overripe
128.15889293426667,42.051607082206175,54,247,124.0,96.0,157.0,130.78123663373566,2.960856023794977,118,142,131.0,129.0,133.0,168.64055833168158,16.879332417222606,131,196,172.0,153.0,183.0,image_0_5376.jpg,overripe
124.15527295867803,47.48932134504714,0,239,123.0,92.0,157.0,130.84315177816956,2.9178550046692093,118,146,131.0,129.0,133.0,168.14348456555078,17.58512787977439,126,196,172.0,152.0,183.0,image_0_5376.jpg,overripe
153.22667097864527,41.2603654441533,81,255,149.0,122.0,182.0,129.49130475604287,3.6270629924355466,111,141,130.0,128.0,132.0,169.45702452611704,17.56974813291991,128,196,173.0,153.0,185.0,image_0_5376.jpg,overripe
127.09475661693108,41.90150311387901,0,243,130.0,98.0,161.0,129.29585624219297,5.663477168042783,113,141,130.0,126.0,133.0,173.58876179048107,13.868460008031963,126,192,178.0,165.0,184.0,image_0_538.jpg,overripe
155.68125620875176,36.12959092817849,84,255,157.0,128.0,185.0,127.90883339398648,5.27450479844046,112,139,129.0,125.0,132.0,173.4079727749309,13.198508793508639,128,191,178.0,165.0,184.0,image_0_538.jpg,overripe
124.22937710851669,45.40615523895774,0,243,130.0,95.0,160.0,129.36281732254034,5.606682350958496,113,141,130.0,126.0,133.0,173.02069419991935,14.919269944144407,125,192,178.0,164.0,184.0,image_0_538.jpg,overripe
130.51045037424635,38.23497939562115,54,245,132.0,101.0,162.0,129.2135023753086,5.7266369797935095,112,141,130.0,126.0,133.0,174.02714638392462,13.010742169023743,130,192,178.0,165.0,184.0,image_0_538.jpg,overripe
63.3235042440814,34.881248884710224,1,168,64.0,36.0,92.0,135.3078262238003,5.911580904133947,117,153,135.0,132.0,139.0,147.7874123398019,22.91573678544485,100,184,151.0,129.0,169.0,image_0_538.jpg,overripe
119.38825989607537,44.928481697432915,0,245,118.0,90.0,154.0,132.6581048540408,3.157123738150171,124,141,133.0,130.0,135.0,170.46739681466775,17.874391093867835,124,194,176.0,157.0,185.0,image_0_5431.jpg,overripe
138.45967639727937,40.303491872349284,65,255,134.0,106.0,170.0,132.48154915297198,3.26782274961476,122,142,133.0,130.0,135.0,173.3208989903257,17.647652813789843,128,197,179.0,161.0,188.0,image_0_5431.jpg,overripe
93.90289806091842,41.264401186192934,16,219,90.0,61.0,126.0,135.49053694393984,4.559591534787933,123,149,136.0,132.0,139.0,162.6930949262811,17.881995835382554,123,193,161.0,146.0,181.0,image_0_5431.jpg,overripe
124.87617760128427,38.924258874971486,54,246,121.0,94.0,155.0,132.6154682945376,3.2366926880052005,123,142,133.0,130.0,135.0,171.23220396265472,16.683152003358135,130,194,176.0,159.0,185.0,image_0_5431.jpg,overripe
97.57568332558827,65.89136826589862,0,217,111.0,1.0,151.0,132.28863377128133,3.4046343846017355,123,142,133.0,128.0,135.0,164.67822440961515,24.030417814638074,124,194,175.0,129.0,185.0,image_0_5431.jpg,overripe
96.99595690623931,60.149521522917134,0,220,112.0,70.0,138.0,133.50554551228808,3.717586388431082,125,141,135.0,128.0,136.0,165.9264792104363,22.737416023768397,126,191,176.0,142.0,183.0,image_0_5507.jpg,overripe
126.90763179752773,34.73187921374739,54,234,125.0,102.0,146.0,134.30788586505105,2.965777319898108,123,141,135.0,133.0,136.0,175.9307299555382,11.811207358267916,132,191,179.0,172.0,184.0,image_0_5507.jpg,overripe
155.3730517418283,30.756691559196877,93,252,154.0,133.0,172.0,131.6595373039527,2.3353361491044367,123,137,132.0,130.0,133.0,173.19732984804807,11.530989183039138,132,188,177.0,170.0,181.0,image_0_5507.jpg,overripe
124.39539258318268,39.310099338185886,0,219,125.0,101.0,146.0,134.34178189280306,2.8771944532383817,123,141,135.0,133.0,136.0,175.5273733326819,12.847207323713842,126,191,179.0,172.0,184.0,image_0_5507.jpg,overripe
102.23747984560512,41.5861222823569,10,228,101.0,72.0,125.0,140.42779840719206,4.809448883029229,122,152,141.0,138.0,144.0,164.45835979870034,20.812238059570756,112,199,166.0,147.0,182.0,image_0_5507.jpg,overripe
165.0858386282531,41.9136518615624,80,250,166.0,134.0,197.0,128.65512229088694,4.210932381726522,111,139,129.0,126.0,132.0,176.96771694664463,13.68301390579327,131,195,182.0,170.0,187.0,image_0_5556.jpg,overripe
156.96505352946298,31.783101457430057,95,235,157.0,133.0,180.0,127.91217686482723,2.1399951610834105,119,135,128.0,126.0,130.0,165.6382626860475,10.974996784477396,130,180,170.0,160.0,174.0,image_0_5556.jpg,overripe
133.33320567499348,39.4460195766755,54,229,134.0,104.0,162.0,129.94657498476803,3.1097180290750326,118,140,130.0,128.0,132.0,172.61423970754635,12.461571918800079,131,190,177.0,166.0,182.0,image_0_5556.jpg,overripe
122.95198885890852,52.133336951966605,0,229,130.0,91.0,161.0,129.98166942292627,3.024824605526805,119,141,130.0,128.0,132.0,169.84003829750196,16.261358229462086,126,190,176.0,162.0,182.0,image_0_5556.jpg,overripe
119.68760553572983,55.204868750232315,0,229,128.0,88.0,160.0,130.10917399251457,2.8039544564266317,120,141,130.0,128.0,132.0,169.23535555748978,17.18319270277643,126,190,176.0,162.0,182.0,image_0_5556.jpg,overripe
127.0231355203342,44.5951844477454,54,229,119.0,91.0,163.0,128.28319203833394,2.330362597422195,122,137,129.0,126.0,130.0,168.4267600442315,19.98291410388754,131,198,173.0,147.0,186.0,image_0_5560.jpg,overripe
123.15461358889299,49.83164238864932,40,234,114.0,83.0,164.0,129.24291682024818,3.1219240500857652,120,141,130.0,127.0,131.0,169.86321415407298,20.913411010241,131,204,172.0,149.0,189.0,image_0_5560.jpg,overripe
119.84670106892739,37.93215765627447,58,207,113.0,89.0,150.0,127.69710038088218,1.8110038111240239,121,135,128.0,126.0,129.0,163.34129499938567,17.76183909313316,130,190,168.0,144.0,179.0,image_0_5560.jpg,overripe
112.28794692222631,59.745987035944594,0,228,111.0,73.0,160.0,128.3920014743826,2.289320905235564,122,139,128.0,127.0,130.0,165.02615800466887,22.64797820319879,126,198,171.0,141.0,185.0,image_0_5560.jpg,overripe
82.53712986853422,68.82150820288692,0,229,85.0,0.0,132.0,128.28530532006388,2.214479279859899,122,139,128.0,127.0,130.0,155.01901953556947,25.24822938512528,126,198,143.0,128.0,181.0,image_0_5560.jpg,overripe
120.20307016770417,36.426656454652345,0,222,124.0,101.0,146.0,124.9389846050752,4.832155373067577,114,136,125.0,121.0,129.0,169.63490398010828,11.403060115671819,126,186,172.0,166.0,177.0,image_0_557.jpg,overripe
124.39828416244909,29.213441277426853,55,227,125.0,104.0,147.0,124.82948313259386,4.8219989806994406,114,136,125.0,121.0,129.0,170.63575925370765,9.027896299104018,133,186,172.0,166.0,177.0,image_0_557.jpg,overripe
101.65849013349322,55.47607698239239,0,227,117.0,75.0,144.0,125.21670164177262,4.6697550543778155,114,136,126.0,121.0,128.0,162.6169432345213,18.498248138918697,126,186,170.0,153.0,176.0,image_0_557.jpg,overripe
153.5277390798314,26.85697077076852,91,249,154.0,134.0,174.0,123.78550267162784,4.274780532143402,113,134,124.0,120.0,127.0,168.82898054913855,8.975685864257638,133,184,171.0,164.0,176.0,image_0_557.jpg,overripe
117.14739802846209,41.67623257706239,0,223,123.0,99.0,146.0,125.05950764455888,4.799839103464267,114,136,126.0,121.0,129.0,168.50250410002292,13.379268993870228,126,186,172.0,165.0,177.0,image_0_557.jpg,overripe
127.39091887396972,48.983823147329375,0,222,128.0,95.0,168.0,132.98520312079634,3.4851973164769787,123,143,134.0,131.0,136.0,176.29752733142564,19.05260675214753,126,200,182.0,168.0,191.0,image_0_561.jpg,overripe
186.87943600655464,41.482145441586304,104,250,187.0,154.0,224.0,126.96446303225964,6.911804533924391,109,142,129.0,125.0,132.0,183.89332795265,19.9368118218907,132,209,192.0,175.0,199.0,image_0_561.jpg,overripe
149.0321862694744,34.40561460725959,85,224,146.0,122.0,178.0,130.3796072101157,2.5408642830942734,123,138,131.0,129.0,132.0,172.02762491745543,16.401933216926558,131,193,178.0,164.0,185.0,image_0_561.jpg,overripe
128.3101352508132,47.71882985440356,0,222,128.0,96.0,168.0,132.98569227382788,3.494849201872007,122,143,134.0,131.0,136.0,176.4898867610732,18.754731554651286,126,200,182.0,168.0,191.0,image_0_561.jpg,overripe
132.81576051067577,41.36199332411042,54,222,130.0,100.0,168.0,132.9178712060068,3.6001450157002344,123,143,134.0,131.0,136.0,177.07641793235013,17.70342615925163,132,200,182.0,169.0,191.0,image_0_561.jpg,overripe
65.28278825931909,35.899555257985504,2,183,65.0,36.0,93.0,137.4999034817682,5.427290505054034,123,154,138.0,134.0,141.0,148.76084814126204,20.692115654582118,101,188,148.0,134.0,166.0,image_0_5612.jpg,overripe
116.9940768285125,33.77304856448126,54,229,116.0,90.0,143.0,132.09262702307294,2.811003300877935,123,140,132.0,130.0,134.0,165.65880297072957,14.474844141050301,129,190,170.0,154.0,178.0,image_0_5612.jpg,overripe
112.56647058225893,39.274700982713995,0,226,114.0,85.0,142.0,132.18463429749966,2.718668671541646,123,140,132.0,130.0,134.0,165.01472157030082,15.290705674733895,126,189,170.0,152.0,178.0,image_0_5612.jpg,overripe
145.67643024779787,37.38245314922021,76,255,145.0,116.0,175.0,132.07320145894928,3.0406493237129126,121,141,132.0,130.0,134.0,170.30872626413483,16.426121456136272,128,196,175.0,157.0,184.0,image_0_5612.jpg,overripe
94.02514553933372,56.50287884161703,0,202,105.0,57.0,139.0,131.88735814359882,2.963859134374296,124,140,132.0,129.0,134.0,160.2873906550032,19.620155120828805,126,190,166.0,145.0,177.0,image_0_5612.jpg,overripe
153.0228245712748,43.15360353631558,68,234,151.0,120.0,192.0,132.65972307165399,4.002688316917631,119,142,134.0,130.0,136.0,182.24523570712137,19.407952465343467,133,206,189.0,173.0,198.0,image_0_5640.jpg,overripe
113.77832277319764,59.99688993330111,0,214,123.0,75.0,164.0,132.44345230814395,3.7601947437408536,123,140,134.0,128.0,136.0,171.50130880446216,23.565611966854068,126,200,181.0,147.0,191.0,image_0_5640.jpg,overripe
132.52114881229053,39.66045028180856,55,214,131.0,102.0,168.0,132.86283239963794,3.582260868724394,123,141,134.0,131.0,136.0,177.1444210680823,17.624368502184122,132,200,183.0,169.0,191.0,image_0_5640.jpg,overripe
123.63917361841622,51.96254315013899,0,214,128.0,94.0,167.0,132.90203537441593,3.4801911339693388,123,141,134.0,131.0,136.0,175.44839396237492,20.18445495215263,126,200,183.0,166.0,191.0,image_0_5640.jpg,overripe
129.19480392396702,44.84047959301616,0,214,130.0,100.0,168.0,132.8852166254862,3.531930322138983,123,140,134.0,131.0,136.0,176.53687892947133,18.66540200644974,126,200,183.0,169.0,191.0,image_0_5640.jpg,overripe
105.65547288949897,53.91896769526197,2,194,106.0,66.0,160.0,128.76981743308167,4.643327497395533,114,153,128.0,126.0,130.0,148.24509540150996,19.70600630754036,104,188,137.0,134.0,167.0,image_0_568.jpg,overripe
74.42998490048043,77.45212674030014,0,251,55.0,0.0,147.0,126.10870006863418,3.284693450294724,111,140,128.0,125.0,128.0,150.10031022649278,24.321400958509987,126,194,138.0,128.0,178.0,image_0_568.jpg,overripe
166.30654221002058,53.72999924084474,60,254,166.0,126.0,221.0,126.2294632807138,3.9854543354093472,111,147,126.0,124.0,128.0,156.4241098146877,21.7004687421964,129,193,151.0,135.0,181.0,image_0_568.jpg,overripe
164.03787508579273,55.08025849344181,54,254,164.0,123.0,220.0,126.32824708304736,4.067826276150153,111,147,126.0,125.0,129.0,156.96147151681538,22.006137116870335,129,194,151.0,135.0,181.0,image_0_568.jpg,overripe
148.3615758407687,69.14995010279367,0,250,155.0,103.0,206.0,126.40928483184626,4.053086641199163,111,147,126.0,125.0,128.0,156.079231297186,22.576678547432056,126,194,149.0,135.0,181.0,image_0_568.jpg,overripe
119.10339728053239,53.346209314911405,0,220,125.0,89.0,162.0,134.00618932205015,3.3316853662817736,124,142,135.0,131.0,137.0,174.06821947445536,18.71208532216921,126,197,180.0,166.0,189.0,image_0_5787.jpg,overripe
124.35551630174314,47.039471051533816,0,220,127.0,93.0,163.0,134.1462569664106,3.21830905456304,124,142,135.0,132.0,137.0,175.81230743951033,16.235921508922143,126,197,181.0,168.0,189.0,image_0_5787.jpg,overripe
125.41625929425297,36.04294459332937,55,210,125.0,95.0,156.0,133.42696736912734,2.9040292327378037,123,141,134.0,131.0,136.0,174.49235235317477,12.92842879716492,131,193,178.0,167.0,185.0,image_0_5787.jpg,overripe
96.33356611756973,44.593511947682124,7,199,96.0,59.0,134.0,140.65949143490943,5.450411660814474,124,155,141.0,137.0,144.0,160.8346821125854,24.491761984137437,106,199,162.0,140.0,184.0,image_0_5787.jpg,overripe
125.48677922469156,44.37929116620699,0,220,127.0,95.0,161.0,134.11370825288583,3.227339781425142,123,142,135.0,132.0,137.0,176.02382615125498,15.344187540746823,126,197,180.0,168.0,188.0,image_0_5787.jpg,overripe
95.30050604968866,65.02853815713348,0,213,111.0,1.0,149.0,132.2602511505862,3.4174940116079444,125,140,133.0,128.0,135.0,164.1194839542681,24.334453376339262,126,194,175.0,129.0,185.0,image_0_5789.jpg,overripe
121.95619442304088,39.44335721555569,0,242,121.0,93.0,153.0,132.7681438597222,3.1219083031076846,125,140,133.0,130.0,135.0,170.73077323559426,17.512871530483267,126,194,177.0,157.0,185.0,image_0_5789.jpg,overripe
75.51740977529728,33.13437676840671,12,181,74.0,50.0,102.0,134.18599929194693,3.774030296356208,124,144,135.0,131.0,137.0,157.14187092609177,15.130206035690266,125,182,156.0,143.0,172.0,image_0_5789.jpg,overripe
156.8390012286803,34.809460832567154,92,255,155.0,129.0,184.0,130.938899185739,2.5410055946242025,122,137,131.0,129.0,133.0,170.83196234823717,17.841703780927617,128,195,178.0,156.0,185.0,image_0_5789.jpg,overripe
110.21466502842625,52.28933804449237,0,240,116.0,82.0,151.0,132.69880672233907,3.1626524883550085,125,140,133.0,130.0,135.0,168.24704804348278,20.458823770324283,126,194,176.0,147.0,185.0,image_0_5789.jpg,overripe
124.81740629039207,44.78900730116522,0,229,134.0,103.0,157.0,127.18629900904783,3.7919327934116978,114,138,127.0,125.0,130.0,170.44954760878932,15.128897532024176,126,189,176.0,162.0,182.0,image_0_5799.jpg,overripe
96.55159174685241,59.24038076254008,0,224,109.0,43.0,147.0,128.19291493130356,3.155967635405591,115,138,128.0,126.0,130.0,160.97801713820672,20.242314354207767,126,189,165.0,141.0,180.0,image_0_5799.jpg,overripe
131.30904303700513,35.19345395920039,54,229,136.0,107.0,158.0,127.13064292211212,3.8833564657480046,114,138,127.0,124.0,130.0,172.10111541959884,12.405315719789282,133,189,176.0,164.0,182.0,image_0_5799.jpg,overripe
90.35723107855809,34.059230713771285,14,183,95.0,67.0,116.0,129.05788692613336,4.285902459151837,115,145,129.0,126.0,132.0,164.0989707501556,13.355159480028567,124,183,167.0,155.0,175.0,image_0_5799.jpg,overripe
123.3841256163531,46.56699650282685,0,227,134.0,101.0,156.0,127.18142563071473,3.7631454256895376,114,139,127.0,125.0,130.0,169.99004260615635,15.748999314508863,126,189,176.0,162.0,182.0,image_0_5799.jpg,overripe
151.29228810611164,36.99722642000915,65,255,151.0,129.0,173.0,134.31194718103964,3.6891875500879916,118,143,135.0,132.0,137.0,180.90677483105483,15.37334341359474,128,199,186.0,178.0,191.0,image_0_5818.jpg,overripe
127.79870173127169,44.54190481549229,0,232,133.0,110.0,153.0,134.08818457029082,3.151796883377699,121,142,135.0,132.0,136.0,175.39922873659356,16.45407569213205,126,193,181.0,173.0,186.0,image_0_5818.jpg,overripe
122.44092285145408,51.797683290559476,0,237,132.0,106.0,153.0,134.02064350902646,3.1623542277917123,124,142,135.0,132.0,136.0,173.992627846902,18.482150528000858,126,193,181.0,171.0,186.0,image_0_5818.jpg,overripe
171.89680466014818,32.416441667823584,96,255,172.0,152.0,192.0,131.62571519507338,3.4694313057841755,114,139,132.0,130.0,134.0,177.40597914183994,14.846880498987096,128,197,183.0,175.0,188.0,image_0_5818.jpg,overripe
125.74937640170833,47.865137667498374,0,236,133.0,108.0,154.0,134.10293627824697,3.101186006877997,124,142,135.0,132.0,136.0,174.77133742403944,17.219385862568668,126,193,181.0,171.0,186.0,image_0_5818.jpg,overripe
162.6164454825353,38.83149825427969,86,255,160.0,132.0,192.0,128.94507909544538,2.8497403769758876,112,138,129.0,127.0,131.0,177.2787663233889,10.463337188789538,128,193,180.0,173.0,185.0,image_0_5862.jpg,overripe
106.90899246204481,59.11840414369754,0,235,118.0,77.0,151.0,130.0472236967831,2.1974464931629965,119,140,130.0,128.0,132.0,165.916296846799,18.583234873690365,125,188,174.0,160.0,179.0,image_0_5862.jpg,overripe
114.66303216902007,50.058965122640366,0,234,119.0,88.0,151.0,130.1707506104682,2.146143722965586,121,140,130.0,129.0,132.0,169.63008811975794,14.967433781454146,126,188,175.0,167.0,180.0,image_0_5862.jpg,overripe
152.42957851151928,35.206466447129024,84,255,150.0,125.0,179.0,128.75425204374136,2.0744469637724254,119,136,129.0,127.0,130.0,172.42544856141842,9.422330729688907,130,187,175.0,169.0,179.0,image_0_5862.jpg,overripe
121.83911243231766,42.858769532120306,0,234,122.0,93.0,153.0,130.1211805924196,2.198419561649369,119,140,130.0,129.0,132.0,171.78538061365325,11.698908034040041,126,188,175.0,168.0,180.0,image_0_5862.jpg,overripe
123.51473158044459,29.58874264831658,37,197,127.0,105.0,145.0,126.65657275223658,1.964789358273496,119,136,127.0,126.0,128.0,174.92559027918884,9.96518019048728,130,190,177.0,170.0,183.0,image_0_5906.jpg,overripe
113.14282811511242,60.94154061956528,0,215,135.0,95.0,156.0,126.0928249220605,2.0969688810857146,118,140,126.0,125.0,128.0,168.85797885619075,21.19945068070918,126,191,177.0,164.0,184.0,image_0_5906.jpg,overripe
87.47812178880574,29.43251936842083,3,160,91.0,68.0,109.0,129.8409860144326,2.5437011505680407,120,147,130.0,128.0,131.0,162.2518911575684,16.589912155330172,106,186,167.0,153.0,175.0,image_0_5906.jpg,overripe
141.18880806274638,29.733509721893054,55,215,145.0,122.0,163.0,125.81937195571527,1.9978698542149786,118,135,126.0,125.0,127.0,177.45287926199862,9.848423591293171,131,193,180.0,174.0,185.0,image_0_5906.jpg,overripe
130.94301853711778,47.89307669385125,0,215,144.0,116.0,162.0,126.12502249650215,2.013194060452212,118,139,126.0,125.0,127.0,174.68951924249197,15.795396985920972,126,193,180.0,173.0,185.0,image_0_5906.jpg,overripe
120.65594715984147,35.84881434941422,36,205,129.0,95.0,149.0,128.71806605019816,3.9455267932120814,115,138,130.0,126.0,132.0,171.77708850726552,16.36505576613249,129,191,179.0,162.0,185.0,image_0_5915.jpg,overripe
127.54482430647292,50.86410398311169,0,217,144.0,99.0,166.0,128.10799471598415,3.7548403311972955,114,136,129.0,126.0,131.0,171.5220290620872,19.876827139275793,126,193,181.0,161.0,187.0,image_0_5915.jpg,overripe
134.52865521796565,41.544494083499345,0,217,146.0,108.0,166.0,128.0954821664465,3.844604129189889,114,138,129.0,125.0,131.0,173.2637357992074,17.900102716071714,126,193,181.0,164.0,187.0,image_0_5915.jpg,overripe
96.78050198150595,41.17697180319888,3,192,107.0,67.0,129.0,132.33889564068693,4.592735973354589,119,146,134.0,129.0,136.0,164.6237357992074,21.95924301784986,103,194,173.0,143.0,183.0,image_0_5915.jpg,overripe
115.37334742404227,67.07008014017931,0,224,146.0,64.0,166.0,128.8335535006605,3.1948546275627647,114,136,129.0,128.0,131.0,168.30789960369881,23.775584947121015,126,193,181.0,143.0,187.0,image_0_5915.jpg,overripe
82.73262900695534,34.55859085182434,19,204,80.0,55.0,107.0,125.29984312309978,2.431576702426037,116,136,125.0,124.0,127.0,160.87735835959518,13.173889628174166,128,182,164.0,150.0,172.0,image_0_5970.jpg,overripe
80.36914661742861,67.23149622498562,0,247,94.0,0.0,138.0,125.18339326123474,2.984220776378516,114,133,126.0,123.0,128.0,155.7366689342089,21.837563166043644,126,186,167.0,128.0,175.0,image_0_5970.jpg,overripe
116.50339437186767,39.52978732575696,0,245,115.0,88.0,144.0,123.31437853146562,2.6809696696383782,114,132,124.0,122.0,125.0,168.74320778553678,10.743935445555158,126,186,171.0,164.0,176.0,image_0_5970.jpg,overripe
58.0432452693979,34.47225532201167,1,181,54.0,29.0,83.0,129.75742388693757,4.3814244327213245,119,145,129.0,127.0,132.0,145.56536768891172,22.195465680153017,102,181,148.0,127.0,166.0,image_0_5970.jpg,overripe
109.21535172356347,46.811613635245905,0,245,111.0,80.0,142.0,123.45513737140953,2.7766080933400006,114,133,124.0,122.0,125.0,166.8271855173467,13.516673392452285,126,186,171.0,162.0,176.0,image_0_5970.jpg,overripe
114.83025580036721,66.57569514208477,0,218,144.0,63.0,164.0,128.796256885328,3.101158673967511,115,136,129.0,128.0,131.0,168.60900726089133,23.57694641334087,124,192,181.0,146.0,187.0,image_0_5976.jpg,overripe
192.2808066266066,35.11515775924999,109,255,201.0,168.0,220.0,125.11105199465865,3.982331475732257,111,134,126.0,123.0,128.0,176.13111333667166,18.734655482636636,128,199,185.0,166.0,190.0,image_0_5976.jpg,overripe
133.2359372391921,42.20191473179005,0,215,144.0,107.0,164.0,128.0759576865298,3.794996486389654,114,136,129.0,125.0,131.0,172.69019153730596,18.368605756957994,126,192,181.0,163.0,187.0,image_0_5976.jpg,overripe
95.38999123685528,40.587376451910885,3,185,105.0,67.0,126.0,132.3936008178935,4.586592938198291,119,147,134.0,129.0,136.0,163.728519863128,21.91318031561823,102,194,171.0,142.0,182.0,image_0_5976.jpg,overripe
132.62311175095977,43.113424008377244,0,215,144.0,107.0,164.0,128.07944207978633,3.790694798640914,114,136,129.0,125.0,131.0,172.57053288265732,18.527860688001002,125,192,181.0,163.0,187.0,image_0_5976.jpg,overripe
71.25461604390989,70.49863434166566,0,251,67.0,0.0,133.0,126.2550076910415,2.9881641104133583,116,143,128.0,124.0,128.0,148.65274521935078,20.756041388769223,125,191,144.0,128.0,169.0,image_0_6013.jpg,overripe
126.06367955318171,57.96310172757615,0,248,129.0,95.0,162.0,126.53820262346818,3.9077140029662805,116,144,127.0,124.0,128.0,152.52858740258486,18.280682791901437,126,191,149.0,135.0,170.0,image_0_6013.jpg,overripe
181.32251857485852,43.28540314636218,95,255,183.0,145.0,211.0,125.62915557472797,4.8234049426437595,112,144,126.0,122.0,128.0,154.4283143848018,19.267497665795844,128,196,151.0,137.0,172.0,image_0_6013.jpg,overripe
139.51720125554124,45.99523968762981,54,251,139.0,103.0,166.0,126.67347981314458,4.229207809285051,116,144,127.0,124.0,129.0,153.63736881240104,17.657226183272588,127,191,150.0,136.0,170.0,image_0_6013.jpg,overripe
116.28890503408465,60.67059855318077,0,248,119.0,83.0,159.0,126.75915404219572,4.086029347268028,116,144,127.0,124.0,128.0,151.79722895464272,18.402733856527774,126,191,148.0,135.0,169.0,image_0_6013.jpg,overripe
127.37539321506671,42.2554784394353,0,222,132.0,102.0,157.0,131.8338264357466,3.442406036006646,119,140,133.0,130.0,134.0,176.61305298609568,14.819098013210688,126,198,181.0,170.0,187.0,image_0_6016.jpg,overripe
132.07407060914716,34.842417335479546,55,222,133.0,105.0,157.0,131.7842901079368,3.522946783437096,119,141,133.0,129.0,134.0,177.6650918573784,12.609722647837332,131,198,181.0,171.0,187.0,image_0_6016.jpg,overripe
93.43691602446411,70.16580695538997,0,222,115.0,0.0,153.0,131.01606773239158,3.3540368949249837,119,141,131.0,128.0,134.0,164.0029469203513,26.45796598907096,126,198,176.0,128.0,187.0,image_0_6016.jpg,overripe
184.6428379310748,32.56061967503306,113,252,186.0,159.0,210.0,128.17963350601664,4.083400838114146,112,137,129.0,126.0,131.0,179.55872206565084,13.671548777516731,131,201,183.0,172.0,190.0,image_0_6016.jpg,overripe
84.42540900214003,37.464879686358906,2,180,85.0,55.0,112.0,138.52374492767183,5.812550266445857,120,154,140.0,135.0,143.0,154.07819863646463,23.124342893189144,100,194,156.0,135.0,174.0,image_0_6016.jpg,overripe
72.72585656612627,70.35512682492666,0,215,68.0,0.0,143.0,127.73900361438143,3.1410825022944846,115,136,128.0,127.0,129.0,152.85778148844878,24.99700203230654,126,191,141.0,128.0,181.0,image_0_6036.jpg,overripe
200.14225021665152,36.212934250732474,113,255,210.0,174.0,230.0,123.23173257804739,4.858499330486964,110,135,124.0,120.0,127.0,179.37862230770855,19.417097845795254,129,203,188.0,169.0,194.0,image_0_6036.jpg,overripe
126.04702923210247,50.763350812519455,0,214,141.0,99.0,165.0,128.12962101836783,3.719931977462868,115,136,129.0,126.0,131.0,171.46367652343008,20.010149042995863,126,192,181.0,161.0,187.0,image_0_6036.jpg,overripe
120.83938196191161,55.983073799868436,0,214,139.0,92.0,164.0,128.06939189617637,3.6508609710637328,115,137,128.0,126.0,131.0,169.95969224915981,21.224104751448472,126,192,180.0,157.0,187.0,image_0_6036.jpg,overripe
136.89907209739806,35.30772366688614,54,215,145.0,111.0,165.0,128.08594195852973,3.8250443747856644,115,136,129.0,125.0,131.0,173.7123184883008,17.176447612277343,129,192,181.0,165.0,187.0,image_0_6036.jpg,overripe
113.69081779053084,34.63164099593667,0,223,111.0,90.0,138.0,129.49649419169714,3.1440845953259404,116,136,130.0,128.0,132.0,167.89623733049476,13.74969357500499,127,186,172.0,160.0,179.0,image_0_604.jpg,overripe
128.02255056231778,27.815013962309035,77,223,125.0,107.0,147.0,128.04290276299346,2.5478139653753313,116,134,129.0,127.0,130.0,163.24392557967326,12.341152292441386,129,179,168.0,156.0,173.0,image_0_604.jpg,overripe
93.6214074142639,55.67610925569604,0,204,105.0,60.0,136.0,129.62219419632527,2.7156738351318013,116,137,130.0,128.0,132.0,162.1141181098718,19.945850891870716,126,186,171.0,146.0,179.0,image_0_604.jpg,overripe
162.99340491507382,32.137177741478965,104,255,159.0,139.0,186.0,127.70079141019114,3.0408209655504557,114,135,129.0,127.0,130.0,169.30719211366687,14.548138442102632,128,188,175.0,160.0,181.0,image_0_604.jpg,overripe
115.16392835655111,33.010513201807,54,225,112.0,91.0,139.0,129.47549405285324,3.1646131548302123,116,136,130.0,128.0,132.0,168.0087124542972,13.524401376244283,129,186,172.0,160.0,179.0,image_0_604.jpg,overripe
100.74330197592737,58.10946694402345,0,233,115.0,80.0,138.0,132.46821673581726,2.9250953586204034,121,141,134.0,130.0,135.0,165.87819085568748,20.454878901715325,125,188,176.0,159.0,180.0,image_0_6060.jpg,overripe
121.6571991948404,33.89180149285689,54,233,120.0,98.0,141.0,132.98908926590806,2.501105224282516,121,140,134.0,132.0,135.0,171.7125826726369,12.206157580129107,130,188,176.0,168.0,180.0,image_0_6060.jpg,overripe
113.64157252598282,45.16706978468346,0,233,119.0,93.0,140.0,133.01550343014418,2.3799055824759883,124,141,134.0,132.0,135.0,170.01545413465882,15.415132396077098,126,188,176.0,168.0,180.0,image_0_6060.jpg,overripe
118.64624738117735,34.038981193226284,51,231,117.0,95.0,138.0,133.19972887483056,2.5581044501332055,121,140,134.0,132.0,135.0,171.43554204494106,12.171315785376922,130,188,176.0,167.0,180.0,image_0_6060.jpg,overripe
112.75900258801298,46.386584290011626,0,232,119.0,93.0,140.0,132.98833340179928,2.410542908387813,124,141,134.0,132.0,135.0,169.64024976379247,15.942372656348052,126,188,176.0,167.0,180.0,image_0_6060.jpg,overripe
132.6041588823847,64.5644547755071,0,240,143.0,98.0,181.25,126.59413791671857,2.1515310614364087,116,137,127.0,125.0,128.0,160.6655301614979,23.01143329334916,126,192,171.0,135.0,182.0,image_0_6148.jpg,overripe
206.1746481504546,42.09726999098472,107,255,212.0,175.0,249.0,124.3252117324698,3.8709615068763004,111,133,125.0,123.0,127.0,164.54497758126791,25.21976230284632,128,197,177.0,135.0,187.0,image_0_6148.jpg,overripe
162.79119442022667,42.69746694373865,70,245,164.0,131.0,199.0,126.08211379582347,2.2562857786294686,116,134,126.0,125.0,128.0,161.1896666251505,20.878668164527372,129,188,171.0,135.0,180.0,image_0_6148.jpg,overripe
154.23675634159505,45.767965782838466,54,241,155.0,120.0,192.0,126.54510212977955,2.2559894050866816,116,135,127.0,125.0,128.0,162.65259787437208,21.596149452358343,129,192,172.0,136.0,182.0,image_0_6148.jpg,overripe
135.4373676672064,62.74606355598228,0,239,145.0,102.0,183.0,126.59144455515423,2.1722593280147917,116,137,127.0,125.0,128.0,161.0128388757421,22.821016933201605,126,192,171.0,135.0,182.0,image_0_6148.jpg,overripe
153.0660823559942,38.38489532011752,66,255,157.0,127.0,183.0,126.42731694249814,4.336444549132563,111,138,127.0,123.0,130.0,178.4550758850465,14.386182509897909,133,198,183.0,170.0,189.0,image_0_6160.jpg,overripe
105.93083703759511,60.704539223694425,0,241,120.0,55.0,156.0,127.78754698343337,3.4901210676995684,115,140,128.0,126.0,130.0,165.84176733050387,21.899903925036007,126,195,174.0,145.0,185.0,image_0_6160.jpg,overripe
126.26594506809982,53.4515531740793,0,237,139.0,97.0,167.0,127.04769917208702,4.1020596587338884,112,139,128.0,124.0,130.0,172.41200599378857,18.35284225573038,126,195,180.0,162.0,186.0,image_0_6160.jpg,overripe
130.48054948642607,48.851399366962156,0,236,141.0,105.0,167.0,127.01765488836988,4.169415719198631,112,140,128.0,124.0,130.0,173.85727918832717,16.773827563091146,126,195,180.0,165.0,186.0,image_0_6160.jpg,overripe
139.0128749257055,37.109929595647394,54,241,143.0,114.0,168.0,126.7966632344693,4.217014379417071,112,138,127.0,124.0,130.0,176.2059234703701,13.620567404538525,133,195,181.0,168.0,186.0,image_0_6160.jpg,overripe
93.60353881660367,66.67733511683369,0,222,112.0,2.0,150.0,125.6240090979028,2.4879848830844775,117,134,126.0,124.0,128.0,160.84245074756666,23.184363025243986,126,190,173.0,129.0,181.0,image_0_6236.jpg,overripe
107.26059470849918,40.63123989622725,8,233,109.0,79.0,138.0,128.42981737298058,4.84180277678391,116,150,128.0,125.0,131.0,166.4693447503094,21.64046909104881,106,199,172.0,150.0,185.0,image_0_6236.jpg,overripe
126.22018931665384,44.127445288535505,0,234,133.0,105.0,158.0,124.52153226076194,2.818626664431333,115,135,125.0,123.0,127.0,173.1789644445931,14.274821440841796,126,190,178.0,171.0,182.0,image_0_6236.jpg,overripe
126.3387547245543,43.36725549239483,0,230,132.0,105.0,157.0,124.49367829548115,2.854861522221848,116,134,125.0,122.0,127.0,173.3884670702746,13.809368565632683,126,190,178.0,170.0,182.0,image_0_6236.jpg,overripe
86.25784359634746,33.09770246949621,7,189,87.0,63.0,112.0,127.89371843328762,3.8425973961236477,118,145,128.0,125.0,130.0,160.86186741144596,17.467854541985897,113,186,165.0,147.0,176.0,image_0_6236.jpg,overripe
88.66861829772263,73.63252711343259,0,236,97.0,0.0,152.0,127.12064230541013,1.6798346618227613,119,136,128.0,126.0,128.0,151.35398211500797,23.271319711372787,126,191,138.0,128.0,178.0,image_0_6249.jpg,overripe
135.19126334416794,62.053832136874746,0,240,145.0,102.0,181.0,126.67559691029673,2.145463975879421,117,135,127.0,126.0,128.0,161.56368705989846,22.640940858773373,126,192,172.0,135.0,182.0,image_0_6249.jpg,overripe
117.97826600643776,47.95390061093822,10,207,120.0,83.0,158.0,128.665667221525,3.0045999003004744,119,145,129.0,127.0,130.0,156.27673428236864,20.239464920222222,116,192,154.0,135.0,177.0,image_0_6249.jpg,overripe
154.7240638734713,45.87382293814744,54,241,156.0,121.0,193.0,126.57294986846182,2.26798100919449,116,136,127.0,125.0,128.0,162.86649793372155,21.541572118980973,130,192,173.0,136.0,182.0,image_0_6249.jpg,overripe
128.5432500695761,52.13925499546792,10,226,130.0,91.0,172.0,128.92460052825314,3.353628814059805,118,149,129.0,127.0,131.0,158.07443328309853,21.82915808074007,113,197,155.0,136.0,180.0,image_0_6249.jpg,overripe
125.7327675143316,31.6440546925208,69,225,123.0,99.0,150.0,130.63415334545803,2.1812259353198025,123,137,131.0,129.0,132.0,164.96743350031375,14.578505026081578,130,184,170.0,155.0,177.0,image_0_6277.jpg,overripe
125.28022930559544,39.20396238290834,54,247,123.0,93.0,155.0,132.68541739787074,3.1889726489213635,122,141,133.0,130.0,135.0,171.56414919753678,16.61087014352534,130,194,177.0,160.0,185.0,image_0_6277.jpg,overripe
116.71918573115089,48.90034852232875,0,239,118.0,87.0,154.0,132.71043255373687,3.1163789422516093,125,141,133.0,130.0,135.0,170.0641864224711,18.747219962710837,126,194,176.0,155.0,185.0,image_0_6277.jpg,overripe
136.6366846409921,33.70679263356062,76,243,134.0,109.0,162.0,130.81251395935038,2.316650090016071,122,137,131.0,129.0,133.0,167.3717920083384,15.517872251636552,129,187,172.0,156.0,180.0,image_0_6277.jpg,overripe
111.42562989906725,53.594375648044064,0,247,114.0,82.0,153.0,132.51041766376312,3.279387908381604,123,141,133.0,130.0,135.0,168.20697063484465,20.298056739599385,126,194,175.0,148.0,185.0,image_0_6277.jpg,overripe
80.3652990806337,44.78479973271741,2,195,76.0,47.0,112.0,132.31464795836484,5.794478904271514,117,154,131.0,128.0,136.0,149.07725772061352,17.683093082806955,103,190,145.0,137.0,158.0,image_0_6280.jpg,overripe
132.1084840773093,42.891266592951794,54,243,128.0,100.0,162.0,129.72354815782836,4.3668498509583715,115,143,129.0,127.0,132.0,155.59511772932572,17.05330738882443,128,193,152.0,141.0,169.0,image_0_6280.jpg,overripe
75.19429350941147,70.1325383885248,0,243,75.0,0.0,135.0,128.21644083728822,2.729725162110536,115,144,128.0,127.0,129.0,146.88783043308803,19.659256429315885,126,193,142.0,128.0,159.0,image_0_6280.jpg,overripe
110.309735882798,56.74545610880603,0,242,116.0,78.0,149.0,129.61936286310385,4.117752368163081,117,144,128.0,127.0,132.0,153.72560584175895,18.35695042008331,126,193,151.0,140.0,168.0,image_0_6280.jpg,overripe
106.55654332026504,60.0437949734132,0,242,113.0,71.0,148.0,129.28523855377492,3.8980476607599113,116,144,128.0,127.0,131.0,153.17159020565376,18.38662935847672,126,193,150.0,140.0,167.0,image_0_6280.jpg,overripe
136.17404491213145,42.360836372201334,58,216,135.0,100.0,170.0,128.640425541752,4.564755927916121,115,141,128.0,126.0,131.0,154.6642177826889,15.401496277924842,128,186,151.0,143.0,169.0,image_0_6304.jpg,overripe
131.45662978699795,63.405095667857864,0,241,135.0,90.0,182.0,129.0955342157946,5.061388640798362,114,144,128.0,126.0,131.0,157.15130219289932,19.02809033639753,126,195,153.0,140.0,175.0,image_0_6304.jpg,overripe
131.54272755433703,62.18801552709356,0,242,135.0,92.0,180.0,129.12426891797548,5.173223264940205,114,144,128.0,126.0,131.0,157.77584158232736,18.802516284354,126,195,154.0,141.0,175.0,image_0_6304.jpg,overripe
146.9185626638433,50.357969008988704,54,242,146.0,104.0,187.0,129.2353332809343,5.336036968816513,114,144,128.0,126.0,132.0,159.36418865499402,17.795145514391216,128,195,155.0,146.0,176.0,image_0_6304.jpg,overripe
110.51519957094443,53.11053844627178,10,209,110.0,66.0,153.0,131.0753390140044,5.683997350053142,114,146,130.0,127.0,135.0,156.60403904035803,17.98564453357204,115,195,153.0,140.0,173.0,image_0_6304.jpg,overripe
116.44589670877374,58.263812428187336,0,230,126.0,79.0,158.0,129.83086706195755,2.966538960312922,118,142,130.0,128.0,132.0,167.47539743920254,18.42739377412787,126,190,175.0,156.0,181.0,image_0_6337.jpg,overripe
81.79452608060497,68.48215673534322,0,231,95.0,0.0,140.0,129.54156569562602,2.9030501167729543,118,142,128.0,128.0,132.0,155.87193434734039,22.93846235548454,126,190,160.0,128.0,179.0,image_0_6337.jpg,overripe
176.07816447538025,40.352317849961594,93,255,177.0,148.0,206.0,127.47886912434477,4.789665964665873,111,140,128.0,125.0,131.0,175.9120649651972,14.012345298020492,130,194,181.0,169.0,186.0,image_0_6337.jpg,overripe
115.72410415055427,58.86399178601389,0,231,126.0,77.0,158.0,129.81977313740654,2.959773125824554,117,142,130.0,128.0,132.0,167.23441608662026,18.63167879910498,126,190,175.0,156.0,181.0,image_0_6337.jpg,overripe
133.8041591475466,39.58913317295584,54,231,134.0,106.0,161.0,129.8831571710922,3.1037629422933706,118,141,130.0,128.0,132.0,172.31923176076307,12.894515841737174,130,190,177.0,166.0,182.0,image_0_6337.jpg,overripe
168.7590114864722,49.367177179317125,78,255,167.0,131.0,206.0,127.97160641380916,3.4706999927200926,115,142,127.0,126.0,129.0,160.92182641253993,20.62126460322905,127,193,162.0,140.0,182.0,image_0_6339.jpg,overripe
148.71865018086433,51.03715236368699,54,249,147.0,110.0,187.0,128.6441097455207,3.571952910524485,116,144,128.0,126.0,130.0,161.30707274765723,20.55173809492665,127,194,163.0,141.0,182.0,image_0_6339.jpg,overripe
143.58833795189642,46.418758688503026,58,235,142.0,108.0,178.0,128.30720495843292,3.2214490417001875,117,142,128.0,126.0,129.0,158.58635479026083,19.071838194689434,127,189,160.0,139.0,178.0,image_0_6339.jpg,overripe
145.22052228544834,54.44649005432403,0,248,145.0,107.0,186.0,128.63614007996108,3.545103271798535,116,143,128.0,126.0,130.0,161.0482199141159,20.757874582807396,126,194,162.0,140.0,182.0,image_0_6339.jpg,overripe
84.84588983140482,71.04979107300795,0,242,92.0,0.0,146.0,128.24966682884522,2.934935308631278,116,141,128.0,127.0,129.0,152.80339728809255,23.18006122945367,125,194,148.0,128.0,176.0,image_0_6339.jpg,overripe
114.55989929697891,46.639769218168745,0,228,120.0,92.0,145.0,126.6116568497055,2.9398115410155645,116,138,127.0,125.0,128.0,169.8921052631579,14.72382003086458,125,188,174.0,165.0,180.0,image_0_6382.jpg,overripe
110.02147064411932,35.921628316749484,31,222,109.0,84.0,134.0,127.8327854835645,3.4173277554521637,116,139,128.0,126.0,130.0,170.28575907277218,12.418136132496937,130,190,172.0,162.0,181.0,image_0_6382.jpg,overripe
125.15580467414023,33.49562274886181,54,230,124.0,101.0,147.0,126.33904617138514,2.9629418679706925,116,134,127.0,125.0,128.0,172.52163214896447,10.213227250213109,130,188,174.0,167.0,180.0,image_0_6382.jpg,overripe
107.15483564506935,52.38449255928761,0,230,115.0,83.0,143.0,126.79683640509215,3.022246897799193,116,138,128.0,126.0,129.0,167.1561086832605,17.30008166439905,125,188,173.0,162.0,180.0,image_0_6382.jpg,overripe
118.37596427892836,41.79729746674669,0,229,121.0,95.0,146.0,126.51764202926088,2.955333194069568,116,138,127.0,125.0,128.0,171.02833935018052,12.993483533054352,126,188,174.0,166.0,180.0,image_0_6382.jpg,overripe
187.4815053626729,36.75577988123926,106,255,191.0,162.0,216.0,124.94287686285907,4.613802656356084,110,136,125.0,122.0,128.0,175.8979775321715,15.824949633441205,128,199,180.0,165.0,189.0,image_0_6383.jpg,overripe
90.80016891738487,58.63063577120307,0,227,103.0,39.0,140.0,127.70278713685033,3.188076652334943,116,140,128.0,126.0,130.0,157.46157129494247,20.051381973248663,126,189,159.0,139.0,177.0,image_0_6383.jpg,overripe
130.16818177690192,34.873965879305814,54,227,133.0,106.0,156.0,127.11994950641613,3.8121641713296466,112,137,127.0,125.0,130.0,170.6355562013568,13.55268023789062,130,189,175.0,162.0,182.0,image_0_6383.jpg,overripe
119.8345790233669,47.496523215229246,0,224,129.0,93.0,155.0,127.34317473867755,3.7865334800747097,113,140,127.0,125.0,130.0,168.2044172804301,16.32875733503618,126,189,173.0,158.0,182.0,image_0_6383.jpg,overripe
121.6795201293217,45.93106452283356,0,225,130.0,99.0,154.0,127.24185155249607,3.7294145130551795,113,139,127.0,125.0,130.0,168.8416354108961,16.120632906956665,126,189,174.0,159.0,182.0,image_0_6383.jpg,overripe
138.9109036400398,63.03751258238679,0,235,147.0,107.0,186.0,127.03797861484539,3.0668950602012117,113,137,127.0,126.0,129.0,157.21036552515324,20.871283273138793,126,189,159.0,135.0,179.0,image_0_6414.jpg,overripe
144.98125154494116,58.56060420856386,0,235,150.0,115.0,196.0,127.00838546519367,3.1013157969848977,113,138,127.0,126.0,129.0,157.68055370690803,20.55835944134249,126,189,160.0,135.0,179.0,image_0_6414.jpg,overripe
72.30833539325486,77.60730563616966,0,237,42.0,0.0,146.0,126.60805714539244,2.595392856171031,113,136,128.0,125.0,128.0,146.92636889708632,21.50238397863012,126,189,136.0,128.0,168.0,image_0_6414.jpg,overripe
156.97010261578345,46.51618177655372,54,237,155.0,125.0,204.0,126.94846393235852,3.1445054720397208,113,136,127.0,126.0,129.0,158.5083886343037,19.98975546977352,128,189,161.0,136.0,179.0,image_0_6414.jpg,overripe
120.14014438465391,45.96304630404226,16,199,119.0,89.0,166.0,128.11704157238563,3.4922909895479255,114,143,127.0,126.0,130.0,154.86405785527307,18.154904075743673,126,186,154.0,135.0,173.0,image_0_6414.jpg,overripe
89.01953532672023,63.15167371768478,0,199,106.0,0.0,139.0,128.10362437052274,2.672944571968749,117,139,128.0,127.0,130.0,162.1469607773601,22.998207256603127,126,189,172.0,128.0,181.0,image_0_6449.jpg,overripe
126.50769558124689,40.61139887262487,0,230,128.0,102.0,157.0,128.1799013101233,2.7806193050839347,118,139,129.0,126.0,130.0,175.37732159322343,12.364832367675367,126,189,179.0,171.0,184.0,image_0_6449.jpg,overripe
130.1191675194796,35.10425313195787,54,231,129.0,104.0,157.0,128.11700931170398,2.8348086559767225,117,139,129.0,126.0,130.0,176.12793207218343,10.524480114770745,130,190,179.0,171.0,184.0,image_0_6449.jpg,overripe
129.05433009433293,36.57238280389492,0,229,128.0,103.0,157.0,128.13961476497826,2.812104037027716,118,139,129.0,126.0,130.0,175.97882321947858,10.923626838273183,126,189,179.0,171.0,184.0,image_0_6449.jpg,overripe
124.56283627004954,41.13067835722495,33,242,123.0,94.0,157.0,130.3510380675428,3.152430835266106,119,145,131.0,128.0,133.0,176.56188382154764,15.149508151803014,130,197,180.0,166.0,190.0,image_0_6449.jpg,overripe
124.31582351100448,54.995079243137226,0,212,136.0,99.0,165.0,132.44283926149996,4.6350669258202055,111,142,132.0,129.0,136.0,175.3702096589131,20.484942333460275,126,199,181.0,169.0,191.0,IMG20200717083337.jpg,fully_ripe
135.1773860436007,38.21662347084424,53,218,138.0,107.0,166.0,132.52206112443935,4.832816569862002,111,142,133.0,130.0,136.0,177.86991759674558,16.541629321145955,128,199,182.0,170.0,191.0,IMG20200717083337.jpg,fully_ripe
162.31308021278815,40.26903862729208,77,251,166.0,132.0,195.0,131.80732241577135,5.338521404090763,109,142,132.0,129.0,136.0,182.21557317200376,18.13280106571886,128,206,187.0,174.0,196.0,IMG20200717083337.jpg,fully_ripe
135.27656201105663,38.214392932666804,54,218,138.0,107.0,166.0,132.52138312297905,4.836565016824256,111,142,133.0,130.0,136.0,177.87429852925837,16.53621726385683,128,199,182.0,170.0,191.0,IMG20200717083337.jpg,fully_ripe
107.64028371753416,36.87552193976177,27,187,111.0,80.0,138.0,133.61818086992804,4.791384377296775,113,144,134.0,131.0,137.0,171.45499113382706,16.102457393391933,128,194,175.0,162.0,185.0,IMG20200717083337.jpg,fully_ripe
133.65500747701216,37.0928203456637,54,211,138.0,105.0,158.0,131.65023491605595,4.832400994108918,108,142,132.0,129.0,135.0,177.95869083350127,15.782669704185157,128,197,182.0,172.0,190.0,IMG20200717083346.jpg,fully_ripe
129.1254441133112,45.90092078621918,0,210,138.0,103.0,158.0,131.69531970855562,4.746747496498603,108,142,132.0,129.0,135.0,177.48375738421237,16.840136266214305,126,197,182.0,172.0,190.0,IMG20200717083346.jpg,fully_ripe
126.44415573396685,49.15863952339013,0,210,137.0,100.0,157.0,131.61895873325628,4.693632203277382,108,142,132.0,129.0,135.0,176.20133843820594,18.680939567209013,126,197,182.0,171.0,189.0,IMG20200717083346.jpg,fully_ripe
138.16677449119197,39.06430415161897,54,220,143.0,108.0,164.0,132.0794048086203,5.115255208414623,107,143,133.0,130.0,136.0,179.93508256530455,16.470076834826752,128,200,184.0,173.0,192.0,IMG20200717083346.jpg,fully_ripe
130.17969222284677,43.403236525406264,0,210,138.0,102.0,158.0,131.65152881035965,4.781196312604228,108,142,132.0,129.0,135.0,177.2794811695956,17.06014084244163,126,198,182.0,172.0,190.0,IMG20200717083346.jpg,fully_ripe
129.60304093076002,39.5710118453801,45,213,138.0,99.0,160.0,132.14775185332968,4.766556177266653,110,144,133.0,130.0,136.0,178.40385786588823,15.752126647083202,129,199,183.0,171.0,190.0,IMG20200717083356.jpg,fully_ripe
120.72002646113783,55.62845383666329,0,213,137.0,92.0,161.0,131.3284541235273,4.252408034932066,110,142,132.0,128.0,135.0,174.3173026440137,20.39513737907686,124,197,182.0,169.0,189.0,IMG20200717083356.jpg,fully_ripe
116.8686288510406,61.427737396399046,0,213,139.0,82.0,163.0,130.688210093034,4.1078313412357765,111,142,131.0,128.0,134.0,172.41747695150892,22.550723813228558,124,197,182.0,165.0,189.0,IMG20200717083356.jpg,fully_ripe
133.7180523762522,37.92309679325189,54,213,142.0,104.0,163.0,131.37498162420985,4.507364743425513,110,142,132.0,129.0,135.0,178.17196589453346,15.16325282533017,129,197,182.0,172.0,189.0,IMG20200717083356.jpg,fully_ripe
179.6507864838188,38.1819205201011,99,250,188.0,149.0,210.0,129.17586156204717,5.404893356429164,108,141,130.0,127.0,133.0,181.9717117836067,16.56673487593479,129,204,187.0,175.0,194.0,IMG20200717083356.jpg,fully_ripe
125.6695431197621,57.401796254362324,0,219,141.0,91.0,167.0,131.2195836712625,5.651023811305147,107,147,133.0,128.0,136.0,175.64958096782914,21.48799363517045,126,201,183.0,168.0,192.0,IMG20200717083401.jpg,fully_ripe
132.10428764530954,48.617231638781774,0,219,142.0,101.0,167.0,131.45392808867263,5.6151828133918,108,147,133.0,129.0,136.0,178.55884293052176,17.680810129526666,126,201,183.0,170.0,192.0,IMG20200717083401.jpg,fully_ripe
158.1811516626115,32.61991877380117,93,231,162.0,132.0,183.0,128.56501757231683,4.404404185557156,109,141,130.0,127.0,132.0,172.33086780210868,14.55988238452464,129,193,176.0,165.0,184.0,IMG20200717083401.jpg,fully_ripe
146.3362422276291,33.2651024121069,80,219,150.0,120.0,171.0,129.03279805352798,4.523840931945651,110,142,130.0,127.0,132.0,172.66978102189782,14.530983798959374,129,193,177.0,165.0,185.0,IMG20200717083401.jpg,fully_ripe
136.67450662341173,40.765987584108004,54,224,142.0,104.0,167.0,131.26332522303326,5.7324380819871354,107,147,133.0,128.0,136.0,179.30875371722087,16.205983650197272,129,201,183.0,171.0,192.0,IMG20200717083401.jpg,fully_ripe
132.47287571064874,35.04844558504299,60,199,136.0,104.0,162.0,128.45693995137918,6.07422423380199,107,140,130.0,125.0,133.0,173.4689611607741,14.096400366506977,129,197,176.0,167.0,183.0,IMG20200717083408.jpg,fully_ripe
134.41400432610402,50.74138126157729,0,218,143.0,100.0,175.0,129.59125016749297,7.042574074185514,105,142,131.0,126.0,134.0,178.0470128826018,18.410991733492097,126,205,182.0,171.0,190.0,IMG20200717083408.jpg,fully_ripe
120.97430179361038,60.81011780489387,0,219,132.0,84.0,172.0,129.5367527420991,6.927753806097721,105,143,130.0,127.0,135.0,172.94708179399322,22.20462498310413,126,203,180.0,163.0,188.0,IMG20200717083408.jpg,fully_ripe
140.76281081908846,41.19569605364027,55,219,145.0,107.0,176.0,129.46112248999827,7.137641714649619,105,143,131.0,126.0,134.0,179.58495243199786,15.838508554480487,129,205,183.0,172.0,190.0,IMG20200717083408.jpg,fully_ripe
135.69508623494957,48.8275256071581,0,218,143.0,103.0,175.0,129.52672230623457,7.096893637803902,105,142,131.0,126.0,134.0,178.56864340269138,17.45711401428259,126,204,182.0,171.0,190.0,IMG20200717083408.jpg,fully_ripe
134.72221166454457,35.59732585100009,54,202,142.0,108.0,163.0,133.34483381159612,4.597074047088065,110,142,134.0,131.0,137.0,180.69811482107903,13.576968929328876,129,201,184.0,172.0,191.0,IMG20200717083420.jpg,fully_ripe
127.57336424621349,48.44679318556581,0,202,141.0,104.0,163.0,133.24170008171643,4.5929943966661,110,142,134.0,130.0,137.0,178.55003705744855,17.8635226856328,126,201,184.0,171.0,191.0,IMG20200717083420.jpg,fully_ripe
108.92038349708291,61.524383045895746,0,202,129.0,73.0,158.0,132.6876247125672,4.533586552372884,113,142,133.0,128.0,137.0,170.94030900210942,23.631865990311976,126,201,179.0,162.0,189.0,IMG20200717083420.jpg,fully_ripe
161.25713118336785,29.025706471381778,97,217,167.0,139.0,185.0,130.07012409494308,3.5705798068065993,111,137,131.0,128.0,133.0,174.80567644096465,12.90504374325991,129,196,178.0,166.0,185.0,IMG20200717083420.jpg,fully_ripe
132.98316261568576,39.09903013023539,0,201,142.0,107.0,163.0,133.37252237699778,4.551208727983275,110,142,134.0,131.0,137.0,180.38027593546303,14.411048612860256,126,201,184.0,172.0,191.0,IMG20200717083420.jpg,fully_ripe
134.47212548799214,41.324721641340915,40,239,134.0,109.0,168.0,130.92051624298747,3.858231164640645,117,153,131.0,128.0,133.0,176.93987535501742,20.347700389609333,125,208,182.0,169.0,192.0,IMG20200717083440.jpg,fully_ripe
121.27168993306103,52.976370943913885,0,227,131.0,94.0,162.0,129.44445671045634,2.8352905019597374,120,149,129.0,128.0,131.0,171.63978402898348,21.76194076032546,126,202,180.0,160.0,188.0,IMG20200717083440.jpg,fully_ripe
122.54162359623857,51.44316442623476,0,226,130.0,101.0,162.0,129.57868590869404,3.0331042078675097,118,149,129.0,128.0,131.0,173.16987645895847,20.497265360758337,126,202,180.0,166.0,188.0,IMG20200717083440.jpg,fully_ripe
104.20536314643276,41.82821028440284,8,209,104.0,79.0,138.0,133.5929066768363,5.074838756353797,118,159,133.0,130.0,137.0,165.13411880413074,21.860169753005945,111,202,168.0,149.0,183.0,IMG20200717083440.jpg,fully_ripe
134.3062733960238,36.177718071930215,53,227,134.0,112.0,164.0,129.42909185793283,3.070023598524802,117,147,129.0,127.0,131.0,174.6810212458477,18.788849359764487,125,202,180.0,168.0,188.0,IMG20200717083440.jpg,fully_ripe
139.1082470402442,39.200159269528264,53,230,145.0,109.0,172.0,130.93701046116016,3.296063263762561,121,144,131.0,128.0,133.0,177.5689620451727,19.705883188111102,125,203,184.0,169.0,193.0,IMG20200717083454.jpg,fully_ripe
124.69293792197055,60.14714942835954,0,223,143.0,95.0,171.0,130.93981918197332,3.1709070116931333,122,145,131.0,128.0,133.0,175.1008913713977,23.085445200472865,126,202,184.0,166.0,193.0,IMG20200717083454.jpg,fully_ripe
104.35851996311567,36.94428231253047,20,188,110.0,77.0,135.0,132.26584277522815,3.5977103285527674,122,146,132.0,130.0,134.0,168.42518733637877,18.316201853112027,125,193,174.0,157.0,184.0,IMG20200717083454.jpg,fully_ripe
137.2402569184623,38.20489533084888,53,225,142.0,108.0,169.0,130.74295435033758,3.1922307634104654,122,143,131.0,128.0,133.0,176.56708603164844,19.331410371371405,125,201,183.0,168.0,192.0,IMG20200717083454.jpg,fully_ripe
38.429045352891926,58.726453707242825,0,190,0.0,0.0,80.0,129.86247866962023,3.1986233325320774,124,145,128.0,128.0,132.0,142.68744766770183,23.558484125961193,126,200,128.0,128.0,159.0,IMG20200717083454.jpg,fully_ripe
106.16947905053632,43.008142916815146,11,192,112.0,72.0,145.0,135.1789606987845,4.52038652506331,122,152,135.0,133.0,138.0,168.99483704770049,21.729364086049635,117,196,175.0,151.0,189.0,IMG20200717083502.jpg,fully_ripe
137.46747989479266,39.38007058437643,53,218,143.0,106.0,173.0,131.64724155473053,3.39437877151027,121,145,132.0,129.0,134.0,177.2235980473866,17.864563668631646,126,200,182.0,169.0,191.0,IMG20200717083502.jpg,fully_ripe
129.365498057128,51.40856476761379,0,213,141.0,95.0,173.0,131.7397200965483,3.240072296095997,122,144,132.0,129.0,134.0,176.15775687581856,19.478730025763635,125,200,182.0,167.0,191.0,IMG20200717083502.jpg,fully_ripe
96.3085756962409,36.72655759898901,16,170,102.0,68.0,130.0,133.19675502494886,3.6009228318370763,122,148,133.0,131.0,135.0,166.95225622097868,17.71500954549043,125,189,172.0,154.0,182.0,IMG20200717083502.jpg,fully_ripe
129.81377653183822,50.83669626500695,0,213,141.0,96.0,173.0,131.736288952148,3.2508460304566507,122,145,132.0,129.0,134.0,176.24909891870243,19.372528045284387,125,200,182.0,168.0,191.0,IMG20200717083502.jpg,fully_ripe
135.77464760248347,35.65928382324455,53,218,139.0,112.0,164.0,134.59558719436973,3.5680900990640585,122,148,135.0,133.0,137.0,177.48494347483162,16.131947878629813,126,202,181.0,170.0,190.0,IMG20200717083511.jpg,fully_ripe
133.0452403583635,40.1824337418838,0,214,138.0,109.0,164.0,134.64280947276882,3.495639228749328,123,150,135.0,133.0,137.0,177.19586628106862,16.699932913620636,125,202,181.0,170.0,190.0,IMG20200717083511.jpg,fully_ripe
131.00463122130768,44.18783686581979,0,216,138.0,109.0,163.0,134.60577992598135,3.524734898465188,123,150,135.0,133.0,137.0,176.87784901005116,17.331417868769293,126,202,181.0,170.0,190.0,IMG20200717083511.jpg,fully_ripe
149.84438894169514,40.79123250944065,54,244,154.0,122.0,182.0,136.03452181123222,4.351615766183009,121,152,137.0,134.0,139.0,183.2212368798916,18.058571492539837,125,210,187.0,175.0,197.0,IMG20200717083511.jpg,fully_ripe
189.29901712945173,36.424809232890794,103,255,194.0,165.0,219.0,130.68758468663418,6.974727959264942,109,148,133.0,127.0,136.0,183.2791979290958,18.03553781746686,125,213,188.0,176.0,197.0,IMG20200717083511.jpg,fully_ripe
128.1574586473772,46.34456668241107,0,221,135.0,103.0,162.0,127.00066771207446,5.148115213524011,109,147,127.0,124.0,131.0,174.41301026860236,17.508726069621883,123,198,180.0,170.0,186.0,IMG20200717083519.jpg,fully_ripe
134.36010926197582,36.191552438553806,53,224,136.0,108.0,163.0,126.91275228893723,5.123665263323338,109,147,127.0,124.0,131.0,175.47386311902474,15.73032823942291,123,198,180.0,170.0,186.0,IMG20200717083519.jpg,fully_ripe
84.64722545399363,66.84914223691678,0,214,99.0,0.0,143.0,126.44113511052659,3.9380486885928088,110,146,128.0,125.0,128.0,157.7816783853508,24.7777904684072,123,196,168.0,128.0,181.0,IMG20200717083519.jpg,fully_ripe
120.48259396024078,55.29435780792971,0,213,132.0,94.0,161.0,127.25549092012747,4.880592322496695,109,147,128.0,125.0,131.0,172.01709747584601,20.24655180732411,123,198,179.0,168.0,186.0,IMG20200717083519.jpg,fully_ripe
171.65720066771206,40.25585864652196,81,255,174.0,142.0,204.0,125.55973493854013,6.097493570487016,105,148,126.0,122.0,130.0,182.55931003085638,18.0487229989073,125,208,188.0,177.0,195.0,IMG20200717083519.jpg,fully_ripe
127.80365374571383,67.51320587524019,0,222,155.0,72.0,183.0,132.6111224651997,3.754242998438767,124,146,133.0,129.0,136.0,174.79834003224562,24.757420950204942,125,203,187.0,157.0,195.0,IMG20200717083535.jpg,fully_ripe
146.64579785180644,49.72181284269488,0,221,160.0,111.0,185.0,132.90098099325567,3.493283216008594,124,145,133.0,130.0,136.0,181.37985103435747,18.887622256187303,126,203,188.0,175.0,195.0,IMG20200717083535.jpg,fully_ripe
150.2106978222858,44.35275341740732,54,222,162.0,116.0,185.0,132.9004019347367,3.505830861950328,123,144,133.0,130.0,136.0,181.96367827054522,17.889736027039234,128,203,188.0,175.0,195.0,IMG20200717083535.jpg,fully_ripe
133.33954401980154,37.392791082555725,52,194,143.0,104.0,163.0,131.58517837273203,2.8518328506394024,124,141,132.0,129.0,134.0,174.61727638122488,15.557980777045517,127,193,180.0,169.0,186.0,IMG20200717083535.jpg,fully_ripe
158.71789631446285,38.11629331542144,77,222,168.0,128.0,189.0,130.81658605263755,2.745556974758544,124,140,131.0,129.0,133.0,176.8717896314463,16.451904085560795,128,198,183.0,171.0,189.0,IMG20200717083535.jpg,fully_ripe
123.44307658238041,42.73438798099743,17,210,127.0,95.0,155.0,134.7593714768884,4.6040024995097255,122,158,135.0,132.0,138.0,174.2423900789177,20.50023747031685,122,203,181.0,162.0,191.0,IMG20200717083623.jpg,fully_ripe
131.39477975519407,53.1877628347405,0,219,142.0,110.0,168.0,131.16280802061524,3.0405880654715456,122,151,131.0,129.0,133.0,176.75563697857947,19.545588644642404,126,199,184.0,175.0,189.0,IMG20200717083623.jpg,fully_ripe
155.85817965856015,37.046031479138115,69,232,159.0,131.0,184.0,130.58319576421323,2.818759608708704,120,148,131.0,129.0,132.0,180.1698039136737,16.75376624946871,125,201,186.0,177.0,191.0,IMG20200717083623.jpg,fully_ripe
119.51450515380898,67.49657694729507,0,219,141.0,91.0,169.0,130.6434107746819,3.079267682712966,121,151,131.0,128.0,132.0,171.92686020293124,24.46393882202901,126,199,184.0,162.0,189.0,IMG20200717083623.jpg,fully_ripe
124.14618899983894,60.4559526321467,0,219,139.0,102.0,166.0,131.02520534707682,3.059380526594209,122,151,131.0,128.0,133.0,174.41645192462553,21.982439786167326,125,199,184.0,171.0,189.0,IMG20200717083623.jpg,fully_ripe
153.92024385766595,39.74583615885885,55,229,159.0,128.0,185.0,137.7239307073225,5.177046320526921,120,154,139.0,135.0,141.0,185.96806855839927,17.69975070734136,125,209,191.0,181.0,197.0,IMG20200717083656.jpg,fully_ripe
134.72904167028975,40.934819049113756,0,206,141.0,113.0,164.0,135.9733824140363,4.126018066698077,121,149,137.0,134.0,139.0,179.34764209733052,16.65416895422223,126,200,185.0,176.0,189.0,IMG20200717083656.jpg,fully_ripe
126.01836661739273,51.92994072087629,0,207,140.0,104.0,163.0,135.76301170014395,4.301765055610543,121,150,137.0,134.0,139.0,176.38377631566235,20.077810060590945,124,200,184.0,172.0,189.0,IMG20200717083656.jpg,fully_ripe
127.02038588253481,51.86690216957505,0,206,140.0,107.0,164.0,135.8936939025922,4.162312321258105,121,150,137.0,134.0,139.0,177.4105291634059,19.085827607102413,126,200,184.0,174.0,189.0,IMG20200717083656.jpg,fully_ripe
116.36958349033361,39.18046540723937,16,193,121.0,91.0,146.0,140.24116209192005,5.648990008277221,120,158,141.0,138.0,144.0,173.08038414345478,19.314804219011585,120,201,178.0,163.0,188.0,IMG20200717083656.jpg,fully_ripe
127.61604892401313,53.008912989770934,0,209,140.0,97.0,169.0,135.79584868903328,5.097664014273454,121,150,137.0,133.0,139.0,176.52772059488066,18.683311753239167,126,202,183.0,171.0,189.0,IMG20200717083701.jpg,fully_ripe
120.94455881023869,59.04331818302484,0,209,137.0,83.0,169.0,135.76370464838377,5.1288516931100805,121,150,137.0,132.0,139.0,174.16988843477301,20.90975602212273,126,202,182.0,167.0,189.0,IMG20200717083701.jpg,fully_ripe
84.75554060432002,40.58348356921484,1,159,91.0,50.0,119.0,142.1852123354388,6.703163997430277,123,160,142.0,139.0,146.0,156.30742194952953,25.376185304325606,101,193,163.0,134.0,179.0,IMG20200717083701.jpg,fully_ripe
136.73090788588414,39.303735050909744,54,209,144.0,103.0,170.0,136.02521514716366,4.949855179103841,121,150,137.0,133.0,139.0,178.87215689424903,15.148360836090879,128,202,183.0,173.0,189.0,IMG20200717083701.jpg,fully_ripe
149.8710221624173,33.930720434253274,80,213,156.0,121.0,179.0,133.42093530020185,4.025813739592302,120,145,134.0,131.0,136.0,174.30761274514725,14.023173211911864,128,199,178.0,169.0,184.0,IMG20200717083701.jpg,fully_ripe
139.68634453988213,39.64139929626716,54,221,145.0,110.0,171.0,133.12973621810954,3.346285674438056,117,150,133.0,131.0,136.0,179.4460383521749,17.217522462822284,127,202,184.0,172.0,191.0,IMG20200717083707.jpg,fully_ripe
128.94293416767516,55.47770898196664,0,218,142.0,99.0,170.0,133.1472593642079,3.288489297730751,118,150,133.0,131.0,136.0,177.0238003876541,20.55052718652944,126,202,184.0,170.0,191.0,IMG20200717083707.jpg,fully_ripe
93.80387063766148,74.52706332676027,0,211,110.0,0.0,158.0,131.69697059141848,3.671141096280438,124,142,131.0,128.0,135.0,163.00718242372363,28.22706447740514,126,202,172.0,128.0,189.0,IMG20200717083707.jpg,fully_ripe
138.81849129746058,40.893790601240944,0,218,145.0,109.0,171.0,133.13918159725296,3.318689070841783,117,150,133.0,131.0,136.0,179.39154048230466,17.314432169315733,127,202,184.0,172.0,191.0,IMG20200717083707.jpg,fully_ripe
204.43729153753063,37.872861091101335,116,255,215.0,177.0,237.0,125.67011029447937,9.4717174996076,108,150,129.0,118.0,133.0,185.3659789249978,18.689836602982872,126,213,192.0,178.0,197.0,IMG20200717083707.jpg,fully_ripe
71.99903033123884,75.96293761689132,0,203,54.0,0.0,151.0,129.74912729811496,2.894292745273137,123,148,128.0,128.0,131.0,155.04382902800404,28.25236401521852,124,198,147.0,128.0,187.0,IMG20200717083744.jpg,fully_ripe
118.84783957800016,36.7794902142675,38,211,125.0,92.0,149.0,129.55731388824245,3.509152653892873,118,148,129.0,127.0,131.0,174.42740413208182,15.226859499023599,128,196,179.0,167.0,186.0,IMG20200717083744.jpg,fully_ripe
129.25332919607996,53.09164390314131,0,233,144.0,107.0,168.0,129.09941044139322,3.5103649715591687,118,148,128.0,127.0,131.0,176.60649548780802,19.649278997885602,126,201,183.0,170.0,191.0,IMG20200717083744.jpg,fully_ripe
127.65738370439324,55.504384729286386,0,233,144.0,106.0,168.0,129.05259483360484,3.4765636805862266,118,148,128.0,127.0,131.0,176.05563312905645,20.513191169456473,126,201,183.0,170.0,191.0,IMG20200717083744.jpg,fully_ripe
137.1318103069325,38.653125578737786,53,235,144.0,109.0,168.0,129.1276084089675,3.6298753346139394,118,148,128.0,127.0,131.0,178.34954619501977,16.32684344375725,128,202,183.0,170.0,191.0,IMG20200717083744.jpg,fully_ripe
125.062679708359,49.06606939456331,0,216,138.0,95.0,159.0,127.1306608133087,2.8355456088635216,118,147,127.0,125.0,129.0,175.70276237420416,19.563827993312394,126,201,182.0,167.0,190.0,IMG20200717083802.jpg,fully_ripe
134.40674419798728,32.14011257477233,63,206,139.0,109.0,158.0,126.28558225508318,2.5131058353112845,118,144,126.0,125.0,128.0,173.74254210310124,15.839388685034939,128,197,178.0,166.0,186.0,IMG20200717083802.jpg,fully_ripe
134.9285402546724,36.51152293508728,54,216,141.0,106.0,162.0,127.02673803655782,2.8451136545134927,118,147,127.0,125.0,129.0,177.71944957896898,16.858634244749734,128,201,182.0,169.0,190.0,IMG20200717083802.jpg,fully_ripe
150.5163662969809,32.157334804415804,80,223,156.0,125.0,174.0,125.71132419387965,2.529582040029473,117,143,126.0,124.0,127.0,174.74898593140276,16.4496688510033,128,199,179.0,167.0,187.0,IMG20200717083802.jpg,fully_ripe
44.427988293284045,64.14950459193831,0,189,0.0,0.0,110.0,128.1559483466831,1.045781359010677,122,136,128.0,128.0,128.0,144.90674419798728,24.75154769869297,126,197,128.0,128.0,171.0,IMG20200717083802.jpg,fully_ripe
127.82712533311634,59.89566827236516,0,226,146.0,110.0,167.0,133.94831865248082,3.8054809531295035,118,143,134.0,131.0,137.0,177.00804564965316,22.29763068655722,126,207,184.0,172.0,192.0,IMG20200717083842.jpg,fully_ripe
128.11092011310697,58.176310813770115,0,226,146.0,101.0,168.0,134.03757348902496,3.760496635079606,118,143,135.0,131.0,137.0,176.90734788534695,21.97270799367099,126,207,184.0,170.0,192.0,IMG20200717083842.jpg,fully_ripe
144.2223589722725,36.229103190702844,54,226,149.0,122.0,170.0,134.385591065362,3.496532896767771,118,143,135.0,132.0,137.0,182.05915739365705,15.297617717940227,128,207,185.0,177.0,192.0,IMG20200717083842.jpg,fully_ripe
179.72704802978214,38.004930489084536,83,249,185.0,156.0,209.0,132.43384462029823,6.199607946673649,108,144,134.0,130.0,137.0,188.13896291474256,16.989143399121613,128,215,192.0,182.0,200.0,IMG20200717083842.jpg,fully_ripe
185.3167300689627,35.83134279732343,95,249,191.0,163.0,213.0,131.3051142258478,6.111015740552534,109,142,133.0,129.0,136.0,186.02439123624305,16.624538560775843,128,214,190.0,180.0,197.0,IMG20200717083842.jpg,fully_ripe
127.40255135352318,49.65547976006234,0,202,144.0,108.0,160.0,135.0251117472754,3.7085596803388294,123,143,136.0,132.0,138.0,177.8816232233439,18.436066373134516,126,199,184.0,173.0,191.0,IMG20200717083846.jpg,fully_ripe
88.75864597458691,70.78128527010331,0,201,115.0,0.0,153.0,133.25802822560394,4.7097330886225235,123,143,134.0,128.0,138.0,162.4281954698408,27.342579774575146,125,199,173.0,128.0,187.0,IMG20200717083846.jpg,fully_ripe
137.76553663803926,33.52437852015343,54,202,145.0,119.0,161.0,135.15256893174626,3.534505474430493,123,143,136.0,133.0,138.0,180.74006328160314,14.267298163005288,128,200,184.0,175.0,191.0,IMG20200717083846.jpg,fully_ripe
125.47931294259455,53.69501559609095,0,202,144.0,110.0,161.0,134.6937170408317,3.860378794084967,123,143,135.0,132.0,138.0,176.96384912862237,20.22794488663983,125,199,184.0,173.0,191.0,IMG20200717083846.jpg,fully_ripe
118.31800512279645,40.72483581649929,11,195,128.0,96.0,147.0,141.09073376525538,5.080716968781525,123,155,142.0,138.0,145.0,173.53464918889057,21.396178783894737,112,204,180.0,164.0,189.0,IMG20200717083846.jpg,fully_ripe
160.02086158879376,36.81002706287673,90,244,156.0,131.0,189.0,130.124144571328,6.928856515251496,106,147,131.0,125.0,136.0,177.20702150348384,15.319443908530475,129,204,180.0,170.0,189.0,IMG20200717083900.jpg,fully_ripe
100.22247875016824,63.42996930029863,0,225,107.0,63.0,148.0,131.99788795825611,7.241295459280706,107,154,131.0,128.0,138.0,166.86496391928688,24.224924932904074,126,205,174.0,145.0,186.0,IMG20200717083900.jpg,fully_ripe
125.56685543902515,37.868271952589254,52,215,122.0,95.0,155.0,131.98966756048824,7.138465063671144,108,149,133.0,127.0,138.0,175.79085610162647,14.520141384818734,128,201,178.0,169.0,186.0,IMG20200717083900.jpg,fully_ripe
114.1318576649515,57.34762679760613,0,225,120.0,83.0,156.0,132.25431467351353,7.5505310372718455,107,154,132.0,128.0,139.0,173.06738862603402,20.774192064984966,126,204,179.0,165.0,188.0,IMG20200717083900.jpg,fully_ripe
131.11249728229922,39.93469645814501,54,225,128.0,99.0,163.0,132.3783039476545,7.548099376581251,107,151,133.0,127.0,138.0,178.02077876362733,15.174461015856098,129,205,180.0,170.0,189.0,IMG20200717083900.jpg,fully_ripe
125.39028807166014,46.958900207480255,0,209,138.0,102.0,158.0,131.7101792386993,3.9135154107006294,115,147,132.0,129.0,135.0,177.27588978895946,17.745619023133333,126,202,181.0,172.0,189.0,IMG20200717083943.jpg,fully_ripe
117.84550489836663,54.323716421135096,0,202,133.0,94.0,157.0,131.6839957244194,3.96882300411183,113,147,132.0,129.0,135.0,174.58982694499164,20.592540587415726,126,202,180.0,170.0,189.0,IMG20200717083943.jpg,fully_ripe
132.61227374316482,34.28094976792028,54,209,138.0,108.0,158.0,131.72576213991042,3.9740620676023704,113,147,132.0,129.0,135.0,179.13390341074725,14.711220169318056,125,202,181.0,173.0,189.0,IMG20200717083943.jpg,fully_ripe
169.0517398256199,37.249463016660535,83,254,175.0,143.0,197.0,130.70271464033004,4.559436364152373,111,148,131.0,128.0,134.0,186.12635930777998,16.805136073356266,125,211,188.0,179.0,199.0,IMG20200717083943.jpg,fully_ripe
120.49107340041165,52.04618722301265,0,201,135.0,98.0,157.0,131.7533767369546,3.9315581417802483,114,147,132.0,129.0,135.0,175.55527778023162,19.74807195557088,126,202,180.0,171.0,189.0,IMG20200717083943.jpg,fully_ripe
113.74005372067123,43.58662508873459,33,213,117.0,73.0,147.0,133.90645677544947,6.356868322815289,109,152,134.0,130.0,139.0,174.16924819137287,17.9663055152812,127,205,178.0,160.0,188.0,IMG20200717083947.jpg,fully_ripe
117.38799614409119,44.06648651181958,0,206,123.0,83.0,150.0,131.2171756403897,5.356299130582272,109,148,131.0,128.0,135.0,174.32246441239505,16.555249331840756,126,199,178.0,163.0,187.0,IMG20200717083947.jpg,fully_ripe
113.70443335922657,49.62770536801123,0,205,123.0,82.0,149.0,131.4086233844023,5.159019896090112,109,148,132.0,128.0,135.0,173.01878351692577,18.551585987626133,126,199,178.0,163.0,187.0,IMG20200717083947.jpg,fully_ripe
73.08151690703703,65.98321377067214,0,205,75.0,0.0,133.0,130.98981740587183,4.555747013230447,118,147,129.0,128.0,135.0,156.9614970659529,25.697669901447473,126,199,160.0,128.0,182.0,IMG20200717083947.jpg,fully_ripe
122.18090014880813,37.76805462905158,54,209,125.0,87.0,151.0,131.25703562972043,5.373189170216801,109,145,132.0,128.0,135.0,175.23588428529982,15.155058937589859,127,199,179.0,164.0,187.0,IMG20200717083947.jpg,fully_ripe
69.75577340253179,32.91032993653965,2,153,71.0,45.0,97.0,138.8311685934225,5.228863358766977,121,152,140.0,136.0,143.0,152.58193517679473,19.389896479467858,109,185,154.0,136.0,169.0,IMG20200717084008.jpg,fully_ripe
105.22159064905584,63.74994417059306,0,213,117.0,68.0,158.0,134.10352307988026,4.660495091359537,122,144,135.0,129.0,138.0,169.00086040402377,24.571897799586484,125,201,177.0,153.0,189.0,IMG20200717084008.jpg,fully_ripe
129.67488627106388,41.15682652737024,0,213,132.0,102.0,162.0,135.07919378312326,4.212133582995511,119,144,136.0,133.0,138.0,178.93919506457607,15.380063926226265,126,200,182.0,172.0,191.0,IMG20200717084008.jpg,fully_ripe
132.0697201856276,37.137643258423445,53,227,133.0,103.0,162.0,135.04482338834427,4.282078200808083,118,144,136.0,133.0,138.0,179.22273480334277,14.72018595277935,127,201,182.0,172.0,191.0,IMG20200717084008.jpg,fully_ripe
130.3903213700561,39.87427019980405,0,217,133.0,102.0,162.0,135.07577047349682,4.22696899240254,119,144,136.0,133.0,138.0,179.06642502128128,15.08871622415332,126,200,182.0,172.0,191.0,IMG20200717084008.jpg,fully_ripe
132.60665565834162,33.76143815964575,54,207,135.0,109.0,157.0,135.7982005141388,3.4024885659518858,123,149,136.0,134.0,138.0,178.01100519768076,14.886170491234026,126,199,182.0,171.0,187.0,IMG20200717084015.jpg,fully_ripe
88.95282682528662,69.31562082740125,0,207,106.0,0.0,151.0,133.88108194321956,4.886434485341143,123,149,135.0,128.0,138.0,161.73009588501304,26.690622909687104,126,199,170.0,128.0,185.0,IMG20200717084015.jpg,fully_ripe
179.31213292552493,32.83243777310179,102,245,182.0,156.0,204.0,132.854455557015,4.473624344891011,113,146,134.0,131.0,136.0,180.6403186159533,15.975095165150721,125,206,185.0,173.0,192.0,IMG20200717084015.jpg,fully_ripe
132.65792880866155,33.77738272759236,54,207,135.0,109.0,157.0,135.79810669318672,3.404542174336243,123,149,136.0,134.0,138.0,178.01467359690767,14.884275493838249,126,199,182.0,171.0,187.0,IMG20200717084015.jpg,fully_ripe
165.38644850167938,32.169916615436705,91,232,167.0,143.0,189.0,133.68894601542416,3.0255749669097884,122,145,134.0,132.0,136.0,178.50178259808982,15.444407227502134,126,203,182.0,171.0,189.0,IMG20200717084015.jpg,fully_ripe
101.07201592979092,35.289086978196984,24,196,104.0,77.0,125.0,136.276835429035,4.677422693043055,115,152,137.0,134.0,139.0,170.3090453187802,15.750499207110153,125,196,174.0,163.0,182.0,IMG20200717084021.jpg,fully_ripe
131.20228437626756,36.289360680583954,54,230,134.0,106.0,156.0,134.9091965042959,4.513488747903587,113,150,136.0,133.0,138.0,177.21350344776724,15.416969419793169,125,201,181.0,171.0,188.0,IMG20200717084021.jpg,fully_ripe
102.21145691212803,62.890398881567194,0,230,121.0,55.0,150.0,133.7998543456617,5.134798983813933,113,151,135.0,128.0,138.0,166.96898853202552,23.847647136644024,125,201,176.0,149.0,186.0,IMG20200717084021.jpg,fully_ripe
127.12335447472252,42.55209165700297,0,227,133.0,102.0,156.0,135.05494302887274,4.3669582864902665,113,152,136.0,133.0,138.0,176.53546406578414,16.511746936085473,125,201,180.0,170.0,188.0,IMG20200717084021.jpg,fully_ripe
122.488255466647,48.74118849071617,0,228,132.0,99.0,155.0,134.82124156495445,4.630479354631781,113,151,136.0,133.0,138.0,175.1315590545374,18.26984935788163,125,201,180.0,169.0,188.0,IMG20200717084021.jpg,fully_ripe
149.2517665786613,29.86693188314831,90,219,148.0,126.0,172.0,129.53289524770926,4.221149803637985,109,141,130.0,128.0,132.0,170.91920329243672,15.133732889728504,125,191,175.0,163.0,183.0,IMG20200717084028.jpg,fully_ripe
143.25698866283585,36.87919298802616,69,229,142.0,114.0,172.0,131.7408176735518,5.353782259709861,107,146,133.0,130.0,135.0,178.29783351452087,17.228641610698386,125,201,183.0,170.0,191.0,IMG20200717084028.jpg,fully_ripe
121.76140510948905,43.58750480135077,0,210,125.0,95.0,154.0,132.2294222705389,5.2862880869263025,108,147,133.0,130.0,136.0,174.97882046901694,17.34600834587739,126,198,180.0,168.0,188.0,IMG20200717084028.jpg,fully_ripe
121.44339183102966,43.986540338027275,0,209,124.0,95.0,154.0,132.21049464202517,5.171611567949362,108,147,133.0,130.0,136.0,175.01988856965366,17.572843936046002,126,198,180.0,168.0,188.0,IMG20200717084028.jpg,fully_ripe
126.68964513123156,35.84570613300139,54,210,125.0,99.0,154.0,132.15852616865973,5.263243222071586,108,147,133.0,130.0,136.0,175.8356790650722,16.26202805798201,125,198,180.0,169.0,188.0,IMG20200717084028.jpg,fully_ripe
100.92852502245238,33.95921848635804,36,187,103.0,73.0,127.0,134.7721896317811,4.003939275152446,120,144,136.0,132.0,138.0,170.5797966866031,13.048041634667047,127,192,172.0,163.0,181.0,IMG20200717084032.jpg,fully_ripe
125.12752947471003,37.87570471261024,54,222,127.0,94.0,154.0,135.0641946763992,4.357133764364369,119,145,136.0,132.0,138.0,177.34911050388857,14.357501954169324,127,200,179.0,169.0,189.0,IMG20200717084032.jpg,fully_ripe
113.78555595895516,50.83962653854589,0,222,121.0,81.0,151.0,134.75229778533622,4.536446663492816,119,145,136.0,131.0,138.0,173.6345613666329,18.89167273530875,125,200,178.0,164.0,189.0,IMG20200717084032.jpg,fully_ripe
119.41970649494583,46.070338845219645,0,221,126.0,90.0,153.0,135.0216975904305,4.371649908245387,119,145,136.0,132.0,138.0,175.93618749164008,16.797599038647604,126,200,179.0,168.0,189.0,IMG20200717084032.jpg,fully_ripe
123.66823992509507,40.09866349787263,0,219,127.0,93.0,154.0,135.0732616131313,4.337400787588604,119,145,136.0,132.0,138.0,177.1291059178721,14.85789874316417,126,200,179.0,169.0,189.0,IMG20200717084032.jpg,fully_ripe
184.50708212423143,37.65364845261922,101,255,196.0,159.0,214.0,132.77320968363807,4.773717232250485,112,149,134.0,130.0,136.0,183.68111162970027,16.241370155294646,128,206,189.0,176.0,195.0,IMG20200717084053.jpg,fully_ripe
129.12909149942166,50.330059430634165,0,213,147.0,102.0,166.0,135.4045232249031,3.933745133281892,123,151,136.0,133.0,138.0,178.27509689725846,17.98587200363128,126,200,185.0,171.0,191.0,IMG20200717084053.jpg,fully_ripe
79.98093508390998,73.63095775875681,0,213,77.0,0.0,157.0,132.41318817346132,4.707412314294208,118,151,131.0,128.0,137.0,158.9306296799854,28.088167549791155,125,199,164.0,128.0,189.0,IMG20200717084053.jpg,fully_ripe
135.6541325919763,40.86578593881287,0,218,148.0,110.0,166.0,135.38528582154672,3.9085543139636045,118,151,136.0,133.0,138.0,180.0309766837801,15.426256936605645,126,199,185.0,173.0,191.0,IMG20200717084053.jpg,fully_ripe
149.55208100813735,40.37907898108919,60,238,162.0,122.0,181.0,135.86442500862435,4.149483229672076,117,153,137.0,134.0,139.0,183.75462164410803,15.769106601330675,128,204,189.0,176.0,196.0,IMG20200717084053.jpg,fully_ripe
96.08189312083147,31.688545471457463,19,162,98.0,74.0,122.0,138.33420554249275,4.670182415936203,124,155,139.0,136.0,141.0,167.73356144957503,15.264000004207256,127,189,171.0,161.0,180.0,IMG20200717084058.jpg,fully_ripe
137.65401963385514,35.74800239293205,54,212,140.0,113.0,167.0,138.20053796397104,4.751940738433322,123,155,139.0,136.0,141.0,178.7550342631815,17.114302013881655,127,200,184.0,173.0,191.0,IMG20200717084058.jpg,fully_ripe
126.74239942909946,51.35585638587511,0,212,138.0,102.0,166.0,137.82765939927356,5.104201099845117,123,155,139.0,136.0,141.0,175.61502639500097,20.910082809989966,126,200,184.0,168.0,191.0,IMG20200717084058.jpg,fully_ripe
146.26752728703306,34.367904701549755,66,219,148.0,122.0,174.0,137.1441706846232,4.392108938852518,123,153,138.0,135.0,140.0,178.17608256100127,17.06307923758878,127,199,184.0,173.0,190.0,IMG20200717084058.jpg,fully_ripe
124.04986230684074,55.22308203295988,0,212,137.0,103.0,165.0,137.7794622190099,5.153797820796913,124,155,139.0,135.0,141.0,175.47868729471824,21.422247904935848,126,200,184.0,170.0,191.0,IMG20200717084058.jpg,fully_ripe
124.51526187565999,54.984506205950346,0,243,144.0,94.0,165.0,136.296066252588,5.100554535733816,120,155,136.0,133.0,140.0,174.35052009279354,21.348285725664606,126,197,185.0,166.0,189.0,IMG20200717084102.jpg,fully_ripe
137.36967746763452,37.150739199446015,53,243,147.0,110.0,167.0,136.41724662625657,4.924771986956892,120,155,136.0,133.0,140.0,177.32180066019774,18.323387910777633,124,197,185.0,171.0,189.0,IMG20200717084102.jpg,fully_ripe
150.2029151803903,41.978660901468665,55,254,161.0,120.0,183.0,137.9787223427873,5.7271160487675985,118,159,138.0,134.0,142.0,182.38558374283886,20.267470783618332,124,204,191.0,175.0,196.0,IMG20200717084102.jpg,fully_ripe
124.28209733343311,52.890876695334484,0,243,142.0,90.0,165.0,136.47338006269385,5.0859324897948355,124,155,137.0,133.0,140.0,173.75297463144503,21.480684934374548,124,197,184.0,163.0,189.0,IMG20200717084102.jpg,fully_ripe
100.07071765322158,37.83463820439853,12,205,110.0,73.0,130.0,139.0739354935269,5.753789503873154,123,159,139.0,136.0,143.0,167.73636991028295,19.206835668401695,121,191,175.0,155.0,184.0,IMG20200717084102.jpg,fully_ripe
133.34837230125447,41.495048690150995,0,206,140.0,110.0,164.0,134.45331615638335,4.092445286625631,117,149,134.0,132.0,138.0,177.65016583066085,16.387055676423426,126,201,182.0,175.0,187.0,IMG20200717084106.jpg,fully_ripe
184.93324744858336,35.01222577854975,100,249,190.0,160.0,213.0,131.44218768558872,5.733977275491386,110,147,132.0,128.0,136.0,182.8578424654405,16.89712745565054,126,211,187.0,179.0,192.0,IMG20200717084106.jpg,fully_ripe
154.33711591700245,28.37518871694429,88,212,157.0,134.0,176.0,131.39023654852946,3.1566929794238403,118,143,131.0,129.0,134.0,171.91999013239044,13.812237320043076,126,196,175.0,169.0,180.0,IMG20200717084106.jpg,fully_ripe
130.88763716434138,45.51432344144465,0,206,140.0,109.0,163.0,134.41934599676563,4.14634908950231,117,149,134.0,132.0,138.0,177.25974654862083,17.18374723380568,126,201,182.0,174.0,187.0,IMG20200717084106.jpg,fully_ripe
137.09569753949327,34.71409858793782,54,206,141.0,112.0,164.0,134.42693857413042,4.16444450713992,117,149,134.0,132.0,138.0,178.25610101508465,15.340512927053302,126,201,182.0,175.0,187.0,IMG20200717084106.jpg,fully_ripe
97.13953032903082,37.85527932909614,21,174,104.0,66.0,128.0,134.32081436991717,3.695816878216571,121,150,135.0,132.0,137.0,167.95031895844215,17.245183417067434,126,192,173.0,155.0,183.0,IMG20200717084113.jpg,fully_ripe
126.04332985152578,56.44016899321039,0,223,140.0,89.0,170.0,133.48117026038946,3.6838953121565945,120,150,134.0,131.0,136.0,176.88186413489518,21.680793827307436,126,204,184.0,167.0,194.0,IMG20200717084113.jpg,fully_ripe
140.0517048421995,37.65675032745827,67,217,147.0,109.0,170.0,131.8975509214355,2.9864425386583133,119,146,132.0,130.0,134.0,175.85054651943594,17.13416768856373,126,199,181.0,166.0,189.0,IMG20200717084113.jpg,fully_ripe
124.4588711482504,59.21204346878803,0,223,142.0,84.0,170.0,133.4221349697829,3.62896442980455,120,150,134.0,131.0,136.0,176.59612586734312,22.10018175405604,126,204,184.0,166.0,194.0,IMG20200717084113.jpg,fully_ripe
136.6914496754458,42.59517301837882,54,223,144.0,102.0,171.0,133.59288965157054,3.606827323469502,119,150,134.0,131.0,136.0,179.62557822875476,18.205660813691697,126,204,185.0,170.0,194.0,IMG20200717084113.jpg,fully_ripe
125.9996903208047,48.71183191152733,0,221,141.0,99.0,161.0,131.71777902668975,4.4991472445931135,114,142,133.0,129.0,135.0,177.74868959821993,18.73963132175112,126,198,184.0,171.0,191.0,IMG20200717084205.jpg,fully_ripe
133.3873283861126,36.03902994986815,54,224,142.0,105.0,161.0,131.60122495326138,4.6765466218627765,114,141,133.0,129.0,135.0,179.22087008384278,16.22497930979027,127,198,185.0,172.0,191.0,IMG20200717084205.jpg,fully_ripe
126.66737013545597,47.72273458724415,0,222,141.0,100.0,161.0,131.7146592955372,4.518713304777565,114,141,133.0,129.0,135.0,177.9328684322204,18.49027907708817,126,198,184.0,171.0,191.0,IMG20200717084205.jpg,fully_ripe
126.39700872836546,46.277326246910846,0,221,141.0,95.0,161.0,131.35667014577862,4.619475429268501,114,141,132.0,128.0,135.0,177.2430981683049,18.9171038915645,126,198,184.0,169.0,191.0,IMG20200717084205.jpg,fully_ripe
128.4582563914345,36.32077911526531,47,219,137.0,100.0,156.0,131.96609586291535,4.750858442344615,114,142,133.0,129.0,136.0,178.52139653847476,16.139445061358607,127,198,184.0,171.0,191.0,IMG20200717084205.jpg,fully_ripe
122.54285264271088,37.7152722374225,38,221,124.0,95.0,154.0,135.93066399657988,5.900587299168898,117,153,137.0,132.0,140.0,177.14652476205475,15.256602456615813,127,200,180.0,169.0,190.0,IMG20200717084209.jpg,fully_ripe
103.98306819971648,42.044784657561934,8,212,106.0,73.0,138.0,140.22846117498818,7.009387470528911,117,160,142.0,136.0,145.0,166.59898071687329,21.586194229969976,110,203,169.0,150.0,185.0,IMG20200717084209.jpg,fully_ripe
127.05415926017595,44.29516120709263,0,226,133.0,104.0,161.0,134.58155390050177,5.296618054264733,116,150,136.0,131.0,138.0,176.73238755259547,17.14935473764203,126,199,182.0,171.0,190.0,IMG20200717084209.jpg,fully_ripe
129.92161870260784,40.13541572599866,0,225,133.0,105.0,161.0,134.3847962558783,5.395529310004216,117,149,136.0,131.0,138.0,177.77315887766352,15.554537897223598,126,199,182.0,171.0,190.0,IMG20200717084209.jpg,fully_ripe
132.44212811916387,35.61230072598587,54,226,134.0,106.0,162.0,134.40639695790114,5.431922271912173,116,150,136.0,131.0,138.0,178.21554575523706,14.610325724977063,127,199,182.0,171.0,190.0,IMG20200717084209.jpg,fully_ripe
135.12768210841472,36.376065122676856,54,231,138.0,111.0,164.0,130.0495738159007,4.166720004272163,114,145,130.0,127.0,133.0,175.55794983553469,17.249595801553554,124,198,181.0,170.0,187.0,IMG20200717084214.jpg,fully_ripe
124.94143405603022,50.604073810243925,0,231,136.0,99.0,163.0,130.25939692658636,4.1246880776236265,114,148,130.0,127.0,133.0,173.22214527938735,19.7134797273473,125,198,181.0,166.0,187.0,IMG20200717084214.jpg,fully_ripe
162.2282452620752,34.85887912428412,85,254,165.0,139.0,190.0,128.58195260547674,3.812108659658327,113,143,128.0,126.0,131.0,175.85393647463772,17.547817646663997,124,197,182.0,170.0,188.0,IMG20200717084214.jpg,fully_ripe
131.71143721294948,41.60773208915137,0,229,137.0,108.0,164.0,130.0960518142102,4.132775063173112,114,147,130.0,127.0,133.0,175.31612982066662,17.68673598419467,124,198,181.0,170.0,187.0,IMG20200717084214.jpg,fully_ripe
134.43517622737966,29.862229457839675,68,214,137.0,115.0,158.0,128.5313909793578,3.2444972490537545,115,141,128.0,126.0,131.0,169.01295355255252,15.019141977249348,124,188,174.0,164.0,179.0,IMG20200717084214.jpg,fully_ripe
90.6640151128357,63.43587585140444,0,200,102.0,0.0,144.0,128.15770448279383,2.3445098326154645,118,139,128.0,127.0,129.0,162.4460839375064,24.97869690195096,125,199,169.0,128.0,183.0,IMG20200717084220.jpg,fully_ripe
128.5998161952415,34.578974114314654,54,219,132.0,100.0,159.0,128.14949453691412,2.8517353606777234,117,139,128.0,126.0,130.0,176.81509241294802,15.805264603617916,125,199,179.0,169.0,190.0,IMG20200717084220.jpg,fully_ripe
121.47518635760237,46.56479354605598,0,216,129.0,97.0,159.0,128.20427856632287,2.719258626838492,118,139,128.0,126.0,130.0,175.37817829061575,18.38047824921697,126,199,179.0,168.0,190.0,IMG20200717084220.jpg,fully_ripe
125.61621566424998,34.750395850094044,51,216,129.0,97.0,156.0,128.34211171244766,2.876208373423389,117,140,129.0,126.0,130.0,176.46887572756052,15.729395529558328,125,199,179.0,168.0,189.0,IMG20200717084220.jpg,fully_ripe
116.76205452874503,52.71984737948328,0,202,128.0,93.0,159.0,128.20728071071173,2.613085954457694,119,139,128.0,127.0,130.0,173.9421729807005,20.324271417067674,126,199,178.0,168.0,190.0,IMG20200717084220.jpg,fully_ripe
120.324571649004,64.81419948779873,0,223,139.0,78.0,173.0,130.76915658519337,3.780413270210661,113,148,131.0,128.0,133.0,173.74204644085594,25.228889566671377,126,204,185.0,159.0,193.0,IMG20200717084242.jpg,fully_ripe
135.49547271305036,52.65077206493455,0,222,148.0,109.0,176.0,130.90959356214438,3.653950217899936,113,148,131.0,128.0,133.0,180.11327325525326,19.960026056301107,126,204,188.0,174.0,194.0,IMG20200717084242.jpg,fully_ripe
121.82576642413981,36.219250295103514,39,195,128.0,94.0,152.0,131.2231818522765,3.534845952571704,115,148,132.0,129.0,133.0,175.63851354971445,15.99023263003357,126,197,181.0,168.0,187.0,IMG20200717084242.jpg,fully_ripe
140.17338705356664,43.64392400959359,0,223,148.0,111.0,176.0,131.07217941986434,3.703893068604185,114,148,131.0,129.0,133.0,181.25990377506082,17.899116581493825,125,204,188.0,174.0,194.0,IMG20200717084242.jpg,fully_ripe
143.02673510281497,39.250065809107795,54,223,149.0,113.0,176.0,131.0191164021731,3.7401677500167576,113,148,131.0,129.0,133.0,181.5368880126014,17.300667410219415,126,204,188.0,174.0,194.0,IMG20200717084242.jpg,fully_ripe
158.17551407407407,37.9914918837171,76,230,161.0,130.0,189.0,133.46295703703703,2.9054716650954804,122,141,134.0,132.0,135.0,182.4838637037037,15.825114509840724,125,206,185.0,177.0,194.0,IMG20200717084253.jpg,fully_ripe
128.13611851851851,42.09558839260103,0,205,133.0,101.0,161.0,133.86484148148148,2.7413987286942945,123,141,134.0,133.0,136.0,176.97480296296297,16.036357370111116,125,199,180.0,171.0,189.0,IMG20200717084253.jpg,fully_ripe
131.82801777777777,37.05140203130793,0,205,135.0,105.0,161.0,133.93786074074075,2.671726763283232,123,141,134.0,133.0,136.0,178.12212148148149,14.632175063349314,125,198,180.0,173.0,189.0,IMG20200717084253.jpg,fully_ripe
132.5701451851852,35.9259776591272,54,205,135.0,106.0,161.0,133.91652740740741,2.7155412311614278,123,141,134.0,133.0,136.0,178.16260740740742,14.529483292842253,125,199,180.0,173.0,189.0,IMG20200717084253.jpg,fully_ripe
118.50541037037037,55.34880418583555,0,204,130.0,94.0,159.0,133.58062222222222,2.9698521072210706,124,141,134.0,132.0,136.0,174.14487703703705,20.048264437113644,126,198,179.0,170.0,188.0,IMG20200717084253.jpg,fully_ripe
127.56025898742462,54.36883956405814,0,219,142.0,108.0,165.0,131.55259221167782,3.5737982887771467,118,145,132.0,128.0,134.0,174.67763311673133,20.3343451219076,126,198,182.0,171.0,189.0,IMG20200717084319.jpg,fully_ripe
138.31976064700106,36.09542211676708,54,220,143.0,113.0,165.0,131.56709597494273,3.8436129247333914,116,146,132.0,129.0,134.0,177.32171240241223,16.351774361974982,125,198,182.0,172.0,189.0,IMG20200717084319.jpg,fully_ripe
108.13952129400215,67.55005471463213,0,220,132.0,53.0,163.0,131.39284044691692,3.59177878372423,121,146,132.0,128.0,134.0,167.40646767332055,25.074189031712017,125,198,179.0,136.0,188.0,IMG20200717084319.jpg,fully_ripe
127.6555327006685,51.11370264003552,0,219,141.0,104.0,164.0,131.7133607591978,3.603981894840958,117,146,132.0,129.0,134.0,175.91224112944695,18.351964110857594,125,198,182.0,171.0,189.0,IMG20200717084319.jpg,fully_ripe
114.74692627740639,36.47834526783841,27,197,119.0,89.0,142.0,133.05607498480668,4.1239345810935895,117,148,134.0,131.0,136.0,172.32210976578935,16.23584467155563,125,194,177.0,165.0,185.0,IMG20200717084319.jpg,fully_ripe
71.5905836834777,65.92296914944743,0,208,78.0,0.0,135.0,126.58344936357923,2.4558250484300315,116,136,128.0,125.0,128.0,154.22592013011817,25.539282434232486,125,195,153.0,128.0,181.0,IMG20200717084327.jpg,fully_ripe
84.23219192429488,32.91380691594778,10,177,88.0,61.0,107.0,130.0993629631455,4.152131723811528,119,147,130.0,127.0,134.0,160.59860517268996,16.882139776861493,120,187,164.0,149.0,174.0,IMG20200717084327.jpg,fully_ripe
126.7833335386966,33.09206570477947,54,223,130.0,103.0,150.0,127.42313047549811,3.7392257655850285,116,143,127.0,125.0,131.0,172.3227694468746,17.952122299384236,125,195,178.0,165.0,186.0,IMG20200717084327.jpg,fully_ripe
79.179491602696,34.1788011776383,5,175,84.0,55.0,103.0,131.33611395196965,4.650726334503955,119,150,131.0,128.0,135.0,156.53263427677217,18.123414664474346,110,188,159.0,142.0,171.0,IMG20200717084327.jpg,fully_ripe
121.80519240484493,41.04853854285275,0,222,129.0,99.0,149.0,127.54594181647917,3.7031567395851055,117,142,127.0,125.0,131.0,171.77276143770715,18.659670147106556,126,195,178.0,164.0,186.0,IMG20200717084327.jpg,fully_ripe
152.8758251100943,43.966621112617574,63,248,160.0,117.0,188.0,135.88831042289578,4.345687155337217,123,150,136.0,133.0,139.0,184.0447255046187,18.813060001226265,125,209,189.0,173.0,199.0,IMG20200717084342.jpg,fully_ripe
120.81514668093196,57.88275332134662,0,219,137.0,77.0,167.0,135.08007986014923,4.316369431007138,123,149,136.0,132.0,138.0,174.43222872863788,22.55165475877083,125,203,182.0,160.0,193.0,IMG20200717084342.jpg,fully_ripe
129.30571343962248,51.58493671406305,0,223,141.0,94.0,169.0,135.30238911762177,4.061548097187399,124,149,136.0,133.0,138.0,177.82269327397952,20.069177194723242,126,203,184.0,168.0,194.0,IMG20200717084342.jpg,fully_ripe
127.09167677655398,52.797811751863655,0,224,140.0,91.0,168.0,135.31238118892276,4.1096584593484256,124,149,136.0,133.0,138.0,177.4144416954042,20.30748803187235,126,203,183.0,168.0,193.0,IMG20200717084342.jpg,fully_ripe
136.63797369200347,40.75367341295372,53,225,143.0,103.0,170.0,135.45169702817077,3.932179780822708,123,148,136.0,133.0,138.0,179.74524994507226,17.326455314283727,125,203,184.0,170.0,194.0,IMG20200717084342.jpg,fully_ripe
134.88878101215346,51.828428030212905,0,215,144.0,107.0,178.0,133.04369874651087,3.642401378433763,123,148,133.0,130.0,135.0,178.7388044175523,20.34153565359867,123,201,185.0,173.0,194.0,IMG20200717084347.jpg,fully_ripe
129.47072591411086,57.7546672889719,0,215,142.0,97.0,179.0,132.83336222888747,3.783821540481926,122,148,133.0,130.0,136.0,176.2056467691881,22.437952156843377,122,201,183.0,169.0,194.0,IMG20200717084347.jpg,fully_ripe
153.7754208637459,36.45607845581884,72,221,158.0,125.0,187.0,131.62293902460166,3.180997203073228,122,145,132.0,129.0,134.0,178.74345949132265,17.713329573889638,123,201,184.0,172.0,192.0,IMG20200717084347.jpg,fully_ripe
143.15300195911857,39.25426813531327,54,215,147.0,113.0,179.0,133.0233273808492,3.6719940307805365,122,148,133.0,131.0,135.0,180.36723937654952,18.117878768947723,122,201,185.0,174.0,194.0,IMG20200717084347.jpg,fully_ripe
136.02533851141663,51.301578916271595,0,215,146.0,107.0,179.0,132.96912221085663,3.62045572059339,122,148,133.0,130.0,135.0,178.91923403665112,20.208633816572668,122,201,185.0,173.0,194.0,IMG20200717084347.jpg,fully_ripe
131.00269991829194,54.79060294148895,0,217,148.0,109.0,169.0,133.5690077800277,3.3435039820017547,123,148,134.0,132.0,136.0,178.14943692493517,20.48944814520938,124,202,186.0,174.0,191.0,IMG20200717084352.jpg,fully_ripe
142.94816867384276,35.802666783516386,54,218,150.0,119.0,170.0,133.7758890191481,3.3450575150947985,123,148,134.0,132.0,136.0,181.10726846424384,16.412167823019974,124,202,186.0,177.0,191.0,IMG20200717084352.jpg,fully_ripe
204.4098813456961,34.83334441151431,115,255,214.0,182.0,231.0,127.09519876372163,7.922356129162861,108,146,129.0,122.0,133.0,186.52108423034565,18.04097981044394,123,213,193.0,182.0,198.0,IMG20200717084352.jpg,fully_ripe
172.77821592241287,32.096318229590075,95,238,179.0,152.0,197.0,131.21110874276172,2.69092433866976,120,143,131.0,130.0,133.0,179.02400618139188,16.19589814410195,124,204,184.0,174.0,189.0,IMG20200717084352.jpg,fully_ripe
126.59500337489787,59.29576862429607,0,217,147.0,103.0,169.0,133.50281537532416,3.5910507599397916,123,148,134.0,131.0,136.0,176.4361078546307,22.328040245855092,124,202,186.0,173.0,191.0,IMG20200717084352.jpg,fully_ripe
116.21088454428323,54.59727564366287,0,207,126.0,84.0,161.0,135.12200063488507,4.5503004551875,123,151,135.0,132.0,139.0,174.10135753365824,20.929635207613234,126,201,180.0,168.0,189.0,IMG20200717084358.jpg,fully_ripe
116.84421040838048,55.364041243949885,0,223,128.0,92.0,159.0,134.81133643306632,4.6297116913186915,120,151,135.0,132.0,139.0,174.8500364125259,20.678992339758608,126,201,181.0,170.0,188.0,IMG20200717084358.jpg,fully_ripe
153.96817171773756,38.63821964121531,72,255,157.0,125.0,186.0,135.03096932011277,4.655860049130622,118,152,135.0,132.0,139.0,183.48438929658468,16.237784435417577,126,208,186.0,178.0,194.0,IMG20200717084358.jpg,fully_ripe
167.1638376934999,38.209860946257535,85,255,170.0,138.0,200.0,133.98951505984726,5.010283177062172,115,151,134.0,131.0,138.0,184.49168113831158,16.567376011338997,126,211,188.0,179.0,195.0,IMG20200717084358.jpg,fully_ripe
131.53164155136034,36.43521322852996,53,229,134.0,104.0,162.0,135.21534741284336,4.378023175191498,119,151,135.0,132.0,139.0,179.13577203891472,14.876799277779817,126,201,182.0,174.0,189.0,IMG20200717084358.jpg,fully_ripe
119.85860664788136,33.22457805799611,40,207,125.0,98.0,144.0,134.28992394597603,4.642502353135836,115,150,136.0,131.0,138.0,174.94599369308094,17.767290070005835,125,198,180.0,170.0,187.0,IMG20200717084402.jpg,fully_ripe
135.83746875248434,39.227431933508775,0,229,143.0,113.0,163.0,134.32723546714485,4.737236210079459,114,150,136.0,131.0,138.0,179.68884099320726,19.69546097378246,125,204,186.0,175.0,193.0,IMG20200717084402.jpg,fully_ripe
131.60337958996192,46.28714341282516,0,228,142.0,111.0,163.0,134.4436926392778,4.594326802137903,114,151,136.0,131.0,138.0,178.85774099232393,20.816376237364576,125,204,186.0,175.0,193.0,IMG20200717084402.jpg,fully_ripe
180.68605852891554,35.427390446818144,96,255,186.0,157.0,207.0,131.83435062583362,5.678854159563649,110,149,133.0,128.0,136.0,184.74649541997545,21.42565668808543,124,211,192.0,179.0,199.0,IMG20200717084402.jpg,fully_ripe
104.50050791014849,66.34331972038159,0,221,129.0,47.0,158.0,133.47603105760143,5.1302559315799625,113,151,135.0,128.0,138.0,168.89156339160314,27.355585452962742,124,204,182.0,133.0,192.0,IMG20200717084402.jpg,fully_ripe
93.424541541029,41.289741335832765,3,184,96.0,66.0,126.0,138.81991617833913,6.38875854038539,118,159,140.0,135.0,143.0,160.10048169008743,22.22861364724662,105,197,161.0,143.0,179.0,IMG20200717084410.jpg,fully_ripe
131.20976275814985,41.05028847775289,40,224,134.0,104.0,164.0,134.85246818759364,5.419522074443258,114,154,136.0,132.0,139.0,179.03998596650928,19.235558165797414,122,204,183.0,170.0,194.0,IMG20200717084410.jpg,fully_ripe
139.8006675390188,38.979161024188315,54,228,142.0,114.0,171.0,133.50940623162845,5.01658338175502,114,151,135.0,131.0,137.0,180.29349908023744,18.947727281837548,123,203,186.0,172.0,195.0,IMG20200717084410.jpg,fully_ripe
112.60902505167738,66.79408968985153,0,214,129.0,67.0,167.0,133.27811913295784,4.591100457082231,117,151,134.0,128.0,137.0,170.46190096906943,27.14194502366215,123,203,180.0,136.0,194.0,IMG20200717084410.jpg,fully_ripe
127.17115169444918,56.63364086122811,0,225,139.0,102.0,170.0,133.4810073770647,4.991209448262674,114,150,135.0,130.0,137.0,177.50122318939523,22.508212063758222,123,203,185.0,169.0,194.0,IMG20200717084410.jpg,fully_ripe
127.64843273508974,44.72652068594663,0,220,136.0,108.0,158.0,135.7253411988202,4.17580837934079,122,148,137.0,134.0,139.0,175.9521471779233,17.351152422544644,125,196,182.0,173.0,187.0,IMG20200717084423.jpg,fully_ripe
89.09285607158927,35.494073759795754,6,177,93.0,68.0,114.0,139.81639754036894,5.806014003647112,122,155,141.0,137.0,144.0,160.72194170874369,19.703952779225105,111,191,165.0,146.0,178.0,IMG20200717084423.jpg,fully_ripe
185.81209818527222,33.77470988709991,106,255,190.0,165.0,211.0,132.36885467179923,5.58877720601097,111,144,134.0,129.0,136.0,180.35349697545368,17.500566581391812,125,205,186.0,177.0,191.0,IMG20200717084423.jpg,fully_ripe
103.00117982302655,64.02916131406862,0,221,123.0,51.0,154.0,134.38996150577412,4.864861476130711,121,147,136.0,128.0,139.0,167.07034944758286,24.60690645400357,125,196,180.0,136.0,186.0,IMG20200717084423.jpg,fully_ripe
134.14098885167226,34.49526548181542,53,221,138.0,113.0,158.0,135.62339649052643,4.277639979188636,121,147,137.0,133.0,139.0,176.8346847972804,16.06733901045692,125,196,182.0,174.0,187.0,IMG20200717084423.jpg,fully_ripe
114.26927075922906,36.36536088308454,33,182,126.0,84.0,143.0,135.67440816907265,4.345671655485103,121,147,136.0,133.0,139.0,173.31382635248278,14.831913408069449,126,194,180.0,165.0,184.0,IMG20200717084433.jpg,fully_ripe
120.75332990401559,46.75085829547938,12,206,136.0,82.0,158.0,140.80290908294936,6.671263749433825,121,157,141.0,137.0,145.0,173.62003524171217,23.112568141819292,116,203,183.0,155.0,193.0,IMG20200717084433.jpg,fully_ripe
126.16315161597478,61.18903431586103,0,214,152.0,90.0,172.0,135.31173592794056,4.6638233794786785,121,146,136.0,132.0,139.0,175.8702404535455,21.71558449132814,125,202,186.0,169.0,191.0,IMG20200717084433.jpg,fully_ripe
140.83568825312742,39.57884815568128,54,214,153.0,108.0,172.0,135.5788615394718,4.4570621569387425,121,147,136.0,133.0,139.0,180.15997767295252,15.621316510335394,125,202,186.0,174.0,191.0,IMG20200717084433.jpg,fully_ripe
129.61617178692993,55.25422576173872,0,214,149.0,98.0,170.0,135.35147588350534,4.478619891601551,123,147,136.0,132.0,138.0,177.0574155348094,20.143302020605272,126,202,186.0,171.0,191.0,IMG20200717084433.jpg,fully_ripe
91.28665216772698,31.86863182175386,11,154,98.0,69.0,116.0,134.77962966726966,3.904859367826769,119,148,135.0,132.0,138.0,166.62062237037338,15.721831884862228,123,187,172.0,157.0,179.0,IMG20200717084442.jpg,fully_ripe
142.36919449582308,35.70144879453691,54,213,149.0,117.0,170.0,133.13823451696172,3.5685664771112067,116,145,133.0,131.0,136.0,181.0801032541312,14.776599043342086,124,202,186.0,176.0,191.0,IMG20200717084442.jpg,fully_ripe
141.43088274151913,37.55688266742976,0,212,149.0,116.0,170.0,133.15103965527754,3.5464089283888423,116,145,133.0,131.0,136.0,180.99394296632045,14.96545355129658,124,201,186.0,176.0,191.0,IMG20200717084442.jpg,fully_ripe
84.24886684688713,73.9085459028196,0,213,100.0,0.0,153.0,131.65793003922843,3.9418593994993207,123,143,130.0,128.0,135.0,159.37786337120673,27.87791328210131,124,200,171.0,128.0,187.0,IMG20200717084442.jpg,fully_ripe
137.92777292221388,29.179348442303677,67,197,144.0,117.0,161.0,130.97502998028415,2.7510064395104257,117,140,131.0,129.0,133.0,173.5758958515417,12.862773858629621,124,194,178.0,170.0,182.0,IMG20200717084442.jpg,fully_ripe
92.16368617304619,74.00103732918117,0,209,111.0,0.0,161.0,130.95566764868948,3.49497155149716,120,147,130.0,128.0,134.0,162.38691336819332,28.219285078410433,126,200,172.0,128.0,190.0,IMG20200717084451.jpg,fully_ripe
170.9676693445813,40.82302267609277,80,245,181.0,141.0,204.0,130.78656766717037,4.278811153881126,114,146,131.0,128.0,134.0,185.59983475925947,18.68918678053222,127,209,193.0,177.0,200.0,IMG20200717084451.jpg,fully_ripe
136.15988128757326,42.99669715999307,0,209,147.0,109.0,169.0,131.57393979584072,3.682612124824777,119,147,132.0,129.0,134.0,179.42597323534847,17.550923151272126,126,200,186.0,172.0,192.0,IMG20200717084451.jpg,fully_ripe
138.82709513300793,38.093834056953526,54,209,148.0,112.0,169.0,131.58502831921902,3.68887075035165,119,146,132.0,129.0,134.0,179.9099872808114,16.651411089856293,128,200,186.0,173.0,192.0,IMG20200717084451.jpg,fully_ripe
132.32015393479514,48.69388405631864,0,209,147.0,103.0,169.0,131.6547773054888,3.6441670896525324,119,147,132.0,129.0,134.0,178.2832356746062,19.15173645063225,126,200,186.0,171.0,192.0,IMG20200717084451.jpg,fully_ripe
133.96256854256853,36.63536370144657,54,246,136.0,109.0,158.0,137.43270803270804,7.735517923442731,108,152,139.0,132.0,144.0,181.1413949013949,15.703521716559198,124,206,184.0,175.0,191.0,IMG20200717084524.jpg,fully_ripe
136.5309571909572,35.22179922630908,61,245,138.0,113.0,160.0,136.52292448292448,7.380520407849955,109,150,138.0,132.0,143.0,180.75536315536314,15.33965955356404,125,204,183.0,175.0,190.0,IMG20200717084524.jpg,fully_ripe
119.79473785473786,43.81181051895249,0,219,127.0,100.0,148.0,136.1824531024531,6.968850914144844,110,149,138.0,131.0,142.0,176.73630591630592,16.919167496599474,125,200,180.0,172.0,187.0,IMG20200717084524.jpg,fully_ripe
126.24449254449254,33.52238384401805,54,229,128.0,103.0,148.0,136.1994227994228,7.02552479924728,110,149,138.0,131.0,142.0,178.03493025493026,14.530744360872994,124,200,180.5,173.0,187.0,IMG20200717084524.jpg,fully_ripe
124.99253487253488,35.4682222270403,0,227,128.0,102.0,148.0,136.2029822029822,6.983266659127911,110,149,137.0,131.0,142.0,177.9033189033189,14.809844351186864,125,200,181.0,172.0,187.0,IMG20200717084524.jpg,fully_ripe
122.70241194873347,50.38945716632044,0,227,141.0,95.0,157.0,133.75203350489454,7.2345367999023145,110,149,134.0,128.0,140.0,177.0032899384398,18.361704007491657,125,198,185.0,172.0,188.0,IMG20200717084527.jpg,fully_ripe
101.60268442829751,35.58721357122914,19,198,112.0,74.0,127.0,136.0983146634373,7.735307395838369,111,153,136.0,131.0,142.0,169.13610858815218,16.879232216086653,122,194,175.0,157.0,183.0,IMG20200717084527.jpg,fully_ripe
124.29044303158744,46.160449883092944,0,208,140.0,95.0,157.0,133.96639418710262,7.2643343093742265,110,149,135.0,129.0,140.0,177.42862044605914,17.05715834618581,126,198,185.0,171.0,188.0,IMG20200717084527.jpg,fully_ripe
132.3866787768695,35.41444001349202,53,230,142.0,105.0,158.0,133.63645171056615,7.259013999910561,110,149,134.0,129.0,139.0,179.58721364416186,14.07709436378783,122,198,185.0,173.0,188.0,IMG20200717084527.jpg,fully_ripe
96.60324957109698,36.89933886310215,10,196,107.0,68.0,123.0,137.51487536582906,8.313982117786095,111,156,138.0,132.0,144.0,164.87916035926935,19.53731923606975,117,194,171.0,150.0,181.0,IMG20200717084527.jpg,fully_ripe
125.82126150967551,48.56343427435277,0,210,133.0,101.0,163.0,131.0783790437737,5.859131525945116,111,146,131.0,127.0,135.0,176.67446944704318,18.50197825079482,126,197,184.0,173.0,189.0,IMG20200717084536.jpg,fully_ripe
175.0677532128613,38.914215067298464,89,249,178.0,146.0,208.0,129.27457777340095,6.949518827292155,108,147,129.0,125.0,134.0,185.10474174011523,17.937673913352178,126,206,192.0,180.0,197.0,IMG20200717084536.jpg,fully_ripe
133.87858584863852,36.26393529325858,54,210,136.0,107.0,164.0,130.86365650696735,6.1674687857332815,110,146,131.0,127.0,135.0,178.43355162735733,15.760176990879433,127,197,184.0,174.0,189.0,IMG20200717084536.jpg,fully_ripe
122.96099266335122,51.65108441805722,0,210,134.0,94.0,163.0,131.0827022502339,6.200093447856261,110,146,130.0,127.0,136.0,175.0701757841351,20.21770183042027,124,197,184.0,170.0,189.0,IMG20200717084536.jpg,fully_ripe
135.03226155891477,39.90410045175292,46,218,138.0,105.0,168.0,132.13560490422964,6.953444730722248,109,150,132.0,127.0,137.0,179.84803781574672,17.264556120578956,126,202,184.0,173.0,193.0,IMG20200717084536.jpg,fully_ripe
132.41295964260314,41.78578832743744,0,216,143.0,103.0,162.0,130.25391403644085,5.43141886158876,110,142,131.0,127.0,134.0,179.4707160958801,15.747706185433314,126,198,185.0,174.0,190.0,IMG20200717084540.jpg,fully_ripe
126.59148778460029,50.37627517851665,0,214,141.0,99.0,162.0,130.21320605411037,5.191188011857203,110,142,131.0,128.0,134.0,177.56445263590194,18.70345404859846,126,199,185.0,173.0,190.0,IMG20200717084540.jpg,fully_ripe
126.53641581441006,33.43539283720688,52,202,134.0,99.0,151.0,129.82110123906924,5.074111302731114,111,141,131.0,127.0,133.0,176.77278054350765,13.369353488171534,128,194,181.0,171.0,186.0,IMG20200717084540.jpg,fully_ripe
128.9845542055232,48.39258743684098,0,214,143.0,102.0,162.0,130.16504562619573,5.331694708956602,110,142,131.0,127.0,134.0,178.58256288000962,17.569317983777527,126,198,185.0,174.0,190.0,IMG20200717084540.jpg,fully_ripe
111.93325854176474,31.624554238376767,40,183,119.0,86.0,135.0,130.0363006220388,4.847478334414263,112,141,131.0,127.0,134.0,173.1059769815592,12.641840870305897,128,189,177.0,167.0,182.0,IMG20200717084540.jpg,fully_ripe
132.77804380103936,34.24625726027023,54,214,137.0,110.0,159.0,131.87895322939866,6.1149765839423225,110,149,134.0,128.0,136.0,178.83343541202672,15.135088723071853,125,198,183.0,174.0,189.0,IMG20200717084543.jpg,fully_ripe
123.48725872308835,49.92440150738616,0,214,136.0,102.0,159.0,132.05326651818856,5.770351680846955,110,149,134.0,128.0,136.0,176.52816443949519,18.647469610491974,125,198,183.0,172.0,189.0,IMG20200717084543.jpg,fully_ripe
125.19235337787676,47.791984898301926,0,214,136.0,105.0,159.0,132.11030066815144,5.809429467138069,110,149,134.0,128.0,136.0,177.30959539717892,17.87702498338271,124,198,183.0,173.0,189.0,IMG20200717084543.jpg,fully_ripe
153.70872308834447,27.299654466755445,93,220,157.0,135.0,174.0,128.9323589458055,4.716179920985252,111,142,130.0,127.0,132.0,172.0972995545657,13.546416127024541,125,191,176.0,167.0,182.0,IMG20200717084543.jpg,fully_ripe
132.06327951002228,35.36491697179912,0,214,137.0,109.0,159.0,131.89419079435783,6.097577594332491,110,149,134.0,128.0,136.0,178.80046399406086,15.224776984627018,124,198,183.0,174.0,189.0,IMG20200717084543.jpg,fully_ripe
127.78056760532314,60.209971211894086,0,212,147.0,97.0,174.0,131.85479927946474,4.369286446177321,114,158,132.0,129.0,134.0,175.43635578266304,21.713292115186114,125,200,184.0,168.0,191.0,IMG20200717084601.jpg,fully_ripe
135.76464965811337,50.18888987445387,0,212,150.0,105.0,174.0,131.8019722814499,4.6122996432297825,114,158,132.0,129.0,134.0,177.43025329019926,19.153720210616566,126,200,185.0,171.0,191.0,IMG20200717084601.jpg,fully_ripe
143.806723770311,38.3402685318852,54,212,152.0,116.0,175.0,131.66147709727227,4.25529081076819,114,158,132.0,130.0,134.0,179.43811116829644,17.009255353181214,125,200,185.0,173.0,191.0,IMG20200717084601.jpg,fully_ripe
116.32318395706199,41.0263478990464,17,189,125.0,86.0,150.0,134.47497426659805,5.070988830203612,116,163,134.0,132.0,137.0,173.38078082493934,19.836905191979707,124,198,180.0,162.0,189.0,IMG20200717084601.jpg,fully_ripe
177.50647011249174,41.51107976730487,80,247,187.0,147.0,212.0,130.39159804426146,5.582815723238617,112,161,131.0,127.0,134.0,185.6629291963826,19.017010191776492,125,208,192.0,179.0,199.0,IMG20200717084601.jpg,fully_ripe
123.34597635692404,55.59851753332931,0,218,137.0,98.0,163.0,134.05368784855864,3.838890862424992,114,148,135.0,132.0,137.0,175.7209665383709,20.303400133657718,126,201,183.0,172.0,190.0,IMG20200717084608.jpg,fully_ripe
136.23765807870552,36.66357860725817,54,219,139.0,110.0,164.0,134.19288547639619,3.9012430885361953,114,148,135.0,132.0,137.0,179.04833673709842,15.433211898919785,126,201,183.0,174.0,190.0,IMG20200717084608.jpg,fully_ripe
127.45061267771581,52.381367210111044,0,219,138.0,105.0,164.0,133.98864975257246,3.9897865629559846,114,148,135.0,132.0,137.0,176.84096889482365,19.42171263658726,126,201,183.0,174.0,190.0,IMG20200717084608.jpg,fully_ripe
117.47079962296756,59.36870163528146,0,218,132.0,93.0,160.0,133.87632550467364,3.924172028601049,114,147,135.0,131.0,137.0,173.43926243028827,21.811138230210606,126,201,181.0,169.0,189.0,IMG20200717084608.jpg,fully_ripe
157.40588916817217,33.2671779491201,84,231,159.0,133.0,183.0,132.04480205796872,3.220475288107679,113,144,133.0,131.0,134.0,177.15228575917052,15.103341699220708,126,198,181.0,172.0,188.0,IMG20200717084608.jpg,fully_ripe
111.87468524342808,64.75680116424071,0,211,135.0,73.0,162.0,135.40085045511105,5.370877432007414,123,148,137.0,130.0,140.0,171.1202786514212,25.54672793499976,125,204,182.0,152.0,192.0,IMG20200717084620.jpg,fully_ripe
129.26566924350647,51.232083010598686,0,211,144.0,99.0,165.0,136.30235246857333,4.729897890253609,123,148,137.0,133.0,140.0,178.47935098909497,20.387161267188514,125,204,187.0,172.0,193.0,IMG20200717084620.jpg,fully_ripe
129.92766232621028,50.389778351497306,0,211,144.0,99.0,165.0,136.3297571108041,4.70885978972353,123,148,137.0,133.0,140.0,178.71284402770837,20.10074564861677,126,203,187.0,172.0,193.0,IMG20200717084620.jpg,fully_ripe
146.25460744834072,44.334977956795164,45,229,156.0,111.0,180.0,139.6038427245917,5.774518428193334,121,155,141.0,136.0,144.0,185.70082204128823,18.84489851351353,125,212,192.0,174.0,200.0,IMG20200717084620.jpg,fully_ripe
84.20188511017705,34.44861114879779,7,151,92.0,57.0,110.0,139.22626221059542,5.117090066431942,122,153,140.0,136.0,143.0,161.5535110666941,18.151703853769018,115,189,166.0,147.0,176.0,IMG20200717084620.jpg,fully_ripe
127.35865994534818,45.45842604251116,28,215,132.0,92.0,167.0,134.17885152265487,6.005455649439276,114,156,135.0,131.0,138.0,175.97148043287396,20.551777636685692,124,205,183.0,163.0,193.0,IMG20200717084648.jpg,fully_ripe
145.8615257129892,43.75842550938544,53,228,150.0,111.0,183.0,132.41583718888418,5.408783781394254,112,152,133.0,130.0,136.0,179.87194309897504,18.79815582878246,124,206,185.0,173.0,194.0,IMG20200717084648.jpg,fully_ripe
95.08177056101964,77.76301231018728,0,221,114.0,0.0,169.0,130.08194813009894,4.38390461410949,113,152,129.0,128.0,133.0,162.14342649133366,27.908469917807363,126,202,173.0,128.0,188.0,IMG20200717084648.jpg,fully_ripe
139.21103098580434,43.21257838375288,0,220,144.0,107.0,176.0,131.90183389399127,4.991664222232419,113,150,132.0,130.0,135.0,177.41865856425534,17.980891741168715,124,201,182.0,171.0,190.0,IMG20200717084648.jpg,fully_ripe
140.71537649577286,41.113379055774246,54,221,145.0,108.0,176.0,131.86992078446073,5.011790275231479,113,150,132.0,130.0,135.0,177.53909972476794,17.790718242872657,124,202,182.0,171.0,190.0,IMG20200717084648.jpg,fully_ripe
43.16550580054312,62.82348161659774,0,212,0.0,0.0,92.0,129.81245099932963,4.365579196785066,115,155,128.0,128.0,131.0,145.17026667727166,24.250263090536638,126,199,128.0,128.0,169.0,IMG20200717084659.jpg,fully_ripe
135.7335158904203,32.748593466467405,68,198,142.0,110.0,161.0,131.18369712188527,3.891416662636706,116,150,131.0,129.0,134.0,172.48114397391177,13.173765694079984,129,193,175.0,166.0,182.0,IMG20200717084659.jpg,fully_ripe
137.58732629617427,40.303712551832,38,213,146.0,106.0,169.0,133.47975775204807,4.875957031727786,115,156,134.0,131.0,137.0,179.86911565862582,15.059787729554662,129,202,183.0,173.0,191.0,IMG20200717084659.jpg,fully_ripe
127.87209262689043,55.29336173209922,0,213,144.0,99.0,168.0,133.30509379722528,4.89198038444969,115,156,133.0,130.0,137.0,177.0738447204263,19.57986580151183,126,202,183.0,171.0,191.0,IMG20200717084659.jpg,fully_ripe
137.77392084900407,40.226253206664616,54,213,146.0,106.0,169.0,133.476723971412,4.8894568948690935,115,156,134.0,131.0,137.0,179.8915679078276,15.040142641493068,129,202,183.0,173.0,191.0,IMG20200717084659.jpg,fully_ripe
138.35447826955388,43.15129302222917,54,226,142.0,100.0,177.0,129.74475684694104,5.160971799531239,111,149,130.0,127.0,134.0,178.74710671946048,14.400702400981714,129,202,181.0,170.0,190.0,IMG20200717084705.jpg,fully_ripe
186.3157758691591,42.14228173360869,103,250,192.0,149.0,226.0,125.61976712763332,6.86669463066879,109,147,126.0,121.0,131.0,181.72997614879392,15.134872923871105,129,210,185.0,174.0,193.0,IMG20200717084705.jpg,fully_ripe
106.903420239452,41.50896257340988,24,191,111.0,70.0,144.0,131.24597290596986,4.990552290859076,115,151,132.0,128.0,135.0,170.9971919023393,15.776257479687036,129,196,175.0,158.0,185.0,IMG20200717084705.jpg,fully_ripe
130.71372678032216,54.55784086798405,0,226,140.0,94.0,177.0,129.82196190856646,5.166812577692208,111,151,130.0,127.0,134.0,176.50534008530036,18.135098061708526,126,202,181.0,169.0,190.0,IMG20200717084705.jpg,fully_ripe
81.30564791860041,73.52552901949349,0,226,81.0,0.0,150.0,128.51813514116859,4.179913315240713,112,148,128.0,128.0,130.0,157.70120195979368,25.959723229851228,126,201,162.0,128.0,183.0,IMG20200717084705.jpg,fully_ripe
87.53272562319091,42.13776194815541,7,178,88.0,54.0,123.0,131.21049164038536,5.925772047568989,109,155,131.0,127.0,135.0,160.0838013565473,21.384177499265952,113,191,167.0,139.0,178.0,IMG20200717084709.jpg,fully_ripe
136.299617661036,42.910703559862924,54,230,137.0,102.0,172.0,128.08891000993648,4.928001618114387,107,148,128.0,125.0,132.0,172.08048559208538,16.826779767989866,121,198,177.0,167.0,183.0,IMG20200717084709.jpg,fully_ripe
121.45005832289281,59.187526963496815,0,228,131.0,80.0,170.0,128.66345530738326,4.848654798660093,107,148,129.0,126.0,132.0,169.6017194452845,19.115709937688138,124,198,176.0,162.0,183.0,IMG20200717084709.jpg,fully_ripe
80.1988810645008,74.25215157038807,0,224,78.0,0.0,147.0,128.902568367391,4.105159658731068,107,149,128.0,128.0,131.0,154.81976066012874,24.451867227774265,121,198,160.0,128.0,178.0,IMG20200717084709.jpg,fully_ripe
121.79939084978615,61.177992172043155,0,224,134.0,85.0,171.0,128.36698060223787,4.823661471938628,107,150,128.0,126.0,132.0,169.62500540026787,19.58590632491151,126,198,176.0,164.0,183.0,IMG20200717084709.jpg,fully_ripe
139.5240332864122,48.47288950710548,0,214,154.0,120.0,175.0,130.5074211310756,2.847786036442853,116,140,131.0,129.0,132.0,178.52702450939802,17.500021126037343,126,196,185.0,175.0,190.0,IMG20200717084715.jpg,fully_ripe
149.65413596091744,30.966683098299693,73,208,156.0,132.0,174.0,128.83248116254038,2.3171156376041493,117,137,129.0,128.0,130.0,173.5149768154343,14.235407689391103,127,190,178.0,170.0,183.0,IMG20200717084715.jpg,fully_ripe
120.93513496729321,38.00346070686223,24,191,130.0,100.0,151.0,132.19766912312662,3.3686770343828805,117,144,133.0,130.0,134.0,175.69375672766415,16.607715353473747,126,195,182.0,171.0,187.0,IMG20200717084715.jpg,fully_ripe
136.2167239380641,52.58325303168401,0,215,153.0,116.0,174.0,130.47698103833733,2.8221091348939913,116,140,131.0,129.0,132.0,177.32126148878032,19.034668237136167,126,197,185.0,174.0,190.0,IMG20200717084715.jpg,fully_ripe
146.12770141591454,36.83398749750797,54,215,155.0,125.0,175.0,130.42698931853937,2.940941449500751,116,140,131.0,129.0,132.0,179.58019375672765,15.833641293167414,126,197,185.0,176.0,190.0,IMG20200717084715.jpg,fully_ripe
144.54616490212354,38.00507020732375,54,212,157.0,118.0,173.0,131.72416445677038,3.095648140114758,121,148,132.0,130.0,134.0,179.65773598655844,15.378342706057829,127,200,186.0,175.0,190.0,IMG20200717084719.jpg,fully_ripe
143.9044616287779,39.08602842321412,0,212,157.0,118.0,173.0,131.732848843094,3.0783292510056395,121,149,132.0,130.0,134.0,179.57842264013442,15.498468086244749,127,200,186.0,175.0,190.0,IMG20200717084719.jpg,fully_ripe
101.36796291422904,74.14124970728659,0,212,127.0,0.0,169.0,131.22708961719871,3.367957044263237,121,149,131.0,128.0,134.0,164.7320087451163,26.722760092420625,126,197,178.0,128.0,189.0,IMG20200717084719.jpg,fully_ripe
193.53394805562866,38.83921968722965,100,250,208.0,167.0,223.0,128.4940990708314,5.352016673073677,111,147,130.0,126.0,132.0,184.32535071560153,16.92544286189145,126,208,190.0,180.0,195.0,IMG20200717084719.jpg,fully_ripe
188.5766007409057,34.644649569834066,107,247,201.0,164.0,215.0,129.01775339581772,3.1916725434171154,115,143,130.0,127.0,131.0,178.34138342881434,15.456922525971843,127,202,184.0,174.0,188.0,IMG20200717084719.jpg,fully_ripe
132.12589565670172,37.88507458777308,54,222,134.0,104.0,163.0,131.99065007980258,5.359669722002348,114,152,132.0,128.0,136.0,175.83187122918625,16.601464211429743,126,200,178.0,168.0,189.0,IMG20200717084723.jpg,fully_ripe
135.61224998019085,31.588334902395268,71,212,137.0,112.0,161.0,130.10773915307382,4.341816386489339,115,147,130.0,127.0,133.0,169.87760207373532,14.900072961783648,126,193,172.0,163.0,181.0,IMG20200717084723.jpg,fully_ripe
156.72885231427503,32.27771011485141,91,234,158.0,133.0,183.0,129.62312803504523,4.393525032338188,115,146,130.0,127.0,133.0,171.38401457953657,15.613780802552318,126,196,173.0,164.0,184.0,IMG20200717084723.jpg,fully_ripe
102.53516407638409,63.34783247620659,0,222,116.0,57.0,155.0,131.36542793430152,5.521840491310401,114,154,131.0,128.0,135.0,165.6631878020896,23.869413501582656,124,200,173.0,143.0,186.0,IMG20200717084723.jpg,fully_ripe
124.01430786819556,50.74265349019725,0,222,133.0,97.0,162.0,132.03995789140058,5.3151891853242805,115,154,132.0,128.0,136.0,174.0553863916779,19.219690717116716,126,199,178.0,167.0,188.0,IMG20200717084723.jpg,fully_ripe
124.50763135438254,45.40982529813209,0,220,136.0,93.0,161.0,137.07605753992442,4.284819611758231,121,151,138.0,135.0,140.0,176.98047055955138,17.93873543105793,126,202,182.0,170.0,190.0,IMG20200717090609.jpg,fully_ripe
129.7894306960868,37.80878442112127,54,223,138.0,98.0,161.0,137.16125807631354,4.161664908572792,121,151,138.0,135.0,140.0,178.0985249299037,16.112288730122714,126,202,182.0,171.0,190.0,IMG20200717090609.jpg,fully_ripe
122.4165305376082,49.494337358007336,0,215,137.0,91.0,161.0,136.99957332683164,4.315033843173964,121,151,138.0,135.0,140.0,176.23696208704132,19.105074608301358,126,201,182.0,169.0,190.0,IMG20200717090609.jpg,fully_ripe
167.5874070462026,37.79720081579688,91,255,175.0,135.0,200.0,135.33357308301842,4.54594897410966,116,149,137.0,133.0,139.0,181.35778373765694,17.553586442374804,128,208,186.0,173.0,194.0,IMG20200717090609.jpg,fully_ripe
116.75430939900036,57.7460686127172,0,222,136.0,87.0,161.0,136.2536511032549,4.874073500101407,121,151,138.0,133.0,140.0,173.66821894428867,22.411768909958553,126,202,182.0,168.0,190.0,IMG20200717090609.jpg,fully_ripe
126.45195562731108,39.57717347448498,53,219,129.0,93.0,157.0,136.32983959168794,4.099294840196576,121,147,137.0,134.0,139.0,176.75699182334253,17.806131998425794,128,202,181.0,168.0,191.0,IMG20200717090617.jpg,fully_ripe
119.49121139523983,50.64769299930567,0,219,128.0,89.0,157.0,136.2858575074215,4.12838690518982,123,147,137.0,134.0,139.0,175.4112155616895,19.880152207296117,124,202,181.0,166.0,190.0,IMG20200717090617.jpg,fully_ripe
127.7962215509609,42.09697031171261,50,225,130.0,92.0,161.0,137.33447476693922,4.524618407346477,120,149,138.0,135.0,140.0,178.2760012499349,18.443639039476107,128,205,182.0,169.0,193.0,IMG20200717090617.jpg,fully_ripe
122.49067756887662,45.59281677497253,0,219,128.0,91.0,157.0,136.30102598822978,4.133460290561513,121,147,137.0,134.0,139.0,176.00761679079216,18.976233818300006,126,202,181.0,167.0,191.0,IMG20200717090617.jpg,fully_ripe
119.61582730066142,50.213004522121075,0,219,128.0,88.0,157.0,136.30459351075464,4.081997584338514,123,147,137.0,134.0,139.0,175.4524373730535,19.838080573301898,125,202,181.0,166.0,191.0,IMG20200717090617.jpg,fully_ripe
123.63920634148714,49.55806358883951,0,218,136.0,95.0,159.0,134.8229951855274,4.101233184961865,122,147,136.0,132.0,138.0,175.2726985362058,21.866561633584514,123,204,183.0,167.0,191.0,IMG20200717090624.jpg,fully_ripe
126.38000291786219,47.10815135718227,0,215,138.0,98.0,160.0,134.84575451052862,4.008195185744415,121,147,136.0,132.0,138.0,176.48924038321258,20.850719659201413,123,204,184.0,169.0,191.0,IMG20200717090624.jpg,fully_ripe
125.77432767592278,48.00244682220022,0,215,138.0,98.0,160.0,134.82536594854835,4.021083067617397,121,146,136.0,132.0,138.0,176.33329280746972,21.06052589553843,123,204,184.0,169.0,191.0,IMG20200717090624.jpg,fully_ripe
132.87365656762145,36.3324797027148,54,218,139.0,102.0,160.0,134.9629674658367,3.949726623944013,122,147,136.0,133.0,138.0,177.70893108982153,19.00643437046363,123,204,184.0,169.0,191.0,IMG20200717090624.jpg,fully_ripe
74.83962699995136,36.23333631214836,2,157,82.0,44.0,102.0,140.16258571220152,5.919801045270472,121,156,141.0,137.0,144.0,152.16136993629334,19.572345412996913,104,189,154.0,135.0,169.0,IMG20200717090624.jpg,fully_ripe
126.64417242467819,50.980573041871196,0,205,144.0,105.0,159.0,132.29799024937742,2.9889817197335784,122,145,133.0,130.0,135.0,174.95754854851344,19.985527499214438,126,197,182.0,170.0,189.0,IMG20200717090635.jpg,fully_ripe
124.55543474448459,52.81856808109457,0,205,142.0,104.0,158.0,132.2846386774695,2.999090245805146,121,144,133.0,130.0,135.0,174.29758105058866,20.464240886989227,126,197,181.0,169.0,189.0,IMG20200717090635.jpg,fully_ripe
100.16710509394035,41.878128097274846,6,180,111.0,75.0,128.0,137.48352098020646,4.463301465817126,123,158,138.0,135.0,140.0,166.7894029205102,21.186719488931413,107,198,173.0,155.0,182.0,IMG20200717090635.jpg,fully_ripe
135.16573720084645,36.13494579125347,54,205,144.0,113.0,159.0,132.50485777419243,2.9084633095244525,121,145,133.0,131.0,135.0,176.97106379993687,16.86879295560283,127,197,182.0,171.0,189.0,IMG20200717090635.jpg,fully_ripe
106.60365005319585,33.86002176229251,29,172,115.0,86.0,129.0,133.09791542445606,2.883262087572093,122,146,134.0,131.0,135.0,170.94375270363486,15.449199161042669,126,191,176.0,166.0,182.0,IMG20200717090635.jpg,fully_ripe
91.09157622248082,74.72306307347918,0,211,110.0,0.0,163.0,132.55871945282257,4.563728662709351,117,144,133.0,128.0,137.0,160.65797848338755,27.17639090989839,125,199,173.0,128.0,186.0,IMG20200717090643.jpg,fully_ripe
127.7929204170328,48.6560520509231,0,207,136.0,104.0,166.0,134.09226494407105,4.005300092221875,120,144,135.0,132.0,137.0,174.22580568551547,18.537881526775138,125,198,180.0,170.0,187.0,IMG20200717090643.jpg,fully_ripe
135.3341130928349,35.90312374009753,53,207,137.0,108.0,167.0,134.1961312845845,4.009132205397539,117,144,135.0,132.0,137.0,175.73642149761324,16.313389635715943,125,199,180.0,171.0,187.0,IMG20200717090643.jpg,fully_ripe
106.42937041347045,32.36061403053002,32,174,108.0,82.0,135.0,134.21274372432137,3.7320297706322227,118,144,135.0,132.0,137.0,169.07513002588644,14.76472078117156,125,190,173.0,163.0,180.0,IMG20200717090643.jpg,fully_ripe
135.47195240696323,35.8671623656299,54,211,138.0,108.0,167.0,134.19254518251122,4.018790145440746,117,144,135.0,132.0,137.0,175.74095756050062,16.31992546238791,125,199,180.0,171.0,187.0,IMG20200717090643.jpg,fully_ripe
128.89075170389532,34.544788972996834,56,225,131.0,104.0,155.0,134.16534500771107,4.506535610357594,115,145,135.0,132.0,137.0,173.77299636833988,16.278045232785285,124,199,178.0,166.0,186.0,IMG20200717090654.jpg,fully_ripe
110.6657977215064,59.196803242660145,0,222,125.0,70.0,156.0,134.8153823192876,4.7738273513046625,119,148,136.0,131.0,139.0,169.44268444356,23.139459719857985,125,203,177.0,155.0,188.0,IMG20200717090654.jpg,fully_ripe
120.02864534102781,53.26039301868587,0,230,131.0,94.0,158.0,134.99605989751754,4.863180977982403,114,147,136.0,133.0,138.0,174.38067757822995,20.12126395581333,124,203,180.0,167.0,189.0,IMG20200717090654.jpg,fully_ripe
110.30441271578529,33.235729204667486,40,202,112.0,87.0,135.0,134.48204566936968,4.426244540061612,116,146,135.0,133.0,138.0,170.80822844634596,15.251078362694953,124,194,174.0,163.0,182.0,IMG20200717090654.jpg,fully_ripe
131.74342570021392,37.255585554084064,54,235,134.0,105.0,159.0,135.1037361325307,4.924810957573375,114,148,136.0,133.0,139.0,176.4772100890503,17.11162009886643,123,203,180.0,168.0,189.0,IMG20200717090654.jpg,fully_ripe
94.7536487018096,73.49860038075617,0,220,111.0,0.0,161.0,131.7123229740362,4.963341381002706,114,149,131.0,128.0,136.0,162.2154307631786,27.036969835665662,126,201,172.0,128.0,188.0,IMG20200717090706.jpg,fully_ripe
129.29767899291897,52.84498524087786,0,221,142.0,102.0,166.0,132.16510621557828,5.656186774516441,109,149,133.0,128.0,136.0,175.03906372934696,19.88711475280063,125,201,182.0,168.0,190.0,IMG20200717090706.jpg,fully_ripe
138.07405586152635,38.99164337321736,53,225,143.0,110.0,166.0,132.1326219512195,5.814340529463594,109,149,134.0,129.0,136.0,176.5991345397325,17.627073962112092,123,201,182.0,169.0,190.0,IMG20200717090706.jpg,fully_ripe
113.96343430369788,38.24926888333385,29,199,119.0,87.0,142.0,133.16007081038552,5.894229571808565,110,151,135.0,129.0,137.0,172.18955546813532,17.10474123100762,123,197,178.0,164.0,185.0,IMG20200717090706.jpg,fully_ripe
121.12763571990558,44.35450356018304,20,219,126.0,90.0,154.0,135.15993312352478,7.094178728276427,108,156,137.0,131.0,140.0,174.61299173878837,20.42656288419396,123,205,181.0,162.0,191.0,IMG20200717090706.jpg,fully_ripe
170.1980534687225,34.489752934090774,97,254,172.0,145.0,197.0,129.66816231710288,5.93180835792472,111,142,131.0,126.0,134.0,175.90582085917154,17.081272609002717,125,198,181.0,170.0,188.0,IMG20200717090711.jpg,fully_ripe
127.13230417595594,47.334482246909126,0,220,135.0,102.0,162.0,131.86585045993593,6.260602109360178,111,149,133.0,128.0,136.0,175.2523746182813,18.375907714417185,125,200,181.0,170.0,189.0,IMG20200717090711.jpg,fully_ripe
124.1197987897409,50.03490406313212,0,217,133.0,99.0,161.0,131.9882533675553,6.324080808128117,111,149,134.0,128.0,137.0,174.67475691777358,19.097789352483826,126,200,181.0,169.0,189.0,IMG20200717090711.jpg,fully_ripe
133.60688124098394,37.023921617182154,54,222,136.0,107.0,162.0,131.8192479907076,6.3571240585849,111,146,133.0,128.0,137.0,176.25554077598966,16.822630248243186,125,200,181.0,170.0,189.0,IMG20200717090711.jpg,fully_ripe
92.94511681061131,68.94433053855994,0,216,113.0,0.0,154.0,131.4277778818592,5.602874888218656,112,149,131.0,128.0,136.0,162.30627423796767,26.21979053892183,125,199,174.0,128.0,187.0,IMG20200717090711.jpg,fully_ripe
81.80474748966331,67.57693880026615,0,210,93.0,0.0,142.0,129.52825051683402,4.938298341373954,111,144,128.0,128.0,133.0,157.80370459243946,25.059436138288625,126,198,166.0,128.0,182.0,IMG20200717090721.jpg,fully_ripe
118.44237300649735,41.28950771612942,23,213,122.0,89.0,149.0,132.5950513142351,6.804868404411201,110,152,133.0,127.0,137.0,173.2930172031896,19.80888130657522,126,206,178.0,160.0,189.0,IMG20200717090721.jpg,fully_ripe
128.80637182516244,36.92771426624823,0,210,132.0,104.0,156.0,129.45259893679858,5.525289002000522,111,144,130.0,126.0,133.0,174.7230415682221,15.943137127878474,126,199,179.0,169.0,185.0,IMG20200717090721.jpg,fully_ripe
130.45301424985234,34.33904522955265,54,210,133.0,106.0,156.0,129.41081844359127,5.552224334011945,111,143,130.0,126.0,133.0,174.88351853219137,15.61973918742726,127,199,179.0,169.0,185.0,IMG20200717090721.jpg,fully_ripe
113.49264434435912,56.673559550515904,0,210,129.0,86.0,155.0,129.90270599527466,5.10538880914985,112,144,130.0,127.0,133.0,170.2647943738925,21.157422680608388,126,199,179.0,163.0,185.0,IMG20200717090721.jpg,fully_ripe
131.5139844492924,36.945079034516155,53,214,136.0,103.0,161.0,133.87445693721915,4.932356892641283,111,145,135.0,132.0,137.0,176.50170610281367,15.45330752873996,122,199,180.0,168.0,188.0,IMG20200717090728.jpg,fully_ripe
160.73193675299734,42.18299047617013,70,253,166.0,128.0,195.0,134.2035296750014,5.990358322285973,109,148,136.0,131.0,138.0,183.99165594525553,17.766025551289875,121,211,188.0,175.0,198.0,IMG20200717090728.jpg,fully_ripe
120.78395890436501,52.90049656983947,0,209,133.0,95.0,160.0,133.72999757602878,4.9205216254672255,111,145,135.0,131.0,137.0,173.91150640487777,19.433256814208857,125,199,179.0,167.0,188.0,IMG20200717090728.jpg,fully_ripe
120.76275847923776,52.924414589022454,0,209,133.0,95.0,160.0,133.72783464787156,4.921465306675692,111,145,135.0,131.0,137.0,173.90641606533535,19.44015299418021,125,199,179.0,167.0,188.0,IMG20200717090728.jpg,fully_ripe
78.74015028621507,35.789804195628754,5,157,83.0,51.0,108.0,137.56143834722457,5.566083477290199,114,152,139.0,135.0,141.0,159.26356957729672,19.793739237416148,110,189,164.0,144.0,175.0,IMG20200717090728.jpg,fully_ripe
110.55395625168782,46.04929093746457,0,218,119.0,89.0,141.0,131.87099648933298,4.152431620988767,115,144,132.0,128.0,135.0,169.30342064992348,18.846327105566154,126,196,176.0,163.0,182.0,IMG20200717090742.jpg,fully_ripe
112.29753353137096,44.756302010621084,0,218,120.0,89.0,142.0,131.80424880727338,4.298816106424058,113,145,132.0,128.0,135.0,169.020442884148,18.946157578158598,125,196,176.0,161.0,182.0,IMG20200717090742.jpg,fully_ripe
111.59164641281843,36.07038426228361,35,218,113.0,85.0,136.0,133.71266540642722,5.25440141000401,112,149,134.0,130.0,137.0,171.21906562246826,17.097735187893456,125,202,175.0,163.0,184.0,IMG20200717090742.jpg,fully_ripe
120.83697002430462,32.26609958612393,54,218,122.0,97.0,143.0,131.7411108110541,4.416442353899307,113,145,132.0,129.0,135.0,171.46416419119632,16.19058776616609,125,196,176.0,165.0,182.0,IMG20200717090742.jpg,fully_ripe
73.41812944459447,31.67468255931828,8,167,75.0,51.0,95.0,134.9696732379152,5.1254430826941855,114,151,135.0,131.0,138.0,156.26248087136557,16.888493180589254,115,190,159.0,141.0,170.0,IMG20200717090742.jpg,fully_ripe
125.93762790128207,39.267841607145456,0,215,131.0,104.0,154.0,130.94777254997987,4.531993110363289,114,143,131.0,128.0,134.0,174.98797509313837,17.648950195525927,126,201,181.0,170.0,186.0,IMG20200717090752.jpg,fully_ripe
140.22190544487782,35.44258640628777,61,232,143.0,116.0,167.0,130.8860476098858,4.830601819806509,112,144,131.0,128.0,134.0,177.8692127402795,17.72841322410013,124,205,184.0,172.0,188.0,IMG20200717090752.jpg,fully_ripe
129.75911706574783,33.9118089183605,53,217,132.0,107.0,155.0,130.88345897539048,4.634279301884622,113,143,131.0,128.0,134.0,175.4867507389852,16.839380803225968,124,202,181.0,170.0,186.0,IMG20200717090752.jpg,fully_ripe
174.55958232032603,35.917562032501,93,255,177.0,150.0,202.0,129.2176202053417,5.4062148623731705,109,143,130.0,126.0,133.0,181.6259423154286,19.337106228737643,124,210,188.0,175.0,193.0,IMG20200717090752.jpg,fully_ripe
121.78083186119322,43.9998873460834,0,217,129.0,99.0,153.0,130.85830724292936,4.578434785243844,113,143,131.0,128.0,134.0,173.6292480716422,18.873898903181267,124,202,181.0,168.0,186.0,IMG20200717090752.jpg,fully_ripe
120.27192999089806,34.075787603788726,54,210,118.0,93.0,144.0,128.41772223907768,5.886570982391805,114,145,128.0,124.0,132.0,172.91337985436894,14.333912179311193,126,199,175.0,167.0,182.0,IMG20200717090759.jpg,fully_ripe
104.36457069174757,52.87525260945916,0,206,113.0,79.0,141.0,128.291755157767,5.72624143772851,114,145,128.0,124.0,131.0,168.7618609678398,19.46412900157191,126,199,174.0,164.0,181.0,IMG20200717090759.jpg,fully_ripe
63.19106492718446,32.725922195939226,2,149,61.0,36.0,86.0,134.22547216322815,6.626925329382119,119,154,133.0,129.0,138.0,146.94596670206312,20.64605727259616,106,188,147.0,131.0,164.0,IMG20200717090759.jpg,fully_ripe
108.1420187348301,50.461709236909414,0,206,115.0,83.0,143.0,128.36911218143203,5.772679699177006,114,145,128.0,124.0,132.0,169.82364987864077,18.657279819375677,126,199,175.0,164.0,182.0,IMG20200717090759.jpg,fully_ripe
105.04751972087378,51.92059620947632,0,206,113.0,80.0,140.0,128.48407160194174,5.716461821636062,114,145,128.0,125.0,132.0,168.61957675970874,19.448444100900918,126,199,174.0,163.0,181.0,IMG20200717090759.jpg,fully_ripe
168.88091164191363,43.99810398322526,81,255,173.0,131.0,208.0,126.4070709934785,4.913393886662308,106,140,127.0,124.0,130.0,184.130899420202,20.782560824070607,127,213,191.0,173.0,201.0,IMG20200717090812.jpg,fully_ripe
129.36029605874242,55.80467461416771,0,226,140.0,94.0,175.0,127.81887423369868,4.366651594640955,109,140,128.0,126.0,130.0,177.4426410629956,21.735411642348915,126,204,185.0,167.0,195.0,IMG20200717090812.jpg,fully_ripe
137.89201873343958,42.6338991725177,0,226,142.0,102.0,175.0,127.67300566109682,4.439180887131755,109,140,128.0,125.0,131.0,179.4388572210761,18.83624067338054,127,204,185.0,170.0,195.0,IMG20200717090812.jpg,fully_ripe
125.47792758880296,58.0712743124863,0,219,137.0,84.0,175.0,127.15282028217487,4.350866263389171,108,141,128.0,125.0,130.0,174.82243319612425,23.324281735039904,125,204,183.0,158.0,195.0,IMG20200717090812.jpg,fully_ripe
160.85242038777048,35.992617659686715,90,238,163.0,130.0,192.0,125.81867868631267,3.8248261290042973,109,138,126.0,124.0,128.0,175.74799808363562,18.157702789766123,126,203,181.0,166.0,190.0,IMG20200717090812.jpg,fully_ripe
162.68539935823486,43.448089425783046,65,255,168.0,131.0,197.0,132.6303936870474,6.737894796754603,109,150,135.0,127.0,138.0,187.84094500402315,19.722930645316236,125,214,194.0,180.0,202.0,IMG20200717090824.jpg,fully_ripe
139.84788614969997,38.96834597756176,53,243,144.0,111.0,170.0,132.53712446559965,5.386006405414513,112,147,134.0,128.0,137.0,181.26155322676024,17.58235186784067,125,206,186.0,174.0,194.0,IMG20200717090824.jpg,fully_ripe
120.08958537318352,65.3391358313909,0,243,141.0,89.0,168.0,132.26678816903046,5.064088591093571,113,147,133.0,128.0,137.0,174.53921844250772,25.67670013533771,125,206,185.0,165.0,194.0,IMG20200717090824.jpg,fully_ripe
125.89958605178715,57.98745767379787,0,243,140.0,98.0,168.0,132.52773065252586,5.033368944191704,112,147,134.0,128.0,137.0,177.177997731525,23.02907344304126,125,206,186.0,170.0,194.0,IMG20200717090824.jpg,fully_ripe
135.90124378350606,46.94184522735275,27,252,142.0,101.0,172.0,136.33782827450486,7.174848975943426,113,155,138.0,130.0,142.0,179.16897230327766,21.436028741110537,124,214,184.0,165.0,196.0,IMG20200717090824.jpg,fully_ripe
117.28772694262891,51.6375004954993,0,210,130.0,98.0,154.0,134.20656707127296,5.943807869301959,115,147,136.0,128.0,139.0,173.7683369644154,19.13713755677017,126,197,180.0,169.0,187.0,IMG20200717090830.jpg,fully_ripe
129.70535325241207,33.64867008705807,54,219,134.0,105.0,156.0,134.4899782135076,5.961730687760362,114,148,137.0,130.0,139.0,176.5116920842411,14.913032225852767,125,197,181.0,171.0,187.0,IMG20200717090830.jpg,fully_ripe
120.84834526403154,47.854252208294724,0,219,133.0,99.0,156.0,134.37749766573296,5.830716137293081,114,148,137.0,130.0,139.0,174.00830999066292,18.328948445345205,124,197,180.0,168.0,187.0,IMG20200717090830.jpg,fully_ripe
116.78299616142753,32.10128693677697,44,202,121.0,93.0,142.0,134.46911505342877,5.73678769147476,115,148,137.0,130.0,139.0,173.4068783068783,14.10466178141372,125,193,177.0,168.0,183.0,IMG20200717090830.jpg,fully_ripe
128.41170245876128,35.748542259453984,0,219,134.0,104.0,156.0,134.51294740118269,5.940903892200928,115,147,137.0,130.0,139.0,176.41627762215998,15.150455405628366,124,197,181.0,171.0,187.0,IMG20200717090830.jpg,fully_ripe
150.87712558256706,41.61942516061232,66,255,151.0,117.0,185.0,136.9132552378553,6.699807783232206,114,157,140.0,132.0,142.0,182.509614980896,15.285370367226077,125,205,186.0,175.0,194.0,IMG20200717090837.jpg,fully_ripe
118.05067808708066,52.40362120233016,0,218,124.0,91.0,158.0,135.88329764453962,6.014752914825448,115,154,138.0,130.0,141.0,173.4134336818239,19.0508319262347,126,197,179.0,168.0,187.0,IMG20200717090837.jpg,fully_ripe
127.68175043036487,41.127685847055474,0,224,129.0,98.0,160.0,136.43083721711383,5.762144217508673,116,153,139.0,133.0,141.0,176.8090754503086,14.359230306562758,125,197,180.0,170.0,188.0,IMG20200717090837.jpg,fully_ripe
176.01686820338415,34.40428010240455,108,255,176.0,148.0,205.0,132.85112524667255,5.837644244732574,114,150,135.0,128.0,137.0,176.1146030146534,14.013714261043095,127,196,180.0,169.0,187.0,IMG20200717090837.jpg,fully_ripe
125.23758239912668,45.156179384346515,0,223,129.0,98.0,160.0,136.29941848259645,5.821194089131163,116,154,138.0,132.0,141.0,176.20203006256037,15.564601437130744,125,197,180.0,170.0,188.0,IMG20200717090837.jpg,fully_ripe
119.78690255873833,50.74580622373706,0,220,131.0,96.0,154.0,138.72387954618603,5.382551866156385,114,152,141.0,136.0,143.0,173.60139402961056,18.147989190403653,126,198,180.0,168.0,186.0,IMG20200717090840.jpg,fully_ripe
91.5767420341165,30.30123386397308,23,171,93.0,72.0,112.0,138.25809663662696,5.019532557414288,117,151,140.0,136.0,142.0,166.04635701641456,13.394637410491507,126,187,170.0,160.0,176.0,IMG20200717090840.jpg,fully_ripe
124.54100619568716,45.1920130121276,0,220,132.0,102.0,154.0,138.77697537817832,5.389522891002026,114,152,141.0,136.0,143.0,174.91976786289024,16.653666105340655,126,198,180.0,170.0,186.0,IMG20200717090840.jpg,fully_ripe
105.65026552944963,62.143653839422576,0,220,126.0,61.0,152.0,137.16345148052784,6.4812270296483305,114,152,140.0,130.0,142.0,167.6090481171548,23.217813898919694,126,198,178.0,150.0,186.0,IMG20200717090840.jpg,fully_ripe
131.34657627936917,34.862653474507766,54,224,133.0,108.0,155.0,138.6351484551014,5.489179830402763,114,152,140.0,136.0,143.0,175.91289829417445,15.00779009281053,126,198,180.0,170.0,186.0,IMG20200717090840.jpg,fully_ripe
70.76038354739394,69.61779928673378,0,207,68.0,0.0,143.0,134.45862100786053,6.778549369871613,121,155,131.0,128.0,141.0,152.9224516161506,25.46403205746831,122,195,144.0,128.0,180.0,IMG20200717090844.jpg,fully_ripe
128.55726785399696,43.236618909508806,0,235,138.0,108.0,157.0,137.43621385367817,5.545261825212009,117,155,139.0,134.0,142.0,173.7582527285387,17.397920521511846,122,200,180.0,171.0,184.0,IMG20200717090844.jpg,fully_ripe
134.92172176874743,33.2774038594637,53,236,140.0,114.0,158.0,137.34583022239374,5.611397072973576,117,155,139.0,134.0,142.0,174.49846899826346,16.44109669650964,122,200,180.0,171.0,184.0,IMG20200717090844.jpg,fully_ripe
194.32934573794284,33.28779340034383,111,255,202.0,174.0,218.0,133.29120072481396,7.8835342539422655,109,155,135.0,128.0,140.0,179.21670595538703,18.149086144597845,121,211,185.0,176.0,189.0,IMG20200717090844.jpg,fully_ripe
97.0337239834568,36.180118180660244,6,205,102.0,75.0,122.0,141.76881454325815,6.960606821547285,119,162,144.0,138.0,147.0,164.89644555925605,20.342842975368285,110,197,172.0,151.0,181.0,IMG20200717090844.jpg,fully_ripe
161.3949202401611,38.59431664702025,71,252,164.0,135.0,191.0,132.33962194114753,7.349766356106183,109,149,131.0,128.0,138.0,185.65902320876756,17.593852060800895,123,213,190.0,181.0,196.0,IMG20200717090849.jpg,fully_ripe
164.19109882053803,37.20394214019467,78,252,166.0,138.0,193.0,131.71266970425293,7.051998682977448,109,148,131.0,127.0,137.0,184.63543396961796,17.328351477111287,123,212,188.0,180.0,194.0,IMG20200717090849.jpg,fully_ripe
132.14847672163398,33.80476249631301,54,234,134.0,109.0,158.0,132.09022744777795,6.264792791487379,111,146,131.0,128.0,137.0,178.03507762548602,15.225763775315038,124,203,181.0,174.0,187.0,IMG20200717090849.jpg,fully_ripe
113.16441012982433,57.58137817533276,0,234,127.0,86.0,157.0,132.18154991137797,6.141938447189738,111,150,131.0,128.0,137.0,171.1639090208888,22.726823646336904,124,203,180.0,163.0,186.0,IMG20200717090849.jpg,fully_ripe
114.0698954167092,57.08763927011438,0,234,128.0,91.0,156.0,131.81750354952163,6.09821239994602,112,149,130.0,128.0,136.0,172.806358515604,21.38640484126439,126,203,180.0,169.0,186.0,IMG20200717090849.jpg,fully_ripe
139.05937074572682,40.61081654383877,46,236,145.0,109.0,170.0,134.1389540160339,5.446722238586076,115,147,136.0,130.0,138.0,182.23379594615037,17.83581362848798,127,208,187.0,173.0,196.0,IMG20200717090904.jpg,fully_ripe
123.9591306156406,36.756497989768036,41,212,129.0,96.0,152.0,133.444713356527,4.927638424280879,116,145,135.0,130.0,137.0,177.37305248827712,16.279948186288422,127,201,182.0,169.0,190.0,IMG20200717090904.jpg,fully_ripe
136.66614354863108,47.39314105225499,0,235,147.0,108.0,171.0,133.40991340190592,4.907919287131823,114,145,135.0,129.0,137.0,181.06259453940402,19.032311112898615,126,206,187.0,173.0,195.0,IMG20200717090904.jpg,fully_ripe
136.33864959915292,47.89632960609758,0,235,147.0,107.0,171.0,133.4138935108153,4.8943996637511065,114,145,135.0,129.0,137.0,180.97746180608078,19.156628239524625,126,206,187.0,173.0,195.0,IMG20200717090904.jpg,fully_ripe
86.51628913931327,77.34963675112299,0,236,91.0,0.0,160.0,131.09121161700196,4.485836707101742,114,145,129.0,128.0,135.0,161.24835501437,29.94387045324275,126,207,167.0,128.0,191.0,IMG20200717090904.jpg,fully_ripe
113.29176949931345,56.5542281985091,0,213,125.0,85.0,153.0,128.8379566891328,3.72333589009815,116,144,129.0,127.0,131.0,170.56554515512397,20.511873371830223,126,199,175.0,163.0,187.0,IMG20200717090939.jpg,fully_ripe
113.30927872059735,54.403872164362205,0,217,122.0,83.0,151.0,128.7388334963698,3.807419042337185,116,145,128.0,126.0,131.0,169.0507955881429,20.98455553392806,124,200,174.0,159.0,186.0,IMG20200717090939.jpg,fully_ripe
118.55605912391073,52.002584637364436,0,213,127.0,92.0,156.0,128.83846823480843,3.787793645974132,116,144,129.0,127.0,132.0,172.56917084728119,18.81195917010309,125,199,175.0,165.0,188.0,IMG20200717090939.jpg,fully_ripe
119.85136457052599,42.81334983678013,24,220,119.0,89.0,152.0,131.57724788426503,4.886137309484865,115,154,132.0,128.0,135.0,174.46549759035062,19.80362504881038,123,206,177.0,164.0,190.0,IMG20200717090939.jpg,fully_ripe
177.22086208908075,37.905894702831894,95,255,177.0,150.0,207.0,126.73818733341112,5.1070733851383965,109,144,127.0,124.0,130.0,180.27260897269065,18.518137150329327,123,210,182.0,172.0,196.0,IMG20200717090939.jpg,fully_ripe
110.27816988827806,38.38061076407437,27,197,114.0,83.0,141.0,134.45212803688597,3.4715837040688924,121,148,135.0,133.0,137.0,172.85312998758644,17.22457190552365,124,199,176.0,163.0,187.0,IMG20200717090948.jpg,fully_ripe
132.33897854229474,37.27217498259785,54,218,135.0,105.0,162.0,132.55255364426316,2.906550554920196,120,144,133.0,131.0,135.0,179.03352544777442,16.41072897646362,124,202,182.0,171.0,192.0,IMG20200717090948.jpg,fully_ripe
126.08818939528285,47.301999835151086,0,218,135.0,98.0,162.0,132.57879056570314,2.8482219076832216,121,145,133.0,131.0,135.0,177.26473665543537,19.019044962054558,124,202,182.0,169.0,192.0,IMG20200717090948.jpg,fully_ripe
121.99354495477921,51.89836221783043,0,211,133.0,97.0,160.0,132.45335165809541,2.8862571665700334,120,144,133.0,131.0,134.0,176.78910267777974,19.80870539503083,126,202,182.0,169.0,191.0,IMG20200717090948.jpg,fully_ripe
125.72551870899096,30.349507954261004,62,197,128.0,103.0,150.0,130.5588934208193,2.20069841301449,121,139,131.0,129.0,132.0,172.01526866465684,14.470554488996118,125,193,175.0,165.0,183.0,IMG20200717090948.jpg,fully_ripe
131.6605258940104,40.6445474245928,0,218,137.0,107.0,158.0,128.78450413417934,3.087581164536939,117,147,129.0,127.0,131.0,176.79395099324012,16.830644969110562,125,198,182.0,170.0,188.0,IMG20200717091002.jpg,fully_ripe
104.75508876464876,31.264316462421778,35,178,107.0,84.0,126.0,128.92125731848736,2.7542558562989274,119,146,129.0,127.0,131.0,169.06072576767514,14.107666558252712,124,188,173.0,163.0,179.0,IMG20200717091002.jpg,fully_ripe
134.422317968831,36.37243627259691,54,220,137.0,110.0,159.0,128.74660356189955,3.1130449264123623,117,147,129.0,127.0,131.0,177.04713058727032,16.38930178469627,124,199,182.0,170.0,188.0,IMG20200717091002.jpg,fully_ripe
126.19540479131115,50.731732984923084,0,218,137.0,106.0,159.0,128.65012680664108,2.9520161658933204,117,147,128.0,127.0,131.0,175.53370039691893,18.980388884037332,125,199,182.0,170.0,188.0,IMG20200717091002.jpg,fully_ripe
128.0606126316385,38.537320546693444,42,218,131.0,102.0,154.0,129.72498515089518,3.4761671128425413,117,150,129.0,127.0,132.0,176.79714708627566,17.035444069104415,123,200,181.0,169.0,188.0,IMG20200717091002.jpg,fully_ripe
137.91759425086713,37.85564414744401,0,221,148.0,116.0,164.0,134.16697649112467,3.228799535570743,122,148,134.0,132.0,136.0,182.02977715309106,16.492991146164485,124,203,187.0,177.0,193.0,IMG20200717091035.jpg,fully_ripe
116.96169889596699,42.730598054758275,8,216,128.0,89.0,148.0,140.7740586248328,5.7579895324607016,121,161,141.0,138.0,144.0,169.3604996486137,22.297972381352338,108,205,174.0,155.0,187.0,IMG20200717091035.jpg,fully_ripe
118.86413819682166,63.532133589016155,0,220,146.0,87.0,164.0,132.8392011063,3.427126865862121,124,147,133.0,130.0,135.0,174.34345174672984,25.426316215724,126,203,186.0,164.0,193.0,IMG20200717091035.jpg,fully_ripe
148.8950148489039,40.777523416035805,46,245,159.0,122.0,178.0,136.50125818956724,4.1876201911988105,121,154,136.0,134.0,139.0,186.433633334089,18.324778269301497,124,211,192.0,179.0,199.0,IMG20200717091035.jpg,fully_ripe
139.5510530253225,34.80041963456456,53,223,148.0,117.0,165.0,134.13922831039878,3.253788898234716,122,148,134.0,132.0,136.0,182.20664913513636,16.093126737960084,124,203,187.0,177.0,193.0,IMG20200717091035.jpg,fully_ripe
136.87752887867765,41.5116993981743,0,213,147.0,111.0,169.0,132.93074222988065,3.1201322183801774,121,148,133.0,131.0,135.0,180.8492564937137,14.175766229489321,126,203,184.0,173.0,191.0,IMG20200717091047.jpg,fully_ripe
157.62693215904014,30.193770365475622,91,219,164.0,136.0,182.0,129.8055140723722,2.294945896158149,120,140,130.0,128.0,131.0,173.98094326376923,11.972435499835676,130,197,177.0,166.0,183.0,IMG20200717091047.jpg,fully_ripe
87.52912119471569,73.87107506020673,0,214,96.0,0.0,157.0,131.70705214117046,3.6355081408392778,121,143,131.0,128.0,135.0,162.20386750909438,27.95754506565197,126,203,170.0,128.0,187.0,IMG20200717091047.jpg,fully_ripe
136.8814346799413,41.505259287921085,0,213,147.0,111.0,169.0,132.9305507690344,3.1207231283200345,121,148,133.0,131.0,135.0,180.85064777586317,14.173701299744256,126,203,184.0,173.0,191.0,IMG20200717091047.jpg,fully_ripe
138.81715489182463,37.68973906055612,54,214,147.0,112.0,169.0,132.933078052205,3.0769278839425374,121,146,133.0,131.0,135.0,181.31982896164402,13.010327932637805,130,203,184.0,173.0,191.0,IMG20200717091047.jpg,fully_ripe
121.70981260067312,52.083127043665655,0,209,136.0,91.0,159.0,135.51337724754782,5.348611753389946,114,148,136.0,133.0,140.0,175.57266143712104,18.850559829148807,126,200,181.0,169.0,189.0,IMG20200717091112.jpg,fully_ripe
125.02611280627545,49.07163250423873,0,209,137.0,98.0,160.0,135.59804088474482,5.414697501290202,114,148,137.0,133.0,140.0,176.6608609106743,17.509525855890978,126,200,182.0,171.0,189.0,IMG20200717091112.jpg,fully_ripe
132.24998363038725,37.85524143187545,53,210,139.0,104.0,161.0,135.4659577533034,5.442910686432301,114,148,136.0,133.0,140.0,178.27665955134165,14.823844082365197,129,200,182.0,172.0,189.0,IMG20200717091112.jpg,fully_ripe
83.01157659014419,37.810315523804036,3,159,90.0,55.0,112.0,139.99523316876417,6.547556810614933,117,155,141.0,136.0,145.0,158.85682481895208,21.828382359224364,109,193,165.0,142.0,176.0,IMG20200717091112.jpg,fully_ripe
124.71232697319313,30.99030105795874,61,189,130.0,101.0,148.0,133.0899804874216,4.355318899271997,115,143,134.0,131.0,136.0,170.95557941881327,12.86420790071546,128,190,174.0,165.0,180.0,IMG20200717091112.jpg,fully_ripe
127.687884858839,49.68254801826903,0,224,141.0,93.0,166.0,136.4515677044284,4.329017964351503,118,151,137.0,134.0,139.0,178.20444684799844,18.055439190692805,124,200,184.0,170.0,191.0,IMG20200717091115.jpg,fully_ripe
126.5231622030211,51.18648263682403,0,220,140.0,91.0,166.0,136.45051068693846,4.318274739745966,118,150,137.0,134.0,139.0,177.8723221199346,18.54344662589901,124,200,184.0,169.0,191.0,IMG20200717091115.jpg,fully_ripe
174.4572092280085,42.923232002057816,85,255,184.0,137.0,211.0,134.1966544167353,7.007727176523129,109,153,136.0,130.0,139.0,187.06039748773983,17.932173656965958,125,212,193.0,177.0,201.0,IMG20200717091115.jpg,fully_ripe
134.35852558351053,39.72167023804551,53,227,141.0,100.0,166.0,136.3652609972837,4.39124549575669,117,151,137.0,134.0,139.0,179.46897162030947,15.770126603549077,124,200,184.0,170.0,191.0,IMG20200717091115.jpg,fully_ripe
116.66439694694019,59.333905573609954,0,227,136.0,76.0,163.0,135.94745639802855,4.869504900369713,118,151,137.0,134.0,139.0,173.42419586779906,22.530067074264316,124,200,182.0,162.0,191.0,IMG20200717091115.jpg,fully_ripe
125.13206849120144,48.630304595909934,0,215,137.0,99.0,161.0,137.02354503628516,5.198786669200275,113,157,138.0,135.0,141.0,175.7950671156856,19.465117555526326,124,199,183.0,169.0,190.0,IMG20200717091135.jpg,fully_ripe
126.06959161409667,47.61815377312305,0,214,137.0,101.0,161.0,137.23108665749655,5.1503917713519565,113,157,138.0,135.0,141.0,176.59868140207752,18.615819053471387,125,199,183.0,171.0,190.0,IMG20200717091135.jpg,fully_ripe
144.07493240999858,41.21263898137867,50,236,149.0,113.0,176.0,139.60756059384337,6.297947929389282,112,162,141.0,137.0,144.0,182.48447564388368,18.920634822538457,121,207,188.0,174.0,197.0,IMG20200717091135.jpg,fully_ripe
102.04983161789119,38.3414679088455,11,188,106.0,73.0,132.0,141.29001565242137,6.524101560105565,114,162,142.0,139.0,146.0,166.95209410425463,19.885012155898387,119,197,171.0,152.0,184.0,IMG20200717091135.jpg,fully_ripe
131.91374092871033,38.563475301664326,0,215,137.0,105.0,161.0,137.21999715410522,5.060173930300848,113,157,138.0,135.0,141.0,177.54324337143672,17.16438144449882,123,199,183.0,171.0,190.0,IMG20200717091135.jpg,fully_ripe
127.38105209022115,47.28295902531437,0,207,140.0,111.0,160.0,128.25423370803026,6.749584710542666,104,141,130.0,125.0,133.0,177.29165748291823,17.116560714762947,126,197,183.0,174.0,188.0,IMG20200717091159.jpg,fully_ripe
88.02360223348762,30.780316489060663,7,157,94.0,68.0,112.0,131.96350378370437,7.259006806590629,108,148,134.0,128.0,137.0,162.30149327749615,17.19755368049267,114,189,167.0,150.0,177.0,IMG20200717091159.jpg,fully_ripe
152.48812541326868,32.106170909571425,70,225,159.0,131.0,177.0,127.55239328484315,6.989921515632791,103,140,130.0,124.0,133.0,182.2909135992947,12.420753032237627,128,199,186.0,177.0,191.0,IMG20200717091159.jpg,fully_ripe
134.849129380648,34.05034173587639,0,207,142.0,114.0,160.0,128.21274153258395,6.906687028849247,104,141,131.0,125.0,133.0,179.85058041290134,12.23267110833503,126,197,183.0,175.0,188.0,IMG20200717091159.jpg,fully_ripe
112.07347917125854,62.483418790380114,0,207,136.0,85.0,159.0,128.08947726103887,6.071716794282265,104,142,128.0,126.0,133.0,170.75133164352363,23.465440921281434,126,196,182.0,164.0,188.0,IMG20200717091159.jpg,fully_ripe
114.03972329196976,41.21423146024609,21,200,123.0,82.0,146.0,136.86444770462742,6.346559841194153,112,155,139.0,134.0,141.0,174.29744075636245,18.44444962913081,129,200,180.0,162.0,189.0,IMG20200717091212.jpg,fully_ripe
126.26014222548241,52.22072765140747,0,214,142.0,99.0,164.0,134.19110785092812,4.550190338233129,112,149,135.0,132.0,138.0,177.1783014446686,18.930643466122692,126,200,184.0,171.0,191.0,IMG20200717091212.jpg,fully_ripe
104.23488599547649,35.01063963511586,27,178,111.0,77.0,131.0,134.5425657640035,5.234211951801604,113,149,136.0,133.0,138.0,171.56147482527456,14.800028705864106,129,192,176.0,163.0,183.0,IMG20200717091212.jpg,fully_ripe
134.880290156285,37.47852621366702,54,214,142.0,105.0,164.0,133.7403977423233,5.441681390475086,110,149,135.0,132.0,138.0,179.30743525480366,15.214326482601948,129,200,184.0,171.0,191.0,IMG20200717091212.jpg,fully_ripe
126.94945697577276,51.259300083598326,0,214,142.0,100.0,164.0,134.16033987407542,4.644284271978029,111,148,135.0,132.0,138.0,177.46528923935855,18.55609411739884,126,200,184.0,171.0,191.0,IMG20200717091212.jpg,fully_ripe
192.69006152481245,34.0832654927288,111,255,200.0,168.0,220.0,131.40804065652182,6.751240990397147,108,155,134.0,128.0,136.0,184.8098902582499,14.083066300796593,124,206,190.0,179.0,194.0,IMG20200717091217.jpg,fully_ripe
116.79485621709193,60.23778037686718,0,221,136.0,84.0,163.0,135.6819514359004,4.549630776066622,118,157,137.0,133.0,139.0,173.14726417095798,22.791473272224973,123,199,182.0,165.0,190.0,IMG20200717091217.jpg,fully_ripe
138.38116453547804,35.68494288501159,54,221,145.0,112.0,166.0,136.14597195702908,4.572783561501885,110,157,137.0,135.0,139.0,181.42640166637736,13.112894084009097,123,199,185.0,176.0,191.0,IMG20200717091217.jpg,fully_ripe
129.49360643406817,51.47108960065674,0,220,143.0,107.0,165.0,135.6961657891184,4.696717306823847,112,157,137.0,134.0,139.0,178.38425041948736,18.984032255106808,123,199,185.0,175.0,191.0,IMG20200717091217.jpg,fully_ripe
137.77727632162626,41.20035634198279,37,232,145.0,108.0,169.0,139.28404597967173,5.624424705586092,109,164,140.0,138.0,143.0,182.6299542903431,16.536451697944916,122,206,187.0,173.0,196.0,IMG20200717091217.jpg,fully_ripe
124.58672232950887,49.77571401814659,0,235,126.0,91.0,160.0,125.56635048657654,5.733487923191177,109,145,126.0,122.0,130.0,173.0722954295884,18.346535220910354,126,202,176.0,165.0,186.0,IMG20200717091236.jpg,fully_ripe
94.67062365102805,73.38113386229043,0,236,107.0,0.0,154.0,126.72758339959861,5.111485401011582,109,146,128.0,124.0,129.0,162.4145272445,26.795757524782175,126,202,172.0,128.0,186.0,IMG20200717091236.jpg,fully_ripe
108.01981332121625,37.49624408857148,38,203,106.0,78.0,136.0,125.96940436972244,5.165315027562893,111,144,126.0,123.0,130.0,168.07019387330078,15.36044104944565,126,194,170.0,160.0,179.0,IMG20200717091236.jpg,fully_ripe
131.22856791245408,41.88794650900699,53,238,129.0,98.0,163.0,125.41855996061949,5.700399181522835,109,144,125.0,122.0,129.0,173.98016774584423,17.116040825183862,126,202,176.0,166.0,186.0,IMG20200717091236.jpg,fully_ripe
119.21087508046499,50.77783277013873,20,246,117.0,79.0,157.0,128.152126169109,7.708430926367014,106,155,127.0,123.0,133.0,170.6498920822447,22.92141745229464,123,211,174.0,152.0,189.0,IMG20200717091236.jpg,fully_ripe
110.95990997602622,51.587623021192584,0,228,113.0,81.0,148.0,126.75729732374383,5.566050775380985,108,146,128.0,124.0,131.0,167.82216351093498,19.415549686857116,124,195,172.0,160.0,182.0,IMG20200717091245.jpg,fully_ripe
113.63236948970106,48.45128707026657,0,226,114.0,84.0,148.0,126.6649248984784,5.601586223610683,108,144,128.0,123.0,131.0,168.4033269729439,18.82492247104085,124,195,173.0,160.0,182.0,IMG20200717091245.jpg,fully_ripe
143.8501394393072,34.904344748304034,83,242,139.0,116.0,169.0,125.22371936004697,4.978187269808645,108,141,126.0,122.0,129.0,167.42079358089927,16.957524754835465,124,192,171.0,160.0,180.0,IMG20200717091245.jpg,fully_ripe
77.79310142374871,33.398147662675086,17,169,74.0,52.0,102.0,127.85338813053477,5.119594534306633,112,145,128.0,125.0,132.0,158.75537942169382,15.591994935963296,124,184,161.0,148.0,171.0,IMG20200717091245.jpg,fully_ripe
98.11090562160575,61.281141121972134,0,215,103.0,59.0,147.0,126.5640001957043,4.872845883511219,109,146,128.0,124.0,130.0,162.40065560937424,22.317236073074316,124,195,167.0,139.0,181.0,IMG20200717091245.jpg,fully_ripe
126.8126577770329,50.501589413787386,0,226,137.0,98.0,168.0,128.7155561607676,5.80250352729938,108,145,130.0,126.0,133.0,176.34052604564928,17.81590243501308,125,198,181.0,169.0,189.0,IMG20200717091251.jpg,fully_ripe
103.00752092346046,66.61146989430934,0,215,118.0,53.0,161.0,129.37547005771629,5.232936303774531,108,145,130.0,128.0,133.0,167.09875663841956,24.98961308570928,126,198,176.0,133.0,188.0,IMG20200717091251.jpg,fully_ripe
133.10730409460862,38.94376037910829,54,226,137.0,101.0,168.0,128.69462746289292,5.903235837128337,108,144,130.0,125.0,133.0,177.7208564215907,14.980090593658417,125,198,181.0,169.0,189.0,IMG20200717091251.jpg,fully_ripe
125.36053295903297,51.38955534551562,0,216,136.0,95.0,168.0,128.9150596541213,5.788064786718513,108,146,130.0,126.0,133.0,176.02142101459143,17.964131401528363,126,198,181.0,169.0,189.0,IMG20200717091251.jpg,fully_ripe
192.0845842018708,39.66277343317043,110,255,198.0,159.0,229.0,124.75467962751527,7.4115738936484545,105,143,126.0,119.0,131.0,183.37889532508615,16.76213589643086,126,207,188.0,174.0,196.0,IMG20200717091251.jpg,fully_ripe
123.2117937415574,55.121399345362335,0,211,138.0,92.0,164.0,131.9574746848942,5.09777738690207,110,149,132.0,129.0,135.0,175.43816207761606,19.730905928915927,126,200,182.0,168.0,190.0,IMG20200717091256.jpg,fully_ripe
132.7805380919977,38.376204016762834,51,213,139.0,102.0,162.0,132.42222651052722,5.079884900129879,110,149,133.0,130.0,136.0,178.8584893204278,14.570842876388932,125,200,182.0,171.0,190.0,IMG20200717091256.jpg,fully_ripe
135.7280390822576,38.20799908295926,54,216,142.0,105.0,165.0,132.213286748799,5.0438544175221285,110,149,133.0,130.0,135.0,179.13836216089945,14.574287523455848,125,200,182.0,172.0,190.0,IMG20200717091256.jpg,fully_ripe
130.5352278613433,47.28599014696236,0,211,141.0,102.0,165.0,132.33816106196488,4.9032172495739115,110,149,133.0,130.0,135.0,178.02607176591272,16.750089403223047,126,200,182.0,171.0,190.0,IMG20200717091256.jpg,fully_ripe
106.93842106866818,67.2140667390248,0,216,125.0,56.0,163.0,131.8873135010512,5.252145541415233,110,149,132.0,128.0,136.0,168.47293797418214,24.613469008925787,126,200,177.0,151.0,189.0,IMG20200717091256.jpg,fully_ripe
136.20036886408778,37.73097412790999,54,220,145.0,104.0,166.0,133.6570131466944,4.657553189128333,116,148,134.0,131.0,137.0,180.5321006336896,14.516387433466441,124,202,184.0,172.0,191.0,IMG20200717091304.jpg,fully_ripe
135.47557930577887,38.76754752852939,0,216,145.0,103.0,166.0,133.67633595006149,4.6243988492750425,116,148,134.0,131.0,137.0,180.46785207604276,14.649902612134808,124,202,184.0,172.0,191.0,IMG20200717091304.jpg,fully_ripe
128.0080771777168,51.69416690598059,0,217,144.0,97.0,166.0,133.55003310318736,4.729169205884728,117,148,134.0,131.0,137.0,178.05539581954034,18.782519464186322,124,202,184.0,170.0,191.0,IMG20200717091304.jpg,fully_ripe
105.84411236167597,69.54986335342672,0,220,134.0,1.0,162.0,133.2613354771588,4.503464033881103,118,148,134.0,128.0,137.0,168.9656578076232,26.2899165377615,126,202,181.0,129.0,189.0,IMG20200717091304.jpg,fully_ripe
151.56019105268135,42.4279592546266,58,246,161.0,115.0,186.0,134.60739619786247,5.328013988113761,115,152,135.0,132.0,138.0,186.0382578265393,16.250233429513635,123,210,191.0,176.0,198.0,IMG20200717091304.jpg,fully_ripe
118.5341286080375,50.87283689379887,0,217,132.0,93.0,154.0,129.47518822384234,4.33640877815192,109,145,129.0,127.0,133.0,172.8880688929061,18.987383336350547,126,201,179.0,167.0,184.0,IMG20200717091309.jpg,fully_ripe
90.2630266791156,36.265791459342694,9,181,95.0,64.0,117.0,132.80309501579293,5.274066230539288,111,152,133.0,129.0,137.0,162.53755537456047,19.130234873676397,114,198,168.0,148.0,177.0,IMG20200717091309.jpg,fully_ripe
129.17403007608414,34.45674745117208,54,217,133.0,104.0,155.0,129.10124356860487,4.619122232148272,109,144,129.0,126.0,133.0,175.35591688352966,15.424446197466692,127,201,179.0,168.0,184.0,IMG20200717091309.jpg,fully_ripe
115.14358648364092,54.48559162574205,0,217,131.0,87.0,154.0,129.57404795486602,4.165166400208505,110,144,129.0,127.0,133.0,171.5088499970202,20.356106705915483,126,201,178.0,165.0,184.0,IMG20200717091309.jpg,fully_ripe
112.56258566916307,53.363986018208486,0,217,125.0,81.0,153.0,128.64015971711794,4.298211156343725,109,145,128.0,126.0,132.0,169.80432666520989,21.006474913049033,126,201,177.0,161.0,183.0,IMG20200717091309.jpg,fully_ripe
175.70450119521178,32.9963688588483,102,255,181.0,153.0,201.0,130.189037277686,8.721164999038058,108,149,131.0,124.0,138.0,177.94421729780618,17.13103502617162,127,202,183.0,172.0,190.0,IMG20200717091335.jpg,fully_ripe
134.51101533009071,37.753435307017234,0,233,141.0,110.0,163.0,132.6873067587149,9.388790507466904,110,155,134.0,126.0,141.0,178.1759591689817,16.837503418429293,126,200,183.0,172.0,190.0,IMG20200717091335.jpg,fully_ripe
123.92814885231982,52.18668055191494,0,220,138.0,99.0,162.0,132.63481896464202,9.298176200016794,109,154,134.0,126.0,141.0,175.43555547351613,20.520621244993556,126,200,183.0,169.0,190.0,IMG20200717091335.jpg,fully_ripe
135.69711764760174,35.89459055507525,53,235,142.0,112.0,163.0,132.68353191999927,9.420079078092416,109,154,134.0,126.0,141.0,178.30457133891406,16.607412668225315,127,200,183.0,172.0,190.0,IMG20200717091335.jpg,fully_ripe
78.99192424480152,73.89073162053505,0,235,81.0,0.0,153.0,131.49272259088684,6.958652977802146,114,155,128.0,128.0,136.0,157.9110005629955,28.4429603155663,125,200,158.0,128.0,187.0,IMG20200717091335.jpg,fully_ripe
133.92620929885672,32.10562799618112,53,231,139.0,111.0,159.0,132.119697115933,11.115937053407064,106,154,134.0,121.0,143.0,179.92227847434873,13.23009977730512,125,202,184.0,176.0,188.0,IMG20200717091351.jpg,fully_ripe
111.75637662212317,37.5482241688031,12,222,118.0,85.0,141.0,136.84593449210763,12.831802858222282,107,163,140.0,125.0,149.0,170.36487352045697,19.62611268034027,117,206,174.0,155.0,187.0,IMG20200717091351.jpg,fully_ripe
121.15892639355626,52.225854071724875,0,231,137.0,100.0,159.0,132.3830886804538,10.508361461603906,106,156,133.0,124.0,143.0,175.29699660439937,20.258645096420604,126,202,183.0,173.0,188.0,IMG20200717091351.jpg,fully_ripe
136.61175211237946,37.96559657184444,39,249,142.0,109.0,166.0,134.71891972519325,13.093518672571049,104,161,137.0,122.0,147.0,182.01106421809055,16.314679629845443,125,211,187.0,173.0,194.0,IMG20200717091351.jpg,fully_ripe
131.53530284019618,36.63291754522882,0,226,138.0,110.0,159.0,132.24197383544936,11.105008811803488,106,156,135.0,121.0,143.0,179.62030692018146,14.002622965976649,126,202,184.0,176.0,188.0,IMG20200717091351.jpg,fully_ripe
124.31236781875597,55.408703671448414,0,216,141.0,90.0,164.0,129.02825660785507,5.3469709932965,115,145,128.0,125.0,132.0,176.6500951222103,21.38873953357684,126,204,185.0,166.0,193.0,IMG20200717091402.jpg,fully_ripe
160.99624339697348,35.58741538787089,85,235,168.0,134.0,187.0,127.22583075006519,5.336004609744558,107,143,126.0,123.0,131.0,179.38739365143746,17.305636446296717,129,203,185.0,169.0,193.0,IMG20200717091402.jpg,fully_ripe
137.02837249278133,38.690006935238,54,217,144.0,108.5,165.0,128.90446253536905,5.872754496430575,107,145,128.0,125.0,133.0,180.12140877442033,16.852045586186108,129,204,185.0,171.0,193.0,IMG20200717091402.jpg,fully_ripe
125.2799876389412,33.411311864808745,54,194,132.0,101.0,150.0,128.21278403878281,5.048173563260371,109,143,127.0,125.0,132.0,174.40083630288456,15.226462911326097,129,195,179.0,166.0,186.0,IMG20200717091402.jpg,fully_ripe
118.38114552249615,58.52546959394649,0,217,135.0,79.0,163.0,128.76747689544283,5.479215181414581,107,145,128.0,125.0,132.0,173.5231142142519,23.14203010620945,126,204,182.0,159.0,192.0,IMG20200717091402.jpg,fully_ripe
82.53021950486118,39.05281332171147,3,165,87.0,52.0,112.0,137.03473544708385,4.794860364233111,120,153,138.0,134.0,140.0,159.41323933936943,20.011541651290596,110,195,163.0,144.0,175.0,IMG20200717091414.jpg,fully_ripe
94.80644370942056,73.2777225726539,0,221,114.0,0.0,158.0,131.508324702371,4.184360250479126,114,145,131.0,128.0,135.0,164.34776652968495,27.92770674298383,126,205,174.0,128.0,190.0,IMG20200717091414.jpg,fully_ripe
134.25996458521266,41.15540229751257,0,220,139.0,103.0,164.0,133.12254852828173,3.8279304790324664,114,145,134.0,131.0,136.0,179.0239885068992,17.150655426393087,126,205,183.0,171.0,192.0,IMG20200717091414.jpg,fully_ripe
134.9518559353179,40.20348591451878,53,221,139.0,104.0,164.0,133.11989798759367,3.845169757372966,114,145,134.0,131.0,136.0,179.069860679563,17.07137798801253,125,205,183.0,171.0,192.0,IMG20200717091414.jpg,fully_ripe
133.65567471851926,42.21124633443718,0,221,139.0,103.0,164.0,133.1209448397982,3.8290839476049,114,144,134.0,131.0,136.0,178.9584043299589,17.28450808081835,126,205,183.0,171.0,192.0,IMG20200717091414.jpg,fully_ripe
129.26158445440956,41.6120211889658,53,225,132.0,94.0,161.0,131.03892523708006,4.160660967957665,113,143,132.0,129.0,134.0,176.65354456124874,16.358307081889336,125,199,180.0,167.0,190.0,IMG20200717091422.jpg,fully_ripe
127.92952534980029,43.52398265001141,0,224,132.0,92.0,160.0,131.0607096473817,4.148547459696291,113,142,132.0,129.0,134.0,176.53909676786984,16.60908542095538,125,199,180.0,167.0,190.0,IMG20200717091422.jpg,fully_ripe
123.30517777941141,50.56524874166721,0,222,131.0,90.0,160.0,131.0921242863094,4.052200369936639,113,143,132.0,129.0,134.0,175.74376975667133,18.09074806329166,125,199,180.0,167.0,190.0,IMG20200717091422.jpg,fully_ripe
140.0666764684261,40.86177423254026,66,234,143.0,105.0,171.0,130.31233306378496,4.038998556915743,112,142,131.0,128.0,133.0,177.07200617510844,16.577093891842285,125,199,181.0,168.0,190.0,IMG20200717091422.jpg,fully_ripe
150.85204244161827,37.33441806349779,84,238,153.0,119.0,179.0,129.13412482540616,3.5901805187106657,113,139,130.0,127.0,132.0,174.2993824891568,15.950972596735477,125,195,178.0,165.0,187.0,IMG20200717091422.jpg,fully_ripe
119.90922146102596,54.59210583147657,0,224,133.0,88.0,164.0,130.69151540833863,4.570152930901926,114,144,131.0,128.0,134.0,172.47165524872284,20.96538700099751,126,196,180.0,164.0,188.0,IMG20200717091428.jpg,fully_ripe
132.7367516538362,37.27428759720327,53,225,135.0,102.0,165.0,130.96184994232172,4.656735633029591,114,144,132.0,128.0,135.0,175.9343173952963,16.78510036501276,124,196,181.0,170.0,188.0,IMG20200717091428.jpg,fully_ripe
112.01383101443133,36.590148680896675,32,202,115.0,82.0,143.0,131.87335499211338,4.805698558926198,115,146,133.0,129.0,136.0,171.72503943310497,16.356173980838264,124,193,176.0,164.0,185.0,IMG20200717091428.jpg,fully_ripe
130.97517480048026,39.8996423086793,0,224,135.0,101.0,165.0,131.00005885538056,4.646901953171144,114,143,132.0,128.0,135.0,175.8201968123926,17.01639215095903,124,196,181.0,170.0,188.0,IMG20200717091428.jpg,fully_ripe
121.80656590625514,53.01255473072672,0,223,133.0,94.0,164.0,131.11316712573864,4.538755498152565,114,144,132.0,128.0,135.0,174.2471455140429,19.111641249133378,125,196,180.0,168.0,188.0,IMG20200717091428.jpg,fully_ripe
175.76156862745097,31.353974120370957,106,253,181.0,153.0,201.0,131.89247482776895,3.92882376079381,116,145,133.0,130.0,135.0,175.83903550609432,14.9513914512982,126,196,181.0,169.0,187.0,IMG20200717091432.jpg,fully_ripe
124.30940116587175,53.81858572249693,0,220,140.0,103.0,163.0,134.5331743508214,5.040105886584147,118,153,136.0,131.0,138.0,175.2507366189719,20.514215558922377,125,198,183.0,171.0,190.0,IMG20200717091432.jpg,fully_ripe
151.67270800211978,39.58274171512545,61,246,159.0,123.0,183.0,135.93135135135134,5.2882230721944685,117,153,137.0,133.0,140.0,183.74077371489136,16.774606014048064,125,205,189.0,176.0,196.0,IMG20200717091432.jpg,fully_ripe
95.84419713831478,68.1911004158075,0,214,117.0,0.0,157.0,133.31419183889773,5.425405015056505,118,147,135.0,128.0,138.0,164.63067302596716,26.269835049278466,126,197,175.0,128.0,188.0,IMG20200717091432.jpg,fully_ripe
126.88844727080021,48.10545901609484,0,218,140.0,103.0,163.0,135.16058293587704,4.743062328677588,118,152,136.0,133.0,139.0,176.95315315315315,17.957790389844906,126,198,183.0,171.0,190.0,IMG20200717091432.jpg,fully_ripe
120.7042244285021,57.583588882334084,0,220,136.0,92.0,166.0,132.90933413773658,3.801348471084954,118,151,134.0,130.0,136.0,174.5974136687345,20.880614968087162,126,200,181.0,167.0,191.0,IMG20200717091452.jpg,fully_ripe
120.73782575052134,57.55032822485078,0,221,136.0,92.0,166.0,132.91148504203443,3.799528740070024,119,151,134.0,130.0,136.0,174.61050270830327,20.867025366391534,126,200,181.0,167.0,191.0,IMG20200717091452.jpg,fully_ripe
145.29369024355057,33.70937104897662,79,226,150.0,117.0,174.0,130.71374611460124,2.868398549777787,118,145,131.0,129.0,133.0,171.8841397038572,14.802246089914334,127,194,175.0,165.0,184.0,IMG20200717091452.jpg,fully_ripe
118.64432698991436,61.46052377616464,0,229,137.0,75.0,168.0,132.62767059687593,3.740056814944364,119,151,133.0,130.0,136.0,172.40792424619985,22.69360575252648,126,201,180.0,160.0,191.0,IMG20200717091452.jpg,fully_ripe
135.86643408921006,37.97140654132622,60,225,141.0,104.0,168.0,132.2549477356486,3.3510708051153415,118,148,133.0,130.0,135.0,175.65630123152386,15.737944156669714,127,197,179.0,168.0,188.0,IMG20200717091452.jpg,fully_ripe
135.0507499874163,42.34551870877384,0,215,142.0,107.0,169.0,128.73123773091055,3.363095512948468,116,142,129.0,127.0,131.0,180.01542759349675,16.40975091443715,126,202,185.0,174.0,191.0,IMG20200717091524.jpg,fully_ripe
174.32113555141692,38.91587360527667,89,248,179.0,144.0,207.0,126.96291589067297,4.090392355644675,110,140,128.0,125.0,130.0,185.21004681129511,17.106813706321493,128,209,190.0,179.0,197.0,IMG20200717091524.jpg,fully_ripe
137.01973121256356,35.45793282922318,59,209,142.0,110.0,166.0,128.1206145870036,3.167857517489469,115,141,128.0,126.0,130.0,178.2461116424221,14.97465709852554,128,198,182.0,173.0,189.0,IMG20200717091524.jpg,fully_ripe
131.45307545175416,48.156034665097,0,215,141.0,105.0,168.0,128.78123269743796,3.4275973578908,115,142,129.0,127.0,131.0,179.34359742286205,17.390613727505645,125,202,184.0,174.0,191.0,IMG20200717091524.jpg,fully_ripe
137.63270750490764,37.924815857930284,54,215,143.0,108.0,169.0,128.6871696783611,3.389949582129072,115,142,129.0,127.0,131.0,180.47112045099914,15.534720375337256,128,202,185.0,174.0,191.0,IMG20200717091524.jpg,fully_ripe
131.76481227106228,34.62127830831253,59,208,132.0,106.0,157.0,134.12276404151405,5.520140235617241,113,146,136.0,131.0,138.0,176.77625915750914,16.234514351025954,127,199,179.0,169.0,189.0,IMG20200717091549.jpg,fully_ripe
85.3298076923077,39.98588448772674,2,172,86.0,55.0,115.0,141.69565018315018,6.952052077454569,114,159,144.0,138.0,146.0,155.1320283882784,22.910476149695963,102,198,157.0,135.0,173.0,IMG20200717091549.jpg,fully_ripe
132.78697344322345,37.32009126699653,54,214,133.0,105.0,160.0,135.17097832722834,6.010497932633134,112,148,137.0,132.0,140.0,179.2319597069597,16.899247458325387,127,203,182.0,172.0,192.0,IMG20200717091549.jpg,fully_ripe
119.21269078144078,55.91599814370504,0,214,131.0,92.0,159.0,135.48897283272282,5.2756062456105175,117,148,137.0,132.0,140.0,175.37278693528694,21.831060852259732,126,203,181.0,168.0,192.0,IMG20200717091549.jpg,fully_ripe
123.17669413919414,51.863937529418365,0,214,132.0,98.0,159.0,134.92005494505494,6.128358698612654,112,148,137.0,131.0,140.0,176.73502747252746,20.45750785841284,126,203,181.0,170.0,192.0,IMG20200717091549.jpg,fully_ripe
167.90068082287564,30.845935053454433,100,243,169.0,145.0,189.0,129.1687189489567,6.005229296379487,114,144,130.0,124.0,134.0,178.24960070658375,14.727581983364352,125,209,179.0,173.0,186.0,IMG20200717091600.jpg,fully_ripe
126.77742612151768,32.31161269215308,54,210,129.0,103.0,149.0,131.34825746145071,6.357833766036041,115,147,132.0,126.0,136.0,177.20058145953703,13.683351401460955,125,203,179.0,173.0,184.0,IMG20200717091600.jpg,fully_ripe
119.91548228020461,43.36483693524308,0,209,127.0,98.0,148.0,131.29164243918595,6.281906427226457,116,148,132.0,126.0,136.0,175.4925403893571,16.53156811050554,126,203,178.0,172.0,183.0,IMG20200717091600.jpg,fully_ripe
126.08673315423398,33.17040840999879,0,209,128.0,103.0,148.0,131.3593272733964,6.3505894762964425,115,147,132.0,126.0,136.0,177.15672174585066,13.7945462921801,125,203,179.0,173.0,184.0,IMG20200717091600.jpg,fully_ripe
120.20362124167372,43.27040440856096,0,210,127.0,98.0,148.0,131.10528097744086,6.272471066735074,115,148,132.0,126.0,136.0,175.5526809700806,16.393475186036802,125,203,178.0,172.0,183.0,IMG20200717091600.jpg,fully_ripe
143.4768991133477,29.46986648309555,77,213,142.0,121.0,167.0,126.07258566978193,4.4958745225829935,115,138,125.0,122.0,130.0,173.53584152088825,12.738735371178086,130,201,173.0,168.0,181.0,IMG20200717091605.jpg,fully_ripe
117.48442367601245,58.56234032634376,0,221,128.0,93.0,161.0,128.2713475517214,5.1262286035064,115,142,128.0,124.0,133.0,173.14295870277178,21.98955275331288,126,207,178.0,169.0,186.0,IMG20200717091605.jpg,fully_ripe
122.01829219586229,56.363159529463154,0,220,131.0,99.0,164.0,127.75347871235722,5.08845619542489,115,142,128.0,124.0,132.0,175.30987299305056,20.653232667696678,126,207,179.0,171.0,187.0,IMG20200717091605.jpg,fully_ripe
137.0444684080198,36.16890525299372,54,221,136.0,109.0,166.0,127.64608195542775,5.4823872208866,115,142,126.0,123.0,133.0,180.18482306893523,13.782877985667028,130,207,180.0,174.0,188.0,IMG20200717091605.jpg,fully_ripe
122.30778017413532,55.72497207856532,0,221,130.0,98.0,164.0,127.50601485741673,5.231883924573499,115,141,127.0,123.0,132.0,175.2102404345395,20.474931820834968,126,207,179.0,170.0,186.0,IMG20200717091605.jpg,fully_ripe
157.2878268765595,36.21547638185848,83,239,161.0,127.0,186.0,125.32012727869302,5.741531750131929,107,136,127.0,122.0,130.0,179.9566199418547,15.585734746206422,129,205,183.0,171.0,192.0,IMG20200717091613.jpg,fully_ripe
136.8809928958955,39.07349097882204,56,224,142.0,104.0,168.0,126.69756812233405,6.199894755027039,107,138,128.0,123.0,132.0,180.64084211490183,15.308568471065877,129,204,184.0,172.0,193.0,IMG20200717091613.jpg,fully_ripe
128.49872950225486,52.28162513125448,0,224,140.0,97.0,168.0,127.01817612990362,5.8192990502485635,107,138,128.0,124.0,131.0,177.98742474303896,19.545291371194867,126,204,183.0,170.0,192.0,IMG20200717091613.jpg,fully_ripe
111.21588541865381,44.695085883879514,16,209,117.0,74.0,147.0,130.76068858688603,7.482281107253421,108,149,132.0,126.0,136.0,169.38953537172551,21.444683323411507,116,204,174.0,153.0,187.0,IMG20200717091613.jpg,fully_ripe
109.82499179708662,65.61575032164329,0,224,124.0,70.0,165.0,127.12784335869242,5.5226933668145,107,138,128.0,125.0,131.0,170.21632799444492,24.946662180579466,124,204,178.0,154.0,191.0,IMG20200717091613.jpg,fully_ripe
131.37888464168066,54.03093417612602,0,234,146.0,104.0,172.0,126.60191745913357,7.418700305983168,106,142,128.0,121.0,132.0,177.83449872583753,22.00243138503715,126,208,186.0,169.0,193.0,IMG20200717091626.jpg,fully_ripe
141.14956647398844,41.191182656250085,0,234,150.0,117.0,172.0,126.96471968425632,7.56981757014636,107,142,130.0,121.0,133.0,181.51628441792528,17.95037259448517,126,208,187.0,176.0,194.0,IMG20200717091626.jpg,fully_ripe
164.34281962831747,30.002655952301186,94,239,169.0,145.0,188.0,124.85281869600348,6.215675712893156,107,137,127.0,120.0,130.0,176.2848530051588,16.279751268554026,127,203,181.0,170.0,188.0,IMG20200717091626.jpg,fully_ripe
143.51596587730748,37.21119664154038,55,234,150.0,119.0,173.0,126.91552458201255,7.583083687010817,106,142,130.0,121.0,133.0,181.94881596121573,17.10290775454622,127,208,187.0,176.0,194.0,IMG20200717091626.jpg,fully_ripe
137.0268428740133,47.24044682432851,0,234,148.0,115.0,171.0,126.87245944434085,7.561159204866459,106,142,129.0,121.0,133.0,180.58007800360494,18.989814322796892,126,208,187.0,175.0,193.0,IMG20200717091626.jpg,fully_ripe
136.64066213376643,55.61549381091711,0,231,149.0,102.0,180.0,133.04256705297254,4.29429524491304,116,149,134.0,130.0,136.0,180.1736449472844,21.852319780438556,126,205,187.0,172.0,197.0,IMG20200717091647.jpg,fully_ripe
135.03974087226214,57.902456578058455,0,231,149.0,98.0,181.0,133.0988520934842,4.234505220115943,115,149,134.0,130.0,136.0,179.70766463879025,22.36049911109769,125,205,188.0,171.0,197.0,IMG20200717091647.jpg,fully_ripe
145.37413861131756,42.72942169434885,54,231,151.0,111.0,181.0,133.12955469301988,4.315465742813461,115,149,134.0,130.0,136.0,181.98269423110452,19.167235431800083,125,205,188.0,174.0,197.0,IMG20200717091647.jpg,fully_ripe
160.7702810581661,36.02809816301497,85,234,166.0,132.0,191.0,130.482047329351,3.2943798840642535,116,143,131.0,128.0,133.0,177.10282526311926,17.910935865741184,126,200,183.0,169.0,190.0,IMG20200717091647.jpg,fully_ripe
121.04983437479927,40.08552239081021,35,201,127.0,89.0,155.0,133.60155439939072,4.286306736368639,117,149,134.0,131.0,137.0,175.44166414329104,17.886875729349708,125,198,181.0,164.0,190.0,IMG20200717091647.jpg,fully_ripe
121.81131754361084,70.89127619623495,0,236,141.0,78.0,178.0,131.77505791140737,4.23007916387123,120,154,132.0,128.0,135.0,173.67957263745095,27.47615628763397,126,206,185.0,148.0,196.0,IMG20200717091702.jpg,fully_ripe
142.1015647898643,57.158701240575425,0,234,152.0,116.0,187.0,131.7879166075734,4.454937559182401,115,154,132.0,128.0,135.0,181.87489245024346,21.878305731545844,126,209,189.0,174.0,198.0,IMG20200717091702.jpg,fully_ripe
141.28910320049167,57.70245480657846,0,231,151.0,115.0,186.0,131.66380182480026,4.470086274590872,115,154,132.0,128.0,135.0,181.73424100600388,22.279979051095363,126,209,189.0,174.0,198.0,IMG20200717091702.jpg,fully_ripe
152.01089207204652,41.18966757692922,53,236,154.0,124.0,187.0,131.72165650262374,4.561129621632863,115,154,132.0,128.0,135.0,184.24078854063254,18.408613381875533,127,209,189.0,177.0,198.0,IMG20200717091702.jpg,fully_ripe
122.21974188058431,42.587736195179055,17,208,124.0,94.0,159.0,134.3877747837186,5.3254265772350635,117,157,135.0,130.0,138.0,175.49494634330827,19.6580521976121,126,203,179.0,165.0,193.0,IMG20200717091702.jpg,fully_ripe
107.43264796485664,39.03312455131861,17,184,114.0,75.0,138.0,131.79820819890267,4.649424887139821,115,154,132.0,128.0,135.0,170.9865022511438,17.623003443184345,125,197,176.0,160.0,185.0,IMG20200717091707.jpg,fully_ripe
147.91547729716922,41.92382626322852,53,230,155.0,113.0,181.0,130.17480541732743,4.513251131381787,113,153,130.0,127.0,133.0,182.0697581159658,18.601901323915737,125,207,189.0,173.0,196.0,IMG20200717091707.jpg,fully_ripe
139.57068773810175,54.452304493271065,0,230,153.0,103.0,180.0,130.4460090045752,4.415741795978169,113,153,130.0,128.0,133.0,179.78131094949052,21.670899656238678,125,207,189.0,170.0,196.0,IMG20200717091707.jpg,fully_ripe
143.95681814039116,48.749742638349105,0,230,154.0,108.0,181.0,130.20900092962214,4.461684591816935,113,153,130.0,127.0,133.0,181.37267822314575,19.861417627194676,126,207,189.0,172.0,196.0,IMG20200717091707.jpg,fully_ripe
139.7144966369552,54.83882257355125,0,230,153.0,106.0,180.0,130.31308215307777,4.3683196875328525,115,153,130.0,128.0,133.0,180.22161462605493,21.322371118908222,125,207,189.0,171.0,196.0,IMG20200717091707.jpg,fully_ripe
146.30674609833864,37.74808434776484,54,232,152.0,121.0,176.0,128.73086088269844,4.695049480718207,111,147,129.0,126.0,132.0,180.78120490015104,19.059555203693698,127,206,187.0,174.0,195.0,IMG20200717091712.jpg,fully_ripe
177.83629803658332,33.56762680789525,97,252,183.0,155.0,204.0,126.54749118979694,4.116278735481085,112,142,127.0,124.0,129.0,179.1174525927169,19.00728433213322,127,206,186.0,172.0,192.0,IMG20200717091712.jpg,fully_ripe
137.30144319516697,51.998957638597666,0,232,150.0,113.0,176.0,128.83361302231918,4.4500194175061925,111,147,129.0,126.0,132.0,178.6870867595234,21.70825093070773,126,206,187.0,171.0,195.0,IMG20200717091712.jpg,fully_ripe
137.46983554287633,52.56052222006666,0,231,150.0,115.0,176.0,128.8178301728478,4.562145614015361,112,146,129.0,126.0,132.0,179.0611008558483,21.550653939312678,126,206,187.0,172.0,195.0,IMG20200717091712.jpg,fully_ripe
199.22475247524753,35.780090129020955,110,254,206.0,176.0,229.0,124.03576942440007,6.382088200436612,108,143,125.0,120.0,129.0,184.39828830340662,20.691508654060318,127,212,192.0,177.0,198.0,IMG20200717091712.jpg,fully_ripe
129.49810052862648,54.69885415268759,0,219,142.0,102.0,172.0,130.26107875638382,4.569009550909147,112,144,131.0,128.0,134.0,177.06830929128213,21.294204450432176,125,202,185.0,171.0,192.0,IMG20200717091718.jpg,fully_ripe
167.88775199354896,39.38376334168225,77,246,172.0,138.0,201.0,129.28036018277933,5.110943904893352,110,145,130.0,126.0,133.0,184.2900456948302,19.78890991128141,126,210,191.0,178.0,198.0,IMG20200717091718.jpg,fully_ripe
158.4130185467252,42.44284435614741,60,243,163.0,126.0,194.0,130.66635606128483,5.593348353396038,109,147,132.0,127.0,135.0,185.5429173013171,20.175895040109967,126,211,192.0,178.0,200.0,IMG20200717091718.jpg,fully_ripe
127.50390645999462,58.29947100972861,0,220,142.0,101.0,172.0,130.14417166920526,4.678003028499956,111,144,131.0,128.0,133.0,176.24659976704595,22.65695800481215,126,202,185.0,171.0,192.0,IMG20200717091718.jpg,fully_ripe
140.64047128393514,37.386889197129776,55,220,144.0,112.0,172.0,130.22745273720992,4.756057902686296,111,144,131.0,127.0,134.0,179.5637935668847,18.052937688296797,127,202,185.0,174.0,192.0,IMG20200717091718.jpg,fully_ripe
176.81411531709952,39.47871410885304,81,255,184.0,150.0,209.0,133.17058108655533,5.63070391382468,111,147,135.0,130.0,137.0,188.98247288112705,17.887364925022545,127,212,195.0,182.0,202.0,IMG20200717091725.jpg,fully_ripe
110.61652788405276,33.03545336256608,29,189,117.0,88.0,136.0,134.51835981455642,3.7710049136493735,119,146,135.0,132.0,137.0,173.6556960885808,14.196238585426196,126,191,178.0,167.0,185.0,IMG20200717091725.jpg,fully_ripe
145.5284691902597,44.32851427673274,0,238,155.0,120.0,179.0,134.9842552999955,4.29529100306434,117,148,136.0,132.0,138.0,184.3804294009092,17.62954598653084,126,205,190.0,178.0,197.0,IMG20200717091725.jpg,fully_ripe
142.05666831705452,51.394353198075656,0,241,155.0,118.0,179.0,134.84952063734977,4.402655832186292,117,148,136.0,132.0,138.0,183.31795471935905,19.61323237234423,126,205,190.0,177.0,197.0,IMG20200717091725.jpg,fully_ripe
148.34459197911508,39.034824412172675,54,241,156.0,122.0,179.0,134.99927082864474,4.306906498599335,117,148,136.0,132.0,138.0,184.90735922941892,16.520244627361553,126,205,190.0,178.0,197.0,IMG20200717091725.jpg,fully_ripe
161.3027605372858,48.88918056821368,58,255,173.0,119.0,201.0,133.6278462251042,5.853001743105188,110,153,135.0,130.0,138.0,188.18187123668366,19.35624014694771,126,212,195.0,178.0,203.0,IMG20200717091728.jpg,fully_ripe
138.3264844835572,55.93520364466702,0,233,155.0,99.0,181.0,133.25059749884207,4.26625527874194,117,150,134.0,130.0,136.0,180.6048911533117,21.369193371737136,126,205,189.0,172.0,196.0,IMG20200717091728.jpg,fully_ripe
145.8041037517369,44.34490031760374,54,233,156.0,107.0,181.0,133.3393608151922,4.263215407734981,117,150,134.0,130.0,136.0,183.04978230662343,17.66775886431233,126,205,189.0,175.0,196.0,IMG20200717091728.jpg,fully_ripe
142.70198239925892,48.96285227569403,0,232,155.0,105.0,180.0,133.3317091245947,4.249417211674395,117,149,134.0,130.0,136.0,182.5359240389069,18.63972464262588,126,205,189.0,174.0,196.0,IMG20200717091728.jpg,fully_ripe
132.65985178323297,63.17174140735321,0,230,154.0,93.0,181.0,133.21582213987958,4.203668280266049,121,149,134.0,129.0,136.0,179.12091709124596,23.200448133620498,126,205,188.0,171.0,196.0,IMG20200717091728.jpg,fully_ripe
127.21208557694291,55.89207301396408,0,216,142.0,105.0,170.0,134.7264549937076,3.8136240709364255,117,144,136.0,132.0,138.0,177.2909884260692,21.737488301913277,126,201,185.0,171.0,193.0,IMG20200717091739.jpg,fully_ripe
138.59504652266304,40.73782340573553,0,217,144.0,116.0,173.0,134.8928637742155,3.664719272894761,117,144,136.0,133.0,138.0,180.09780074683832,18.37208457652479,126,201,186.0,175.0,193.0,IMG20200717091739.jpg,fully_ripe
141.36107156856679,36.304451628142104,53,217,144.0,118.0,173.0,134.85352066183904,3.674435336310405,117,144,136.0,133.0,137.0,180.29041076107364,17.982596037468603,127,201,186.0,175.0,193.0,IMG20200717091739.jpg,fully_ripe
89.153803305069,73.67857146567069,0,209,109.0,0.0,156.0,132.9535495450888,4.605205361343111,117,144,133.0,128.0,137.0,162.11377937323348,28.89387704357379,126,201,172.0,128.0,190.0,IMG20200717091739.jpg,fully_ripe
126.22739369932538,43.92710404639191,15,216,130.0,98.0,165.0,139.99477006870086,5.597194995903777,121,155,141.0,137.0,144.0,175.26273441851828,22.240743213441142,119,206,180.0,161.0,195.0,IMG20200717091739.jpg,fully_ripe
146.57157932853966,34.309604154444195,54,217,156.0,125.0,172.0,133.2658838135637,3.208554553929484,116,142,134.0,131.0,136.0,183.03326263514563,15.969589867437024,125,201,189.0,179.0,193.0,IMG20200717091745.jpg,fully_ripe
139.2782577207594,48.18503032227387,0,217,156.0,122.0,172.0,133.0588484817133,3.2117600978658065,116,142,134.0,131.0,135.0,180.90518855723965,19.490789126462175,125,201,189.0,179.0,193.0,IMG20200717091745.jpg,fully_ripe
178.80097253116756,32.72866621393246,91,247,188.0,158.0,203.0,131.27370544720915,2.916236369016044,115,139,132.0,129.0,133.0,183.77117583156587,16.57393806109772,125,203,189.0,180.0,194.0,IMG20200717091745.jpg,fully_ripe
139.80907350887176,47.30381298704654,0,214,155.0,121.0,171.0,133.31189281465004,3.174030204319003,116,141,134.0,131.0,136.0,181.80373493352647,18.25468968884191,125,201,189.0,179.0,193.0,IMG20200717091745.jpg,fully_ripe
139.1904091873157,41.147146178131074,24,221,151.0,114.0,169.0,137.18739847912678,4.5798336344979855,118,151,138.0,134.0,140.0,182.07515389788423,19.576181444688455,125,207,189.0,172.0,196.0,IMG20200717091745.jpg,fully_ripe
94.77833114991934,67.28068017714655,0,220,123.0,0.0,151.0,133.39194266102228,4.246556427255413,119,147,135.0,128.0,137.0,165.48366770243496,26.130757681388502,123,198,179.0,128.0,186.0,IMG20200717091748.jpg,fully_ripe
126.59528166040513,50.9574158623352,0,225,139.0,108.0,162.0,134.10441410521528,3.729033074556705,119,146,135.0,131.0,137.0,177.22424563948766,19.10866784129825,124,198,182.0,175.0,190.0,IMG20200717091748.jpg,fully_ripe
129.362894232539,44.06643117912898,0,220,139.0,109.0,161.0,134.6398341327155,3.5000061438569663,119,147,136.0,132.0,137.0,179.32306226519276,15.421486166452754,126,199,182.0,175.0,190.0,IMG20200717091748.jpg,fully_ripe
137.44386821562748,32.899764524262366,53,227,142.0,114.0,162.0,134.64165304288514,3.4405611808181757,119,147,136.0,133.0,137.0,181.34075333196193,11.418050867275507,126,199,183.0,176.0,190.0,IMG20200717091748.jpg,fully_ripe
112.31665277221398,27.638585440957076,42,188,116.0,93.0,133.0,133.39818975130734,2.8811195153875664,120,144,134.0,132.0,136.0,173.24959128655414,9.720472667713423,126,188,174.0,169.0,181.0,IMG20200717091748.jpg,fully_ripe
160.49203779607114,32.592369397572384,79,234,162.0,138.0,185.0,133.17126488249005,3.430728319786798,119,146,134.0,131.0,136.0,183.61951342724944,10.833313863859267,129,205,185.0,179.0,191.0,IMG20200717091754.jpg,fully_ripe
125.2577641534346,48.65852565869585,0,211,133.0,107.0,158.0,133.960860629858,3.617092757218036,120,148,135.0,131.0,137.0,177.3767666678148,17.46829937252022,126,200,182.0,175.0,187.0,IMG20200717091754.jpg,fully_ripe
118.35373540453966,27.336431554923518,49,183,120.0,99.0,139.0,132.80967634530822,2.8927685539710293,121,144,133.0,131.0,135.0,173.86271943420707,8.86679078538816,129,191,175.0,170.0,179.0,IMG20200717091754.jpg,fully_ripe
126.33133560660858,47.42213774832243,0,211,134.0,108.0,158.0,133.9968541544679,3.6084544159362384,120,148,135.0,132.0,137.0,177.7981492324826,16.907919780786752,126,200,182.0,175.0,187.0,IMG20200717091754.jpg,fully_ripe
111.7878506067808,61.03722297384902,0,212,130.0,85.0,156.0,133.45157808930068,4.00882293488071,120,149,134.0,130.0,137.0,171.94917278039932,22.729072861465635,126,200,181.0,167.0,187.0,IMG20200717091754.jpg,fully_ripe
134.82674134440913,46.29248205807686,0,217,146.0,102.0,171.0,133.1285673830276,3.183882095700287,122,146,133.0,131.0,136.0,178.34046547727678,18.17184550854517,124,203,183.0,171.0,191.0,IMG20200717091801.jpg,fully_ripe
138.57777707854797,39.64399923853012,54,218,147.0,106.0,171.0,133.09585391691053,3.2249613009407283,121,144,133.0,131.0,136.0,178.94800876834168,17.046089859060885,124,203,183.0,171.0,191.0,IMG20200717091801.jpg,fully_ripe
111.65035713161951,40.742011250183324,21,192,120.0,79.0,145.0,135.25111439749116,3.9008669339309927,121,149,135.0,133.0,138.0,172.70558929339333,18.66853067726325,124,198,179.0,159.0,187.0,IMG20200717091801.jpg,fully_ripe
98.20789150750448,44.60148793569266,3,186,108.0,62.0,135.0,139.1871663362806,5.864539536915174,121,158,139.0,136.0,143.0,162.6786654500068,24.921674029161895,102,198,171.0,141.0,183.0,IMG20200717091801.jpg,fully_ripe
87.75738124455911,77.58413487673212,0,218,104.0,0.0,164.0,131.0256337644085,3.4322169790730133,122,144,130.0,128.0,134.0,160.3767764807065,29.20763016336403,124,203,170.0,128.0,189.0,IMG20200717091801.jpg,fully_ripe
131.9747800253255,35.048255482363835,54,210,136.0,108.0,158.0,136.03608071690638,5.050289823015028,119,148,137.0,132.0,140.0,180.1978067469723,15.401384935726778,128,202,184.0,174.0,191.0,IMG20200717092037.jpg,fully_ripe
111.89074320594824,40.77754154881918,15,201,117.0,84.0,142.0,141.27636449235365,6.724323750728699,119,157,143.0,136.0,147.0,170.62742296827818,20.405864065063703,120,204,176.0,157.0,186.0,IMG20200717092037.jpg,fully_ripe
119.03986330725023,53.35969086524829,0,209,133.0,94.0,156.0,135.69110198383063,5.189218028704245,120,148,137.0,131.0,140.0,176.31660118835026,20.885047163765485,126,202,183.0,170.0,190.0,IMG20200717092037.jpg,fully_ripe
84.6874655021267,36.8520715404952,2,165,89.0,59.0,112.0,142.37462255268028,6.92237343934907,120,158,144.0,137.0,148.0,155.00796292087406,21.311279837290634,104,194,159.0,139.0,171.0,IMG20200717092037.jpg,fully_ripe
124.78633234845287,46.60261682375066,0,210,135.0,101.0,157.0,135.92550082794895,5.037759824351484,120,148,137.0,132.0,140.0,178.31421474723206,18.51034619406191,126,202,184.0,172.0,191.0,IMG20200717092037.jpg,fully_ripe
133.05620734299825,42.02753403929013,0,235,143.0,110.0,159.0,135.73636174735867,5.315573294440664,117,148,137.0,131.0,140.0,181.12100602592588,15.824264790728044,124,203,186.0,176.0,191.0,IMG20200717092040.jpg,fully_ripe
113.477750427569,31.96611664221092,33,205,119.0,91.0,134.0,136.39532151591197,5.236778411467061,117,149,138.0,132.0,140.0,175.33012323577833,13.27933783199431,128,196,179.0,169.0,184.0,IMG20200717092040.jpg,fully_ripe
117.69876764221665,31.206397575435236,39,208,124.0,96.0,138.0,135.61529977782396,5.024222507666403,117,148,137.0,132.0,140.0,176.55445710723592,12.660277033252282,128,196,181.0,171.0,185.0,IMG20200717092040.jpg,fully_ripe
137.44476767418442,33.72363089538486,54,235,144.0,114.0,159.0,135.77855122036988,5.370100401665808,116,148,137.0,132.0,140.0,182.21968255997953,13.547191897465579,128,203,186.0,177.0,191.0,IMG20200717092040.jpg,fully_ripe
128.52043540111566,48.46248710513904,0,234,142.0,107.0,159.0,135.78879689273214,5.440663071969616,117,148,138.0,131.0,140.0,179.76266323545866,17.805959055482486,126,203,186.0,175.0,191.0,IMG20200717092040.jpg,fully_ripe
134.39046355651502,33.1230659187793,54,210,139.0,112.0,159.0,134.39942817593067,6.131670446588115,111,148,136.0,131.0,139.0,179.91469604337294,13.274259706938144,129,199,183.0,175.0,189.0,IMG20200717092046.jpg,fully_ripe
78.0893990079594,68.79484069174072,0,206,97.0,0.0,142.0,133.38352586391576,5.626207550999207,115,148,132.0,128.0,139.0,158.7668210207142,27.033718493588314,126,197,170.0,128.0,184.0,IMG20200717092046.jpg,fully_ripe
131.1566666117364,38.94667962280506,0,210,138.0,109.0,159.0,134.4299227131157,6.1210599965525185,111,148,136.0,131.0,139.0,179.25825189921395,14.684174274837567,126,199,183.0,174.0,189.0,IMG20200717092046.jpg,fully_ripe
193.07132969694973,33.33342657031659,112,250,198.0,170.0,219.0,130.97456454031607,7.988355482661637,107,146,133.0,127.0,137.0,185.4856796796467,15.096560541994496,129,210,189.0,180.0,196.0,IMG20200717092046.jpg,fully_ripe
154.28098478980934,33.094378786954856,74,231,158.0,132.0,179.0,133.4569236853814,6.058206247353882,109,147,135.0,130.0,138.0,181.73897961537827,13.95200484615364,129,202,185.0,176.0,191.0,IMG20200717092046.jpg,fully_ripe
122.14396346970862,52.03202055389889,0,220,134.0,98.0,158.0,131.85835312614992,5.301107961251757,110,146,133.0,129.0,135.0,175.2456762452748,18.283954874224072,125,198,181.0,171.0,187.0,IMG20200717092052.jpg,fully_ripe
111.87967918910782,60.66565693282877,0,220,127.0,78.0,158.0,131.54307864717492,5.467385885023378,110,147,133.0,128.0,135.0,170.6166577459606,22.3038523211502,125,198,180.0,162.0,187.0,IMG20200717092052.jpg,fully_ripe
122.4363312481183,51.740223876753554,0,220,134.0,98.0,158.0,131.8646924029037,5.308194596070962,110,146,133.0,129.0,135.0,175.3556100090322,18.157538858522972,126,198,181.0,171.0,187.0,IMG20200717092052.jpg,fully_ripe
133.8240557990165,35.70043598348246,54,220,139.0,106.0,160.0,131.96700732612987,5.406907057569418,110,147,133.0,130.0,135.0,178.48786505201886,13.345725214299456,127,198,182.0,173.0,187.0,IMG20200717092052.jpg,fully_ripe
111.33914294316395,31.92291733877296,39,188,116.0,87.0,134.0,131.78044190947713,4.856860330967424,112,145,133.0,130.0,135.0,172.25671561904124,12.134904678758533,127,190,175.0,167.0,180.0,IMG20200717092052.jpg,fully_ripe
123.75998029408572,54.410043793128914,0,227,137.0,95.0,164.0,132.74943428996085,4.129957161505429,113,147,134.0,130.0,136.0,176.4971735372951,20.14012279832964,126,201,182.0,170.0,191.0,IMG20200717092106.jpg,fully_ripe
132.39744157112918,41.90596126726719,0,221,140.0,102.0,165.0,132.9385609672598,4.065141958583549,113,147,134.0,131.0,136.0,179.5853825535859,15.416651455395971,126,201,182.0,172.0,191.0,IMG20200717092106.jpg,fully_ripe
111.58871418909328,45.55444620773029,10,219,119.0,75.0,148.0,138.5136229657401,6.050129748508932,115,157,139.0,135.0,143.0,169.46140229290003,23.925926902434128,113,205,177.0,150.0,189.0,IMG20200717092106.jpg,fully_ripe
134.44902764672975,38.31023396578758,53,227,140.0,104.0,165.0,132.8856054976161,4.102771236434756,113,145,134.0,131.0,136.0,179.8396389475706,14.822041546521778,127,201,182.0,172.0,191.0,IMG20200717092106.jpg,fully_ripe
127.70249914412872,49.353996426854444,0,215,139.0,99.0,165.0,132.91216673207472,3.9315022951534573,113,147,134.0,130.0,136.0,178.13263082305593,18.030501460238963,126,201,182.0,171.0,191.0,IMG20200717092106.jpg,fully_ripe
130.06582998973593,45.68746499918662,0,222,132.0,92.0,167.0,131.02852943920874,5.110186263791658,109,154,132.0,128.0,134.0,176.0784734533918,14.843678639144489,125,199,179.0,168.0,188.0,IMG20200717092152.jpg,fully_ripe
131.19961276476627,43.97900054972496,0,222,132.0,92.0,167.0,131.0136115517402,5.135580287096951,109,153,132.0,128.0,134.0,176.30199682747036,14.423378807850717,127,200,179.0,168.0,188.0,IMG20200717092152.jpg,fully_ripe
164.10916067929458,47.152863113785635,79,255,166.0,122.0,204.0,129.42306615657367,6.97755681848474,106,155,131.0,125.0,134.0,182.1544042175982,15.913416351312739,126,207,186.0,174.0,195.0,IMG20200717092152.jpg,fully_ripe
108.85806429037977,65.31925635538526,0,222,117.0,62.0,162.0,130.8613767845479,4.654393517237314,112,154,131.0,128.0,134.0,168.56255248670337,22.73633372323831,126,200,175.0,155.0,188.0,IMG20200717092152.jpg,fully_ripe
105.32400625174955,49.299089108960025,14,207,107.0,62.0,146.0,135.16102920593448,6.544135327144542,108,160,136.0,131.0,140.0,167.52505365307456,22.66019460278008,118,202,172.0,147.0,188.0,IMG20200717092152.jpg,fully_ripe
106.89984823574048,61.703923075490245,0,209,118.0,68.0,156.0,132.12468698621475,4.596444415495411,114,142,132.0,128.0,136.0,166.20915644365752,22.902602231095837,126,201,172.0,150.0,185.0,IMG20200717092159.jpg,fully_ripe
160.92144934867838,31.827614657490304,97,228,161.0,136.0,185.0,130.71259643353991,3.526756843792475,114,138,132.0,129.0,133.0,170.63375490072087,15.377348337378761,127,199,172.0,163.0,183.0,IMG20200717092159.jpg,fully_ripe
127.29527001391172,42.494556943347135,0,209,130.0,100.0,159.0,133.3396610598204,4.496335400506565,112,142,135.0,130.0,137.0,174.35571013026433,16.81626857519744,126,201,176.0,167.0,187.0,IMG20200717092159.jpg,fully_ripe
99.32416845832806,34.90419323485284,26,173,100.0,73.0,126.0,134.21212849373973,4.584883648716884,113,143,135.0,131.0,138.0,167.88933856076895,14.848093727663334,127,192,170.0,160.0,179.0,IMG20200717092159.jpg,fully_ripe
130.63437460478056,37.208244973264215,54,209,131.0,102.0,159.0,133.37141773112432,4.507361156129354,112,142,135.0,131.0,137.0,174.8683950929556,15.98558401058814,127,201,176.0,168.0,187.0,IMG20200717092159.jpg,fully_ripe
178.2797555936909,30.16514275072778,101,255,184.0,160.0,200.0,133.4421939729142,3.5590486719051895,118,142,134.0,131.0,136.0,180.74082656552298,15.415347177360143,126,205,185.0,176.0,190.0,IMG20200717092206.jpg,fully_ripe
122.21479554472221,29.984249739946165,43,203,128.0,104.0,144.0,135.73355777323553,3.6614212092537093,120,144,137.0,134.0,138.0,176.13337414058827,13.47276153844975,126,195,180.0,173.0,184.0,IMG20200717092206.jpg,fully_ripe
135.92862373889187,45.82411753862693,0,230,148.0,119.0,166.0,136.67985615442632,4.148908713812413,119,145,138.0,134.0,140.0,180.8991004186387,17.407181711685006,126,203,187.0,178.0,191.0,IMG20200717092206.jpg,fully_ripe
130.10198170231837,54.95502992435612,0,209,148.0,115.0,166.0,136.32377277646003,4.3102699142544365,119,145,138.0,134.0,140.0,178.85709445057768,20.746653205609956,126,203,187.0,177.0,191.0,IMG20200717092206.jpg,fully_ripe
116.74396362324701,65.71977310187411,0,209,144.0,78.0,164.0,135.40900893023053,4.838421624326099,122,146,137.0,131.0,139.0,172.7586979570868,25.74559517311105,126,203,186.0,156.0,191.0,IMG20200717092206.jpg,fully_ripe
116.2539406758322,53.23853792070776,0,221,115.0,81.0,159.0,131.4919297980561,5.2412319160951775,114,142,131.0,128.0,136.0,169.9135695220829,17.755042882264004,126,198,174.0,162.0,183.0,IMG20200717092228.jpg,fully_ripe
151.61269325678603,34.52216577842368,93,234,146.0,123.0,180.0,128.98523190814322,4.159946250303223,115,138,129.0,126.0,132.0,165.511670947273,13.838711038744819,126,190,168.0,158.0,176.0,IMG20200717092228.jpg,fully_ripe
116.51172130734753,52.52226990784609,0,220,115.0,82.0,158.0,131.38194339527624,5.2445291643994025,114,143,132.0,128.0,135.0,169.61224001611524,17.905843522824917,126,199,174.0,162.0,183.0,IMG20200717092228.jpg,fully_ripe
101.68667220627486,40.79711056419607,30,196,95.0,68.0,135.0,132.25259354383846,5.51611703635901,114,145,132.0,129.0,137.0,167.0756282419298,15.064693506542824,126,194,169.0,157.0,179.0,IMG20200717092228.jpg,fully_ripe
66.98694415067735,70.0036851328459,0,218,71.5,0.0,126.0,130.51218713803698,4.000344956122003,117,143,128.0,128.0,133.0,153.09072367427103,25.791010801594048,126,198,148.0,128.0,179.0,IMG20200717092228.jpg,fully_ripe
139.79550206249647,49.18038804242858,0,229,139.0,104.0,182.0,129.58286715262474,5.470581348286727,110,153,130.0,126.0,133.0,179.09777928462452,17.13070324133662,125,203,183.0,171.0,193.0,IMG20200717092238.jpg,fully_ripe
137.90296660450923,52.919879593846666,0,230,139.0,103.0,183.0,129.65941119963836,5.44189117179027,109,153,130.0,127.0,133.0,178.7640504040233,17.796546545066686,125,203,183.0,171.0,193.0,IMG20200717092238.jpg,fully_ripe
142.7043114652201,45.787596964361036,54,231,140.0,107.0,183.0,129.5157371305871,5.52363283577218,110,153,130.0,126.0,133.0,179.55945075436514,16.367423514872183,125,203,183.0,171.0,193.0,IMG20200717092238.jpg,fully_ripe
185.02202633214668,47.310506272255374,90,255,185.0,148.0,230.0,125.34106345708312,8.840008073257119,107,155,127.0,118.0,132.0,185.85798722947393,17.937664147779966,126,214,191.0,178.0,199.0,IMG20200717092238.jpg,fully_ripe
121.60996779115104,69.25378616681817,0,230,132.0,78.0,180.0,129.67104028931456,5.21004224675126,110,154,130.0,128.0,133.0,172.76169972311692,24.00062326147304,125,203,181.0,163.0,192.0,IMG20200717092238.jpg,fully_ripe
130.4994373501639,35.425608169103675,54,214,135.0,104.0,155.0,136.82444101961934,3.624882346836775,119,149,138.0,135.0,139.0,179.43704437594795,14.135982677381689,127,201,183.0,173.0,190.0,IMG20200717092255.jpg,fully_ripe
98.70370370370371,31.159542304870833,30,172,102.0,76.0,120.0,136.5068007241059,3.3161069976128448,121,147,137.0,134.0,139.0,170.17350408532707,12.713529618893732,127,190,173.0,164.0,180.0,IMG20200717092255.jpg,fully_ripe
121.38239395273742,49.59986501636433,0,213,133.0,100.0,155.0,136.58218357062478,3.9019942446698734,122,148,138.0,134.0,139.0,176.81247859484318,18.580424645722758,126,201,182.0,172.0,190.0,IMG20200717092255.jpg,fully_ripe
94.69339253388131,67.76755185254494,0,214,116.0,0.0,150.0,134.89407505259553,5.250159519819798,119,149,137.0,128.0,139.0,165.1209085571701,26.430835083995078,126,198,176.0,128.0,188.0,IMG20200717092255.jpg,fully_ripe
130.2993664073585,35.494843955754575,35,213,134.0,104.0,155.0,136.8282939478448,3.6097140605729243,120,149,138.0,135.0,139.0,179.42362640050882,14.15172156281723,127,201,183.0,173.0,190.0,IMG20200717092255.jpg,fully_ripe
113.44081281095232,65.79595056616161,0,208,140.0,73.0,161.0,133.42724707322324,3.840874535551569,124,148,134.0,130.0,137.0,172.1885150220429,25.44170226187563,126,204,184.0,161.0,191.0,IMG20200717092258.jpg,fully_ripe
138.41560796491268,34.54386076617089,53,208,145.0,119.0,162.0,135.144780534243,3.188765007442,121,147,136.0,133.0,137.0,181.98781690220656,13.754961809801111,129,204,185.0,177.0,191.0,IMG20200717092258.jpg,fully_ripe
113.84917891587429,35.90526413020275,21,185,120.0,95.0,138.0,137.64069494656437,3.8412911166216035,122,152,138.0,135.0,140.0,174.73298049571042,16.075700988180987,129,200,179.0,168.0,186.0,IMG20200717092258.jpg,fully_ripe
84.77614832779899,34.297778960145465,2,154,91.0,66.0,108.0,140.53300769518455,4.836538471914589,123,157,141.0,138.0,143.0,157.36856420775865,20.337677394190635,104,192,161.0,145.0,173.0,IMG20200717092258.jpg,fully_ripe
138.07510454797873,34.91542016823254,0,207,144.0,119.0,162.0,135.14731915182972,3.164226668480977,121,147,136.0,133.0,137.0,181.9462357061097,13.830399485642207,128,204,185.0,177.0,191.0,IMG20200717092258.jpg,fully_ripe
153.37422788178276,35.894999542689504,75,226,160.0,129.0,181.0,132.65875938420604,2.7681699131786996,123,147,133.0,131.0,135.0,179.536301434952,15.048063996853296,129,203,184.0,172.0,190.0,IMG20200717092304.jpg,fully_ripe
126.77657274541481,50.16666896889196,0,210,141.0,101.0,163.0,133.78549368050935,3.216484369784371,124,149,134.0,131.0,136.0,177.01771120402927,18.170858882356328,126,200,183.0,170.0,189.0,IMG20200717092304.jpg,fully_ripe
81.1311531882543,72.5451992640071,0,211,95.0,0.0,151.0,132.11421410244228,4.013413600899505,123,150,132.0,128.0,136.0,159.01957616649244,27.427350353285195,126,200,168.0,128.0,186.0,IMG20200717092304.jpg,fully_ripe
129.53941366530458,46.95772238966992,0,210,141.0,105.0,164.0,133.8328542240806,3.150383399425146,125,150,134.0,132.0,136.0,177.9316853558871,17.097429789815685,126,200,184.0,171.0,189.0,IMG20200717092304.jpg,fully_ripe
97.96647819063004,38.74561241900828,10,175,105.0,72.0,128.0,137.47973486648294,4.451168724972924,124,155,137.0,134.0,140.0,167.30164876936234,19.58157580322281,116,195,173.0,157.0,183.0,IMG20200717092304.jpg,fully_ripe
122.3770092906651,51.68753775925941,0,208,137.0,96.0,160.0,134.11938996214914,3.0354521087425934,124,148,135.0,132.0,136.0,176.60829277884284,18.801305700751207,126,201,183.0,171.0,189.0,IMG20200717092310.jpg,fully_ripe
127.84547510200069,46.12890755507339,0,208,139.0,100.0,162.0,134.25662390011306,2.8787905849922586,123,149,135.0,133.0,136.0,178.71971931376888,16.309527015344504,126,201,184.0,172.0,189.0,IMG20200717092310.jpg,fully_ripe
80.05519097478248,73.13786510968238,0,208,92.0,0.0,151.0,131.63230595290764,3.6548352630006544,123,148,131.0,128.0,135.0,158.59675318291303,27.308973132380654,126,198,168.0,128.0,185.0,IMG20200717092310.jpg,fully_ripe
75.26112176178538,33.54319188641694,1,146,82.0,47.0,102.0,139.39432482917957,4.7803731546286645,123,157,139.0,136.0,142.0,153.2346138720936,20.186218911426348,105,187,157.0,137.0,170.0,IMG20200717092310.jpg,fully_ripe
92.50468220026545,35.52399091172665,9,167,99.0,63.0,120.0,137.86614560291008,4.083268587950006,122,154,138.0,135.0,140.0,164.19323600255615,17.86685050349167,117,192,169.0,151.0,179.0,IMG20200717092310.jpg,fully_ripe
134.796686231208,47.66354650526963,0,216,145.0,100.0,173.0,137.53646208533604,4.651633042998447,119,157,138.0,135.0,141.0,180.75059343151034,17.638646118511495,125,203,187.0,173.0,194.0,IMG20200717092316.jpg,fully_ripe
128.21139152308183,43.149488553002975,33,225,135.0,91.0,164.0,139.87505461931812,5.424265301439334,119,158,141.0,137.0,144.0,179.1877133105802,17.884650768259178,127,205,185.0,165.0,194.0,IMG20200717092316.jpg,fully_ripe
139.8544705173778,40.17978857109075,54,231,146.0,105.0,173.0,137.53306092563506,4.624748152605168,119,155,138.0,135.0,141.0,181.69761564533462,15.77469533434246,128,203,187.0,173.0,194.0,IMG20200717092316.jpg,fully_ripe
96.52234963449342,75.78536145627011,0,231,109.0,0.0,168.0,134.98118733540394,6.019007953194435,119,157,136.0,128.0,140.0,165.62065259751762,28.80823799887378,126,203,176.0,128.0,192.0,IMG20200717092316.jpg,fully_ripe
114.42151942085809,39.456969120720956,27,203,121.0,80.0,147.0,138.85789529624338,4.982154644283527,119,156,139.0,136.0,143.0,174.59301817494716,16.660096777028876,127,198,180.0,161.0,189.0,IMG20200717092316.jpg,fully_ripe
141.89748271974116,43.84246756168084,0,231,148.0,116.0,174.0,135.3727878817589,4.87993565292849,117,149,136.0,132.0,139.0,182.2424260993186,16.837426057378117,126,204,187.0,177.0,194.0,IMG20200717092323.jpg,fully_ripe
166.20676258640128,39.339818112655045,76,255,171.0,140.0,197.0,134.05483111917252,5.0925243422434665,116,148,135.0,131.0,138.0,184.54627677827344,16.688736483744343,127,207,190.0,179.0,196.0,IMG20200717092323.jpg,fully_ripe
129.78706064022745,60.30461865773854,0,232,146.0,99.0,174.0,134.93412667287612,5.220981855710437,116,149,136.0,130.0,139.0,177.47589342614833,22.887505403663823,126,204,186.0,170.0,194.0,IMG20200717092323.jpg,fully_ripe
138.62903818814647,49.20284470352726,0,231,147.0,114.0,174.0,135.2850262267758,4.954741666985922,117,149,136.0,132.0,139.0,181.45512034903672,18.316872071251925,126,204,187.0,176.0,194.0,IMG20200717092323.jpg,fully_ripe
125.99508554340899,44.01371052210336,20,223,131.0,97.0,160.0,138.9005833619295,6.097876386836513,117,155,140.0,135.0,143.0,177.64555860581402,19.758293667245017,126,205,182.0,166.0,194.0,IMG20200717092323.jpg,fully_ripe
87.32805178438448,36.901940406502895,2,168,94.0,65.0,114.0,139.9257146130492,5.648189873430217,121,157,140.0,136.0,143.0,158.3406770922839,20.617404370100324,106,194,162.0,144.0,175.0,IMG20200717092329.jpg,fully_ripe
134.31778656126482,44.97394779483759,0,219,145.0,112.0,165.0,134.85066162570888,3.9782452094281515,118,146,135.0,132.0,138.0,180.98508334765424,17.583157387394913,126,206,186.0,176.0,193.0,IMG20200717092329.jpg,fully_ripe
65.57902274159363,71.05502300079229,0,221,1.0,0.0,143.0,132.26183192988486,5.022287604237783,118,146,128.0,128.0,137.0,154.22057627312824,28.672845619173184,126,201,129.0,128.0,186.0,IMG20200717092329.jpg,fully_ripe
139.06273701094116,36.84803769876052,54,222,145.0,116.0,166.0,134.82816062324568,3.971369700107396,118,146,135.0,132.0,138.0,181.81256802428825,15.847413425004602,127,206,186.0,176.0,193.0,IMG20200717092329.jpg,fully_ripe
132.08197284756832,48.028906211408795,0,214,145.0,109.0,165.0,134.84354700120295,3.9973518728240776,118,146,135.0,132.0,138.0,180.37651371942488,18.50854567093288,126,206,186.0,175.0,193.0,IMG20200717092329.jpg,fully_ripe
36.36153880886802,57.41460926976301,0,191,0.0,0.0,81.0,130.54257913035624,4.104790714293351,125,150,128.0,128.0,133.0,143.11551225899672,23.764938091875024,126,198,128.0,128.0,165.0,IMG20200717092335.jpg,fully_ripe
88.7985280173387,41.571146288384064,2,163,100.0,56.0,123.0,139.68886305142908,5.86428703445899,124,159,139.0,136.0,143.0,158.85402086061316,24.008520192454718,102,193,166.0,138.0,180.0,IMG20200717092335.jpg,fully_ripe
137.14154287262383,39.432353012502176,54,208,148.0,106.0,170.0,133.85247437576194,3.201964017947637,124,148,134.0,132.0,136.0,179.9811825529417,16.2363549455688,128,201,186.0,172.0,191.0,IMG20200717092335.jpg,fully_ripe
119.50987718426875,59.36456275599032,0,207,140.0,77.0,168.0,133.57423127285864,3.5503952007515815,125,150,133.0,131.0,136.0,174.64612588612454,21.979275705353597,125,201,183.0,166.0,191.0,IMG20200717092335.jpg,fully_ripe
119.12763579717343,59.58031735918522,0,207,139.0,76.0,167.0,133.56324784395179,3.5556973296900627,125,150,133.0,131.0,136.0,174.47846209418884,22.09710339469536,125,201,183.0,165.0,191.0,IMG20200717092335.jpg,fully_ripe
122.35584777587074,53.20847043524421,0,224,132.0,87.0,165.0,134.03654617955632,4.061150222717665,118,145,135.0,131.0,137.0,174.8203533313546,18.279418842002325,126,198,181.0,167.0,189.0,IMG20200717092348.jpg,fully_ripe
127.96510562516937,45.427091566021055,0,224,133.0,94.0,165.0,134.06649804493426,3.998335485535801,118,146,134.0,132.0,137.0,176.22095469151256,16.129074583854443,126,198,181.0,169.0,189.0,IMG20200717092348.jpg,fully_ripe
153.17263940328553,32.92792807487846,92,233,155.0,125.0,181.0,130.7940922171607,2.868310911937668,117,139,131.0,129.0,133.0,169.63631905640656,13.601158236825842,127,192,173.0,163.0,180.0,IMG20200717092348.jpg,fully_ripe
148.51083351615026,45.7052563348798,62,255,152.0,110.0,187.0,134.68227278006478,4.659884629391186,116,148,135.0,132.0,138.0,181.88674813849352,16.857457684027214,127,205,186.0,174.0,195.0,IMG20200717092348.jpg,fully_ripe
130.78131653998528,41.16411254847832,53,227,134.0,96.0,166.0,134.0253964976578,4.034516424790599,117,146,134.0,132.0,137.0,176.6683356776916,15.23708227651046,127,198,181.0,169.0,189.0,IMG20200717092348.jpg,fully_ripe
176.37987761940607,39.74449620846461,91,255,186.0,143.0,208.0,131.81190054148556,5.555818100812248,111,143,133.0,129.0,136.0,184.2633975183935,17.143287106770863,128,208,189.0,177.0,197.0,IMG20200717092355.jpg,fully_ripe
125.56889978874779,51.62991161406904,0,218,142.0,93.0,164.0,133.72877158050653,3.942128586271203,118,144,134.0,131.0,137.0,176.1200131122065,19.21097442562897,126,200,182.0,168.0,190.0,IMG20200717092355.jpg,fully_ripe
183.22816453390962,38.37079187019434,101,255,193.0,151.0,214.0,130.77678896632105,5.903547383441799,109,142,132.0,128.0,135.0,183.29958963650049,16.915066741539032,128,208,188.0,176.0,196.0,IMG20200717092355.jpg,fully_ripe
134.48006458975792,37.9516631674264,53,219,143.0,103.0,164.0,133.6948012529442,4.06477539035663,118,144,134.0,131.0,137.0,178.74400845008864,15.3323869608684,127,200,183.0,172.0,190.0,IMG20200717092355.jpg,fully_ripe
126.37339436175121,51.90986830566423,0,215,142.0,99.0,163.0,133.56955539907244,3.9395904218115105,118,143,134.0,131.0,137.0,176.90074788140737,18.873493224533114,126,200,183.0,171.0,190.0,IMG20200717092355.jpg,fully_ripe
130.79096163292607,55.684519681957994,0,233,146.0,103.0,173.0,130.23167609034186,4.026185747792647,117,145,130.0,128.0,133.0,175.1927655438384,22.01950378565741,126,201,185.0,167.0,191.0,IMG20200717092414.jpg,fully_ripe
146.0548175708866,40.972978122336514,54,245,152.0,119.0,178.0,130.4631013471849,4.333807748978597,116,145,131.0,128.0,133.0,178.56281811435917,20.209550277182057,125,203,187.0,171.0,193.0,IMG20200717092414.jpg,fully_ripe
80.89724187665263,77.13967178256104,0,218,79.0,0.0,162.0,130.15633197813568,2.7941869954631517,121,145,129.0,128.0,132.0,157.14281832338708,28.93262924121368,126,201,154.0,128.0,189.0,IMG20200717092414.jpg,fully_ripe
158.2642635423961,39.68903607839586,69,255,164.0,132.0,190.0,129.6128071403936,4.115651116040807,116,144,130.0,127.0,132.0,178.67802385008517,20.355471214305236,126,204,187.0,172.0,193.0,IMG20200717092414.jpg,fully_ripe
142.53618795790177,39.49627181107581,53,238,148.0,116.0,174.0,130.21855958863307,4.154472121751283,116,145,131.0,128.0,133.0,177.16992924405054,19.624372634567784,126,201,185.0,170.0,191.0,IMG20200717092414.jpg,fully_ripe
160.16686691153754,32.965676750236426,101,252,159.0,135.0,185.0,127.76429462313915,3.0537199833381,115,140,128.0,126.0,130.0,167.26328195622074,17.666322354012454,124,192,173.0,159.0,181.0,IMG20200717092418.jpg,fully_ripe
41.44589383589074,59.9257145066151,0,200,0.0,0.0,92.0,129.575206252217,3.23025067667114,116,145,128.0,128.0,131.0,143.04596477978785,22.6312200988326,126,195,128.0,128.0,163.0,IMG20200717092418.jpg,fully_ripe
111.04440859107709,54.95982938367856,0,226,120.0,78.0,152.0,129.97478058883434,3.651440497451271,116,145,130.0,128.0,132.0,169.20490199443893,20.711136989660933,126,198,176.0,159.0,185.0,IMG20200717092418.jpg,fully_ripe
120.80758184293937,44.643830731675415,38,241,120.0,87.0,155.0,131.7373244996739,4.828878668556438,116,151,132.0,128.0,135.0,172.5452610620988,20.799538909033128,124,205,177.0,159.0,189.0,IMG20200717092418.jpg,fully_ripe
123.88439577540535,38.572144020117484,53,229,123.0,95.0,153.0,129.9481194145984,3.802684822211797,116,145,130.0,127.0,133.0,170.8649434165208,18.776113996252285,124,198,176.0,162.0,185.0,IMG20200717092418.jpg,fully_ripe
135.020220497355,46.52216538110093,0,225,145.0,101.0,170.0,132.79029267810353,3.7526426407677866,116,144,133.0,130.0,136.0,178.3761679932763,17.120764022812505,126,202,183.0,171.0,191.0,IMG20200717092424.jpg,fully_ripe
91.3045681514807,43.5942267158352,2,187,99.0,54.0,126.0,138.67862263311414,6.240366626084616,118,157,139.0,134.0,143.0,159.57562910960598,24.551665448247512,102,197,165.0,137.0,180.0,IMG20200717092424.jpg,fully_ripe
111.56089632669205,69.90688007053316,0,229,134.0,67.0,168.0,132.08692589113562,4.028479917418515,115,144,132.0,128.0,136.0,169.19800266969892,25.821954278329823,125,202,180.0,137.0,191.0,IMG20200717092424.jpg,fully_ripe
131.8995278588026,52.499660431793785,0,225,144.0,101.0,170.0,132.61110149799774,3.801367110626847,115,144,133.0,130.0,136.0,177.49305383892818,18.873547524689844,125,202,183.0,171.0,191.0,IMG20200717092424.jpg,fully_ripe
130.6973476046868,46.96235010062632,29,234,139.0,90.0,168.0,135.82815049191674,5.08319159173531,115,151,137.0,133.0,140.0,178.59211697236367,19.53954315300976,125,208,184.0,164.0,195.0,IMG20200717092424.jpg,fully_ripe
157.18077982493725,31.423950550964797,83,238,161.0,138.0,181.0,127.77130440105283,4.256202136442798,115,140,128.0,125.0,131.0,176.0990634755463,15.136038714695863,125,200,181.0,172.0,186.0,IMG20200717092429.jpg,fully_ripe
131.82373752830998,48.76289641726033,0,221,143.0,115.0,166.0,129.38339964497766,4.841937809857498,115,141,130.0,126.0,133.0,177.5396217175736,18.193219685051684,125,201,184.0,174.0,189.0,IMG20200717092429.jpg,fully_ripe
166.09668849850033,30.945166968133627,93,246,170.0,147.0,190.0,127.39614372283773,4.162618656343372,115,139,128.0,125.0,131.0,175.86406316949257,15.194521519508912,125,201,181.0,171.0,186.0,IMG20200717092429.jpg,fully_ripe
125.38353430862459,56.838688489405094,0,223,141.0,109.0,165.0,129.2137846605864,4.712312016178928,115,140,129.0,126.0,133.0,175.41342963824448,21.117017911237145,125,202,184.0,172.0,189.0,IMG20200717092429.jpg,fully_ripe
98.69717818448919,71.10139333148844,0,229,124.0,0.0,162.0,128.2954642835282,4.438712945032455,115,142,128.0,126.0,131.0,164.03082573299872,26.275018043519903,125,201,176.0,128.0,187.0,IMG20200717092429.jpg,fully_ripe
113.5195176504911,46.803335933232354,11,212,118.0,79.0,151.0,134.4300982203637,4.666975234894595,121,156,134.0,132.0,137.0,170.55967130214918,22.744535397950816,116,207,176.0,152.0,190.0,IMG20200717092448.jpg,fully_ripe
136.01383837401536,51.599513994621326,0,231,145.0,104.0,175.0,130.8221238938053,3.3208348152080407,120,148,131.0,129.0,132.0,177.5562773509676,21.24468981891694,126,207,184.0,168.0,194.0,IMG20200717092448.jpg,fully_ripe
54.67541573470777,69.15724256133217,0,227,0.0,0.0,124.0,129.50889818146456,2.8478711536153933,121,145,128.0,128.0,130.0,148.24514246815133,26.471225600214044,126,204,128.0,128.0,176.0,IMG20200717092448.jpg,fully_ripe
126.46470874258485,45.230356773521365,28,222,130.0,93.0,163.0,132.70842166682874,4.021277898788337,121,152,133.0,130.0,135.0,176.10398716327919,20.88773497030406,126,209,182.0,162.0,193.0,IMG20200717092448.jpg,fully_ripe
128.37865408927357,58.84383535684359,0,227,141.0,93.0,173.0,130.81838957502674,3.2732318479842832,122,148,130.0,128.0,132.0,175.6857045609258,23.01702503503928,126,207,183.0,164.0,193.0,IMG20200717092448.jpg,fully_ripe
133.0792689275269,49.07080788382973,31,234,145.0,94.0,174.0,136.16603409273753,4.2799596574048095,123,157,136.0,134.0,138.0,179.66225284658267,21.08636645377022,125,207,187.0,167.0,197.0,IMG20200717092454.jpg,fully_ripe
138.54008878119882,42.41729792212682,0,226,149.0,105.0,173.0,133.32407030562314,3.116185286976525,123,150,133.0,132.0,135.0,178.2918989522304,18.236914369709627,126,202,184.0,170.0,192.0,IMG20200717092454.jpg,fully_ripe
138.31796541508524,42.75338460367952,0,226,149.0,104.0,173.0,133.32867026965633,3.1149986234974514,124,150,133.0,132.0,135.0,178.27894144037558,18.267155386770007,126,202,184.0,170.0,192.0,IMG20200717092454.jpg,fully_ripe
138.99154780271266,42.01267587066321,53,227,149.0,105.0,174.0,133.31542880940438,3.135583486938677,123,151,133.0,132.0,135.0,178.32110777734658,18.20822598203433,126,202,184.0,170.0,192.0,IMG20200717092454.jpg,fully_ripe
111.52851315154327,46.95380027138126,12,208,123.0,75.0,150.0,137.00285841386426,4.5225770870453665,123,158,137.0,135.0,139.0,171.82703756637295,21.977022013957434,118,202,180.0,155.0,190.0,IMG20200717092454.jpg,fully_ripe
179.8405203611291,38.967272417063135,82,255,188.0,154.0,210.0,132.7102300864729,5.574890862231857,109,150,134.0,131.0,136.0,186.47951506609272,19.849841278509494,127,211,194.0,180.0,200.0,IMG20200717092458.jpg,fully_ripe
128.53962706182622,54.022721876904086,0,218,144.0,106.0,166.0,134.2008304445545,3.031890999003624,125,148,135.0,133.0,136.0,176.6901737076683,20.116450206344616,126,200,185.0,171.0,191.0,IMG20200717092458.jpg,fully_ripe
124.17865033713001,57.02845828582578,0,220,142.0,97.0,165.0,133.6725934250124,3.311240929941402,124,148,135.0,132.0,136.0,173.68856424517162,22.634926671244358,126,200,183.0,165.0,191.0,IMG20200717092458.jpg,fully_ripe
89.8232353053217,35.42698269292317,3,167,96.0,66.0,116.0,138.20007809226314,4.530179718128009,123,155,139.0,136.0,141.0,161.3625195230658,19.605853541338263,109,191,166.0,147.0,178.0,IMG20200717092458.jpg,fully_ripe
128.32761609081558,54.86572871553572,0,220,146.0,106.0,166.0,134.0427221820121,3.0851754215186125,123,148,135.0,133.0,136.0,176.3545198278161,20.56594846595297,126,200,185.0,171.0,191.0,IMG20200717092458.jpg,fully_ripe
127.58606890042473,55.538307178928825,0,232,136.0,102.0,170.0,133.14421897121284,4.408401107208537,121,158,134.0,130.0,136.0,174.2036998584238,20.89098691102496,125,200,181.0,171.0,189.0,IMG20200717092504.jpg,fully_ripe
139.76554978763568,38.22738336149346,53,235,139.0,112.0,171.0,133.0484662576687,4.553027842736424,119,157,134.0,130.0,136.0,177.4839075035394,16.344803482180648,125,200,181.0,173.0,189.0,IMG20200717092504.jpg,fully_ripe
126.2958093440302,56.81175426564851,0,230,136.0,104.0,169.0,132.8880981595092,4.552637238065108,120,158,134.0,128.0,136.0,174.9866729589429,20.150059793839556,126,199,181.0,172.0,189.0,IMG20200717092504.jpg,fully_ripe
147.75101462954223,38.97117844110577,59,244,147.0,119.0,180.0,132.9359320434167,4.6346002684210275,119,158,134.0,130.0,136.0,178.8322699386503,16.78903895024555,125,202,182.0,174.0,190.0,IMG20200717092504.jpg,fully_ripe
190.26498348277488,38.37659956206834,99,255,192.0,162.0,224.0,128.37692307692308,7.509431902801528,109,158,129.0,124.0,134.0,183.20402076451157,18.12305165513025,126,212,188.0,179.0,195.0,IMG20200717092504.jpg,fully_ripe
127.32565521154733,55.16227713937607,0,230,141.0,96.0,168.0,130.9556069794659,4.186493654768305,119,155,130.0,128.0,133.0,176.78316842217257,21.407841142113483,126,207,183.0,168.0,193.0,IMG20200717092509.jpg,fully_ripe
139.1059953186509,41.41404853237371,53,240,144.0,107.0,171.0,131.25014185906304,4.460699665475163,119,153,131.0,128.0,134.0,179.36587225591376,18.498277222499453,125,208,184.0,170.0,193.0,IMG20200717092509.jpg,fully_ripe
121.60289215164734,46.843996721815515,20,233,128.0,86.0,157.0,134.43679292123275,5.346700980653837,120,160,134.0,131.0,137.0,174.3582295988935,21.03023982470237,125,209,180.0,160.0,191.0,IMG20200717092509.jpg,fully_ripe
119.67155193814945,62.46903716792814,0,232,137.0,82.0,167.0,131.19218356562754,4.218151151477607,120,155,130.0,128.0,133.0,173.5687041174593,24.333911319281086,125,207,181.0,162.0,193.0,IMG20200717092509.jpg,fully_ripe
128.01724474234848,54.37653080458734,0,230,141.0,96.0,168.0,130.9712114763982,4.203504065359172,119,155,130.0,128.0,133.0,176.98118594176685,21.16836745706486,126,207,183.0,168.0,193.0,IMG20200717092509.jpg,fully_ripe
147.20482772238128,42.553042569488035,54,239,150.0,113.0,184.0,127.37887254418008,3.143386790361188,118,141,127.0,125.0,129.0,180.85893967815184,19.780192184715123,126,207,186.0,170.0,197.0,IMG20200717092518.jpg,fully_ripe
108.79230921117583,41.94964846464616,14,198,112.0,75.0,145.0,129.8501036627505,3.5378817120846677,120,146,130.0,127.0,132.0,169.42418797512093,19.866297671973005,124,200,174.0,153.0,187.0,IMG20200717092518.jpg,fully_ripe
117.86491262711027,70.91622601803968,0,239,134.0,78.0,177.0,127.65210780926054,2.8122810354231738,118,143,128.0,126.0,129.0,170.85989732451378,28.01961056820457,126,207,182.0,137.0,196.0,IMG20200717092518.jpg,fully_ripe
130.3243064468358,63.57318433574266,0,235,144.0,97.0,181.0,127.52178892289466,3.084127326305605,118,143,128.0,126.0,129.0,177.10404778359165,24.33272067997515,126,207,185.0,165.0,197.0,IMG20200717092518.jpg,fully_ripe
142.89526113140488,48.68874730551714,0,237,149.0,109.0,183.0,127.41445354921512,3.14578048194654,118,143,128.0,125.0,130.0,180.27413367558495,20.719958640215154,126,207,186.0,170.0,197.0,IMG20200717092518.jpg,fully_ripe
141.20726803732646,56.26524692227035,0,242,151.0,113.0,184.0,126.56103482285107,4.760971166549899,111,151,127.0,124.0,129.0,181.95299631624644,21.18242330142647,125,210,188.0,175.0,197.0,IMG20200717092542.jpg,fully_ripe
149.6548735975183,43.30334525351735,54,243,154.0,118.0,185.0,126.5522089876843,4.803324810847838,111,151,127.0,124.0,130.0,184.05592224498224,17.795332930582287,125,210,188.0,176.0,198.0,IMG20200717092542.jpg,fully_ripe
144.07830294447396,37.12937166894927,62,225,147.0,117.0,175.0,125.7474394962446,4.1670680177405925,112,146,126.0,123.0,129.0,178.5386035455074,16.30641960322228,126,204,182.0,171.0,191.0,IMG20200717092542.jpg,fully_ripe
147.17361690648997,47.094002607646324,0,241,153.0,116.0,185.0,126.60892361901391,4.82952850637455,111,151,127.0,124.0,130.0,183.71495165600317,18.54592392654839,126,211,188.0,176.0,198.0,IMG20200717092542.jpg,fully_ripe
123.5524450176601,69.6170491835261,0,243,141.0,77.0,179.0,126.76238525149837,4.832730604373443,111,144,128.0,124.0,129.0,175.21488843368823,26.757287929815757,125,210,185.0,157.0,196.0,IMG20200717092542.jpg,fully_ripe
101.82949491740787,67.56552817560389,0,216,123.0,37.0,158.0,130.11060991105464,3.5081605549550727,117,151,129.0,128.0,133.0,165.607750952986,25.5681340600525,124,201,177.0,131.0,186.0,IMG20200717092548.jpg,fully_ripe
109.25747299872936,31.602633703848184,33,180,113.0,87.0,133.0,130.29857846251588,3.8838821488222584,115,150,131.0,128.0,133.0,171.47092598475223,13.699703423374633,124,192,175.0,166.0,180.0,IMG20200717092548.jpg,fully_ripe
137.1602287166455,34.9484569222126,54,216,141.0,113.0,163.0,129.8708545108005,4.305193072238713,113,151,130.0,127.0,133.0,178.3783910419314,15.051872348574614,124,201,182.0,173.0,188.0,IMG20200717092548.jpg,fully_ripe
130.44201874205845,46.90992127234158,0,216,141.0,109.0,163.0,129.85952191867852,4.185682017529554,113,151,130.0,128.0,133.0,176.97190279542568,17.442693562195476,124,201,182.0,172.0,188.0,IMG20200717092548.jpg,fully_ripe
124.94317820838627,54.60114971201228,0,216,140.0,104.0,163.0,129.8372617534943,4.095461088034788,113,151,130.0,128.0,133.0,175.10906130876748,19.959504599682056,125,201,181.0,171.0,188.0,IMG20200717092548.jpg,fully_ripe
132.6233779434186,34.13779834137089,54,212,137.0,107.0,160.0,131.35984245299,4.614691067621081,116,143,132.0,129.0,135.0,179.8782483482975,14.056654907704559,129,202,183.0,175.0,190.0,IMG20200717092555.jpg,fully_ripe
170.6164069117398,35.40696642450236,90,249,175.0,144.0,199.0,129.92580891072336,4.84324773488363,112,141,131.0,127.0,133.0,185.0599186854142,15.784668272036518,129,210,189.0,179.0,196.0,IMG20200717092555.jpg,fully_ripe
125.66424699305438,45.71475411445625,0,211,134.0,103.0,160.0,131.21751651702525,4.641797393379978,116,144,132.0,128.0,135.0,177.88289005590377,17.53815251037449,126,202,183.0,173.0,189.0,IMG20200717092555.jpg,fully_ripe
155.70331187531764,32.37824152656387,82,231,160.0,131.0,182.0,129.7382178553278,4.342724098099463,114,141,131.0,127.0,133.0,180.3241572081992,14.539565705107012,129,204,184.0,175.0,190.0,IMG20200717092555.jpg,fully_ripe
118.51287480941895,53.97937451816136,0,211,132.0,97.0,159.0,131.0264357106556,4.643266401034164,116,144,132.0,128.0,135.0,175.13305099102152,20.688781143723368,126,201,182.0,170.0,189.0,IMG20200717092555.jpg,fully_ripe
130.42464855048092,49.82354623640084,0,251,135.0,101.0,168.0,128.4556231923051,6.765658044010857,109,145,130.0,124.0,133.0,178.8793720992803,19.970893924727655,124,206,184.0,171.0,193.0,IMG20200717092609.jpg,fully_ripe
178.25211037869107,34.98056896917298,107,255,178.0,152.0,207.0,125.4766681240331,6.245078276056948,108,140,127.0,121.0,130.0,179.06659043519204,17.98220587003874,128,206,183.0,171.0,193.0,IMG20200717092609.jpg,fully_ripe
138.05352458465057,40.1898688787419,54,252,138.0,108.0,170.0,128.46151711845025,6.80781312651679,109,145,130.0,124.0,134.0,180.41326427658572,17.671682158900264,125,206,184.0,173.0,193.0,IMG20200717092609.jpg,fully_ripe
125.22327133920764,53.969393951886246,0,239,132.0,96.0,166.0,128.61005078361472,6.566787709737291,109,145,130.0,125.0,133.0,177.11432198829624,21.545339621663814,125,206,183.0,169.0,193.0,IMG20200717092609.jpg,fully_ripe
127.54884139369072,53.3204563538814,0,244,134.0,100.0,167.0,128.45526165332615,6.6312921827595295,109,145,130.0,125.0,133.0,178.01778267303425,21.072727449978082,126,206,184.0,171.0,193.0,IMG20200717092609.jpg,fully_ripe
140.32001164363624,53.78832897770035,0,238,146.0,109.0,182.0,126.72473074091197,5.232055760654007,110,146,127.0,123.0,131.0,181.32061094844266,20.128816625819475,126,210,186.0,173.0,197.0,IMG20200717092613.jpg,fully_ripe
172.37481378743516,45.01095757520935,78,255,173.0,140.0,210.0,124.75935343572884,6.253582323895962,108,146,125.0,120.0,130.0,185.92462457834625,19.43278042047846,127,216,190.0,177.0,201.0,IMG20200717092613.jpg,fully_ripe
182.94558312357665,38.34394448741867,104,255,183.0,155.0,215.0,123.75719593842571,5.431939618700974,109,141,124.0,120.0,128.0,179.88379479803427,18.036223809754084,127,210,184.0,171.0,194.0,IMG20200717092613.jpg,fully_ripe
130.2482491738155,67.1810181925027,0,238,144.0,99.0,182.0,126.66492868272803,4.918751621486652,110,147,127.0,124.0,130.0,177.21746202975976,25.23638564104736,124,210,185.0,168.0,197.0,IMG20200717092613.jpg,fully_ripe
139.5872502183182,54.86868260109616,0,238,145.0,108.0,182.0,126.7332151846715,5.228495622348374,110,146,127.0,123.0,131.0,181.14921833530246,20.410688989109037,126,210,186.0,173.0,197.0,IMG20200717092613.jpg,fully_ripe
127.49478883724673,55.47956045376053,0,225,141.0,100.0,169.0,132.46248566427235,6.755031918400386,107,148,134.0,128.0,137.0,178.8373976378745,21.38551809232103,126,205,186.0,173.0,194.0,IMG20200717092630.jpg,fully_ripe
92.86657210116496,41.89816273514208,2,185,99.0,59.0,126.0,138.88000241443834,9.13935572510188,111,158,141.0,133.25,145.0,157.19049918512707,23.52325661580783,101,199,159.0,137.0,178.0,IMG20200717092630.jpg,fully_ripe
138.592352266554,38.562127696262536,54,225,144.0,107.0,169.0,132.30928955151808,7.2182455187620675,107,148,134.0,129.0,137.0,181.89429790145067,16.61669791157143,128,205,187.0,175.0,194.0,IMG20200717092630.jpg,fully_ripe
127.21286292026318,55.815297076278526,0,223,141.0,100.0,169.0,132.46599666002697,6.741239698817783,107,148,134.0,128.0,137.0,178.73584032514435,21.506714270891788,126,205,186.0,173.0,194.0,IMG20200717092630.jpg,fully_ripe
142.07113538963,40.03136307941531,54,231,147.0,109.0,174.0,132.6658920343655,7.51598428161392,106,149,135.0,129.0,138.0,183.30361562141607,17.13729313412497,128,207,188.0,176.0,196.0,IMG20200717092630.jpg,fully_ripe
157.02393605803704,36.87875392255756,68,233,162.0,129.0,184.0,129.77416803745413,4.153509138467886,114,141,130.0,128.0,133.0,183.0912733561095,15.946517762804275,127,201,189.0,179.0,193.0,IMG20200717092703.jpg,fully_ripe
128.60033109789532,36.711386645843,37,205,134.0,101.0,155.0,131.2857564637901,4.3390025758306665,117,145,132.0,129.0,134.0,178.01229490910626,15.644192852441646,128,197,183.0,171.0,189.0,IMG20200717092703.jpg,fully_ripe
124.43178750685394,60.28091529079344,0,217,145.0,97.0,167.0,130.25423889662153,3.949410471967252,115,142,130.0,128.0,133.0,174.88732127040365,22.646673950522956,126,198,186.0,170.0,191.0,IMG20200717092703.jpg,fully_ripe
126.58759331899279,58.29463030661825,0,217,144.0,103.0,167.0,130.32977983044412,3.7580051295750843,115,142,130.0,128.0,133.0,176.62985575098065,20.903070970576458,126,198,185.0,174.0,190.0,IMG20200717092703.jpg,fully_ripe
141.33729807246195,36.02245875253658,54,217,147.0,114.0,168.0,130.26620692564006,4.077931082183582,115,142,131.0,128.0,133.0,180.6726559534354,15.198836760264994,128,198,186.0,176.0,191.0,IMG20200717092703.jpg,fully_ripe
128.03691605744802,48.17516673865757,0,205,142.0,104.0,163.0,134.18442474205423,6.305726937632397,108,149,136.0,131.0,139.0,178.3225903458288,18.183830971156596,126,200,184.0,173.0,191.0,IMG20200717092708.jpg,fully_ripe
135.87839477368175,34.555589622428506,53,208,143.0,109.0,163.0,134.07624825011666,6.655523699405618,108,149,136.0,131.0,139.0,180.22018976512678,14.856503612757129,126,200,184.0,174.0,191.0,IMG20200717092708.jpg,fully_ripe
133.8570332348214,33.127752408614775,55,203,141.0,108.0,160.0,133.57758075387568,6.364354388929561,109,147,136.0,131.0,138.0,178.6191631669,14.446973566357036,126,198,183.0,173.0,189.0,IMG20200717092708.jpg,fully_ripe
101.59879711722922,66.5947530518203,0,205,122.0,3.0,157.0,133.5918909109763,5.548383001802935,110,149,135.0,128.0,138.0,167.50650697360916,25.839657110256148,126,199,178.0,130.0,189.0,IMG20200717092708.jpg,fully_ripe
126.1351895058848,33.505197713269446,46,196,133.0,100.0,152.0,134.1303779748017,6.46713838251007,109,149,136.0,132.0,138.0,177.89872971431535,14.350525594680267,126,197,182.0,172.0,188.0,IMG20200717092708.jpg,fully_ripe
142.1205343610618,43.38289008726221,0,232,149.0,111.0,178.0,128.00079028276966,4.311581422179167,112,142,129.0,126.0,131.0,182.2233144242844,18.07469857557838,127,205,187.0,174.0,196.0,IMG20200717092723.jpg,fully_ripe
171.96912484302604,42.61089088177757,78,255,179.0,139.0,208.0,126.64883297969081,4.95025359498804,110,142,128.0,123.0,130.0,187.45769280734422,19.431323676932905,125,212,193.0,178.0,203.0,IMG20200717092723.jpg,fully_ripe
143.77135928636383,40.74192938469036,54,234,150.0,112.0,178.0,127.95134889360412,4.323426994827444,112,142,129.0,126.0,131.0,182.4464231585329,17.611982141566962,126,205,187.0,174.0,196.0,IMG20200717092723.jpg,fully_ripe
135.94089117914518,51.12326752145971,0,232,146.0,103.0,176.0,127.943640930152,4.290917279851041,112,141,129.0,126.0,131.0,179.88084051444162,20.81132166759371,126,205,186.5,170.0,196.0,IMG20200717092723.jpg,fully_ripe
143.9809790845711,36.55523685690874,64,226,149.0,116.0,174.0,127.05986662625038,3.892262734296689,112,140,128.0,125.0,130.0,179.0444831767202,16.789706203062913,126,201,184.0,171.0,192.0,IMG20200717092723.jpg,fully_ripe
126.70644290858753,47.76552224065292,0,214,140.0,101.0,159.0,131.18488128316497,3.4738398496909557,116,145,132.0,129.0,134.0,177.27792879999197,18.8230415333286,125,201,185.0,171.0,190.0,IMG20200717092728.jpg,fully_ripe
114.41550390707286,57.4958285460713,0,216,134.0,76.0,157.0,130.9820645795508,3.4535537999684665,117,145,132.0,128.0,134.0,172.04950296415925,22.60286254570585,126,201,182.0,160.0,189.0,IMG20200717092728.jpg,fully_ripe
117.22042110120272,44.5733983345449,16,215,127.0,85.0,149.0,135.73390777502482,5.226116982858407,116,157,136.0,133.0,139.0,171.54242609663862,21.38446388272329,118,206,176.0,157.0,189.0,IMG20200717092728.jpg,fully_ripe
133.29806100851633,36.57824565835887,54,216,141.0,107.0,159.0,131.03440631551493,3.622550141851212,116,145,132.0,129.0,134.0,178.73205204080608,16.330346831729013,127,201,185.0,172.0,190.0,IMG20200717092728.jpg,fully_ripe
130.68479601970088,41.13744837125936,0,214,141.0,104.0,159.0,131.1133703142711,3.5594939497577767,116,145,132.0,129.0,134.0,178.33034075292653,17.128830912964876,126,201,185.0,172.0,190.0,IMG20200717092728.jpg,fully_ripe
154.8498860817742,40.770505979271995,69,246,161.0,124.0,188.0,127.85985252359734,4.331729491258454,112,143,129.0,126.0,131.0,184.09093255816563,16.891743045444436,125,208,188.0,175.0,197.0,IMG20200717092746.jpg,fully_ripe
122.80868472148958,51.412019586614335,0,206,137.0,92.0,162.0,128.39650276658548,3.8078229620333337,114,141,129.0,127.0,131.0,176.3986464494551,19.036301742599765,126,200,183.0,168.0,190.0,IMG20200717092746.jpg,fully_ripe
124.71432900481487,50.220233701585784,0,212,137.0,100.0,162.0,128.13259408074165,3.8983071095264537,114,142,129.0,126.0,131.0,176.8064624743263,18.834142101109972,126,200,183.0,170.0,190.0,IMG20200717092746.jpg,fully_ripe
171.71748280003143,35.307269638723774,98,253,177.0,144.0,200.0,126.18788089653083,3.8418038944343715,112,139,127.0,124.0,129.0,179.38420184289387,16.10507353814313,126,203,184.0,171.0,192.0,IMG20200717092746.jpg,fully_ripe
88.65532722028306,71.45806406415129,0,216,102.0,0.0,157.0,127.73909920425594,3.4602878922650535,114,142,128.0,127.0,130.0,162.3702735159766,27.31841088964442,126,200,171.0,128.0,188.0,IMG20200717092746.jpg,fully_ripe
160.35631142473406,29.67780749377404,85,225,163.0,142.0,182.0,128.07072505169805,3.6294861438658392,111,139,129.0,126.0,131.0,177.22452938793782,16.562006741105826,126,201,181.0,173.0,188.0,IMG20200717092801.jpg,fully_ripe
123.53937578613001,47.79667275923739,0,197,136.0,109.0,156.0,129.5498966039184,3.8164608388451957,112,141,130.0,127.0,132.0,174.98365915534995,18.333484552155717,126,198,181.0,173.0,186.0,IMG20200717092801.jpg,fully_ripe
118.00334704841495,30.201206814540164,40,182,121.0,99.0,140.0,129.96924766026393,3.934337891014254,114,142,130.0,127.0,133.0,173.54551559468737,15.24084932197683,126,195,178.0,170.0,183.0,IMG20200717092801.jpg,fully_ripe
63.723772571258024,67.2395886131926,0,194,30.0,0.0,132.0,129.76672991237982,2.849485502237179,116,142,128.0,128.0,132.0,152.46255356343403,26.409431170986423,126,197,129.0,128.0,181.0,IMG20200717092801.jpg,fully_ripe
133.11848977764512,30.85408869391582,54,198,137.0,114.0,156.0,129.40677297631484,3.9306051895592917,112,142,130.0,127.0,132.0,176.52038075340568,15.937253894461964,126,198,181.0,173.0,186.0,IMG20200717092801.jpg,fully_ripe
138.8513983891205,31.7767045377016,54,207,144.0,119.0,163.0,130.2688104585745,3.4877172919175736,115,141,131.0,128.0,133.0,179.39361314607197,15.229098152287719,127,198,185.0,177.0,188.0,IMG20200717092805.jpg,fully_ripe
140.3237544015866,29.05781323219209,63,203,145.0,122.0,162.0,129.3234103695309,3.123934485072967,115,139,130.0,127.0,132.0,176.59239284413323,14.54213343101988,127,195,181.0,174.0,185.0,IMG20200717092805.jpg,fully_ripe
96.09961751730279,72.48197950129297,0,207,127.0,0.0,159.0,129.50484680454932,2.695954326964365,118,140,128.0,128.0,132.0,163.82197352976888,27.306819686057313,125,198,180.0,128.0,187.0,IMG20200717092805.jpg,fully_ripe
134.444489415955,37.854354357390235,30,215,140.0,111.0,163.0,133.13512364916826,4.637882299929814,114,148,134.0,130.0,136.0,179.81111628283483,18.316897483808326,126,206,186.0,171.0,193.0,IMG20200717092805.jpg,fully_ripe
127.66884890921601,51.721426664621916,0,206,143.0,113.0,163.0,130.2070061116283,3.3885756512776615,115,141,130.0,128.0,133.0,176.61506860403935,19.908566456006167,125,199,184.0,176.0,188.0,IMG20200717092805.jpg,fully_ripe
135.7820836638417,41.624306388953464,0,236,144.0,114.0,165.0,130.78854423245522,5.330938257648335,111,145,132.0,128.0,135.0,178.52579008892414,15.94402942806165,125,199,184.0,175.0,189.0,IMG20200717092809.jpg,fully_ripe
139.52710516428004,34.98649485194685,53,240,145.0,116.0,165.0,130.71631945894043,5.4080090264352,111,146,132.0,127.0,135.0,179.08769256460567,14.795235091483596,124,199,184.0,175.0,189.0,IMG20200717092809.jpg,fully_ripe
96.71613159103244,30.22861156927829,20,183,101.0,76.0,119.0,131.49839268567612,4.873788813370599,114,146,133.0,129.0,135.0,167.68927691729638,13.548097976652018,125,187,172.0,161.0,178.0,IMG20200717092809.jpg,fully_ripe
135.48102534129336,42.41166473949042,0,238,144.0,114.0,165.0,130.8040537719701,5.321859281659268,111,145,132.0,128.0,135.0,178.48938546319877,16.126832018239575,125,199,184.0,175.0,189.0,IMG20200717092809.jpg,fully_ripe
108.53643593704338,69.72395650759631,0,215,134.0,2.0,164.0,130.72817601135557,4.416883187900658,113,146,131.0,128.0,134.0,168.20295996326138,25.91893330818452,126,199,181.0,129.0,189.0,IMG20200717092809.jpg,fully_ripe
185.91320404474624,29.853353482139713,103,240,193.0,168.0,208.0,131.1118460260857,2.650412146417662,118,141,131.0,130.0,133.0,181.5028088515461,11.694124880209658,124,203,185.0,176.0,190.0,IMG20200717092830.jpg,fully_ripe
146.18890137267354,32.79874200832263,54,210,154.0,126.0,170.0,134.0417468614137,2.609648334412462,123,145,134.0,132.0,136.0,182.83650041522154,11.390192025291018,124,200,186.0,178.0,191.0,IMG20200717092830.jpg,fully_ripe
116.02765863905036,68.49270996562181,0,210,148.0,62.0,168.0,133.1075668018172,3.4581338538976114,123,145,133.0,131.0,136.0,171.55917151091788,25.32795826670373,124,199,184.0,156.0,191.0,IMG20200717092830.jpg,fully_ripe
152.0401836744663,28.957644557121437,71,209,159.0,134.0,173.0,132.11018513995407,2.1861701365790425,124,142,132.0,131.0,134.0,178.54881539739142,10.77641682700688,124,197,182.0,174.0,186.0,IMG20200717092830.jpg,fully_ripe
144.7487567778809,36.17665273366326,0,209,154.0,126.0,170.0,134.0130623809291,2.595305704617866,123,145,134.0,132.0,136.0,182.4917004543012,12.456114236873283,124,200,186.0,178.0,191.0,IMG20200717092830.jpg,fully_ripe
134.86130510797145,36.01113465780909,54,204,139.0,108.0,165.0,130.09408873978168,4.264222835959054,113,142,131.0,128.0,133.0,177.03678117469167,16.135451451160314,127,201,180.0,170.0,189.0,IMG20200717092838.jpg,fully_ripe
123.40983792467986,54.34722497456996,0,203,137.0,99.0,165.0,130.21514908094315,3.8233570363971747,113,142,130.0,128.0,133.0,174.19005812030431,20.359603856133475,126,201,180.0,169.0,189.0,IMG20200717092838.jpg,fully_ripe
103.33666304399188,34.55083106641659,24,169,108.0,77.0,133.0,131.49848320181448,4.194383243336854,115,145,132.0,129.0,134.0,169.49416434342956,15.94872594735921,127,193,174.0,160.0,182.0,IMG20200717092838.jpg,fully_ripe
114.7653640788168,63.011762129029414,0,204,135.0,80.0,165.0,130.3740206964986,3.678622398403017,113,142,130.0,128.0,133.0,170.775608373104,23.74646797417479,126,201,180.0,160.0,189.0,IMG20200717092838.jpg,fully_ripe
122.38057931295185,43.032926813746215,23,203,128.0,90.0,159.0,133.52934839105987,5.388438122736212,114,151,134.0,131.0,137.0,174.8556064830128,20.6243364704246,125,206,181.0,161.0,190.0,IMG20200717092838.jpg,fully_ripe
131.00425183089965,53.375019984197316,0,213,144.0,107.0,170.0,126.36694561800182,5.566077012173337,109,140,128.0,123.0,130.0,178.08808136130654,19.537239101477248,126,202,184.0,173.0,192.0,IMG20200717092844.jpg,fully_ripe
174.4633594868977,38.773261044087874,82,245,180.0,147.0,206.0,124.8271252398411,5.982236242983953,106,139,126.0,121.0,129.0,186.94969867850935,15.613111738484033,129,211,190.0,181.0,198.0,IMG20200717092844.jpg,fully_ripe
138.96962463179324,42.89379414162589,0,213,146.0,115.0,171.0,126.4295790507247,5.591713861853703,109,139,128.0,123.0,130.0,180.99847762834312,15.560034125763675,126,202,184.0,176.0,192.0,IMG20200717092844.jpg,fully_ripe
131.54227959391412,53.84949855114545,0,213,144.0,110.0,170.0,126.52188521858194,5.451984194894552,109,140,128.0,124.0,130.0,178.63237877327472,19.347275313918587,126,202,184.0,175.0,192.0,IMG20200717092844.jpg,fully_ripe
142.27632396789508,36.93884908946114,54,213,147.0,117.0,172.0,126.31856302528578,5.571048823843408,109,140,128.0,123.0,130.0,181.68576087054436,14.197395033211356,129,202,185.0,176.0,192.0,IMG20200717092844.jpg,fully_ripe
124.91046741866987,55.75328869234334,0,223,140.0,88.0,168.0,133.1673729762662,3.3026226549049493,117,143,134.0,132.0,135.0,174.28103357135817,21.572230117346145,126,199,182.0,164.0,191.0,IMG20200717092856.jpg,fully_ripe
133.58905324648563,34.67135524123996,62,210,139.0,107.0,162.0,131.55955847437127,2.8836693087068874,117,140,132.0,130.0,133.0,171.29044107765225,17.29543547591139,126,193,177.0,163.0,185.0,IMG20200717092856.jpg,fully_ripe
135.70810747851954,40.072348116170055,53,223,142.0,105.0,169.0,133.09789182263714,3.5762084373584773,117,143,134.0,132.0,135.0,176.21804807683694,19.03727030596021,126,200,182.0,167.0,191.0,IMG20200717092856.jpg,fully_ripe
121.43584528683935,59.92546879777378,0,223,139.0,82.0,168.0,133.0914857588274,3.2567313211449735,117,143,134.0,131.0,135.0,173.0110739788376,22.84851539886593,126,200,182.0,161.0,191.0,IMG20200717092856.jpg,fully_ripe
103.10712013833513,69.8374581604647,0,223,120.0,27.0,164.0,132.097076505425,3.7995466396850563,117,143,133.0,128.0,135.0,165.72148405651672,26.619592559770222,126,199,177.0,129.0,190.0,IMG20200717092856.jpg,fully_ripe
132.9998807700421,51.68625733582126,0,208,151.0,112.0,169.0,134.46263057973275,3.188989644264604,124,146,135.0,133.0,137.0,178.76570396118606,19.181821616659544,126,199,186.0,175.0,192.0,IMG20200717092859.jpg,fully_ripe
133.98008859703026,41.37020073737709,29,210,146.0,105.0,165.0,137.6391826327809,4.2693301228047735,123,152,138.0,136.0,140.0,180.29775389102383,19.142672403860225,122,205,187.0,171.0,195.0,IMG20200717092859.jpg,fully_ripe
141.87714728568415,36.001459185615595,53,208,152.0,116.0,169.0,134.52203461337393,3.1116941087987597,123,146,135.0,133.0,137.0,180.65181183678337,16.046338969052083,123,199,186.0,175.0,192.0,IMG20200717092859.jpg,fully_ripe
134.8216228114424,48.88221353469898,0,208,152.0,112.0,169.0,134.44290260746746,3.186032898344031,124,146,135.0,133.0,137.0,178.97199930296333,18.729162298429305,126,199,186.0,174.0,192.0,IMG20200717092859.jpg,fully_ripe
136.20510304219823,46.83144431013172,0,208,152.0,114.0,169.0,134.6193262590225,3.0377521170039925,125,146,135.0,133.0,137.0,180.01123513064852,17.313967080995106,123,199,186.0,175.0,192.0,IMG20200717092859.jpg,fully_ripe
133.40998322975238,43.87138388439381,0,231,140.0,109.0,165.0,131.22172240307782,5.641129285869249,106,144,133.0,129.0,135.0,177.27296044194534,18.685774929478214,124,201,183.0,172.0,190.0,IMG20200717092916.jpg,fully_ripe
124.78150340337378,36.6663306573717,40,221,128.0,100.0,152.0,131.7528262799645,5.726571017522727,107,145,133.0,129.0,136.0,175.33684522047943,17.501525203931806,124,199,180.0,169.0,188.0,IMG20200717092916.jpg,fully_ripe
137.7173226792937,36.76342156614138,54,235,141.0,113.0,165.0,131.10125283614482,5.687169421886662,105,144,133.0,129.0,135.0,177.68256880733944,17.88722679737046,124,201,183.0,172.0,190.0,IMG20200717092916.jpg,fully_ripe
122.81344579264082,57.480692923159445,0,221,138.0,97.0,164.0,131.5600868106935,5.263267794671503,106,144,133.0,128.0,135.0,174.83641116701193,21.631234155176706,126,201,183.0,168.0,190.0,IMG20200717092916.jpg,fully_ripe
78.27255598303246,75.18372056061037,0,221,84.0,0.0,153.0,129.72524415507547,5.0283202110924945,105,142,128.0,128.0,134.0,157.13256387491367,28.491285079951073,126,201,156.0,128.0,187.0,IMG20200717092916.jpg,fully_ripe
134.66862942519643,42.09436457258055,0,219,142.0,112.0,162.0,133.75049893022168,4.5962631181224705,112,150,135.0,131.0,137.0,178.4370448947302,17.42759410260733,124,202,183.0,173.0,190.0,IMG20200717092923.jpg,fully_ripe
133.2536723062263,36.98335964728559,40,219,137.0,108.0,159.0,134.99747388482353,5.195796266038682,112,153,136.0,132.0,138.0,179.0498660529675,17.42964642260575,124,204,184.0,172.0,191.0,IMG20200717092923.jpg,fully_ripe
171.20739315701468,36.98126276918857,79,255,176.0,146.0,197.0,132.63178949639513,6.1527593103600084,109,151,135.0,129.0,137.0,184.5896815836315,18.53604562664327,124,211,190.0,178.0,197.0,IMG20200717092923.jpg,fully_ripe
132.15408403603087,45.66518982197922,0,218,141.0,109.0,162.0,133.74127546342078,4.544172909677482,112,150,135.0,131.0,137.0,177.84710260882073,18.303383290675754,125,202,183.0,173.0,190.0,IMG20200717092923.jpg,fully_ripe
102.70082166166239,69.94509134640225,0,219,128.0,0.0,157.0,132.51801542638307,4.446613826505013,114,150,134.0,128.0,136.0,166.31933332134702,26.87107618366179,125,202,179.0,128.0,189.0,IMG20200717092923.jpg,fully_ripe
110.9088876370412,60.31903546330004,0,207,132.0,71.0,159.0,129.740148199506,2.94832186868463,119,140,130.0,128.0,132.0,168.97303808987303,23.072077915026384,125,198,177.0,157.0,186.0,IMG20200717092937.jpg,fully_ripe
190.37874940416864,38.0510990221073,111,255,199.0,159.0,223.0,125.87795640681198,5.070758484001608,109,138,127.0,123.0,130.0,181.30006499978333,18.34741403950709,126,208,186.0,174.0,195.0,IMG20200717092937.jpg,fully_ripe
79.59417601941327,36.615415825198774,5,156,87.0,50.0,109.0,133.61449928500238,4.153781713534296,119,149,134.0,131.0,136.0,158.4105039649868,20.54381478138694,111,189,165.0,140.0,176.0,IMG20200717092937.jpg,fully_ripe
118.55748147506175,55.660503343007086,0,207,137.0,88.0,160.0,129.9213502621658,2.990031615856672,118,140,130.0,128.0,132.0,172.50973696754343,20.851613895774914,125,198,179.0,166.0,187.0,IMG20200717092937.jpg,fully_ripe
130.93909953633488,37.3316593382239,54,210,138.0,101.0,161.0,129.64496251679162,3.437963239095821,116,139,130.0,127.0,132.0,175.90006499978332,16.37898130915593,127,198,180.0,169.0,187.0,IMG20200717092937.jpg,fully_ripe
109.09238183029562,51.01282337354293,0,214,114.0,78.0,147.0,130.79882628893736,5.160686778623447,113,143,132.0,128.0,135.0,169.2877508738945,19.473022548071505,126,198,175.0,161.0,182.0,IMG20200717092941.jpg,fully_ripe
175.1485027426141,38.96764876552443,103,255,176.0,142.0,206.0,128.0831454726332,6.982224133966827,109,142,130.0,124.0,134.0,179.13996002445992,17.422818857139106,125,207,184.0,172.0,191.0,IMG20200717092941.jpg,fully_ripe
119.19273138810043,39.47984966289301,0,214,120.0,88.0,148.0,130.98748710834465,5.270391825015445,113,143,132.0,128.0,135.0,172.70746666423284,15.64260118812142,125,198,176.0,166.0,182.0,IMG20200717092941.jpg,fully_ripe
112.49780499602983,48.81853543417338,0,214,118.0,84.0,147.0,130.9954913431964,5.12646724120295,113,143,132.0,128.0,135.0,170.85263811184024,18.394926261713152,125,198,176.0,165.0,182.0,IMG20200717092941.jpg,fully_ripe
120.9860268146431,37.37037640677545,54,214,121.0,89.0,149.0,130.94954685261072,5.307814099466086,113,143,132.0,128.0,135.0,172.91254666094719,15.295242267659763,125,198,177.0,166.0,182.0,IMG20200717092941.jpg,fully_ripe
55.98694441777863,64.7018186447303,0,208,0.0,0.0,114.0,129.12376883939714,4.515795503242612,112,141,128.0,128.0,132.0,149.32247288086782,24.41280205950402,126,197,128.0,128.0,173.0,IMG20200717092951.jpg,fully_ripe
123.07313045982528,47.71170310472145,0,221,131.0,90.0,160.0,129.78744360180474,5.907396788522082,111,141,131.0,127.0,134.0,173.79538254775846,19.225783556837015,124,201,178.0,166.0,189.0,IMG20200717092951.jpg,fully_ripe
128.86495152155132,39.012492385630296,54,224,132.0,95.0,160.0,129.724229624652,6.065872240058291,111,140,132.0,126.0,134.0,174.93033502927906,17.65650337323299,124,201,178.0,167.0,189.0,IMG20200717092951.jpg,fully_ripe
115.59405779015071,55.453842124181165,0,212,126.0,80.0,160.0,130.10036478832677,5.775482939843489,111,140,132.0,128.0,135.0,171.84596332917346,21.288532948337334,125,201,177.0,162.0,189.0,IMG20200717092951.jpg,fully_ripe
124.06424114428339,39.53851069958014,47,220,127.0,90.0,156.0,130.18335413266774,6.166340002486499,111,141,132.0,127.0,135.0,174.4560718057022,17.67534094964818,124,201,178.0,166.0,188.0,IMG20200717092951.jpg,fully_ripe
127.02435020760001,38.78771519592294,54,226,128.0,98.0,153.0,134.96695078168204,5.642073601842096,112,148,136.0,132.0,139.0,174.88687774861526,14.482018424948238,126,198,179.0,168.0,185.0,IMG20200717093009.jpg,fully_ripe
110.79618332002002,56.25188607214239,0,220,123.0,74.0,150.0,134.68802942389902,5.884623316851352,112,149,136.0,130.0,139.0,169.87831040808982,20.06382404451495,125,198,178.0,161.0,185.0,IMG20200717093009.jpg,fully_ripe
169.55636800941002,41.54340794790788,90,255,171.0,138.0,199.0,133.32569061015968,7.686409909691677,109,149,135.0,129.0,139.0,180.94082741548968,16.326160541627196,126,205,186.0,174.0,193.0,IMG20200717093009.jpg,fully_ripe
116.16019873421055,52.93293822102599,0,218,126.0,84.0,152.0,134.867864572818,5.686907785328939,112,149,136.0,131.0,139.0,172.19255448951466,18.236541605530206,126,198,179.0,165.0,185.0,IMG20200717093009.jpg,fully_ripe
185.02782630068205,39.06716674899967,109,255,187.0,155.0,214.0,131.26918654155074,8.61731810003744,109,148,134.0,126.0,138.0,180.02995935780058,16.02731929485993,126,205,186.0,173.0,192.0,IMG20200717093009.jpg,fully_ripe
114.52261770437994,56.21621874988308,0,240,117.0,89.0,157.0,133.1348514377543,5.207837652387527,111,148,134.0,129.0,137.0,168.4056142510343,19.359459857017754,126,195,175.0,164.0,182.0,IMG20200717093015.jpg,fully_ripe
134.08753889287792,34.278706713355106,71,233,129.0,108.0,161.0,131.50018805347557,4.372222333670433,112,144,133.0,129.0,134.0,166.42410332683693,14.048437397231051,126,187,170.0,162.0,176.0,IMG20200717093015.jpg,fully_ripe
104.07393065955483,64.32103243076612,0,241,112.0,65.0,156.0,132.51415529797927,5.3719211808505065,111,148,134.0,128.0,137.0,164.25076076178755,22.17755464417386,126,195,173.0,143.0,182.0,IMG20200717093015.jpg,fully_ripe
124.96299620473894,43.1354468641505,0,240,120.0,96.0,159.0,133.334436010531,5.3208748168925055,111,149,135.0,130.0,137.0,171.08855609122304,15.982434753902789,126,195,175.0,166.0,182.0,IMG20200717093015.jpg,fully_ripe
127.6399630731357,39.82040442684478,53,241,122.0,98.0,159.0,133.31800697507435,5.352240480017052,111,148,135.0,130.0,137.0,171.309621499641,15.682768670408802,126,195,175.0,166.0,182.0,IMG20200717093015.jpg,fully_ripe
121.72458422157816,54.95090629377492,0,223,135.0,98.0,160.0,129.94022212108874,3.6337594897157444,117,145,130.0,128.0,133.0,174.61056951463908,20.16593925348396,126,203,182.0,170.0,187.0,IMG20200717093036.jpg,fully_ripe
130.12626250528956,45.14419985654074,0,224,137.0,108.0,161.0,129.88469184890656,3.796733510690643,117,145,130.0,127.0,133.0,177.1208811388696,17.437810134452793,126,203,183.0,173.0,187.0,IMG20200717093036.jpg,fully_ripe
182.19547773599368,36.45516296259308,95,250,185.0,156.0,211.0,127.41290410149544,5.77723786906816,108,145,129.0,125.0,132.0,185.18143348742885,17.146872214937183,126,214,191.0,180.0,195.0,IMG20200717093036.jpg,fully_ripe
113.97017094221818,61.4311940325678,0,224,132.0,86.0,158.0,129.62572357022523,3.403713833611459,117,143,129.0,128.0,132.0,170.62928453376128,23.460927820023745,126,203,182.0,160.0,187.0,IMG20200717093036.jpg,fully_ripe
159.18572101527383,28.51571326905399,94,231,161.0,139.0,180.0,127.53644398668231,3.070960753686013,116,139,128.0,126.0,130.0,172.77553154965787,13.895718999857733,127,197,177.0,168.0,181.0,IMG20200717093036.jpg,fully_ripe
121.95353242530217,51.0607973275047,0,227,135.0,94.0,155.0,134.4530646051905,5.056183782536598,112,148,136.0,131.0,138.0,172.73982299527577,19.489913497397612,124,197,181.0,166.0,186.0,IMG20200717093050.jpg,fully_ripe
126.22385575802197,47.655928565203695,0,226,137.0,103.0,156.0,134.5369194429106,4.947942286923955,112,148,136.0,131.0,138.0,174.24599668691332,18.101881667441894,126,197,181.0,169.0,186.0,IMG20200717093050.jpg,fully_ripe
158.8009923921713,31.755686938252577,89,239,162.0,137.0,180.0,132.12629609178478,4.154628437038299,113,143,133.0,130.0,135.0,172.38418768022578,15.18514112339671,124,193,178.0,167.0,182.0,IMG20200717093050.jpg,fully_ripe
136.24925608933063,35.38580951627934,58,227,141.0,113.0,159.0,134.19861647953863,4.86597335768385,112,148,135.0,131.0,138.0,175.245206761151,15.886614171002087,124,196,181.0,170.0,186.0,IMG20200717093050.jpg,fully_ripe
123.86040554635254,50.75161538375238,0,226,136.0,100.0,156.0,134.51098226885085,4.916896560020578,113,148,136.0,131.0,138.0,173.61052825326706,18.89499991375243,126,197,181.0,168.0,186.0,IMG20200717093050.jpg,fully_ripe
136.4864668397451,34.29243434895911,54,217,140.0,115.0,160.0,127.69737078121312,4.330324507468436,114,144,128.0,125.0,131.0,177.8152749586972,14.626784747581485,127,199,183.0,173.0,187.0,IMG20200717093116.jpg,fully_ripe
93.70689638895445,37.16188837666217,5,179,98.0,71.0,120.0,132.4703611045551,5.612606094072498,116,155,133.0,129.0,136.0,161.93365116827945,20.492994871538798,106,196,166.0,147.0,179.0,IMG20200717093116.jpg,fully_ripe
135.92218078829362,34.9806338459539,0,216,140.0,114.0,160.0,127.7095586499882,4.323832306435897,114,144,128.0,125.0,131.0,177.78356384234127,14.68372827938027,127,199,183.0,173.0,187.0,IMG20200717093116.jpg,fully_ripe
130.22902997403824,45.447652804735746,0,215,139.0,111.0,160.0,127.69361340571159,4.2463312457417075,114,144,128.0,125.0,131.0,176.71740382346,16.57581484063105,126,199,183.0,173.0,187.0,IMG20200717093116.jpg,fully_ripe
123.39140901581308,31.769406982740044,46,197,127.0,103.0,145.0,127.72135945244277,4.020930516784111,115,143,128.0,125.0,131.0,174.1249091338211,13.557642853662532,127,194,179.0,170.0,182.0,IMG20200717093116.jpg,fully_ripe
101.68796359543211,38.58587463065985,0,225,106.0,82.0,128.0,113.12383710302763,6.441261888529442,102,138,112.0,108.0,116.0,164.04549608920274,13.441442149445441,126,186,167.0,158.0,174.0,IMG20200713141604.jpg,unripe
147.56751296383595,22.71407136152945,103,247,147.0,130.0,163.0,113.99365998672349,5.270264951386682,104,134,113.0,110.0,116.0,160.420817178646,10.452025471477388,127,180,162.0,154.0,168.0,IMG20200713141604.jpg,unripe
71.21941833504901,26.906386159693803,16,183,71.0,52.0,90.0,115.00787931847262,5.529142301574121,104,143,114.0,111.0,118.0,157.51010650067826,12.219397415464098,127,181,159.0,147.0,168.0,IMG20200713141604.jpg,unripe
79.66007330940997,55.402345418909654,0,204,94.0,0.0,124.0,116.72780273803912,8.501037820453247,102,138,114.0,109.0,128.0,155.7180954946461,19.29352305528024,126,186,162.0,128.0,172.0,IMG20200713141604.jpg,unripe
103.5564299664239,36.53789902671046,0,226,107.0,84.0,128.0,112.98063361650135,6.258264128683834,102,138,112.0,108.0,115.0,164.41008052490307,12.929932758247197,126,186,167.0,158.0,174.0,IMG20200713141604.jpg,unripe
123.03456133687808,40.84486463413836,0,240,128.0,101.0,151.0,110.46246360298773,6.581536945451198,102,138,108.0,106.0,112.0,168.5239361221131,14.074256803953277,121,191,172.0,162.0,179.0,IMG20200713141623.jpg,unripe
128.61314271245908,32.57512957696207,55,248,130.0,105.0,152.0,110.10429891668024,5.995518416451463,102,136,108.0,106.0,112.0,169.39867614345397,12.367423707999947,120,191,172.0,163.0,179.0,IMG20200713141623.jpg,unripe
109.00840974445228,53.24367510545173,0,244,122.0,86.0,147.0,111.84575805255638,8.000139084605658,102,138,108.5,106.0,114.0,164.85289277123687,17.691660561226445,120,189,170.0,159.0,178.0,IMG20200713141623.jpg,unripe
114.75338650462083,49.99246722747997,0,239,125.0,92.0,150.0,111.01798600184472,7.353133557137022,102,138,108.0,106.0,113.0,166.8302135894236,16.459524829986727,121,190,172.0,161.0,179.0,IMG20200713141623.jpg,unripe
149.9782703054636,37.56813627791918,65,255,152.0,122.0,177.0,107.39149621109362,6.858933267982563,98,138,105.0,103.0,110.0,175.6249073119563,14.179968346849465,120,200,179.0,168.0,187.0,IMG20200713141623.jpg,unripe
108.32912414715607,39.09692757828536,0,226,111.0,93.0,130.0,109.816130633397,6.643745960451588,98,132,108.0,105.0,112.0,164.92932437093557,13.323711593849929,126,190,166.0,160.0,175.0,IMG20200713141640.jpg,unripe
83.03448391900191,34.3418725587902,7,218,79.0,61.0,103.0,110.17667645351527,7.172282289164484,97,146,108.0,105.0,114.0,157.18008362287262,16.93342665982123,106,190,159.0,146.0,169.0,IMG20200713141640.jpg,unripe
105.20370666375024,42.687907650424265,0,225,110.0,91.0,129.0,109.86373005123373,6.958747057566205,98,132,108.0,105.0,112.0,164.64421580421816,14.084711584835857,126,190,166.0,161.0,175.0,IMG20200713141640.jpg,unripe
115.34351838609538,29.68546928534816,0,229,112.0,97.0,132.0,109.16365349508274,5.7418984786184994,98,136,108.0,105.0,112.0,166.39766293420377,11.093598693877993,126,190,166.0,161.0,175.0,IMG20200713141640.jpg,unripe
175.80119797757158,29.036260146922224,113,255,172.0,157.0,192.0,107.36044486695214,6.349385992352027,95,135,106.0,103.0,110.0,169.31017860297644,12.646505795481772,128,197,169.0,163.0,179.0,IMG20200713141640.jpg,unripe
121.11550424954,33.68633001210647,0,235,120.0,97.0,145.0,108.80662402523438,6.103978603854734,99,148,107.0,105.0,111.0,169.08092380034464,12.28151803893554,126,197,170.0,162.0,177.0,IMG20200713141737.jpg,unripe
122.62811413884751,31.672703271418875,54,238,121.0,98.0,145.0,108.76607815648822,6.002806112590408,99,148,107.0,105.0,111.0,169.19650836765092,11.963470511127607,127,197,170.0,162.0,177.0,IMG20200713141737.jpg,unripe
118.83544350010223,37.40479492392556,0,235,120.0,96.0,145.0,108.9591036537282,6.432776861632634,99,148,107.0,105.0,111.0,168.71966178918777,13.087276061065804,126,197,170.0,162.0,177.0,IMG20200713141737.jpg,unripe
54.60003942872164,29.047250336705112,1,161,53.0,32.0,76.0,116.32513361955665,7.687619919214574,104,155,115.0,110.0,121.0,144.85136102105787,17.852025939300496,102,182,146.0,131.0,160.0,IMG20200713141737.jpg,unripe
105.92976576418704,54.99606039970813,0,212,118.0,89.0,144.0,110.79821256461929,8.818681748043124,99,148,107.0,105.0,113.0,164.91069394550075,18.701932496642293,126,197,169.0,160.0,177.0,IMG20200713141737.jpg,unripe
84.52698410226866,43.64397944386067,0,181,90.0,65.0,116.0,114.2346744935615,7.70748440835621,100,143,112.0,108.0,119.0,155.24082493810627,14.299457469592364,126,183,159.0,148.0,166.0,IMG20200713141824.jpg,unripe
93.81009140027716,36.383435031638854,0,180,96.0,75.0,119.0,112.96519938339847,6.724903803646753,100,143,112.0,108.0,115.0,158.39540351587436,12.017627490156215,126,183,160.0,153.0,167.0,IMG20200713141824.jpg,unripe
128.1446989396322,23.746230720034735,85,201,126.0,109.0,145.0,112.95425314918332,5.436059836969757,101,139,112.0,109.0,116.0,157.9540273733709,9.678325783400513,128,184,158.0,152.0,165.0,IMG20200713141824.jpg,unripe
95.19099855192066,34.04658292071828,0,181,96.0,76.0,118.0,112.6348270868692,6.285545149512041,100,143,112.0,108.0,115.0,159.10381794684147,11.297267502459045,126,183,160.0,153.0,167.0,IMG20200713141824.jpg,unripe
73.74129206047678,30.38499200923929,16,164,71.0,49.0,96.0,112.32465004749078,6.341210703541238,98,148,112.0,108.0,116.0,156.45923578780187,12.668460949441732,119,185,158.0,146.0,167.0,IMG20200713141824.jpg,unripe
122.57132315611754,34.471996951923984,55,246,120.0,94.0,150.0,110.74656135255434,6.8364650303755035,99,141,109.0,105.0,114.0,165.5408800576158,14.72934254988922,121,197,168.0,157.0,177.0,IMG20200713141846.jpg,unripe
116.23245847058406,39.55651313401095,0,245,116.0,90.0,146.0,110.98236697009409,7.224941521314935,99,141,109.0,105.0,114.0,165.06402082669217,15.455133758178755,121,197,168.0,157.0,177.0,IMG20200713141846.jpg,unripe
89.62661896834673,33.8618553441036,21,210,88.0,62.0,117.0,112.58606949314631,6.240313622530931,102,142,111.0,108.0,116.0,159.23100036600195,14.0583988185916,121,190,161.0,149.0,170.0,IMG20200713141846.jpg,unripe
73.43153992372991,63.42379733216912,0,212,86.0,0.0,126.0,116.90805676572333,9.826375879475917,100,139,115.0,107.0,128.0,152.22850919137178,21.867521594299838,121,190,157.0,128.0,173.0,IMG20200713141846.jpg,unripe
116.5948948629854,39.259986416211206,0,245,117.0,90.0,146.0,110.96408458187227,7.199414229798369,99,140,109.0,105.0,114.0,165.10093979858087,15.408423513381749,121,197,168.0,157.0,177.0,IMG20200713141846.jpg,unripe
122.5812114079599,31.775864210088343,54,205,123.0,100.0,146.0,111.43215442929633,5.259867935360449,102,132,110.0,107.0,115.0,171.1822614171303,11.68182840236969,128,194,174.0,162.0,180.0,IMG20200713142056.jpg,unripe
113.56348963746409,43.45739662042976,0,202,121.0,93.0,143.0,112.20926820321574,6.5817765114636115,102,140,110.0,107.0,115.0,169.03189765849484,15.047315091780934,126,193,173.0,160.0,180.0,IMG20200713142056.jpg,unripe
164.82132267530721,29.366274964443015,103,242,165.0,144.0,186.0,111.09443204744146,5.369018488892192,102,131,110.0,107.0,115.0,170.49645411750322,12.46710115694475,128,195,173.0,161.0,180.0,IMG20200713142056.jpg,unripe
105.64897291679404,53.47744037424725,0,205,119.0,79.0,144.0,113.1494696460231,7.668845636552614,102,140,110.0,107.0,116.0,166.06951916610626,18.432929354189103,126,194,172.0,158.0,180.0,IMG20200713142056.jpg,unripe
116.79253530598521,40.74218203520426,0,203,122.0,95.0,145.0,111.88955798740601,6.225359750488507,102,140,110.0,107.0,115.0,170.08629333007275,13.944314965198698,126,194,174.0,161.0,180.0,IMG20200713142056.jpg,unripe
147.77514350420898,22.82845316711161,87,236,150.0,135.0,163.0,112.55814235047787,4.555054443897721,104,137,112.0,109.0,115.0,164.98247325765237,11.155590758432313,126,188,166.0,158.0,173.0,IMG20200713142139.jpg,unripe
121.28688022561853,38.31343510130963,0,225,129.0,108.0,145.0,111.39327987237739,5.700307002958819,103,137,110.0,107.0,113.0,169.0414631019699,13.96247649731899,126,192,172.0,162.0,179.0,IMG20200713142139.jpg,unripe
127.30892218724628,27.42492278371095,53,230,130.0,112.0,146.0,110.95788169270871,4.8948527227917555,103,140,110.0,107.0,113.0,170.1705884028658,11.735512006535414,126,192,172.0,163.0,179.0,IMG20200713142139.jpg,unripe
86.15436494936402,61.95073567925482,0,198,113.0,0.0,135.0,116.33339268164143,8.707702140999617,103,131,113.0,109.0,128.0,156.562913954449,21.413368209429418,126,190,163.0,128.0,176.0,IMG20200713142139.jpg,unripe
122.47112823507628,22.059552220293984,63,207,124.0,110.0,137.0,113.48049339809421,4.23696488121917,106,137,113.0,110.0,115.0,163.2862819946729,10.376527664898536,126,184,165.0,157.0,171.0,IMG20200713142139.jpg,unripe
111.40067249495628,28.571633846665733,55,218,111.0,90.0,131.0,111.87230281487174,4.978314631714621,104,139,111.0,108.0,114.0,165.21614948602172,10.690373224012832,131,189,166.0,158.0,174.0,IMG20200713142211.jpg,unripe
159.75475069651264,29.86853914833806,102,255,159.0,137.0,180.0,110.09679123835143,5.5628893224933735,101,139,109.0,106.0,113.0,168.36836391584205,12.19273159077494,128,197,169.0,160.0,178.0,IMG20200713142211.jpg,unripe
103.1913632433471,41.03053223184783,0,218,109.0,82.0,130.0,112.461696608704,5.903874842280984,104,133,111.0,108.0,115.0,163.61674512441158,13.532030870485011,126,189,166.0,157.0,174.0,IMG20200713142211.jpg,unripe
103.91768661735037,27.20881573238385,51,205,103.0,84.0,122.0,112.63911999231435,4.742301307057367,105,140,112.0,109.0,115.0,163.41967528100682,10.188981380866185,130,187,164.0,157.0,172.0,IMG20200713142211.jpg,unripe
104.41711019310212,38.770797347175964,0,212,109.0,85.0,129.0,112.3044576808531,5.73230981754544,104,134,111.0,108.0,114.0,163.97805745028342,13.027853532146883,126,189,166.0,158.0,174.0,IMG20200713142211.jpg,unripe
107.52784369998345,33.45995399326068,33,220,110.0,83.0,133.0,109.93621796640727,6.652878470542455,99,143,108.0,105.0,113.0,167.16107401070698,13.508699586621024,126,194,170.0,159.0,178.0,IMG20200713142220.jpg,unripe
99.575482458561,46.95239066417106,0,208,110.0,76.0,134.0,113.80483654359143,7.677105526828501,102,135,111.0,107.0,119.0,159.3383924793495,16.35230393689667,126,189,163.0,149.0,172.0,IMG20200713142220.jpg,unripe
114.32033592729547,30.106132716752402,0,210,117.0,94.0,137.0,111.76137388008904,6.062620923012116,103,139,110.0,107.0,114.0,163.82146733631362,12.587648761112444,126,189,166.0,157.0,173.0,IMG20200713142220.jpg,unripe
168.40674614125135,27.405269205315168,110,255,170.0,148.0,189.0,110.75441065548135,6.440642045105931,100,137,109.0,106.0,113.0,165.05393969497948,13.400341113084503,126,197,167.0,157.0,175.0,IMG20200713142220.jpg,unripe
102.9947200912486,44.38536251875542,0,203,113.0,82.0,136.0,112.3871994407344,6.947120250826029,103,130,110.0,107.0,115.0,161.9263204371102,15.095556888178619,124,189,165.0,155.0,173.0,IMG20200713142220.jpg,unripe
147.26721011892803,30.297102173396592,78,248,148.0,127.0,169.0,108.613326061789,5.79347295324704,98,137,107.0,104.0,111.0,172.53896495306984,11.684228811374153,130,195,175.0,164.0,181.0,IMG20200713142228.jpg,unripe
119.69531272424581,28.072853066705505,55,213,120.0,101.0,140.0,110.47534850789823,5.253614410892423,101,137,109.0,107.0,113.0,168.5121846206837,10.361623414680132,130,188,171.0,161.0,176.0,IMG20200713142228.jpg,unripe
114.91972597759217,36.22371844758071,0,209,119.0,98.0,139.0,110.79770754996795,5.892633985443428,102,139,109.0,107.0,113.0,167.5357214615804,12.385543376838442,126,188,171.0,161.0,176.0,IMG20200713142228.jpg,unripe
78.32963058641178,59.84487071924773,0,211,99.0,0.0,126.0,116.12349187213563,9.165832579316122,103,136,113.0,108.0,128.0,154.39062544849162,20.166651409895223,126,186,161.0,128.0,173.0,IMG20200713142228.jpg,unripe
124.79698039553374,33.381672967081236,47,234,126.0,102.0,149.0,108.16929303366916,6.0099920698167635,99,139,107.0,104.0,111.0,173.70239291215782,11.281613215595387,130,195,176.0,166.0,182.0,IMG20200713142228.jpg,unripe
116.18651146107334,35.50858241135828,0,204,116.0,92.0,143.0,111.76866054042975,5.349172810037184,103,143,111.0,108.0,113.0,168.26517610084377,11.912628684923112,126,192,169.0,163.0,176.0,IMG20200713142241.jpg,unripe
91.47351655108804,33.84544151091004,19,186,89.0,65.0,118.0,112.68926997574557,5.608239346740991,103,142,112.0,108.0,115.0,163.43998736036622,14.454867726732974,126,189,166.0,153.0,174.0,IMG20200713142241.jpg,unripe
157.66619410378163,28.673366832070116,100,241,156.0,135.0,180.0,111.69637549960714,4.952960449934434,103,134,111.0,108.0,113.0,166.97987906944965,11.173591604531365,129,194,167.0,162.0,175.0,IMG20200713142241.jpg,unripe
83.84774365456222,57.20685692880725,0,201,95.0,2.0,128.0,116.52074437194685,8.445459327158142,103,143,113.0,109.0,128.0,156.99234789737983,19.520267658238915,126,190,164.0,129.0,172.0,IMG20200713142241.jpg,unripe
109.88872852116285,43.70286312877173,0,201,114.0,87.0,142.0,112.36428620230247,6.198990160365468,103,142,111.0,108.0,114.0,166.69963789157245,14.081851325229334,126,192,169.0,163.0,176.0,IMG20200713142241.jpg,unripe
121.51955143115987,31.85859953058822,0,215,124.0,99.0,144.0,110.97788170384337,5.986546664507684,103,142,109.0,107.0,112.0,170.6597536789011,12.989714285648269,125,192,172.0,165.0,181.0,IMG20200713142258.jpg,unripe
121.74826767219216,26.48821369530904,63,207,123.0,102.0,141.0,112.38357696106037,5.379057307318244,105,141,111.0,109.0,114.0,166.74005696889563,11.794285941044638,125,187,167.0,161.0,176.0,IMG20200713142258.jpg,unripe
118.27678884780816,36.97161708375424,0,203,122.0,97.0,143.0,111.1892297772663,6.298016151814186,103,143,109.0,107.0,113.0,170.05390008406584,14.058941233914668,125,193,172.0,165.0,181.0,IMG20200713142258.jpg,unripe
111.91808068689144,44.45305811800233,0,218,120.0,88.0,143.0,111.77261412143027,6.812777616184766,103,143,109.0,107.0,113.0,168.64513601527875,15.672533212265218,125,193,171.0,162.0,181.0,IMG20200713142258.jpg,unripe
122.65091452217135,30.271493684072208,54,218,124.0,100.0,144.0,110.92656072737364,5.894364027107607,103,143,109.0,107.0,112.0,170.7762297691046,12.724750668548628,125,193,172.0,165.0,181.0,IMG20200713142258.jpg,unripe
111.84110919947373,22.355701851362095,65,185,110.0,95.0,126.0,114.47232061532233,5.146904219993628,106,141,113.0,111.0,117.0,161.72102182640083,10.047877611270604,129,179,164.0,156.0,169.0,IMG20200713142856.jpg,unripe
109.11291873292177,25.91551201901829,54,193,107.0,90.0,126.0,113.13550416624498,5.701258682051526,104,143,112.0,109.0,116.0,165.7979961542354,10.899842267066862,129,185,168.0,160.0,173.0,IMG20200713142856.jpg,unripe
102.19769422797962,36.10725443599845,0,192,105.0,86.0,124.0,113.63310899706508,6.502675616666097,104,144,112.0,109.0,116.0,164.6771834834531,12.882875436321545,126,185,168.0,159.0,173.0,IMG20200713142856.jpg,unripe
99.8185490672334,38.85706907348946,0,191,104.0,84.0,124.0,113.77227338663428,6.6793079171535235,104,144,112.0,109.0,116.0,164.03952029146848,13.705435308206571,126,185,168.0,158.0,173.0,IMG20200713142856.jpg,unripe
93.34944168943764,44.79496494774347,0,193,101.0,77.0,123.0,115.1812569577978,7.586719590876132,104,144,112.0,109.0,121.0,161.01144452315893,16.28201202276342,126,185,166.0,152.0,173.0,IMG20200713142856.jpg,unripe
42.53897459636659,25.472111905939006,1,153,38.0,23.0,59.0,121.3083296331636,7.0427082637613925,107,145,120.0,116.0,126.0,137.94100197447355,17.479758728027022,101,176,137.0,125.0,151.0,IMG20200713142909.jpg,unripe
77.76137211741032,48.32572056420429,0,219,88.0,50.0,109.0,117.17533136200886,7.434203123280254,104,142,116.0,111.0,125.0,155.55784073839644,17.165856289140212,126,184,161.0,141.0,167.0,IMG20200713142909.jpg,unripe
104.94435574534015,26.671925669696535,54,219,101.0,85.0,123.0,113.56308395763857,5.239149940046732,104,140,113.0,110.0,116.0,164.5889505058998,10.9701148090565,127,184,165.0,160.0,172.0,IMG20200713142909.jpg,unripe
95.3191467251136,38.72291978874606,0,179,98.0,79.0,120.0,113.96399656120396,5.757068028269304,104,138,113.0,110.0,117.0,163.14639446013737,13.4957567242694,126,184,165.0,159.0,172.0,IMG20200713142909.jpg,unripe
101.88015228953907,30.884273265384433,0,216,100.0,84.0,122.0,113.64330993566428,5.40616137879431,104,143,113.0,110.0,116.0,164.2569082956231,11.741511279648194,126,184,165.0,160.0,172.0,IMG20200713142909.jpg,unripe
149.44789282630384,22.491433141456394,103,234,149.0,132.0,165.0,114.81495267556987,5.505592483062536,105,131,113.0,111.0,117.0,158.43045530377339,11.702777654770891,127,183,160.0,154.0,167.0,IMG20200713142917.jpg,unripe
98.94540714100081,35.107465428985066,0,196,104.0,83.0,122.0,114.88805613540907,5.986318171002108,106,131,113.0,111.0,117.0,159.39886656103553,13.550598185652659,126,183,162.0,155.0,169.0,IMG20200713142917.jpg,unripe
101.68544553708408,31.655634753381907,0,185,105.0,85.0,123.0,114.72379131980249,5.828875961977488,106,131,113.0,111.0,117.0,159.89311134025803,12.928719646662174,126,183,162.0,156.0,169.0,IMG20200713142917.jpg,unripe
63.016171625462135,25.674802329695435,9,155,63.0,43.0,82.0,116.86566400912116,5.543545384881191,106,132,115.0,113.0,121.0,151.8572722014034,13.455618572881285,116,179,155.0,140.0,162.0,IMG20200713142917.jpg,unripe
83.16237854514054,45.15944791260065,0,182,92.0,57.0,116.0,117.28516217734295,7.005276100910129,106,131,115.0,112.0,125.0,154.1651366917331,15.802635522804893,125,183,158.0,141.0,165.0,IMG20200713142917.jpg,unripe
96.61705146272948,40.340246977555466,0,215,106.0,80.0,124.0,111.91263348056788,6.679066499399047,102,139,110.0,107.0,114.0,160.11601577648094,13.162481145101825,126,183,164.0,156.0,169.0,IMG20200713142946.jpg,unripe
93.81317922574176,43.85300989263229,0,219,104.0,68.0,125.0,113.02914108978786,7.495149128380978,102,140,110.0,107.0,117.0,158.29139198123468,14.317744366286446,126,183,162.0,152.0,169.0,IMG20200713142946.jpg,unripe
99.2569447728584,37.94075266219554,0,223,106.0,82.0,125.0,111.6450859288545,6.408117396261382,102,140,110.0,107.0,114.0,160.9849991014594,12.170672454226686,126,183,164.0,157.0,169.0,IMG20200713142946.jpg,unripe
112.47439159344349,21.394742802403336,70,206,113.0,98.0,126.0,113.89532475148259,4.758694814882208,106,136,113.0,110.0,116.0,155.88778646892467,8.853982148352998,127,175,157.0,151.0,162.0,IMG20200713142946.jpg,unripe
107.0079449903998,30.471943881084883,45,238,108.0,86.0,127.0,109.65872482904084,6.118394626040458,100,141,108.0,105.0,112.0,164.8805413943458,10.98430012182611,126,188,167.0,160.0,173.0,IMG20200713142946.jpg,unripe
86.16892178369311,50.388880658997365,0,230,96.0,53.0,122.0,115.32069054509927,8.57560813777444,101,144,113.0,108.0,125.0,153.17243349862665,16.306640968089415,125,182,158.0,137.0,166.0,IMG20200713143028.jpg,unripe
71.10611646727008,28.050187766330595,15,181,68.0,51.0,88.0,115.04161520452745,6.049979792695439,105,141,113.0,111.0,118.0,151.57215145538,11.782674028083823,125,176,154.0,142.0,160.0,IMG20200713143028.jpg,unripe
111.80504912714068,30.081026492899465,54,231,109.0,90.0,130.0,112.9474072298929,6.947635292746777,101,138,111.0,108.0,116.0,157.2038545910373,13.195511412911706,125,182,161.0,151.0,166.0,IMG20200713143028.jpg,unripe
101.1690231717883,39.47447660003788,0,225,105.0,83.0,126.0,113.25536896049552,7.407411885368475,101,144,111.0,108.0,117.0,156.59333235017604,14.097263457569033,125,181,161.0,151.0,166.0,IMG20200713143028.jpg,unripe
104.20286836138403,36.580499156931936,0,224,106.0,86.0,127.0,113.11596032960348,7.238160807794257,102,143,111.0,108.0,116.0,156.86291407819786,13.758498303390871,125,181,161.0,151.0,166.0,IMG20200713143028.jpg,unripe
103.68252866846834,27.027957214244694,0,223,102.0,86.0,120.0,111.57024687751077,5.774304542458604,103,139,110.0,108.0,113.0,158.5884340077423,10.18339403272045,124,179,161.0,154.0,165.0,IMG20200713143043.jpg,unripe
102.96765210722373,28.168786919064086,0,223,102.0,86.0,120.0,111.6400281206632,5.895311392361871,103,141,110.0,108.0,113.0,158.52749068731282,10.267644503133427,124,179,161.0,154.0,165.0,IMG20200713143043.jpg,unripe
67.76165911912935,51.50314855212021,0,223,79.0,0.0,109.0,116.83152253305092,8.962621968734211,103,140,113.0,109.0,128.0,148.2431341757359,15.793677426951813,124,177,152.0,128.0,162.0,IMG20200713143043.jpg,unripe
117.48092725147907,27.603421068681843,64,243,115.0,99.0,134.0,110.77220436783288,6.061280516016489,102,140,109.0,107.0,113.0,159.9422887298225,10.651222687036803,124,182,162.0,155.0,167.0,IMG20200713143043.jpg,unripe
104.64922211671902,26.601953875286586,54,225,103.0,87.0,121.0,111.57550580673436,5.76404481984159,103,140,110.0,108.0,113.0,158.60731502446862,10.11420823372678,124,179,161.0,154.0,165.0,IMG20200713143043.jpg,unripe
93.76941570741658,33.90249903074906,0,214,96.0,78.0,115.0,113.04705485939094,5.822344583397113,103,138,112.0,109.0,114.0,158.9202881392977,11.210407722864801,125,180,160.0,156.0,166.0,IMG20200713143050.jpg,unripe
76.96632303657293,27.197878022144483,23,202,75.0,56.0,95.0,112.56071506629753,5.497221899026954,102,144,112.0,109.0,115.0,158.4797100393414,10.824351661893287,125,180,160.0,152.0,166.0,IMG20200713143050.jpg,unripe
101.2301471659624,24.5399722320274,54,215,99.0,83.0,117.0,112.61207744426636,5.2609926883485425,103,141,112.0,109.0,114.0,159.92498725047355,9.590933423498312,125,180,161.0,157.0,166.0,IMG20200713143050.jpg,unripe
92.32215321288066,35.53612804126349,0,214,96.0,77.0,114.0,113.14291308465685,5.919208619442554,103,137,112.0,109.0,115.0,158.6556535042984,11.563481182719018,125,180,160.0,156.0,166.0,IMG20200713143050.jpg,unripe
45.71071324493661,23.673990795857403,3,155,44.0,27.0,61.0,117.24249599300597,5.922449812335745,106,143,116.0,113.0,121.0,144.52141009762494,13.804194479684663,110,173,145.0,135.0,156.0,IMG20200713143050.jpg,unripe
131.32798131407068,30.855938660143725,77,249,130.0,108.0,151.0,116.08110212379428,5.097713546258713,108,137,114.0,112.0,119.0,153.21705091050652,11.386998030472615,125,174,156.0,147.0,162.0,IMG20200713143109.jpg,unripe
96.98236947964877,38.72190431381577,0,224,102.0,78.0,124.0,116.53502314113932,5.240077334793332,108,134,115.0,113.0,119.0,152.61076171114667,11.823186105302604,125,173,156.0,147.0,161.0,IMG20200713143109.jpg,unripe
103.28143085773605,34.09040409148938,0,224,104.0,82.0,126.0,116.40362472425278,5.038248172233604,108,136,115.0,113.0,119.0,152.94729010770362,11.347154738498327,125,173,156.0,147.0,161.0,IMG20200713143109.jpg,unripe
146.37055235953113,33.000675648844854,87,255,145.0,122.0,168.0,115.0807560880661,5.631736046828314,106,138,113.0,111.0,118.0,155.42452528223538,12.324073301467863,125,178,158.0,149.0,165.0,IMG20200713143109.jpg,unripe
107.8573121674813,30.876091686299244,53,225,107.0,85.0,127.0,116.36408149141398,4.9459881861928086,108,137,115.0,113.0,119.0,153.04155889095549,11.15100119452795,125,173,156.0,147.0,161.0,IMG20200713143109.jpg,unripe
103.45790148770234,24.579908173830923,55,191,103.0,84.0,121.0,112.36194515443455,4.72435684775858,104,128,111.0,109.0,115.0,163.74237189749928,11.110213489484515,130,186,164.0,157.0,172.0,IMG20200713143206.jpg,unripe
96.7051559325525,34.70528522648835,0,191,101.0,79.0,120.0,112.72262637043694,5.387766414251204,105,130,111.0,109.0,115.0,162.77791197371008,12.912041226663227,126,186,164.0,157.0,172.0,IMG20200713143206.jpg,unripe
87.73167055210703,21.076141134841105,46,163,87.0,71.0,102.0,114.4045164733309,4.135065828233709,107,129,114.0,111.0,116.0,159.02267599172353,9.746274698817393,130,178,159.0,153.0,167.0,IMG20200713143206.jpg,unripe
93.52405696149201,36.94193440488346,0,191,98.0,74.0,119.0,113.45883773839283,5.967081063598898,104,130,112.0,109.0,116.0,161.39445177840818,14.022021470774492,126,186,163.0,153.0,172.0,IMG20200713143206.jpg,unripe
98.92889176005767,31.64220529752855,0,191,102.0,81.0,120.0,112.59874167907199,5.14107804562999,105,130,111.0,109.0,115.0,163.13062569633644,12.176315941562935,126,186,164.0,157.0,172.0,IMG20200713143206.jpg,unripe
124.59722272843241,29.035058174792987,63,212,123.0,102.0,143.0,111.83940481831104,5.664243181355661,101,131,111.0,108.0,114.0,168.1144166636294,11.556041662216556,130,197,169.0,163.0,175.0,IMG20200713143223.jpg,unripe
102.5938422568065,33.03462490701226,0,183,104.0,85.0,122.0,114.03508036592922,5.306987072600128,104,130,113.0,111.0,116.0,162.46661442577542,11.584227382293761,126,189,164.0,159.0,169.0,IMG20200713143223.jpg,unripe
107.3158052994132,25.309227182489014,54,184,106.0,88.0,124.0,113.77596858257098,4.975127423260679,104,130,113.0,111.0,116.0,163.22984473521157,10.215955138401055,129,189,164.0,159.0,169.0,IMG20200713143223.jpg,unripe
69.64447643692823,50.33093295110706,0,176,85.0,0.0,109.0,118.77483872143456,7.132073133116698,105,130,116.0,113.0,128.0,150.95041367496447,16.81123048705628,126,183,159.0,128.0,164.0,IMG20200713143223.jpg,unripe
102.68012173342566,32.575704113116814,0,183,104.0,85.0,122.0,114.08219739767468,5.4330789200017575,104,130,113.0,111.0,116.0,162.33432044319713,11.860181568878446,126,188,164.0,159.0,169.0,IMG20200713143223.jpg,unripe
112.7068557495787,28.220489236289144,0,187,114.0,94.0,132.0,113.68840761590592,4.568427719589774,106,131,112.0,111.0,115.0,165.23472516045751,10.651343400045512,126,186,167.0,160.0,172.0,IMG20200713143259.jpg,unripe
59.237521962063894,26.139278678232653,5,131,60.0,40.0,78.0,117.62938793072537,5.2622751549199345,109,138,116.0,114.0,120.0,151.45521531786727,15.023441128882794,109,179,155.0,140.0,163.0,IMG20200713143259.jpg,unripe
113.13577037541683,27.436418994100112,0,187,115.0,94.0,132.0,113.6749345620137,4.530171790623911,106,130,112.0,111.0,115.0,165.27802180070995,10.515527651630366,126,187,167.0,160.0,172.0,IMG20200713143259.jpg,unripe
98.40431711427445,22.150909356850722,49,159,99.0,82.0,114.0,115.73310265696152,3.834238157970654,109,130,115.0,113.0,117.0,159.6455412528237,8.923467729062546,130,178,161.0,155.0,165.0,IMG20200713143259.jpg,unripe
113.76909354942809,26.527884352491963,55,187,115.0,95.0,133.0,113.64453727275986,4.489826669356916,106,130,112.0,111.0,115.0,165.33956040015778,10.37324672707367,130,187,167.0,160.0,172.0,IMG20200713143259.jpg,unripe
106.56777433965648,25.78181462250001,56,206,106.0,87.0,125.0,116.25377819633168,5.66191004870771,106,138,115.0,112.0,120.0,155.26149154670614,11.645853144222574,125,174,158.0,149.0,164.0,IMG20200713143317.jpg,unripe
111.0796448271223,30.236410201138618,0,224,111.0,89.0,132.0,114.94228440737253,6.342787121957797,104,139,113.0,110.0,119.0,158.73629310731422,13.01638967597357,125,180,161.0,152.0,169.0,IMG20200713143317.jpg,unripe
117.04919503116732,28.398892110427948,61,226,116.0,95.0,137.0,115.15363020763263,6.16919278166289,105,138,113.0,110.0,119.0,157.9498452845419,12.749023429697294,125,179,160.0,151.0,168.0,IMG20200713143317.jpg,unripe
105.25280057401677,36.42613717894199,0,218,109.0,85.0,130.0,115.09391452531504,6.529184411431697,104,142,113.0,110.0,119.0,158.38446567110634,13.520049703142591,125,180,161.0,152.0,169.0,IMG20200713143317.jpg,unripe
82.45255841069107,50.9781740581567,0,225,94.0,46.0,121.0,117.96527198529083,7.546578999488173,104,142,117.0,111.0,126.0,151.91411274048164,16.254772222805,125,179,155.0,135.0,165.0,IMG20200713143317.jpg,unripe
92.91579546262713,42.13567961827703,0,180,99.0,71.0,124.0,115.52973650522722,7.18061418978239,103,134,115.0,109.0,121.0,152.33292440082496,11.792733281847083,123,175,156.0,147.0,161.0,IMG20200713143325.jpg,unripe
108.04136441220396,27.689699515227026,54,190,107.0,86.0,129.0,114.65139392646327,6.570912254668134,103,131,114.0,109.0,118.0,153.85030403243013,10.763252891598151,123,176,156.0,151.0,161.0,IMG20200713143325.jpg,unripe
104.23464725126236,29.051153523864798,46,190,103.0,82.0,127.0,114.17850792973472,6.812857479204912,102,131,113.0,108.0,117.0,154.8234300547614,11.069500590508458,123,177,157.0,152.0,162.0,IMG20200713143325.jpg,unripe
124.1356411350544,26.54775919228152,73,203,124.0,103.0,144.0,114.90113612118625,6.4408193713766355,103,130,114.0,109.0,118.0,153.01641063935708,10.580583092868336,123,175,155.0,150.0,160.0,IMG20200713143325.jpg,unripe
84.03000320034137,47.27949501017961,0,184,90.0,58.0,120.0,116.6971054690278,7.469222924945002,103,134,115.0,110.0,124.0,150.13460102410923,12.725848541032814,123,176,154.0,140.0,160.0,IMG20200713143325.jpg,unripe
95.72567168506917,44.43417967896204,0,218,99.0,76.0,126.0,117.48616187591091,4.855978488578062,108,133,116.0,114.0,119.0,156.3526337074879,14.024454592494294,124,182,160.0,150.0,166.0,IMG20200713143333.jpg,unripe
81.67556142265225,51.75513067824723,0,195,90.0,52.0,120.0,119.20611822878116,5.512397285182361,108,130,117.0,115.0,125.0,151.80780001678735,15.72942511949862,125,182,156.0,137.0,164.0,IMG20200713143333.jpg,unripe
83.33583108866014,27.79496963669997,33,200,80.0,62.0,102.0,118.57944616981175,3.826198327209467,110,139,117.0,116.0,120.0,153.85175237121425,10.807043731872989,125,176,156.0,148.0,161.0,IMG20200713143333.jpg,unripe
152.3181127957818,32.4930253894879,94,255,149.0,127.0,174.0,115.97953468496998,4.943487326900493,105,139,114.0,113.0,118.0,159.79381309566506,13.645307810807362,125,188,162.0,152.0,169.0,IMG20200713143333.jpg,unripe
109.74533578530496,31.191008442944536,54,241,106.0,86.0,131.0,117.13867883495739,4.4158900674601425,108,139,116.0,114.0,118.0,157.66658781695676,12.41587509909406,125,182,160.0,151.0,166.0,IMG20200713143333.jpg,unripe
89.8548860032314,25.617897064833507,43,183,87.0,70.0,108.0,117.86476828778306,4.871581301869875,108,139,117.0,114.0,121.0,153.53346384331962,10.622034947243064,124,172,156.0,148.0,162.0,IMG20200713143359.jpg,unripe
98.33622848936116,34.97947661573087,0,198,99.0,79.0,122.0,116.85137249202835,5.699175990901852,106,141,115.0,112.0,120.0,156.02153414773844,12.546313240930957,124,177,159.0,150.0,166.0,IMG20200713143359.jpg,unripe
86.23145575625978,33.320594278756346,25,205,83.0,61.0,110.0,116.28715901416518,5.925884630165802,104,144,115.0,112.0,120.0,156.95556391427374,12.81625934493599,123,182,160.0,147.0,167.0,IMG20200713143359.jpg,unripe
105.52253007001376,28.57565994689275,54,209,103.0,83.0,126.0,116.6810142164699,5.424406794005572,106,139,115.0,112.0,120.0,156.4905237781786,11.8599451168597,124,177,159.0,150.0,166.0,IMG20200713143359.jpg,unripe
80.05000983099242,47.116769585471715,0,194,87.0,52.0,114.0,118.3754498747617,6.171910275082,106,141,117.0,113.0,123.0,152.42761397539687,14.31848627565881,124,177,155.0,144.0,164.0,IMG20200713143359.jpg,unripe
75.41181434599156,28.900460101909154,25,238,73.0,52.0,95.0,113.30641846612062,5.379767489618805,102,149,113.0,109.0,116.0,156.38435343757757,10.2615728472663,125,179,158.0,149.0,165.0,IMG20200713143438.jpg,unripe
63.490027302060064,43.179889607800305,0,164,71.0,1.0,97.0,117.92783320923306,7.069824022638319,105,130,116.0,112.0,127.0,147.71460908414,13.738945429737228,126,172,151.0,129.0,159.0,IMG20200713143438.jpg,unripe
89.64112186646811,28.739997281923927,0,219,90.0,72.0,109.0,114.41267808389179,5.280452542418724,105,145,114.0,111.0,117.0,155.54358897989576,9.77247128732752,126,173,157.0,151.0,163.0,IMG20200713143438.jpg,unripe
85.45693720526185,32.62604478577116,0,231,87.0,69.0,108.0,114.71410275502606,5.733478226106548,105,145,114.0,111.0,117.0,154.9645569620253,10.804288177461643,125,173,157.0,151.0,163.0,IMG20200713143438.jpg,unripe
75.40029784065526,21.52677576572618,39,199,73.0,58.0,90.0,115.98591213700671,4.360251665041938,108,143,115.0,113.0,118.0,152.2966195085629,8.015281321520726,125,168,153.0,148.0,158.0,IMG20200713143438.jpg,unripe
106.1883380354704,25.07280527552494,54,219,105.0,88.0,123.0,111.01836325753422,6.524330621490255,100,142,109.0,107.0,113.0,159.84390234176394,11.22836510021597,126,181,162.0,154.0,169.0,IMG20200713143447.jpg,unripe
96.65101835328834,37.1331641712811,0,218,102.0,82.0,121.0,111.71576827602708,7.363141023359037,100,144,109.0,107.0,114.0,158.52617412196312,13.002056378738455,126,181,161.0,153.0,169.0,IMG20200713143447.jpg,unripe
81.86252479837303,22.32292978977004,35,182,81.0,66.0,97.0,113.07613474364214,5.741103409658672,103,142,111.0,109.0,115.0,155.95888703904933,9.803874041808522,126,174,158.0,151.0,164.0,IMG20200713143447.jpg,unripe
103.09508618369239,29.05854671771116,0,218,103.0,86.0,122.0,111.20279336849136,6.806489061663192,100,144,109.0,107.0,113.0,159.54045997866592,11.709291534133524,126,181,162.0,154.0,169.0,IMG20200713143447.jpg,unripe
166.95720224506275,26.477490534450666,111,255,166.0,147.0,185.0,108.87486666201437,7.427123412349685,97,142,107.0,104.0,112.0,163.05290651885673,12.826400357213343,128,188,165.0,156.0,173.0,IMG20200713143447.jpg,unripe
76.44541028877269,21.469265265080402,33,188,76.0,59.0,91.0,113.66732778500052,4.957980187697209,105,132,113.0,110.0,116.0,156.40981428584985,8.728560880060385,128,177,156.0,151.0,163.0,IMG20200713143503.jpg,unripe
66.35550452185961,44.44827943653662,0,212,75.0,26.0,101.0,117.12406881957163,7.873342531079045,104,135,115.0,111.0,127.0,149.72664813004735,15.009440614062038,126,180,153.0,134.0,162.0,IMG20200713143503.jpg,unripe
95.48195526538049,18.230372176766398,60,192,95.0,81.0,108.0,114.95092857075073,4.6022851506761455,106,131,114.0,112.0,117.0,153.5863328809892,8.44798254102696,128,174,153.0,148.0,160.0,IMG20200713143503.jpg,unripe
83.577260692561,37.37527546686891,0,173,91.0,66.0,109.0,113.68529185685681,6.271697079044649,104,130,112.0,109.0,116.0,155.87067386621368,12.46738689198229,126,180,157.0,152.0,165.0,IMG20200713143503.jpg,unripe
97.11729314746103,22.00024333636237,54,212,96.0,80.0,112.0,112.821061521964,5.282508234778441,104,131,112.0,109.0,115.0,158.21423080937964,9.556598253374348,128,180,157.0,153.0,165.0,IMG20200713143503.jpg,unripe
80.45146362462333,36.23190384519082,0,215,85.0,66.0,103.0,114.93039504619358,5.613676840894843,106,130,114.0,111.0,116.0,153.61089771184476,10.958790883932885,126,172,156.0,150.0,161.0,IMG20200713143508.jpg,unripe
94.97784694857445,24.90322251687874,53,219,91.0,76.0,110.0,114.32039968210869,4.753831642768345,106,144,113.0,111.0,116.0,154.9476969436074,9.013470658434237,125,172,156.0,151.0,161.0,IMG20200713143508.jpg,unripe
76.38356402529885,28.929661648389523,27,218,72.0,54.0,94.0,113.29084572336832,5.123890393700411,103,148,112.0,110.0,115.0,156.0409367859863,9.892848126352291,125,177,157.0,150.0,163.0,IMG20200713143508.jpg,unripe
72.6666445908805,40.766980802714336,0,181,78.0,54.0,100.0,116.26586973078578,6.4114858106933825,106,130,115.0,112.0,119.0,150.8161694095831,12.59298599554107,126,172,153.0,146.0,160.0,IMG20200713143508.jpg,unripe
135.00731812311665,24.548623204670804,94,255,131.0,116.0,149.0,113.89757939004603,4.973911917530325,105,143,113.0,111.0,116.0,155.0239163548462,9.348810663234351,125,173,156.0,151.0,161.0,IMG20200713143508.jpg,unripe
106.22822530383297,27.660012269431927,53,219,103.0,85.0,124.0,113.25587410408227,6.4970497361224275,102,139,111.0,108.0,116.0,160.63667809286383,13.935606293810437,125,180,164.0,155.0,171.0,IMG20200713143524.jpg,unripe
92.61550327204736,30.86760214484932,32,217,89.0,69.0,113.0,112.863119351823,6.6985153254099306,101,142,111.0,108.0,116.0,159.9804689934559,14.207662236208597,124,184,162.0,152.0,171.0,IMG20200713143524.jpg,unripe
104.14096291679651,29.06917012467285,0,217,102.0,85.0,123.0,113.3220551573699,6.599007192914701,103,139,111.0,108.0,117.0,160.5538095980056,14.031712496024904,125,180,164.0,155.0,171.0,IMG20200713143524.jpg,unripe
97.51330632595824,30.030214512672416,39,219,94.0,75.0,117.0,112.79449205359926,6.682958510200726,101,140,111.0,108.0,116.0,160.96145216578373,14.140025952807168,124,183,164.0,154.0,172.0,IMG20200713143524.jpg,unripe
93.7047990028046,40.034310448887524,0,216,97.0,77.0,119.0,114.02376908694298,7.315585926547833,103,140,112.0,108.0,118.0,159.3307728264257,15.247235379558502,126,180,164.0,151.0,171.0,IMG20200713143524.jpg,unripe
122.1874222149742,23.90739043981959,70,255,121.0,105.0,138.0,111.12068802732882,5.8861381346220485,100,137,110.0,107.0,113.0,166.4852154806149,10.503647025512722,128,188,168.0,162.0,174.0,IMG20200713143542.jpg,unripe
98.29985322770305,20.715731750191527,53,219,97.0,84.0,112.0,113.43712394963393,5.082670479118404,104,136,113.0,110.0,115.0,161.28998257615422,9.049076844824565,128,180,163.0,158.0,168.0,IMG20200713143542.jpg,unripe
92.43590513874703,29.074303052539047,0,205,95.0,80.0,111.0,113.75182607053654,5.57684713366243,104,134,113.0,110.0,115.0,160.42557957890943,10.774576198229031,126,180,163.0,157.0,168.0,IMG20200713143542.jpg,unripe
93.34092372132146,27.78623643992881,0,206,96.0,81.0,111.0,113.68880839777867,5.498035418552101,104,135,113.0,110.0,115.0,160.60268481722127,10.470438611517835,126,180,163.0,157.0,168.0,IMG20200713143542.jpg,unripe
75.78690550782356,41.670776632193785,0,219,87.0,51.0,106.0,116.30503746556,7.031976097392949,104,137,114.0,111.0,121.0,154.7549760958569,14.535437633938347,126,177,160.0,146.0,166.0,IMG20200713143542.jpg,unripe
61.317337758173586,46.57636947273808,0,181,73.0,0.0,98.0,118.95259695319731,7.873062966656618,103,143,118.0,112.0,128.0,148.1653394925331,15.444568745238334,126,179,153.0,128.0,161.0,IMG20200713143556.jpg,unripe
90.18025665185235,36.0281509350149,0,181,94.0,74.0,114.0,114.08869414403522,6.612440289848598,103,143,113.0,110.0,117.0,157.80649384218995,11.44247144903907,126,179,160.0,155.0,164.0,IMG20200713143556.jpg,unripe
99.86670446680952,23.476352288863392,55,181,99.0,82.0,116.0,113.31057542379241,5.850269950283547,102,143,112.0,110.0,116.0,159.5873725287462,8.969175171240876,129,179,161.0,157.0,165.0,IMG20200713143556.jpg,unripe
125.79975652260921,19.278649343606112,89,193,125.0,111.0,139.0,115.01974501580102,5.1402782337837785,105,138,114.0,112.0,117.0,154.78875001042283,7.986258711487264,128,172,156.0,152.0,159.0,IMG20200713143556.jpg,unripe
125.1484878553144,26.29914550689408,75,217,124.0,105.0,143.0,111.30573922904385,6.62607834532084,99,144,110.0,107.0,114.0,163.70498378207105,10.217021151490034,129,186,165.0,160.0,169.0,IMG20200713143556.jpg,unripe
91.31037218330661,36.49087228684403,0,220,96.0,75.0,114.0,114.20492868596506,6.764155627079341,102,140,113.0,109.0,118.0,159.6749092750443,12.871702621487993,126,182,161.0,154.0,169.0,IMG20200713143602.jpg,unripe
88.42093847582075,37.97180571109891,0,223,93.0,70.0,114.0,114.83768250485274,6.933190423050606,102,137,114.0,109.0,120.0,158.7881340197485,13.188658573446048,126,182,161.0,152.0,169.0,IMG20200713143602.jpg,unripe
135.64963288041184,18.721942409844157,99,233,134.0,122.0,147.0,115.33672039834585,4.918981999400846,106,137,115.0,111.0,119.0,155.3643598615917,8.994275470386553,126,174,155.0,150.0,162.0,IMG20200713143602.jpg,unripe
91.92910794159845,35.18526476861852,0,208,97.0,76.0,114.0,113.97145750696261,6.545396096029357,102,135,113.0,109.0,118.0,160.02224660308886,12.414957179488763,126,182,162.0,154.0,169.0,IMG20200713143602.jpg,unripe
113.1662503164824,20.323523501591787,73,217,112.0,99.0,126.0,114.78061439783949,5.092976428965594,105,138,114.0,110.0,118.0,157.3022955523673,9.36344531450538,126,176,157.0,152.0,165.0,IMG20200713143602.jpg,unripe
85.47432690016679,24.43047892420949,36,188,87.0,66.0,103.0,116.09278452863157,4.111262374966472,109,141,115.0,113.0,118.0,160.40156659518703,9.687563185756916,126,178,162.0,155.0,167.0,IMG20200713143616.jpg,unripe
95.07207529187515,40.99334216034442,0,223,101.0,70.0,125.0,115.98704431736955,5.86530102753611,107,142,114.0,111.0,120.0,161.6195893892463,14.351815879378897,125,185,164.0,154.0,172.0,IMG20200713143616.jpg,unripe
66.58579540941943,27.063673892586905,11,178,69.0,45.0,86.0,117.03229489317766,4.819141811232004,109,144,116.0,113.0,120.0,155.5202624890795,13.318242831990931,121,179,159.0,145.0,166.0,IMG20200713143616.jpg,unripe
108.53516400603606,27.197355506447046,51,222,110.0,87.0,128.0,114.40955841474069,4.649605966968058,107,142,113.0,111.0,116.0,164.9661464538162,10.972032590189885,126,185,167.0,159.0,173.0,IMG20200713143616.jpg,unripe
106.09472043523151,30.77210582565826,0,218,109.0,85.0,127.0,114.59297315542848,4.949772846808559,107,142,113.0,111.0,116.0,164.5921789373362,11.628575670502437,126,185,167.0,159.0,173.0,IMG20200713143616.jpg,unripe
97.42721780487356,36.104445483499156,0,183,103.0,80.0,122.0,113.00454487026461,6.287451100248892,102,136,112.0,108.0,116.0,161.26851460785574,12.802983130992361,126,186,163.0,154.0,170.0,IMG20200713143625.jpg,unripe
100.02675505444662,24.727459107752793,50,177,100.0,82.0,117.0,112.56867803955414,5.229851686504707,102,130,112.0,109.0,116.0,162.12242686890573,10.612332715841637,128,186,163.0,155.0,170.0,IMG20200713143625.jpg,unripe
79.48721927392255,47.47021383157976,0,183,90.0,55.0,114.0,115.63453734138862,7.76552083552939,102,136,114.0,110.0,121.0,154.76291385864076,16.048089000373572,126,186,157.0,148.0,166.0,IMG20200713143625.jpg,unripe
105.76137135721763,24.904961768259405,55,183,106.0,87.0,124.0,112.32988412876215,5.31329859305309,102,129,111.0,108.0,116.0,162.58997924968324,10.903718470156074,128,186,163.0,155.0,170.0,IMG20200713143625.jpg,unripe
105.44497493435188,24.934532554281997,9,182,106.0,87.0,123.0,112.33440145435848,5.317122366687125,102,130,111.0,108.0,116.0,162.579668362194,10.929913937912348,128,186,163.0,155.0,170.0,IMG20200713143625.jpg,unripe
104.24277051183418,39.38440733112612,0,187,112.0,84.0,133.0,114.6554735937005,6.085846026376344,104,140,113.0,110.0,117.0,163.4700298683079,14.092180641988184,126,187,167.0,157.0,174.0,IMG20200713143701.jpg,unripe
79.49592704892066,55.36838573016401,0,187,93.0,0.0,126.0,118.04036747069738,7.682506587259252,104,139,116.0,111.0,128.0,154.19349911752727,18.66804063979559,126,187,159.0,128.0,170.0,IMG20200713143701.jpg,unripe
100.30999683214917,43.47795458402045,0,187,111.0,78.0,133.0,115.02244648594832,6.340063147354944,104,141,113.0,111.0,118.0,162.63912522061818,15.041280700060097,126,187,167.0,156.0,174.0,IMG20200713143701.jpg,unripe
71.3030728153143,27.006515366874055,11,154,74.0,51.0,92.0,116.17002308005611,5.39149836900618,106,143,115.0,112.0,119.0,157.52691541838257,13.366381178693578,120,182,161.0,146.0,169.0,IMG20200713143701.jpg,unripe
113.43440286011676,27.075539061071442,54,198,116.0,93.0,135.0,113.87976874688871,5.238871691880496,104,141,113.0,110.0,116.0,165.1152305742861,11.742452085556549,129,187,168.0,159.0,174.0,IMG20200713143701.jpg,unripe
65.93673119373713,33.906214547160715,3,203,61.0,40.0,87.0,116.8852463052166,6.946331881713569,103,143,115.0,112.0,122.0,149.0547344925776,19.227798857753054,103,186,149.0,135.0,165.0,IMG20200713143721.jpg,unripe
109.00669615381459,31.243989915944738,0,230,105.0,87.0,128.0,113.29410557930757,5.372461093121725,104,138,112.0,110.0,115.0,164.05596540320528,12.068971551618162,125,186,167.0,158.0,172.0,IMG20200713143721.jpg,unripe
110.56815552145477,29.80903972865092,54,233,106.0,88.0,129.0,113.20815519321194,5.245785955067511,104,139,112.0,110.0,115.0,164.18794364070538,11.831215110289143,124,186,167.0,158.0,172.0,IMG20200713143721.jpg,unripe
106.01733942770862,32.20050677463301,44,237,102.0,82.0,126.0,112.66121236490756,5.476460047046311,102,141,111.0,109.0,114.0,165.3183709308146,12.215201330332965,124,189,167.0,159.0,174.0,IMG20200713143721.jpg,unripe
104.65708471126939,36.780195029040655,0,231,103.0,85.0,127.0,113.65321965189847,5.782128768810087,104,136,112.0,110.0,115.0,163.34975094574966,13.102015047721023,125,186,166.0,158.0,172.0,IMG20200713143721.jpg,unripe
97.55704532298158,36.352347171130965,0,225,102.0,80.0,123.0,113.51461674668846,5.388112146494385,103,137,112.0,110.0,116.0,162.93910682058092,13.29547229211082,126,187,164.0,157.0,172.0,IMG20200713143750.jpg,unripe
115.57667620117819,28.60232863008602,58,255,115.0,92.0,136.0,112.00986651683863,5.014224976217563,101,141,111.0,108.0,115.0,167.08162222903258,12.017390509274435,126,192,168.0,159.0,176.0,IMG20200713143750.jpg,unripe
128.14952157183234,26.256753076598212,77,255,127.0,107.0,147.0,112.61802363196786,4.8415636862239495,103,139,112.0,109.0,116.0,165.04251370586033,11.874610099841819,126,190,166.0,157.0,174.0,IMG20200713143750.jpg,unripe
75.31625634215276,47.240246777796806,0,173,85.0,51.0,112.0,116.28941498961419,7.476342501465603,103,137,114.0,110.0,123.0,154.6949381959342,17.05729108421893,126,185,158.0,142.0,168.0,IMG20200713143750.jpg,unripe
105.68056832499063,26.503866843354047,53,236,105.0,84.0,125.0,113.15428882759561,4.650018160287731,103,140,112.0,110.0,116.0,164.32044471685907,11.204741891194953,126,187,165.0,157.0,173.0,IMG20200713143750.jpg,unripe
104.99300285616572,37.272096055643786,0,195,109.0,82.0,131.0,110.54144213260373,6.340772338420258,102,143,109.0,106.0,112.0,163.9805337055284,13.382851510063716,126,187,165.0,157.0,174.0,IMG20200713143812.jpg,unripe
65.70832909684158,54.99369408546335,0,195,70.0,0.0,114.0,117.1386303345134,9.219524316728984,102,130,115.0,108.0,128.0,150.00634087274813,18.85385684815694,126,186,152.0,128.0,166.0,IMG20200713143812.jpg,unripe
110.35414606191132,29.082599020176687,54,195,110.0,87.0,132.0,110.15185743203897,5.7307945598943855,102,143,109.0,106.0,112.0,164.79147217318163,12.060644120782262,128,187,166.0,158.0,174.0,IMG20200713143812.jpg,unripe
99.75483191141265,30.80370660445648,40,189,100.0,75.0,123.0,109.79993899451875,5.858560946974098,101,145,108.0,106.0,112.0,165.1836357418174,12.15745595426176,128,188,166.0,158.0,174.0,IMG20200713143812.jpg,unripe
82.69335502417111,31.306902742746566,20,173,83.0,58.0,106.0,110.72124192370617,5.791827136082891,102,146,109.0,107.0,113.0,161.29732777505615,13.276520320625028,127,187,164.0,151.0,172.0,IMG20200713143812.jpg,unripe
96.4390339134315,42.8006790671998,0,224,101.0,77.0,124.0,112.04451934723019,7.058985168811013,100,138,110.0,107.0,115.0,158.88798049340218,14.329662375582295,125,182,161.0,152.0,169.0,IMG20200713143821.jpg,unripe
124.18337636259324,23.01383119644424,81,215,121.0,107.0,139.0,114.16347931408173,5.288587980645949,104,135,113.0,110.0,116.0,153.8496844520941,11.351816781593978,126,174,155.0,148.0,162.0,IMG20200713143821.jpg,unripe
96.0244071524192,44.19997248932499,0,214,101.0,77.0,125.0,112.32765187735068,7.380860459484931,100,130,110.0,107.0,115.0,157.8607764390897,15.408956682839028,125,182,161.0,152.0,169.0,IMG20200713143821.jpg,unripe
94.45707432906228,43.198601980133,0,221,99.0,76.0,122.0,112.54567476254223,7.397643154754382,100,138,110.0,107.0,116.0,157.9684133358832,14.816846486703549,126,182,161.0,151.0,169.0,IMG20200713143821.jpg,unripe
123.07221744119335,30.38174864887833,65,241,120.0,100.0,144.0,110.60601134697521,6.523740196365641,98,138,109.0,106.0,113.0,161.16892968700196,14.129207190977462,125,184,163.0,155.0,171.0,IMG20200713143821.jpg,unripe
68.53442726307406,23.28862797979727,18,160,67.0,51.0,86.0,112.28044531457392,5.2760544549272606,103,129,111.0,109.0,115.0,155.57924077515264,9.999198224144168,126,175,157.0,149.0,163.0,IMG20200713143830.jpg,unripe
99.37444418635519,21.319346418902366,55,184,98.0,83.0,115.0,112.0433949429254,5.091880447472444,103,129,111.0,109.0,114.0,157.8804585877356,8.869054954532176,129,175,158.0,154.0,164.0,IMG20200713143830.jpg,unripe
91.02019179718609,32.28369171125591,0,181,95.0,77.0,112.0,112.65420095566763,5.859775593649567,103,130,111.0,109.0,115.0,156.65701320679585,10.618079583504544,126,176,158.0,153.0,164.0,IMG20200713143830.jpg,unripe
64.79429088133793,46.399108182195384,0,155,78.0,0.0,102.0,117.67235200424741,7.960549470939715,103,130,115.0,111.0,128.0,147.933153039554,14.932821580876098,126,175,153.0,128.0,159.0,IMG20200713143830.jpg,unripe
98.60458421821077,20.986910698085076,55,183,97.0,82.0,114.0,112.21423712503318,5.057584455482657,103,129,111.0,109.0,114.0,157.52032452880277,8.773114169330231,129,175,158.0,154.0,164.0,IMG20200713143830.jpg,unripe
97.53013622581885,41.313194081877135,0,223,99.0,75.0,126.0,113.84958790622197,5.597629801038405,102,141,113.0,110.0,116.0,162.8536106247598,13.928062939065121,126,189,165.0,156.0,173.0,IMG20200713143842.jpg,unripe
107.94733740444975,29.197648388412755,54,231,104.0,85.0,128.0,112.82564803347995,4.472071765776436,102,141,112.0,110.0,115.0,165.52174915659563,11.088273289845777,126,189,167.0,159.0,174.0,IMG20200713143842.jpg,unripe
101.56230943331768,38.431324752386836,0,228,102.0,81.0,127.0,113.27446726736986,5.272251992444501,102,142,112.0,110.0,115.0,164.62277832344023,12.954784287066524,126,189,167.0,159.0,174.0,IMG20200713143842.jpg,unripe
83.62728786778835,29.231469623933755,27,206,80.0,61.0,104.0,113.94905410599138,4.274190349655087,104,143,113.0,111.0,116.0,162.00787462100183,11.070878396106128,126,187,162.0,155.0,171.0,IMG20200713143842.jpg,unripe
105.790451381475,32.28663974710211,0,226,103.0,84.0,127.0,112.91454071828159,4.691683752967847,102,142,112.0,110.0,115.0,165.35446043472692,11.557983251314418,126,189,167.0,159.0,174.0,IMG20200713143842.jpg,unripe
157.65621977013,31.23868240581562,97,252,157.0,133.0,179.0,110.82344116345034,5.823921118244146,99,140,110.0,106.0,114.0,172.13057664245545,13.050696843283285,129,197,174.0,164.0,182.0,IMG20200713143852.jpg,unripe
129.77058910331033,26.000599414043315,80,209,129.0,109.0,148.0,113.58049548294011,4.8918566152210525,103,138,113.0,110.0,116.0,164.88502401993736,10.984106316769635,129,186,166.0,158.0,174.0,IMG20200713143852.jpg,unripe
100.25851355117969,40.40020260543532,0,194,106.0,79.0,128.0,114.06420619435654,6.168910773059354,103,143,112.0,110.0,117.0,164.87733436080734,14.115791690018494,126,188,168.0,159.0,175.0,IMG20200713143852.jpg,unripe
109.339361545146,28.490973984906585,54,195,109.0,87.0,129.0,113.25646406846911,5.080202114739372,103,140,112.0,109.0,116.0,166.79396960207242,11.0469321714319,129,188,168.0,160.0,175.0,IMG20200713143852.jpg,unripe
79.0277827876244,51.76248461354029,0,194,89.0,46.0,120.0,117.37956419799643,7.504009726253493,103,140,116.0,111.0,126.0,156.42693184240298,18.53936639884761,126,188,161.0,139.0,172.0,IMG20200713143852.jpg,unripe
73.08536900369003,30.907135336621458,9,187,76.0,49.0,97.0,115.2494188191882,6.9330359633863825,103,143,114.0,109.0,120.0,154.7480811808118,15.908280874348852,114,180,158.0,141.0,168.0,IMG20200713143859.jpg,unripe
112.12696494464944,30.76474140119117,0,222,116.0,90.0,135.0,113.11273062730628,6.2888045782469115,102,140,112.0,108.0,116.0,163.33271217712178,13.297912191726017,124,183,166.0,157.0,173.0,IMG20200713143859.jpg,unripe
88.8964852398524,51.2889117388082,0,223,99.0,55.0,130.0,115.67733394833948,7.951504945577826,102,141,114.0,109.0,122.0,158.00968634686348,17.186379505062362,124,183,162.0,147.0,172.0,IMG20200713143859.jpg,unripe
92.91119926199262,31.846454616244195,26,210,96.0,69.0,117.0,113.2689667896679,6.609817424585262,102,143,112.0,108.0,117.0,161.797573800738,14.023924326776413,124,184,165.0,152.0,173.0,IMG20200713143859.jpg,unripe
107.58531365313654,36.78882203030747,0,219,114.0,86.0,134.0,113.36722324723247,6.703070387646798,102,141,112.0,108.0,117.0,162.81475092250923,14.068283337473042,126,183,166.0,157.0,173.0,IMG20200713143859.jpg,unripe
98.12001434899766,42.54153489440436,0,214,107.0,86.0,126.0,112.97821788786092,6.476504288597768,102,139,111.0,109.0,115.0,160.6275183742252,13.40500528525576,126,182,164.0,158.0,169.0,IMG20200713143908.jpg,unripe
42.427558417939586,22.06983071725131,1,140,42.0,26.0,58.0,118.80049887794175,6.813040085416482,106,147,117.0,114.0,123.0,141.11178870266707,15.67436997162332,100,172,142.0,130.0,154.0,IMG20200713143908.jpg,unripe
102.97719176767971,34.44000321245627,0,213,107.0,88.0,126.0,112.4319048294388,5.622302590792341,102,138,111.0,109.0,115.0,161.97919395339912,11.201143582100004,126,182,164.0,159.0,169.0,IMG20200713143908.jpg,unripe
109.45998548415353,24.167612098553906,55,214,109.0,92.0,127.0,112.03584746681794,4.860867751800639,102,132,111.0,109.0,114.0,162.89093927537562,9.285678295881377,128,182,164.0,159.0,169.0,IMG20200713143908.jpg,unripe
101.22925860731299,36.79564763924448,0,212,106.0,87.0,125.0,112.77071636536553,5.940366915734921,102,139,111.0,109.0,115.0,161.46596701399028,11.75847946284546,126,182,164.0,158.0,169.0,IMG20200713143908.jpg,unripe
107.39505186781885,28.422723631128413,54,221,105.0,86.0,126.0,111.97319040012317,6.399332392892239,102,145,110.0,107.0,114.0,159.0113166150234,12.875246821412762,125,178,163.0,155.0,169.0,IMG20200713143919.jpg,unripe
97.73070112973691,34.34522772720083,31,233,95.0,72.0,121.0,110.18172982543929,7.123756545103638,98,150,108.0,105.0,113.0,160.6290536769376,14.3905765219461,125,184,164.0,151.0,172.0,IMG20200713143919.jpg,unripe
97.4776747050559,37.78857348672155,0,220,101.0,79.0,122.0,112.34334763948497,7.032129783156792,102,143,110.0,107.0,115.0,158.46224908100618,13.737160995224254,125,178,163.0,154.0,169.0,IMG20200713143919.jpg,unripe
87.13449065609423,43.15128854505396,0,221,92.0,57.0,119.0,112.94212744664063,6.978300902488536,102,138,111.0,107.0,117.0,156.97750149156064,13.546095850030811,126,178,160.0,150.0,168.0,IMG20200713143919.jpg,unripe
98.70474797436441,35.28071722954345,0,215,101.0,81.0,122.0,112.24003541253681,6.792138749822235,102,141,110.0,107.0,115.0,158.59492099540023,13.363702079135527,126,178,162.0,154.0,169.0,IMG20200713143919.jpg,unripe
112.28142634710059,30.98154968667596,50,240,110.0,87.0,137.0,112.7083134579557,6.5015509465710934,102,146,111.0,108.0,115.0,162.5136397591554,14.076591706402239,125,182,165.0,157.0,174.0,IMG20200713143938.jpg,unripe
109.56545374362113,28.163782024305366,53,227,107.0,87.0,132.0,113.74224410263795,6.064902557957279,103,144,112.0,109.0,116.0,160.33810042390806,13.25085757204343,125,178,164.0,155.0,171.0,IMG20200713143938.jpg,unripe
96.72789783005877,38.97434933150361,0,223,101.0,79.0,124.0,114.59558631614,7.038779157182968,103,143,112.0,109.0,119.0,159.07960651252372,14.493089831605095,125,178,163.0,152.0,171.0,IMG20200713143938.jpg,unripe
144.86660846556086,25.791724313904087,94,253,143.0,124.0,165.0,113.98237766517563,6.002988434167469,103,142,112.0,109.0,116.0,158.8354678738896,13.044495533068103,125,179,162.0,153.0,169.0,IMG20200713143938.jpg,unripe
98.49436139286647,38.88591736906224,0,227,102.0,76.0,128.0,114.85301820734594,6.75129645202826,103,144,113.0,109.0,119.0,158.31807504342584,14.447648844902009,125,178,162.0,150.0,171.0,IMG20200713143938.jpg,unripe
99.96023727208569,32.44583738025404,53,226,90.0,76.0,118.0,113.06868919679468,6.106966050179081,103,144,112.0,109.0,116.0,155.72757483986814,11.923603506991727,123,176,157.0,152.0,164.0,IMG20200713143943.jpg,unripe
83.16732327428332,42.12075176295298,0,225,82.0,65.0,105.0,113.97136833453935,7.175075671500289,103,143,112.0,109.0,118.0,154.6004609653472,12.944601170841867,124,177,157.0,149.0,164.0,IMG20200713143943.jpg,unripe
90.37122897292275,35.750875140325164,0,225,86.0,72.0,112.0,113.16408937010335,6.422064243063299,103,144,112.0,109.0,115.0,155.59255487363654,12.226885311615808,124,177,157.0,152.0,164.0,IMG20200713143943.jpg,unripe
65.44653784650569,50.95339344091764,0,226,71.0,0.0,94.0,118.42707188736723,8.003446113507541,103,144,117.0,112.0,128.0,146.3808234842191,15.260019494108446,123,176,151.0,128.0,158.0,IMG20200713143943.jpg,unripe
118.08241095596709,28.60800528805759,77,231,110.0,97.0,134.0,114.2935527385451,5.685273519810153,104,141,113.0,110.0,117.0,152.92879157398227,11.017742277059192,124,173,154.0,149.0,161.0,IMG20200713143943.jpg,unripe
131.6507392264862,24.343663130731407,90,255,128.0,111.0,148.0,111.43287983446125,5.127055649943638,101,137,111.0,107.0,114.0,157.23890160640562,9.1944959386323,125,181,157.0,151.0,164.0,IMG20200713143947.jpg,unripe
81.31101492447794,23.27424453031544,41,202,78.0,62.0,97.0,112.9235682797365,4.535502710866542,103,138,113.0,109.0,116.0,155.09796375341125,8.036404889305548,125,174,155.0,150.0,161.0,IMG20200713143947.jpg,unripe
96.12064536121635,24.970491082558635,54,226,93.0,75.0,114.0,111.74098583524096,4.917392597940828,102,137,112.0,108.0,115.0,157.29965912612334,8.766190057895932,125,179,157.0,152.0,164.0,IMG20200713143947.jpg,unripe
86.63134640183132,36.23348608675891,0,220,88.0,70.0,110.0,112.64222237772024,6.271529712899567,102,139,112.0,108.0,115.0,155.59847856293172,11.335415694814738,125,179,157.0,151.0,164.0,IMG20200713143947.jpg,unripe
84.02814958465368,38.629185186163085,0,220,87.0,67.0,110.0,113.0177034497236,6.659610110312877,102,138,112.0,108.0,115.0,154.85020542399312,12.067480365524014,125,178,157.0,151.0,163.0,IMG20200713143947.jpg,unripe
106.26730586608467,34.10799479567927,0,227,112.0,89.0,128.0,112.50935474734685,5.3027127739265385,104,137,111.0,109.0,115.0,165.74615564033786,12.310723685949279,126,183,169.0,160.0,175.0,IMG20200713143957.jpg,unripe
111.31382969861554,26.15787962629893,53,228,113.0,93.0,128.0,112.13503157123102,4.620132789748021,104,136,111.0,109.0,114.0,166.56768238841778,10.694194980418606,125,183,169.0,161.0,175.0,IMG20200713143957.jpg,unripe
163.72015727304534,26.782666758939687,104,255,165.0,144.0,182.0,110.28118387951285,5.234220232693535,101,136,109.0,106.0,113.0,169.86198623860852,12.222130844568971,128,190,172.0,163.0,180.0,IMG20200713143957.jpg,unripe
103.81459607150592,37.7361303163522,0,226,111.0,87.0,128.0,112.76459857054796,5.665649573005175,104,137,111.0,109.0,115.0,165.14840144611233,13.272913331837088,126,183,169.0,160.0,175.0,IMG20200713143957.jpg,unripe
97.46379721106909,40.810192401296746,0,186,105.0,77.0,126.0,113.58335138197025,6.140181323357204,104,130,112.0,109.0,116.0,163.02839744764506,14.58260784300138,125,183,167.0,157.0,174.0,IMG20200713143957.jpg,unripe
108.31215171525206,23.440497905213192,55,203,110.0,92.0,126.0,112.73717184731841,4.3042842305754805,105,130,112.0,110.0,114.0,165.62069576421325,10.271631328354966,128,183,168.0,161.0,173.0,IMG20200713144008.jpg,unripe
106.98546464809148,25.70213008232903,0,177,110.0,91.0,126.0,112.79793847640522,4.415778193555284,105,130,112.0,110.0,115.0,165.48107585762602,10.575366850626484,126,183,168.0,161.0,173.0,IMG20200713144008.jpg,unripe
104.69937993235625,29.962044835350145,0,177,110.0,89.0,125.0,112.95591077468191,4.710208645218346,105,130,112.0,110.0,115.0,165.06526815912386,11.343129942310837,126,183,168.0,161.0,173.0,IMG20200713144008.jpg,unripe
83.7151634723788,48.24907310635443,0,177,97.0,58.0,122.0,115.83345144145595,6.981382094335661,105,130,113.0,110.0,119.0,157.56361732968273,16.878819377868798,126,182,163.0,149.0,171.0,IMG20200713144008.jpg,unripe
145.43378160734417,22.63103404117646,95,238,147.0,130.0,162.0,112.16165244000645,4.526777391506821,104,129,111.0,109.0,114.0,166.04779352552745,10.888036666446304,128,186,168.0,161.0,174.0,IMG20200713144008.jpg,unripe
92.68302543848473,42.405467658282106,0,179,103.0,73.0,121.0,115.08326326071261,5.71922775787737,106,130,113.0,111.0,117.0,161.7136110757209,15.344649589272123,126,184,165.0,156.0,173.0,IMG20200713144013.jpg,unripe
102.34400135898416,33.10198930865418,0,213,108.0,85.0,124.0,114.23140952138277,4.811517946819104,106,140,113.0,111.0,116.0,164.7946574935236,12.665315089135152,126,183,168.0,159.0,174.0,IMG20200713144013.jpg,unripe
98.86984329213912,38.106109379967485,0,240,107.0,80.0,124.0,114.52277572514545,5.311452874091468,106,140,113.0,111.0,116.0,164.171113092963,13.710911114250202,126,184,168.0,158.0,174.0,IMG20200713144013.jpg,unripe
79.65694143627638,26.036752164640106,23,216,81.0,61.0,97.0,115.24888096148129,4.104414260134288,106,139,114.0,112.0,117.0,160.70921985815602,11.716495090402,128,182,163.0,153.0,170.0,IMG20200713144013.jpg,unripe
107.6121629082261,25.294463150622263,54,243,109.0,89.0,125.0,113.92776149828003,4.196980849199651,106,137,113.0,111.0,116.0,165.57928398522105,11.220681628716697,128,184,168.0,159.0,174.0,IMG20200713144013.jpg,unripe
101.948030371256,34.3182538009209,0,227,102.0,80.0,127.0,113.52352374889368,4.921038719150234,105,134,113.0,110.0,115.0,159.25771315000853,11.804555563015494,126,183,160.0,155.0,168.0,IMG20200713144109.jpg,unripe
106.85421486576712,29.780242375527056,55,229,104.0,83.0,129.0,113.41624613760229,4.6470891766822096,105,132,113.0,110.0,115.0,159.57127773550923,11.188470804485794,125,183,160.0,155.0,168.0,IMG20200713144109.jpg,unripe
73.82997686443179,36.07358751760082,9,219,71.0,45.0,101.0,114.24599009362917,6.046612055587047,103,139,113.0,110.0,118.0,153.27405555641818,17.078082889068558,110,185,155.0,140.0,167.0,IMG20200713144109.jpg,unripe
48.10908653323603,28.111615192926816,3,163,45.0,25.0,69.0,118.43599677033679,5.72232564356841,108,138,117.0,114.0,123.0,143.8303650451066,15.467841301573248,108,173,143.0,132.0,157.0,IMG20200713144109.jpg,unripe
89.91723988012981,44.483565868600124,0,222,94.0,67.0,123.0,114.58414204307253,5.989665214257724,105,134,113.0,110.0,116.0,157.1083567535674,13.82282696677504,125,183,159.0,152.0,167.0,IMG20200713144109.jpg,unripe
145.89164726697086,49.91577870061663,53,231,135.0,104.0,200.0,117.58854641959213,7.898760844006372,104,139,115.0,110.0,126.0,150.21996927088182,18.8640976178465,125,185,156.0,129.0,167.0,IMG20200713144113.jpg,unripe
136.0739733680976,58.906800695878005,0,229,129.0,97.0,197.0,117.7115141074588,7.963462437059759,104,132,115.0,110.0,126.0,150.00886022907162,19.00751221791387,125,185,156.0,128.0,167.0,IMG20200713144113.jpg,unripe
135.04581432163144,59.64653010703052,0,230,129.0,97.0,197.0,117.73482633392308,7.978486092887496,104,132,115.0,110.0,126.0,149.9657603128783,19.03177466210121,125,185,156.0,128.0,167.0,IMG20200713144113.jpg,unripe
62.14026911258031,59.791779929741296,0,202,66.0,0.0,114.0,119.70771487103082,8.369604274247894,104,136,122.0,111.0,128.0,146.48511500139676,18.72709519602923,126,185,146.0,128.0,164.0,IMG20200713144113.jpg,unripe
195.84304404506938,49.68129087768486,98,255,189.0,154.0,255.0,116.3596144892448,9.743941675069953,100,138,113.0,107.0,128.0,153.2733913772232,21.808870355941348,125,197,160.0,128.0,173.0,IMG20200713144113.jpg,unripe
100.42892654001847,34.1345610857978,0,221,103.0,85.0,119.0,113.7633502792187,5.802586380214205,105,138,112.0,109.0,116.0,161.7155421676348,13.694476320808871,126,183,164.0,157.0,172.0,IMG20200713144123.jpg,unripe
94.19681682044555,40.30587216734254,0,221,101.0,75.0,118.0,114.46346852639847,6.303186169214134,105,140,113.0,109.0,117.0,160.03481818417214,15.004496327756987,126,183,163.0,153.0,172.0,IMG20200713144123.jpg,unripe
172.45946365841237,27.427996011054745,116,255,171.0,154.0,187.0,111.52946253635885,6.364352082206531,101,139,110.0,107.0,114.0,165.65685013680422,15.07318116847073,125,192,167.0,159.0,177.0,IMG20200713144123.jpg,unripe
95.40912661079416,39.22309000105758,0,222,102.0,81.0,117.0,114.15940928197205,6.387849674536855,105,139,112.0,109.0,116.0,160.5750092785196,15.0883057350285,126,183,164.0,156.0,172.0,IMG20200713144123.jpg,unripe
101.1596941109452,23.61743415985627,53,207,100.0,85.0,114.0,114.71069144391026,5.040575115615988,106,138,114.0,111.0,117.0,159.22601610578374,12.071222288237184,126,179,161.0,154.0,168.0,IMG20200713144123.jpg,unripe
101.23666718676861,23.712237274864272,54,219,99.0,85.0,116.0,112.32298330472773,4.841982549644255,104,132,111.0,109.0,115.0,160.54326728038694,10.358403768389339,128,181,162.0,156.0,168.0,IMG20200713144137.jpg,unripe
93.95461590471733,37.89558472770414,0,223,98.0,80.0,116.0,112.70301139023249,6.387127597872206,103,132,111.0,108.0,115.0,159.78078743433713,13.227914109985827,126,183,163.0,155.0,169.0,IMG20200713144137.jpg,unripe
104.02516253185624,24.721436160843005,55,226,102.0,87.0,119.0,111.75916159567275,5.031901008272753,103,133,111.0,108.0,114.0,161.77424455193218,10.71592818965466,128,183,164.0,157.0,169.0,IMG20200713144137.jpg,unripe
94.8499089821605,23.390303365601273,48,211,93.0,78.0,109.0,112.6473500806158,4.750679396089529,104,133,112.0,109.0,115.0,159.89957871742862,10.096032636538741,128,180,162.0,155.0,167.0,IMG20200713144137.jpg,unripe
96.30645446507515,35.70402282668248,0,184,99.0,82.0,117.0,112.3395225464191,5.988162925400919,103,131,111.0,108.0,114.0,160.56457065584854,12.672140622033709,126,183,163.0,156.0,169.0,IMG20200713144137.jpg,unripe
144.9243075881568,22.11889509189694,103,244,144.0,127.0,162.0,113.47456344702626,4.340064036511508,105,129,113.0,110.0,115.0,157.9158851522211,10.252128061900798,126,183,158.0,152.0,166.0,IMG20200713144142.jpg,unripe
106.92253549170698,27.061868100740117,54,225,106.0,85.0,128.0,111.74722736594788,4.692196342561519,103,131,111.0,108.0,114.0,162.90752244987357,11.215139048921076,126,188,163.0,157.0,171.0,IMG20200713144142.jpg,unripe
94.51292236624654,40.07938565346585,0,225,100.0,74.0,124.0,112.71092925552038,6.1219451639556,103,133,111.0,108.0,115.0,160.6466658702188,13.673369809120228,126,188,162.0,156.0,170.0,IMG20200713144142.jpg,unripe
98.76501801963244,38.311830229664515,0,203,103.0,79.0,127.0,112.297692292376,5.783581750357166,103,133,111.0,108.0,114.0,161.55365071779863,13.37536720115685,126,188,163.0,156.0,171.0,IMG20200713144142.jpg,unripe
128.42687613244928,29.287919613427103,72,255,127.0,104.0,151.0,110.14390816956374,5.16454148731103,100,131,109.0,106.0,112.0,166.16970312406667,12.40225356620202,126,194,167.0,160.0,176.0,IMG20200713144142.jpg,unripe
103.06579957812059,36.61903355585971,0,225,101.0,79.0,128.0,113.56199391482701,5.471009420987435,106,132,112.0,110.0,114.0,161.38018722113674,13.381884582050834,126,188,162.0,156.0,171.0,IMG20200713144151.jpg,unripe
78.73964013881194,37.10702479684863,14,217,74.0,47.0,105.0,114.10115384989258,5.854186016034698,104,134,113.0,109.0,118.0,156.13576934667017,17.266093855889363,117,191,157.0,141.0,169.0,IMG20200713144151.jpg,unripe
104.98132648994391,34.25273851859333,0,225,102.0,80.0,129.0,113.46769317507996,5.320619461875003,106,134,112.0,110.0,114.0,161.66620979265696,12.93466033137624,126,188,162.0,156.0,171.0,IMG20200713144151.jpg,unripe
89.15622174914701,45.75330426779424,0,183,91.0,65.0,121.0,115.07542309449515,6.598220508468361,106,130,113.0,110.0,118.0,158.09084016214166,15.982629996497385,126,188,160.0,150.0,170.0,IMG20200713144151.jpg,unripe
107.72206507052385,31.142685777814073,55,226,103.0,82.0,130.0,113.3867195474031,5.137934995639661,106,132,112.0,110.0,114.0,161.91622680392328,12.444879311210842,127,188,162.0,156.0,171.0,IMG20200713144151.jpg,unripe
102.46142566627421,24.25630879383872,54,231,101.0,85.0,118.0,110.80223696885369,5.169668547775749,102,138,110.0,107.0,113.0,157.62836348068072,9.425216186849816,128,175,158.0,152.0,165.0,IMG20200713144202.jpg,unripe
71.17248207213957,46.96571874859997,0,172,85.0,35.0,106.0,115.16434763994434,8.399630885651117,102,130,113.0,108.0,124.0,149.81557315637374,14.78551391817141,126,175,153.0,132.0,162.0,IMG20200713144202.jpg,unripe
43.6137750187306,23.990457999922246,1,171,42.0,26.0,58.0,115.42525955260624,6.4060885522266044,104,139,114.0,110.0,120.0,143.2858503692604,13.588463193130659,107,169,144.0,133.0,155.0,IMG20200713144202.jpg,unripe
93.44774697634593,36.84367675988027,0,230,99.0,80.0,116.0,111.46859681044633,6.3568364133375646,102,135,110.0,107.0,113.0,156.47162581611903,11.484309004596355,126,176,158.0,152.0,165.0,IMG20200713144202.jpg,unripe
131.90179813764317,25.085685973842942,82,255,130.0,114.0,148.0,109.76463662635128,5.56379363652296,100,138,109.0,106.0,112.0,159.1224125013379,10.229704177902711,128,179,160.0,153.0,167.0,IMG20200713144202.jpg,unripe
77.3147541334704,49.569684678026924,0,185,85.0,47.0,115.0,115.58880536280304,7.825017004985475,103,130,113.0,109.0,123.0,152.47885076672662,15.599946454203891,126,181,157.0,139.0,165.0,IMG20200713144211.jpg,unripe
79.15822839030241,30.67232126943503,20,211,78.0,55.0,100.0,112.2267519061081,5.854451555838725,102,143,111.0,108.0,115.0,158.42614366486765,11.899163257716642,126,183,161.0,150.0,167.0,IMG20200713144211.jpg,unripe
103.84133256232332,28.94135243334267,0,220,103.0,83.0,123.0,112.27747794054656,5.514386991025929,103,141,111.0,108.0,115.0,159.985104514692,10.847542369204312,127,182,161.0,154.0,168.0,IMG20200713144211.jpg,unripe
105.17942045746595,27.750787652012097,54,227,104.0,83.0,124.0,112.2642636854279,5.453549577849446,103,139,111.0,108.0,115.0,160.0293840486593,10.731519156536963,127,182,161.0,154.0,168.0,IMG20200713144211.jpg,unripe
88.01084768268655,25.16968244811336,41,198,87.0,68.0,105.0,113.78492032896428,4.962664863024434,105,139,112.0,110.0,116.0,156.86690439475714,9.639639520037584,127,177,158.0,152.0,164.0,IMG20200713144211.jpg,unripe
146.35419484018408,29.92096283076416,90,255,144.0,125.0,164.0,114.14806428279397,4.678972740139216,105,139,113.0,111.0,116.0,163.10179157362853,13.958056760596818,126,193,163.0,155.0,175.0,IMG20200713144221.jpg,unripe
82.72497405415605,49.98996195474302,0,224,90.0,51.0,118.0,117.18351836127098,6.412134204795263,106,132,115.0,112.0,123.0,155.3349058087241,17.440313081647123,126,191,158.0,141.0,169.0,IMG20200713144221.jpg,unripe
101.1296977702299,43.17975249049717,0,222,107.0,80.0,128.0,115.27250998521873,5.366479444025994,106,143,113.0,112.0,117.0,161.41732448553847,15.058189881534977,126,191,162.0,154.0,173.0,IMG20200713144221.jpg,unripe
111.96968267446614,33.98870595059265,46,243,110.0,87.0,132.0,113.73525804321163,4.836133108282869,105,142,112.0,110.0,115.0,165.25302177354257,14.080921983936447,125,196,165.0,157.0,176.0,IMG20200713144221.jpg,unripe
100.99473744902559,43.34297339292318,0,223,106.0,80.0,128.0,115.28185048903984,5.375101962117691,106,143,113.0,112.0,117.0,161.38761518382236,15.092252623077771,126,191,162.0,154.0,173.0,IMG20200713144221.jpg,unripe
159.6145783062757,27.324397149497766,105,255,157.0,140.0,177.0,113.2202092542903,5.909836843250789,102,137,112.0,109.0,116.0,157.6815724958014,12.850920854437957,125,184,158.0,152.0,166.0,IMG20200713144228.jpg,unripe
101.33659247533926,33.917131122632206,0,224,104.0,85.0,123.0,114.20036484373492,5.796597343459695,104,140,113.0,110.0,116.0,156.48224041078703,12.601680653458029,125,179,157.0,152.0,165.0,IMG20200713144228.jpg,unripe
108.55482307974442,27.374383151631577,54,228,106.0,89.0,126.0,114.0477481999112,5.468185789048601,104,138,113.0,110.0,116.0,156.81250120649383,12.028636808596906,124,179,158.0,152.0,165.0,IMG20200713144228.jpg,unripe
83.54586606953265,47.9211664524442,0,222,94.0,59.0,116.0,115.83745149894794,6.927744538464612,104,131,114.0,111.0,120.0,153.40167557863444,14.849552082326477,124,179,157.0,146.0,163.0,IMG20200713144228.jpg,unripe
101.37491071945641,33.11000687243363,0,220,103.0,85.0,122.0,114.28194313070672,5.830143358518951,104,140,113.0,110.0,116.0,156.58279443275487,12.256673358841569,124,179,157.0,152.0,165.0,IMG20200713144228.jpg,unripe
107.38361687376673,25.33915914849822,58,237,105.0,90.0,123.0,111.27226281265,5.3725205997992616,103,141,110.0,107.0,113.0,157.49052317209748,9.882372737156507,125,177,158.0,152.0,165.0,IMG20200713144234.jpg,unripe
101.71434056850302,24.917843239905444,54,228,99.0,84.0,117.0,111.64747480134393,5.245507652998865,103,141,111.0,108.0,113.0,156.9115673830729,9.652930696843175,126,176,158.0,152.0,164.0,IMG20200713144234.jpg,unripe
93.2059196842835,35.26150318543489,0,227,96.0,79.0,115.0,112.02708122233481,6.032394586434597,103,140,111.0,108.0,113.0,156.24489360567438,11.025488741180922,126,176,157.0,152.0,164.0,IMG20200713144234.jpg,unripe
95.37138285958082,32.51644543494362,0,219,97.0,81.0,115.0,111.9342861714042,5.786876829410791,103,140,111.0,108.0,114.0,156.36587915311185,10.636655391727203,126,176,157.0,152.0,164.0,IMG20200713144234.jpg,unripe
42.061095408244896,24.529574105931257,1,168,39.0,24.0,57.0,116.54883472881447,6.628317020993263,106,141,115.0,111.0,122.0,141.79230974348036,14.269031017451901,104,170,142.0,131.0,153.0,IMG20200713144234.jpg,unripe
72.86689047660039,19.669451087939805,28,174,73.0,58.0,86.0,112.58624573182979,3.8812777724664036,106,131,111.0,110.0,114.0,154.79170612034088,7.089145291657527,127,169,156.0,152.0,159.0,IMG20200713144248.jpg,unripe
163.27377263206222,22.974474195814977,113,255,163.0,146.0,178.0,108.56943846661501,5.068299716447992,100,130,107.0,105.0,111.0,161.46583311813148,9.279799339698476,126,183,163.0,157.0,167.0,IMG20200713144248.jpg,unripe
95.13487417864624,37.34502625934223,0,187,102.0,81.0,119.0,110.57532065077042,6.4156090439378985,102,130,108.0,107.0,112.0,158.74921809991105,11.467791157428396,126,177,161.0,157.0,165.0,IMG20200713144248.jpg,unripe
105.22800636997503,23.12059389488598,54,224,105.0,88.0,120.0,109.52018593440647,4.685523953835191,102,131,108.0,106.0,111.0,160.553477662047,8.49862315528168,127,177,162.0,157.0,166.0,IMG20200713144248.jpg,unripe
101.59364867579123,28.681570161094914,0,202,104.0,86.0,120.0,109.71672979254541,5.144852328886969,102,133,108.0,106.0,111.0,160.22814983788126,9.29610346482597,126,177,162.0,157.0,166.0,IMG20200713144248.jpg,unripe
101.018187442495,24.014720944566236,55,169,99.0,81.0,119.0,111.4738094482693,4.422098494709414,103,128,110.0,108.0,114.0,159.50248262952505,7.659191914231539,129,176,161.0,156.0,164.0,IMG20200713144253.jpg,unripe
77.13699673212983,21.44487593863179,36,138,75.0,60.0,93.0,113.46199117992322,3.9132670389213384,106,128,113.0,111.0,115.0,155.39020908023733,6.740173681616612,129,171,157.0,152.0,160.0,IMG20200713144253.jpg,unripe
104.64922745010946,24.397038438849638,58,174,103.0,85.0,123.0,111.17065896760684,4.5383941709434215,102,128,110.0,108.0,113.0,160.0687442495003,7.8131724970697904,129,177,161.0,156.0,165.0,IMG20200713144253.jpg,unripe
88.75622640312193,39.02449786070937,0,169,93.0,72.0,116.0,112.67048446968495,6.339072984709297,103,132,111.0,108.0,114.0,157.1403518512643,11.698126686695634,126,176,161.0,154.0,164.0,IMG20200713144253.jpg,unripe
87.46249087851771,42.987233159286454,0,169,95.0,72.0,118.0,112.93592753577208,6.883936264766431,103,132,111.0,108.0,114.0,156.50594879279166,12.872174333208509,126,176,161.0,155.0,164.0,IMG20200713144253.jpg,unripe
106.18517087216792,26.57122887030415,54,221,105.0,85.0,125.0,111.48575433810714,5.658396979501223,102,135,110.0,107.0,114.0,158.0629688565583,11.08624382138295,123,177,161.0,153.0,166.0,IMG20200713144302.jpg,unripe
101.23251496552247,32.14290195251898,0,219,103.0,82.0,123.0,111.65964992043646,5.979132485332329,102,134,110.0,107.0,114.0,157.80410699401378,11.528375032322526,123,177,161.0,153.0,166.0,IMG20200713144302.jpg,unripe
79.01017655527771,49.18698908168934,0,208,88.0,47.0,118.0,114.89847692657422,8.01931809508629,102,135,112.0,108.0,122.0,151.98980071228308,14.973246903870688,123,177,157.0,140.0,164.0,IMG20200713144302.jpg,unripe
91.8063120406153,41.41106557144232,0,219,98.0,71.0,121.0,112.35440630446314,6.804351347668186,103,134,110.0,107.0,115.0,156.67022050466014,12.75732859776301,123,177,161.0,152.0,166.0,IMG20200713144302.jpg,unripe
130.1357505493673,22.84712546788426,86,231,129.0,112.0,147.0,113.08379934833674,5.193379671754598,104,133,112.0,109.0,115.0,154.5182920360688,10.062777241653858,123,174,157.0,150.0,162.0,IMG20200713144302.jpg,unripe
132.01683908418732,25.063619923310902,82,240,132.0,113.0,149.0,113.89886009858607,4.700902353785462,106,138,113.0,110.0,116.0,161.37151381502142,10.642909905358168,126,183,162.0,155.0,169.0,IMG20200713144324.jpg,unripe
56.173757945258785,29.09220099178055,2,177,56.0,33.0,76.0,117.72661013101569,6.395976562201628,108,144,116.0,113.0,122.0,147.56721040342458,16.886526975899645,104,182,149.0,135.0,161.0,IMG20200713144324.jpg,unripe
99.55636269295628,39.590163134878566,0,216,105.0,80.0,127.0,113.81301887404332,5.645295612223581,106,140,112.0,110.0,116.0,162.5352347905046,13.16942063331188,126,186,164.0,157.0,172.0,IMG20200713144324.jpg,unripe
93.79281521598132,44.128666062394544,0,226,101.0,70.0,126.0,114.59655110909327,6.229756535696047,106,141,113.0,110.0,117.0,160.36034180827605,14.764359129093418,126,186,163.0,153.0,172.0,IMG20200713144324.jpg,unripe
100.23511480088209,39.5456991004888,0,227,106.0,81.0,127.0,113.82488001037748,5.696083522417705,106,140,112.0,110.0,116.0,162.32592586587106,13.379334321906489,126,186,164.0,157.0,172.0,IMG20200713144324.jpg,unripe
110.52940744847378,29.09041452079525,54,220,107.0,90.0,127.0,113.2504239499087,4.904167360882302,103,139,112.0,110.0,115.0,163.93808700756588,11.069621653494837,125,184,165.0,158.0,172.0,IMG20200713144332.jpg,unripe
73.56099986955387,30.856865976961544,12,187,70.0,52.0,92.0,114.9516697104096,5.276081508564156,103,146,114.0,111.0,117.0,156.9192130837464,13.54299340072729,118,183,158.0,147.0,167.0,IMG20200713144332.jpg,unripe
107.20434385598747,32.81996616020187,0,217,105.0,88.0,126.0,113.49385272632402,5.3236569589285665,103,143,112.0,110.0,115.0,163.53289688233758,11.671281735594237,125,184,165.0,158.0,172.0,IMG20200713144332.jpg,unripe
149.53049178189409,30.659747303084774,90,255,145.0,128.0,167.0,111.69263631620142,5.412293409251573,101,140,111.0,108.0,114.0,166.9760794416906,12.354282345541789,125,189,168.0,160.0,176.0,IMG20200713144332.jpg,unripe
100.90127674145577,41.55584204915457,0,220,104.0,83.0,126.0,113.94299504304722,5.949010871244012,103,144,113.0,110.0,115.0,162.63030752674146,13.240695461190208,126,184,164.0,157.0,172.0,IMG20200713144332.jpg,unripe
99.81412189234658,38.07683443504216,0,189,102.0,81.0,125.0,113.09506432710516,6.30646130144685,103,135,111.0,109.0,116.0,157.7523386133303,11.735757917670439,125,179,160.0,154.0,165.0,IMG20200713144338.jpg,unripe
56.4358638849833,26.254461929524137,8,144,54.0,36.0,75.0,115.84988987589705,5.6516189577362255,106,136,114.0,111.0,120.0,149.332371609925,12.513115874621013,116,172,151.0,139.0,160.0,IMG20200713144338.jpg,unripe
102.12650049169802,34.91998305016737,0,189,103.0,83.0,125.0,113.0759328039791,6.226570681764971,103,135,111.0,109.0,116.0,158.0262428581878,11.147709885518019,126,179,160.0,154.0,165.0,IMG20200713144338.jpg,unripe
102.81770600521769,23.679481749350547,57,183,101.0,85.0,120.0,114.67346374844567,4.949051993077725,106,133,113.0,111.0,117.0,154.29524637728275,9.036529730985068,126,174,156.0,151.0,160.0,IMG20200713144338.jpg,unripe
88.30325170875223,45.502843821676834,0,189,95.0,68.0,119.0,114.33289988052957,7.157343322568828,103,135,112.0,109.0,118.0,155.44081337418626,13.267372635177862,126,179,159.0,151.0,164.0,IMG20200713144338.jpg,unripe
100.12850116874519,23.747194192180192,55,182,98.0,82.0,116.0,109.96451203199524,5.406399823860439,99,128,110.0,106.0,113.0,158.25334071962277,10.526529532209326,125,180,159.0,152.0,167.0,IMG20200713144423.jpg,unripe
91.13877666833308,35.15028481240446,0,181,95.0,75.0,114.0,110.5988366594155,6.4992973739853435,99,130,110.0,106.0,113.0,157.31581116320547,11.882933846085068,126,180,159.0,151.0,166.0,IMG20200713144423.jpg,unripe
91.86428368755996,34.339303427614766,0,181,95.0,76.0,114.0,110.50860007296212,6.381523491945532,99,130,110.0,106.0,113.0,157.47034900217534,11.718873682666075,126,180,159.0,151.0,167.0,IMG20200713144423.jpg,unripe
61.575745497290946,26.966445876988974,9,153,59.0,41.0,80.0,111.02986718190539,5.902508906399301,98,136,110.0,107.0,115.0,151.12061720555053,13.19784085390526,113,180,152.0,141.0,161.0,IMG20200713144423.jpg,unripe
85.96773452594884,39.808372604710456,0,182,91.0,67.0,113.0,111.99481833781465,7.504194386209464,99,130,111.0,106.0,115.0,154.97135560930133,13.595401691566186,125,180,157.0,148.0,166.0,IMG20200713144423.jpg,unripe
153.16211188637743,28.180942435675433,109,255,147.0,131.0,170.0,113.88042477922315,6.538484493934019,102,137,113.0,109.0,118.0,157.08866319863716,13.16430808028539,123,181,159.0,149.0,168.0,IMG20200713144429.jpg,unripe
75.84139312964643,48.75156002201052,0,203,81.0,51.0,107.0,117.4761991788994,7.836319501118033,103,131,116.0,111.0,126.0,150.33283945460124,16.07212212012782,122,179,152.0,132.0,164.0,IMG20200713144429.jpg,unripe
101.92711263698608,30.56055875711937,54,236,95.0,78.0,120.0,113.94920011226495,6.409400682320158,102,139,113.0,109.0,117.0,157.93292822223236,12.902610315939185,122,180,161.0,151.0,169.0,IMG20200713144429.jpg,unripe
97.78757122623344,32.32767737469888,0,234,93.0,77.0,117.0,114.03443009222696,6.5567777597245875,102,141,113.0,109.0,117.0,157.79616079995301,13.129315327264926,122,180,161.0,151.0,168.0,IMG20200713144429.jpg,unripe
87.72653042575828,41.12611105093936,0,203,89.0,70.0,112.0,114.58846412417026,7.058665409788293,102,131,113.0,109.0,119.0,156.4907740406895,14.38083334560554,122,180,160.0,148.0,168.0,IMG20200713144429.jpg,unripe
73.78341466506116,44.316906310178254,0,180,82.0,46.0,107.0,115.93155459788326,7.852388934316262,104,140,114.0,110.0,124.0,152.65511914569998,15.434629115609967,126,176,157.0,140.0,165.0,IMG20200713144442.jpg,unripe
71.66944990176817,25.020181578806795,19,158,71.0,52.0,89.0,112.71117466252615,5.580863587463552,103,143,112.0,109.0,116.0,156.12308289498702,11.68129004361225,127,180,158.0,148.0,165.0,IMG20200713144442.jpg,unripe
98.51173236580264,23.958804092809515,0,176,99.0,81.0,115.0,112.2103032511566,5.474772093215382,103,139,111.0,108.0,114.0,160.0749809873883,10.529581527710272,126,179,162.0,155.0,168.0,IMG20200713144442.jpg,unripe
95.81310602699791,28.184744365050186,0,164,98.0,79.0,114.0,112.37352652259332,5.741990767467069,103,139,111.0,108.0,114.0,159.71706065023133,11.168467550355546,126,179,162.0,155.0,168.0,IMG20200713144442.jpg,unripe
99.44310475949047,22.849478908153632,54,180,99.0,82.0,116.0,112.16376988402307,5.389824140751999,103,140,111.0,108.0,114.0,160.14623074973065,10.393784235469603,128,179,162.0,155.0,168.0,IMG20200713144442.jpg,unripe
81.79362911470047,39.42993749502302,0,173,85.0,62.0,109.0,114.01900633817215,6.579280643869825,101,130,114.0,109.0,116.0,153.62331629523615,12.106368119764722,126,180,153.0,149.0,162.0,IMG20200713144457.jpg,unripe
91.3363402167246,33.81113233203976,0,173,92.0,74.0,113.0,112.66157432017992,5.823713399428777,101,130,112.0,108.0,116.0,155.9691024330403,11.048354628813465,126,180,155.0,150.0,164.0,IMG20200713144457.jpg,unripe
88.53896544673891,36.438061831326124,0,172,91.0,72.0,112.0,113.14489470455939,6.244540220388599,101,130,113.0,109.0,116.0,155.13845839296667,11.6877216360927,126,180,155.0,149.0,163.0,IMG20200713144457.jpg,unripe
99.34648947045594,24.299670263145742,55,173,96.0,80.0,116.0,112.32175833162952,5.1969228442748046,101,128,112.0,108.0,115.0,156.75317113064813,9.748543011319278,127,181,155.0,151.0,164.0,IMG20200713144457.jpg,unripe
135.37963606624413,23.967726766315472,93,209,132.0,117.0,152.0,111.89108157840933,5.496613648287296,99,129,112.0,108.0,115.0,156.99555101206298,10.326224802167504,127,184,155.0,150.0,165.0,IMG20200713144457.jpg,unripe
106.39701052760812,33.115790902791396,0,225,110.0,84.0,129.0,113.76837215964315,6.697724897020841,102,138,112.0,109.0,116.0,158.9058449198408,14.645547121479458,125,180,163.0,152.0,170.0,IMG20200713144509.jpg,unripe
140.45203237060454,32.10333972869931,78,255,141.0,115.0,163.0,111.96412019275037,7.376147375218172,99,137,110.0,106.0,115.0,162.56775421257788,16.107401417467337,124,186,167.0,155.0,175.0,IMG20200713144509.jpg,unripe
91.21356005033608,46.40940011652696,0,225,98.0,59.0,128.0,115.85955004450446,7.382626612919634,102,136,114.0,109.0,123.0,154.81446241674595,16.262617634560495,125,180,158.0,141.0,169.0,IMG20200713144509.jpg,unripe
93.1099823005228,46.23743868907628,0,222,104.0,66.0,126.0,114.38143908003642,7.360541129987052,102,134,112.0,109.0,118.0,157.395527045415,16.204639245026073,125,180,163.0,149.0,170.0,IMG20200713144509.jpg,unripe
110.82483656118596,29.293135049601332,54,225,112.0,88.0,132.0,113.70735500240427,6.566824349989273,102,136,112.0,109.0,116.0,159.07481865709053,14.401175572988825,125,180,163.0,152.0,170.0,IMG20200713144509.jpg,unripe
94.2005924993489,39.40014519237622,0,225,100.0,77.0,121.0,112.29018360968834,6.755987206927949,103,131,110.0,107.0,115.0,159.65400642416876,13.272488782022876,126,179,164.0,154.0,169.0,IMG20200713144515.jpg,unripe
115.21528561507075,28.959618756098912,57,251,114.0,93.0,135.0,109.93754883236392,6.468114472914988,100,138,108.0,105.0,112.0,164.6666268773331,11.99370957670338,126,184,168.0,159.0,173.0,IMG20200713144515.jpg,unripe
104.79094322423822,26.01864884451932,53,227,104.0,85.0,123.0,111.61306319993055,5.874340663306652,103,136,110.0,107.0,114.0,161.22709219550308,10.930617114459546,127,179,164.0,156.0,169.0,IMG20200713144515.jpg,unripe
90.18141765778279,42.391694298565746,0,227,98.0,67.0,120.0,113.45708177793212,7.50264607258374,103,136,111.0,108.0,117.0,157.57966186300894,14.66710914452578,126,179,162.0,150.0,169.0,IMG20200713144515.jpg,unripe
92.40748979946176,41.69345520414155,0,213,99.0,75.0,121.0,112.25141071273548,6.808590375852254,103,130,110.0,107.0,114.0,159.44415747894783,13.730946768125168,126,179,164.0,154.0,169.0,IMG20200713144515.jpg,unripe
88.86994503731044,47.44841354078869,0,223,100.0,62.0,123.0,113.6575864559095,7.411987262494349,102,136,112.0,108.0,116.0,157.90796758404878,15.56467545780987,126,180,163.0,152.0,170.0,IMG20200713144534.jpg,unripe
104.27262697584851,32.07670749031367,0,224,106.0,83.0,126.0,112.51536548182621,6.086287173625275,102,137,111.0,108.0,115.0,160.22901789296318,13.114977462829218,125,180,164.0,155.0,170.0,IMG20200713144534.jpg,unripe
108.7997171628019,28.478604724676213,54,227,109.0,86.0,129.0,112.36397737302416,5.842176001440532,102,136,111.0,108.0,114.0,160.42600096285003,12.87129068577957,124,180,164.0,155.0,170.0,IMG20200713144534.jpg,unripe
109.6416292224986,31.344126165886262,48,239,109.0,85.0,132.0,111.1756398940865,6.285448452896537,100,137,110.0,106.0,113.0,162.83576386102865,13.75941014652449,124,184,166.0,157.0,173.0,IMG20200713144534.jpg,unripe
94.49722177645832,41.24994064006195,0,223,102.0,75.0,122.0,113.0815012436813,6.766059763297333,102,133,111.0,108.0,116.0,159.17623164567118,14.335316116167949,125,180,164.0,153.0,170.0,IMG20200713144534.jpg,unripe
89.98160651715342,43.00850568972397,0,223,99.0,71.0,121.0,112.91905631900866,7.3259269458566365,102,143,111.0,108.0,116.0,157.56108066124747,13.76270178930166,126,178,161.0,153.0,167.0,IMG20200713144550.jpg,unripe
102.83559721449943,22.826479958599137,53,213,103.0,85.0,119.0,111.75341788686772,5.1042537471448926,103,142,110.0,108.0,114.0,159.70420384639147,9.207672606694183,127,177,162.0,156.0,166.0,IMG20200713144550.jpg,unripe
93.82398213608,39.96205765672789,0,200,103.0,77.0,122.0,111.82083123714708,6.65674644800953,102,130,110.0,107.0,114.0,159.4218144588309,12.817065234286968,126,179,163.0,157.0,168.0,IMG20200713144550.jpg,unripe
106.53882136962604,24.17158840543286,54,223,107.0,88.0,124.0,110.93692023900937,5.361776243592442,102,143,110.0,107.0,113.0,161.37535414515318,9.638763142975872,127,179,163.0,157.0,168.0,IMG20200713144550.jpg,unripe
163.56928888535847,26.142324131601548,106,255,164.0,143.0,183.0,108.42646578582713,6.233240722648586,98,143,107.0,104.0,111.0,165.55167209468584,11.282281700493765,128,188,168.0,160.0,173.0,IMG20200713144550.jpg,unripe
139.04485060980724,26.78344030918476,79,255,140.0,121.0,158.0,107.53534701135735,5.458403757717291,99,129,106.0,104.0,109.0,167.29560133536881,10.445115387052642,127,187,169.0,164.0,174.0,IMG20200713144556.jpg,unripe
156.0403881964133,21.80790333138891,108,255,156.0,141.0,171.0,110.47838413662366,4.753243431771291,103,128,109.0,107.0,112.0,160.86814071700582,9.107526077605712,127,179,162.0,157.0,167.0,IMG20200713144556.jpg,unripe
100.68519854384405,37.20135720486279,0,215,108.0,86.0,125.0,110.55838044590583,6.053982866801955,103,130,109.0,107.0,111.0,161.4739636632052,11.808909010733231,126,180,164.0,159.0,169.0,IMG20200713144556.jpg,unripe
88.76478384136624,44.964714466482356,0,178,102.0,67.0,121.0,112.78858058346894,7.728727557625758,103,130,109.0,107.0,116.0,157.21269439178647,14.80588260942973,126,180,162.0,152.0,168.0,IMG20200713144556.jpg,unripe
109.51329497223574,24.1780550801725,55,218,110.0,93.0,126.0,109.85201899042092,4.816390292803094,103,128,109.0,107.0,111.0,162.9887097585935,9.172429325998323,127,180,164.0,160.0,169.0,IMG20200713144556.jpg,unripe
89.26863071984872,42.34736384239388,0,219,95.0,68.0,117.0,114.2166844990752,6.779374873307008,104,130,112.0,109.0,118.0,155.95288097074655,13.561287789838472,125,184,159.0,150.0,165.0,IMG20200713144605.jpg,unripe
87.76360861595627,43.28825529630241,0,219,94.0,66.0,117.0,114.29564474524538,6.83298961925958,104,130,112.0,109.0,118.0,155.7221378984299,13.695923794275203,125,184,159.0,149.0,165.0,IMG20200713144605.jpg,unripe
107.67920741164663,29.82867434213318,54,232,105.0,84.0,128.0,113.3568887008883,5.8911574159553055,104,134,112.0,109.0,115.0,157.63043784783565,12.358749123490142,125,185,160.0,153.0,166.0,IMG20200713144605.jpg,unripe
95.4023654897277,39.10539243098074,0,197,98.0,71.0,122.0,114.15233853376131,6.4280909283710965,104,133,112.0,109.0,118.0,156.10628115487654,13.42352036339535,125,185,159.0,150.0,165.0,IMG20200713144605.jpg,unripe
70.57637662046828,35.50636357103827,8,217,68.0,42.0,94.0,114.94991166737167,7.221682592467537,102,143,113.0,109.0,122.0,148.75173140245673,17.379114981204275,107,183,150.0,135.0,163.0,IMG20200713144605.jpg,unripe
87.97135885023413,38.1582544374035,0,227,87.0,71.0,111.0,114.89669378926769,6.181215129469619,104,134,113.0,110.0,118.0,155.54558419230372,12.760512542485856,126,179,157.0,151.0,165.0,IMG20200713144630.jpg,unripe
101.05816966018841,29.854851269263403,53,228,94.0,78.0,119.0,114.32127209488421,5.451911309268179,104,135,113.0,110.0,116.0,156.6201462560511,11.603028314469402,126,179,158.0,152.0,165.0,IMG20200713144630.jpg,unripe
54.46262389377025,29.68559615661235,8,179,48.0,31.0,72.0,117.28149932259521,5.164195395704334,106,136,117.0,113.0,121.0,145.80062115245966,12.645700176204029,116,174,145.0,135.0,155.0,IMG20200713144630.jpg,unripe
46.9904054129,26.798222219226687,7,160,41.0,27.0,63.0,118.4765522869344,4.803449478089517,108,134,118.0,115.0,122.0,143.46506413557603,11.699254099720275,117,170,142.0,134.0,152.0,IMG20200713144630.jpg,unripe
83.6731105952447,42.90150650872347,0,228,86.0,68.0,109.0,115.0674948699462,6.561573586553748,104,135,113.0,110.0,117.0,154.67829214765047,13.797093086091483,126,179,157.0,149.0,165.0,IMG20200713144630.jpg,unripe
97.69858906694509,37.76429909142272,0,220,103.0,78.0,124.0,111.61195988467323,6.2518305306092286,103,131,110.0,107.0,115.0,161.71065814806656,12.062508950148871,126,178,164.0,157.0,171.0,IMG20200713144639.jpg,unripe
106.33595149378826,27.376494456260637,53,230,106.0,85.0,125.0,111.0683818810525,5.375494023173315,103,135,110.0,107.0,114.0,162.8269332081725,9.975415439988874,127,178,164.0,157.0,171.0,IMG20200713144639.jpg,unripe
96.89849519631414,39.426688820572785,0,230,102.0,76.0,124.0,111.7399208804682,6.346491631731125,103,134,110.0,107.0,115.0,161.41744652726558,12.347133749406709,126,178,164.0,156.0,171.0,IMG20200713144639.jpg,unripe
92.36039617237714,33.08891567749256,27,239,91.0,66.0,115.0,109.63143325127635,6.2506852955401575,99,138,109.0,105.0,114.0,163.4382513242464,12.804893720157544,126,185,166.0,154.0,174.0,IMG20200713144639.jpg,unripe
138.5211639958237,24.48531003001363,92,251,138.0,119.0,155.0,111.80840812651462,5.193197315591586,103,134,111.0,108.0,115.0,160.37905535493636,9.71298997127659,127,177,162.0,155.0,169.0,IMG20200713144639.jpg,unripe
85.7227921498662,29.529212340013416,17,224,85.0,66.0,106.0,110.71741069697087,6.152714484328155,101,137,109.0,106.0,114.0,161.48409804910213,12.548572548674704,127,183,164.0,153.0,172.0,IMG20200713144657.jpg,unripe
107.02276693945623,34.74060444003024,0,239,110.0,91.0,130.0,110.72391692200287,6.472851127244721,102,136,108.0,106.0,113.0,163.75702982585423,12.590401356274095,126,182,168.0,157.0,173.0,IMG20200713144657.jpg,unripe
112.07206298723965,27.497263287554155,0,239,112.0,94.0,131.0,110.48104371097234,6.044326127459897,102,136,108.0,106.0,113.0,164.38595198386534,11.245833614306404,126,182,168.0,157.0,173.0,IMG20200713144657.jpg,unripe
92.36591940425862,49.22000703531396,0,239,105.0,66.0,128.0,113.08539541558392,8.569261993932193,102,133,109.0,106.0,120.0,159.00716557421558,16.9141005825571,126,182,165.0,149.0,173.0,IMG20200713144657.jpg,unripe
112.88577745025792,26.638266442401882,54,241,112.0,95.0,131.0,110.45776286700539,5.999192739919686,102,135,108.0,106.0,113.0,164.4398052980646,11.132903662396249,128,182,168.0,157.0,173.0,IMG20200713144657.jpg,unripe
100.19735238774173,26.51447800399756,54,227,95.0,81.0,115.0,112.5773767583743,4.993694455378322,104,133,112.0,109.0,114.0,159.27327436856024,10.122271935363486,126,180,160.0,154.0,166.0,IMG20200713144704.jpg,unripe
95.97864668385321,30.553884111979187,0,225,93.0,79.0,114.0,112.79322264313602,5.360443973970388,104,134,112.0,109.0,114.0,158.90925669570694,10.737461656620267,126,179,160.0,154.0,166.0,IMG20200713144704.jpg,unripe
114.15196830159901,25.214294134584566,70,236,109.0,96.0,129.0,112.89598547709244,4.933123570708997,105,133,112.0,109.0,115.0,158.26646882797152,10.06593072640387,126,178,159.0,153.0,165.0,IMG20200713144704.jpg,unripe
90.33742549963941,36.85443594497951,0,227,91.0,75.0,111.0,113.0763281580278,5.7891225519581315,104,133,112.0,109.0,115.0,157.84716960799756,12.112644589029603,126,180,159.0,153.0,166.0,IMG20200713144704.jpg,unripe
89.7350398302345,36.80718803239624,0,226,91.0,76.0,111.0,113.08282699337683,5.836898573205461,104,130,112.0,109.0,114.0,157.90498769034375,12.35304490878345,126,180,160.0,153.0,166.0,IMG20200713144704.jpg,unripe
155.9114976794607,28.452116094424408,107,255,153.0,133.0,175.0,111.91152308682544,6.140317730108797,102,133,111.0,107.0,115.0,160.03243673566178,12.235353150767445,128,181,161.0,153.0,170.0,IMG20200713144717.jpg,unripe
105.51408414919204,29.12015448015748,51,227,103.0,82.0,126.0,112.47700633490294,5.785616733722163,103,134,111.0,108.0,115.0,159.8302195196314,11.615381281255345,126,179,161.0,154.0,169.0,IMG20200713144717.jpg,unripe
113.74944103797554,25.145224090579045,70,221,111.0,94.0,131.0,114.08899352959111,5.262451061217759,105,133,113.0,110.0,117.0,155.95574037060877,10.501791953214713,126,174,157.0,150.0,164.0,IMG20200713144717.jpg,unripe
105.67066973813476,29.394075958866868,54,229,103.0,82.0,126.0,112.47677766862022,5.785018549518602,102,134,111.0,108.0,115.0,159.831405196653,11.61042628721417,126,179,161.0,154.0,169.0,IMG20200713144717.jpg,unripe
88.57865273213862,43.538005232104325,0,208,93.0,68.0,120.0,113.61484128866154,6.96712294483945,102,130,112.0,108.0,117.0,157.37035468681188,14.311110709694336,126,179,160.0,151.0,169.0,IMG20200713144717.jpg,unripe
77.50309606158652,45.05739043597818,0,179,86.0,56.0,110.0,114.85070103016103,7.836645834549786,102,130,113.0,109.0,120.0,153.67132470526983,14.994501700850094,126,177,158.0,144.0,166.0,IMG20200713144725.jpg,unripe
101.32489121945777,25.304350877200537,54,239,100.0,83.0,117.0,111.91982781062889,5.315073496929537,102,135,111.0,108.0,115.0,159.66010264420396,9.733997956029793,127,177,162.0,155.0,167.0,IMG20200713144725.jpg,unripe
42.23988433932091,22.564497938626847,3,165,41.0,25.0,56.0,117.33467217077616,5.603034955418018,106,138,117.0,113.0,122.0,143.21206627245343,12.610960882434467,111,167,144.0,133.0,154.0,IMG20200713144725.jpg,unripe
90.6847967570382,37.026026306923754,0,237,96.0,75.0,114.0,112.66318011082599,6.394332757056301,102,135,111.0,108.0,115.0,158.23161887760796,12.05335427326652,126,177,161.0,154.0,167.0,IMG20200713144725.jpg,unripe
91.90774108371453,35.46555831887437,0,237,97.0,76.0,114.0,112.5324017256127,6.255892443412743,102,135,111.0,108.0,115.0,158.4822789988471,11.743906778498655,126,177,161.0,154.0,167.0,IMG20200713144725.jpg,unripe
92.32195492614333,38.250786478458174,0,231,98.0,77.0,116.0,114.89592431466528,5.758438929674231,103,136,114.0,111.0,117.0,157.3371521138286,12.777233958829816,124,177,160.0,153.0,167.0,IMG20200713144739.jpg,unripe
79.79880426523268,22.84144524568781,34,190,78.0,63.0,94.0,116.24794796215733,4.4288001313628556,106,136,116.0,113.0,118.0,154.21627602100887,9.875927346562575,123,171,156.0,151.0,161.0,IMG20200713144739.jpg,unripe
104.7403284930569,25.98819103283715,54,231,103.0,85.0,121.0,114.4151921776234,5.086242092875988,103,136,114.0,111.0,116.0,158.32658088327392,11.452939951877614,123,177,160.0,154.0,167.0,IMG20200713144739.jpg,unripe
57.286784291786006,24.94536409004496,9,176,55.0,38.0,73.0,117.14861513539692,4.746949483972506,106,138,116.0,114.0,120.0,149.22262209938293,11.875155201151317,119,173,151.0,140.0,159.0,IMG20200713144739.jpg,unripe
89.01928873821592,39.65596855465545,0,222,96.0,76.0,114.0,115.26839736470745,6.010117294606157,104,135,114.0,111.0,117.0,156.53175126712816,13.323626602466591,124,178,160.0,152.0,166.0,IMG20200713144739.jpg,unripe
108.31157256312349,28.016414825554374,53,226,108.0,86.0,129.0,111.71136546444652,5.154574027247793,102,141,111.0,108.0,114.0,164.5180517931602,11.184857379718922,125,182,166.0,157.0,174.0,IMG20200713144806.jpg,unripe
91.35032960124259,43.66233470833493,0,225,98.0,63.0,124.0,113.84671924261055,7.114700551420565,102,142,112.0,108.0,117.0,160.48181877016668,14.987090069377105,125,182,164.0,152.0,173.0,IMG20200713144806.jpg,unripe
97.84782869980862,40.31222052073283,0,224,105.0,75.0,128.0,112.29514335111547,6.0882790618310265,102,138,111.0,108.0,115.0,163.07032109540407,13.561642639030197,126,182,166.0,156.0,174.0,IMG20200713144806.jpg,unripe
104.59899594123576,32.43168349432,0,225,107.0,84.0,128.0,111.83889756936419,5.463621910114278,102,142,111.0,108.0,114.0,164.2040291787243,11.836362471590238,126,182,166.0,157.0,174.0,IMG20200713144806.jpg,unripe
117.38551788537458,24.01923611033235,70,219,117.0,98.0,135.0,113.200386460924,4.728791470553358,104,139,113.0,109.0,116.0,160.56020192121005,10.457549651775693,126,179,162.0,154.0,169.0,IMG20200713144806.jpg,unripe
75.87025199142849,51.53191830771205,0,179,91.0,0.0,115.0,116.49327751607157,7.4981257294737915,102,130,114.0,111.0,128.0,152.25835676633605,16.261371635506293,126,182,157.0,128.0,163.0,IMG20200713144816.jpg,unripe
103.00339966907477,30.290997395314708,0,178,104.0,85.0,124.0,113.11230662121719,4.643985012871046,102,137,113.0,111.0,115.0,160.44074539552798,10.329472100660883,126,183,160.0,156.0,167.0,IMG20200713144816.jpg,unripe
106.03111239703794,25.56021986732895,55,179,106.0,87.0,125.0,112.9710666461722,4.316317544115071,102,138,113.0,110.0,115.0,160.81098382444688,9.552191676980653,128,183,160.0,156.0,167.0,IMG20200713144816.jpg,unripe
119.62199477391296,21.388126699652872,78,181,119.0,103.0,135.0,114.68150706606751,3.898631101306582,105,135,114.0,112.0,116.0,156.28323945062795,8.749560462108345,128,177,155.0,152.0,162.0,IMG20200713144816.jpg,unripe
72.82234016582429,26.255474502223077,18,147,73.0,53.0,92.0,114.08327380898561,4.339498432973795,104,139,113.0,112.0,116.0,156.85470935541912,10.31549894052433,127,179,158.0,151.0,164.0,IMG20200713144816.jpg,unripe
110.61291334486083,29.122440109261557,0,212,110.0,92.0,130.0,109.26672889473765,5.161836894321264,101,136,108.0,106.0,110.0,163.05892029196187,12.906416766630917,122,184,164.0,158.0,172.0,IMG20200713144823.jpg,unripe
82.97286958118468,33.5510118131466,8,223,81.0,59.0,106.0,108.91560955455923,6.289303085647753,98,136,107.0,105.0,111.0,157.53249376444126,17.697729610225768,109,188,160.0,146.0,171.0,IMG20200713144823.jpg,unripe
91.94428547382596,50.41760209998084,0,186,104.0,71.0,128.0,111.69816070144297,8.343743516327995,101,130,108.0,106.0,113.0,159.14708267662317,17.329695943194228,124,184,164.0,152.0,172.0,IMG20200713144823.jpg,unripe
112.61280623096816,26.959825678519124,53,227,111.0,93.0,131.0,109.23325580327769,5.037163330383456,101,134,108.0,106.0,110.0,163.07029731756208,12.862965943256919,120,184,164.0,158.0,172.0,IMG20200713144823.jpg,unripe
135.28731771510766,26.9051994898631,77,250,134.0,116.0,153.0,108.70342458416857,5.27256563107974,100,133,107.0,105.0,110.0,163.79740172300347,13.341119030111456,120,186,165.0,158.0,174.0,IMG20200713144823.jpg,unripe
107.97925201653284,26.518486532222507,54,233,109.0,88.0,126.0,112.5911126891353,4.845774848031698,104,140,111.0,109.0,114.0,165.60466852387975,11.378227393196477,126,185,168.0,159.0,174.0,IMG20200713144832.jpg,unripe
75.74047267893884,51.65077553475372,0,188,86.0,2.0,117.0,116.82972815498626,7.680797520422168,104,130,114.0,110.0,127.0,155.28060304801443,18.823383372619215,126,185,159.0,130.0,172.0,IMG20200713144832.jpg,unripe
119.151098851077,26.92583303158223,64,246,120.0,98.0,138.0,112.05693632672384,4.99800757831069,103,140,111.0,109.0,114.0,166.71957903170008,11.844108305889767,125,186,169.0,160.0,176.0,IMG20200713144832.jpg,unripe
105.97917918464704,28.748795914533993,0,228,108.0,86.0,126.0,112.68298100908578,5.031613578221812,104,141,111.0,109.0,114.0,165.4627738023707,11.668991703002497,126,185,168.0,159.0,174.0,IMG20200713144832.jpg,unripe
105.65427614209501,29.227311228387887,0,231,108.0,86.0,125.0,112.66385353507766,5.017368881807259,104,141,111.0,109.0,114.0,165.4149778773147,11.818824987359312,126,185,168.0,159.0,174.0,IMG20200713144832.jpg,unripe
92.58156707540606,40.25561385096726,0,208,97.0,74.0,116.5,111.91112723790428,7.182420576459365,99,130,110.0,107.0,114.0,155.95915848065658,13.899590883960432,119,180,159.0,149.0,166.0,IMG20200713144845.jpg,unripe
99.41966737242169,34.465584561189445,0,209,100.0,81.0,120.0,111.51873742172478,6.769819816858684,99,131,110.0,107.0,113.0,156.50961747080345,13.616945196784503,119,180,160.0,151.0,166.0,IMG20200713144845.jpg,unripe
108.11105541548521,25.630100582468685,61,204,105.0,89.0,124.0,112.51162251333578,5.885266290474715,101,132,111.0,109.0,115.0,154.36930190104965,12.45436956072634,119,177,157.0,149.0,163.0,IMG20200713144845.jpg,unripe
106.1911823017589,28.384507385443687,54,212,103.0,85.0,124.0,111.22394379895708,6.327562611450448,99,133,110.0,107.0,113.0,156.8015456783104,13.424132221179297,119,180,160.0,151.0,166.0,IMG20200713144845.jpg,unripe
92.70847579360033,33.78712014879851,28,216,89.0,68.0,114.0,109.37714251513134,6.948095017580623,96,134,108.0,105.0,112.0,158.60281454104725,14.673712135293648,117,185,162.0,151.0,169.0,IMG20200713144845.jpg,unripe
72.62254111099598,27.855084111716465,21,186,71.0,49.0,94.0,113.48820325335623,5.319489995868985,103,140,113.0,109.0,116.0,156.20543656843446,10.957401827214488,125,176,158.0,148.0,165.0,IMG20200713144855.jpg,unripe
97.2240789804769,38.84450636255559,0,224,101.0,74.0,126.0,112.05765160373588,6.445610791614943,101,136,111.0,107.0,115.0,160.15003478338093,12.964091457909984,126,182,163.0,153.0,169.0,IMG20200713144855.jpg,unripe
96.8042953775107,40.57939897854983,0,227,100.0,73.0,127.0,112.14596438773849,6.596377039958365,101,139,111.0,107.0,115.0,160.07847722798655,13.105806133341014,125,182,163.0,153.0,169.0,IMG20200713144855.jpg,unripe
106.13714273027338,29.340911538655774,54,227,105.0,81.0,129.0,111.66244578973077,5.836114553796036,101,139,111.0,107.0,115.0,161.1250055505395,11.497565559254687,125,182,163.0,154.0,169.0,IMG20200713144855.jpg,unripe
141.5690265093767,28.35174701777051,91,255,140.0,117.0,164.0,111.3730406595521,6.0008044736526065,100,138,110.0,107.0,115.0,160.9565059723805,11.898206579015255,126,186,163.0,153.0,170.0,IMG20200713144855.jpg,unripe
94.20034626324251,31.57798107783648,32,233,92.0,70.0,115.0,108.21302609340863,5.8500792589871065,98,144,107.0,104.0,111.0,165.82148480976133,12.090752102908942,127,191,166.0,158.0,175.0,IMG20200713144905.jpg,unripe
98.30231254379818,35.285093818196756,0,220,101.0,81.0,121.0,110.38480563914423,5.903487625014086,101,139,109.0,106.0,113.0,163.35732717754234,11.968941327384792,124,183,165.0,157.0,172.0,IMG20200713144905.jpg,unripe
96.36673399563048,36.38536788686631,0,216,99.0,80.0,120.0,110.78571251906509,6.347047313751265,102,139,109.0,106.0,113.0,162.55903376066615,12.834019545734321,124,183,165.0,157.0,172.0,IMG20200713144905.jpg,unripe
104.07205573189331,26.02133372042695,54,220,102.0,84.0,121.0,110.08640916773156,5.203693229678296,101,139,109.0,106.0,112.0,164.03977905107382,10.417053381983933,127,183,165.0,157.0,172.0,IMG20200713144905.jpg,unripe
111.26696895997362,27.091370955331904,58,232,109.0,90.0,129.0,109.28246011789439,5.431175558681701,101,140,108.0,105.0,112.0,165.5672369017684,10.885569790261961,127,186,166.0,158.0,174.0,IMG20200713144905.jpg,unripe
95.14915309534814,34.99700353153433,0,230,97.0,78.0,119.0,110.57743581378067,5.864782707553632,101,134,109.0,107.0,112.0,162.09059025040102,12.159969651657429,126,187,164.0,157.0,170.0,IMG20200713144909.jpg,unripe
99.46567521274571,28.483223434945515,0,226,98.0,81.0,119.0,110.16619994018652,5.107118656243522,101,139,109.0,107.0,112.0,162.97190578468957,10.561133518409122,126,187,164.0,158.0,170.0,IMG20200713144909.jpg,unripe
97.92042086947065,26.809432946818255,45,234,95.0,77.0,117.0,109.29162701757248,4.947488712942104,100,140,108.0,106.0,111.0,164.3689767361772,10.1738062995965,125,189,165.0,159.0,172.0,IMG20200713144909.jpg,unripe
101.95127013041153,25.098049026173616,54,230,99.0,82.0,119.0,110.01456367871093,4.774550387681987,101,138,109.0,107.0,112.0,163.24658564657477,10.00117157394993,125,187,164.0,158.0,170.0,IMG20200713144909.jpg,unripe
92.29455425355482,37.74145769105489,0,225,96.0,77.0,117.0,110.91491077820976,6.335191689045649,101,137,109.0,107.0,112.0,161.33636025846678,12.996245425460224,126,187,163.0,157.0,170.0,IMG20200713144909.jpg,unripe
170.21439420057584,26.45903871664781,118,255,170.0,149.0,189.0,109.27931159791653,5.594084035820318,99,140,108.0,105.0,112.0,168.22131735634218,13.300472041902019,128,196,168.0,160.0,178.0,IMG20200713144918.jpg,unripe
93.3984029220749,37.794076155571204,0,227,100.0,76.0,119.0,112.62499417634946,6.074290525773504,103,141,111.0,109.0,114.0,161.83683528852694,14.03641396158749,126,187,164.0,156.0,172.0,IMG20200713144918.jpg,unripe
77.16452511624007,48.17291593779241,0,169,87.0,52.0,115.0,115.46832399996273,7.7294524740058925,103,130,113.0,109.0,122.0,155.57460329292496,17.691670640698046,126,187,159.0,142.0,170.0,IMG20200713144918.jpg,unripe
95.28513524846022,35.94609547964626,0,228,101.0,77.0,120.0,112.3927935818712,5.816104211795047,103,141,111.0,109.0,114.0,162.41241695474324,13.434458218161545,126,187,164.0,157.0,172.0,IMG20200713144918.jpg,unripe
82.69180309538673,24.03494714604666,35,202,82.0,65.0,99.0,113.11295086702509,4.319811675418167,105,141,112.0,110.0,115.0,160.58398635868096,9.945350264508077,126,182,161.0,155.0,168.0,IMG20200713144918.jpg,unripe
108.31763249587384,24.95012040239096,54,226,110.0,90.0,126.0,110.38628278012104,5.945515409506456,102,143,109.0,106.0,114.0,165.14325142123602,11.392053503566125,127,184,168.0,159.0,174.0,IMG20200713144926.jpg,unripe
164.63644782688428,25.871415048891706,108,255,166.0,145.0,183.0,108.37650834403081,6.687131795901889,99,142,106.0,103.0,112.0,168.5990097194205,13.096137592890265,128,190,172.0,161.0,179.0,IMG20200713144926.jpg,unripe
98.31813680542821,38.47464648573716,0,217,106.0,80.0,125.0,110.99448010269576,6.9726540579853955,102,142,109.0,106.0,114.0,163.43757564643315,14.02266510901513,126,184,168.0,157.0,174.0,IMG20200713144926.jpg,unripe
84.38487988263341,48.29807273275585,0,181,97.0,57.0,122.0,113.850660187053,8.534031668558372,102,139,111.0,106.0,121.0,157.557262057583,17.57846139851034,126,184,163.0,146.0,172.0,IMG20200713144926.jpg,unripe
157.7109022556391,27.103172758313914,99,255,159.0,138.0,177.0,107.77836970474968,6.856019703976098,98,142,106.0,103.0,112.0,170.10087108013937,13.412570953213281,128,191,173.0,162.0,181.0,IMG20200713144926.jpg,unripe
53.810325201966705,22.52545531976706,6,155,55.0,38.0,70.0,115.74761671383176,5.619627113496929,105,145,114.0,111.0,119.0,148.85944540179912,12.624810720176251,114,173,150.0,139.0,159.0,IMG20200713144933.jpg,unripe
107.51627590786208,23.841407582330778,54,217,109.0,90.0,124.0,111.30550329628635,5.844627241635897,102,144,110.0,107.0,114.0,164.14830917110652,11.087022606808082,126,180,167.0,159.0,172.0,IMG20200713144933.jpg,unripe
106.71651937457511,24.75577414621836,0,215,108.0,90.0,124.0,111.33117796784342,5.896135521001341,102,144,110.0,107.0,114.0,164.08877839786254,11.205002629687531,126,180,167.0,159.0,172.0,IMG20200713144933.jpg,unripe
99.513944002656,36.39980326454165,0,214,107.0,85.0,123.0,111.89187864607213,6.714942674782444,102,144,110.0,107.0,115.0,162.7893933884559,13.257516098574143,126,180,167.0,158.0,172.0,IMG20200713144933.jpg,unripe
99.63544812103774,25.474053455679954,42,215,101.0,82.0,118.0,110.84784120911262,6.021406183147589,101,145,109.0,106.0,114.0,164.94102256019477,11.192255711138456,126,182,168.0,160.0,173.0,IMG20200713144933.jpg,unripe
104.9788397092745,25.498742498280784,55,215,104.0,84.0,126.0,112.02895068982025,4.872940767717983,103,137,111.0,109.0,114.0,161.77545371458416,9.361379707829702,128,181,162.0,158.0,168.0,IMG20200713144941.jpg,unripe
97.6940679810245,26.79917307456224,45,212,96.0,75.0,120.0,111.66559603081342,4.994828564091174,102,138,111.0,108.0,114.0,162.3998868433651,9.595845580955071,128,182,163.0,158.0,169.0,IMG20200713144941.jpg,unripe
102.33225399312356,29.240010561447022,0,212,102.0,82.0,125.0,112.17050093571832,5.133147509766224,103,137,111.0,109.0,114.0,161.48428428428429,9.922373939433253,126,181,162.0,158.0,168.0,IMG20200713144941.jpg,unripe
134.03574879227054,20.792998882776605,94,226,133.0,117.0,151.0,113.90594072333202,4.35543750768274,106,134,113.0,111.0,116.0,156.6423989206598,8.338890782925178,128,174,157.0,153.0,162.0,IMG20200713144941.jpg,unripe
97.80904382643513,34.28723332644259,0,215,99.0,77.0,124.0,112.7153675414545,5.66640055180736,103,137,111.0,109.0,115.0,160.37256386821605,11.068046924259487,126,181,162.0,157.0,168.0,IMG20200713144941.jpg,unripe
143.28040834630298,24.80432975987359,94,255,144.0,124.0,159.0,113.3633350040008,5.221282445705446,104,141,112.0,109.0,116.0,160.835324944824,11.635020104820525,124,183,161.0,154.0,171.0,IMG20200713144956.jpg,unripe
106.02700326219806,26.83163863473821,1,224,107.0,85.0,124.0,113.37774670922472,5.148213470745302,104,143,112.0,110.0,116.0,161.86281182129133,11.468957027594751,124,183,163.0,156.0,171.0,IMG20200713144956.jpg,unripe
104.33590088545377,29.562404067679807,0,224,107.0,84.0,124.0,113.45130004308564,5.282927876033319,104,143,112.0,110.0,116.0,161.696272652932,11.821313866693602,124,183,163.0,156.0,171.0,IMG20200713144956.jpg,unripe
115.60029720295093,27.38487721504578,61,241,117.0,94.0,134.0,112.83999402076904,5.337723654384976,103,144,112.0,109.0,115.0,162.99896242756776,11.92729029344882,124,184,164.0,157.0,173.0,IMG20200713144956.jpg,unripe
106.48976056697178,26.671830918527206,53,228,108.0,86.0,124.0,113.37320073509369,5.147174271806169,104,143,112.0,110.0,116.0,161.88023072797137,11.447651227312488,124,183,163.0,156.0,171.0,IMG20200713144956.jpg,unripe
101.70241136059754,43.550449955873276,0,218,112.0,82.0,131.0,113.73934252386002,6.6098404120440595,102,140,112.0,109.0,116.0,162.57333210383143,14.482453982002198,125,185,166.0,157.0,173.0,IMG20200713145006.jpg,unripe
112.92423809304256,27.85093593889673,54,218,114.0,92.0,132.0,112.98632486513901,5.610023698496298,102,141,112.0,109.0,116.0,164.5285536447047,11.27959147164682,125,185,166.0,158.0,173.0,IMG20200713145006.jpg,unripe
127.30835907602932,32.32582554854509,58,248,128.0,103.0,150.0,110.90520540366084,6.433241562302489,98,144,110.0,106.0,114.0,169.71615104430816,12.734406255970878,125,192,172.0,162.0,179.0,IMG20200713145006.jpg,unripe
109.64537784130204,32.210755509436005,0,216,113.0,90.0,132.0,113.15692747475678,5.855429668460128,102,141,112.0,109.0,116.0,164.13955461293745,11.951879935947291,125,185,166.0,157.0,173.0,IMG20200713145006.jpg,unripe
133.60533911199227,29.18516754130078,71,244,134.0,112.0,154.0,111.88611738669371,5.99755244600463,100,142,111.0,108.0,115.0,166.83622112591635,12.206271993062572,125,190,169.0,159.0,176.0,IMG20200713145006.jpg,unripe
109.10404292509848,31.313427319535204,0,224,110.0,87.0,129.0,112.96820620744232,5.926972922647519,101,139,112.0,109.0,115.0,163.49675191971545,12.050425737269368,125,185,165.0,158.0,172.0,IMG20200713145011.jpg,unripe
143.57312311398283,29.966069011746143,86,255,144.0,120.0,163.0,111.74162325747233,6.170072930865221,99,138,111.0,108.0,114.0,165.62362271829969,12.775197860246482,124,190,167.0,159.0,175.0,IMG20200713145011.jpg,unripe
110.8487272917011,29.170227485777833,54,227,111.0,88.0,130.0,112.8882869094103,5.79954094563782,101,138,112.0,109.0,115.0,163.64309380734144,11.820335718021857,124,186,165.0,158.0,172.0,IMG20200713145011.jpg,unripe
129.42453757250567,29.690636897712814,72,248,130.0,106.0,148.0,112.20266803488968,6.0184223081487636,100,138,111.0,108.0,115.0,164.91927194302164,12.406952817131602,124,189,166.0,159.0,174.0,IMG20200713145011.jpg,unripe
73.67854005965684,55.01389666278713,0,226,85.0,0.0,119.0,117.73408353697246,8.163309518014458,101,139,116.0,111.0,128.0,152.19283248254212,18.566084185457033,125,184,157.0,128.0,168.0,IMG20200713145011.jpg,unripe
46.24343201498787,25.092886089727287,3,156,43.0,26.0,64.0,118.93188116760341,5.682291337279726,107,139,118.0,115.0,123.0,144.52063853851,14.44633826077705,109,173,145.0,134.0,156.0,IMG20200713145018.jpg,unripe
98.38101651601094,31.720695955506336,0,214,98.0,80.0,120.0,114.31860447046026,4.947844166763753,104,135,114.0,111.0,116.0,160.32869710861888,10.619207806212692,126,181,160.0,157.0,168.0,IMG20200713145018.jpg,unripe
54.48808999628757,23.450985835389588,11,156,52.0,36.0,71.0,117.38678373781588,4.198044462049206,108,136,117.0,114.0,120.0,150.68986505737004,10.382522688217234,123,171,152.0,143.0,159.0,IMG20200713145018.jpg,unripe
103.0210486328749,26.529879390007924,54,220,100.0,82.0,121.0,114.09526276256831,4.562124350121971,104,136,114.0,111.0,116.0,160.89886641283985,9.544458153299159,125,181,161.0,157.0,168.0,IMG20200713145018.jpg,unripe
88.60073212636087,40.85897205276834,0,220,92.0,69.0,116.0,115.68017819679349,5.940438191011852,104,134,115.0,112.0,118.0,157.21606361211116,13.125955822653113,125,180,159.0,153.0,166.0,IMG20200713145018.jpg,unripe
89.01428346511791,23.26392146525644,41,189,89.0,72.0,106.0,114.64130396753201,4.1748457392303004,107,142,114.0,112.0,117.0,158.57377895178783,9.721887371669899,124,177,159.0,153.0,167.0,IMG20200713145026.jpg,unripe
105.93818662095025,25.582959337287626,53,217,107.0,86.0,124.0,113.20991358197467,4.609991647066655,105,144,112.0,110.0,115.0,161.84018788048422,10.786200109628508,124,183,162.0,156.0,171.0,IMG20200713145026.jpg,unripe
101.75662130011895,31.178841730870026,0,214,105.0,84.0,124.0,113.3599993002589,4.8804556220275614,106,141,112.0,110.0,115.0,161.47953257294802,11.494641969876456,126,183,162.0,156.0,171.0,IMG20200713145026.jpg,unripe
84.14731299419215,45.64761018120975,0,177,94.0,62.0,119.0,115.50082219578756,6.690749461476805,105,130,114.0,110.0,118.0,156.1576429221188,15.678334605404,125,183,158.0,150.0,169.0,IMG20200713145026.jpg,unripe
144.5936603456721,23.704379392446267,96,249,145.0,126.0,162.0,113.2567874886292,4.715522867112979,105,142,113.0,110.0,116.0,160.61182737387168,10.956322710597469,124,183,161.0,155.0,170.0,IMG20200713145026.jpg,unripe
109.06124158622235,28.498937567325125,54,184,111.0,84.0,132.0,110.8392055250879,5.857001942302643,100,134,109.0,107.0,114.0,160.73153839410085,11.18101779383706,128,185,163.0,155.0,169.0,IMG20200713145036.jpg,unripe
102.20268071966413,37.864188375543776,0,183,107.0,78.0,131.0,111.30084064719118,6.5894083596512925,100,137,109.0,107.0,114.0,159.81152163960294,12.527263494078092,126,185,162.0,153.0,169.0,IMG20200713145036.jpg,unripe
100.06402750854771,40.1292535331879,0,184,106.0,76.0,131.0,111.48262694941505,6.778383341849087,100,137,109.0,107.0,115.0,159.44504622098404,12.8952073513462,126,185,162.0,153.0,169.0,IMG20200713145036.jpg,unripe
123.52216561626355,25.36691736718875,75,192,125.0,102.0,144.0,112.05229936001714,5.529731888802393,101,132,110.0,108.0,115.0,157.9230169785406,10.626956237042656,128,182,160.0,152.0,165.0,IMG20200713145036.jpg,unripe
91.71343963997312,25.626099338612757,43,160,93.0,70.0,113.0,112.57580923250762,5.271994605862792,103,134,111.0,109.0,115.0,157.31865691269152,9.982441445149965,128,179,159.0,152.0,165.0,IMG20200713145036.jpg,unripe
171.79265029828028,26.932567409416073,115,248,172.0,150.0,192.0,109.07075529672034,5.946414133727075,96,129,107.0,105.0,112.0,163.87285980354156,11.28649912624429,126,189,166.0,158.0,172.0,IMG20200713145100.jpg,unripe
112.19386800034034,26.69875048782896,55,191,113.0,91.0,132.0,110.34207217342801,5.456139706056538,100,129,109.0,107.0,113.0,162.33868756677035,10.26222463163507,127,183,164.0,157.0,170.0,IMG20200713145100.jpg,unripe
81.2292645571176,53.945909747723626,0,191,92.0,38.0,125.0,115.09865466612463,8.791190509296282,100,130,112.0,108.0,127.0,153.39111115312983,17.116357961783944,126,183,159.0,129.0,168.0,IMG20200713145100.jpg,unripe
107.53236648293988,34.14707058554425,0,189,111.0,87.0,132.0,110.489548372458,5.791318431479702,100,130,109.0,107.0,113.0,162.00647613285054,11.022483866836016,126,183,164.0,157.0,170.0,IMG20200713145100.jpg,unripe
140.447514961285,27.22985223681351,83,221,141.0,119.0,161.0,109.39476047762662,5.779660655150169,98,129,108.0,105.0,112.0,163.73825078233577,10.988670693095445,126,188,166.0,158.0,171.0,IMG20200713145100.jpg,unripe
113.66967188885604,31.674812845651548,54,224,113.0,89.0,136.0,112.3854339571159,6.014386424380949,104,142,111.0,108.0,115.0,164.98350349030218,13.6151781666212,128,186,167.0,159.0,176.0,IMG20200713145109.jpg,unripe
101.53443689033402,45.72733302463688,0,220,108.0,76.0,134.0,112.86578821710361,6.538209420542687,104,140,111.0,108.0,115.0,163.42456627026536,15.67809876359032,126,186,166.0,157.0,176.0,IMG20200713145109.jpg,unripe
136.91707405807318,29.928034136781175,80,243,136.0,114.0,158.0,112.40656904431661,6.016537843695367,104,140,111.0,108.0,115.0,164.13786125196117,13.650933580269779,128,187,166.0,157.0,175.0,IMG20200713145109.jpg,unripe
101.83596716614748,45.44989754565452,0,222,108.0,77.0,135.0,112.93839105027399,6.764219733594571,104,141,111.0,108.0,115.0,163.46932626935583,15.904376401782025,126,186,167.0,157.0,176.0,IMG20200713145109.jpg,unripe
164.13140362445714,32.24558036839857,103,255,163.0,139.0,187.0,110.85031492303145,6.6742041884660335,101,141,109.0,106.0,113.0,167.49496350530936,15.030475748263491,128,193,170.0,160.0,180.0,IMG20200713145109.jpg,unripe
96.74984995066174,42.664354287706956,0,209,99.0,76.0,127.0,113.03707998901334,6.954083882623621,103,130,111.0,108.0,116.0,160.66053244626198,15.276173978339068,126,184,163.0,154.0,173.0,IMG20200713145136.jpg,unripe
107.76211839147109,23.80215221340271,64,194,105.0,89.0,125.0,114.69095940020956,5.28385969824513,106,134,113.0,111.0,117.0,156.75798821985535,11.195306386842311,126,177,158.0,151.0,166.0,IMG20200713145136.jpg,unripe
136.25796278776411,32.82925289391394,76,254,133.0,110.0,160.0,110.26300851466415,6.968487138648852,99,137,109.0,105.0,113.0,166.85635954873297,14.806049112193765,125,192,168.0,159.0,179.0,IMG20200713145136.jpg,unripe
108.6167994221829,29.48836807997629,54,214,106.0,85.0,130.0,112.36186813969339,6.131022823775472,103,136,111.0,108.0,115.0,162.4657124546037,12.992533609034018,126,184,164.0,156.0,173.0,IMG20200713145136.jpg,unripe
97.89301227861364,41.445814072307435,0,207,100.0,76.0,127.0,112.97061067537462,6.833340412810899,103,130,111.0,108.0,116.0,161.04249193802707,14.8475628537602,126,184,164.0,154.0,173.0,IMG20200713145136.jpg,unripe
68.9319895315181,56.50878627648941,0,192,79.0,0.0,113.0,117.62716432396832,8.865292699911011,103,130,115.0,109.0,128.0,150.43672981264191,19.118492518893,126,185,155.0,128.0,167.0,IMG20200713145141.jpg,unripe
104.23280239873823,37.74966941464691,0,208,106.0,86.0,127.0,112.10657399864812,6.464351035886674,103,140,111.0,107.0,114.0,163.02752309478828,13.988630775215627,126,185,165.0,157.0,173.0,IMG20200713145141.jpg,unripe
111.17247863840407,29.300205127872086,54,217,108.0,90.0,129.0,111.84601452415204,6.017815921401106,103,140,111.0,107.0,114.0,163.7810544742361,12.74827424086005,125,185,165.0,158.0,173.0,IMG20200713145141.jpg,unripe
84.7645891467494,31.27280755159009,21,196,82.0,62.0,104.0,112.37211640119936,6.004719159181188,103,142,111.0,108.0,114.0,161.08230063954798,13.100551385298145,125,184,163.0,153.0,171.0,IMG20200713145141.jpg,unripe
99.9268766140354,42.711537030058224,0,210,105.0,83.0,126.0,112.36737612007556,6.6252629448464155,103,136,111.0,107.0,114.0,162.3059864464357,14.881420279566349,125,185,165.0,157.0,173.0,IMG20200713145141.jpg,unripe
78.45329732922661,51.83693944062089,0,225,90.0,40.0,120.0,115.93098181511328,8.660925122892674,103,141,114.0,108.0,127.0,152.99105522973713,17.309692509650386,126,182,158.0,132.0,169.0,IMG20200713145148.jpg,unripe
110.43001561115565,25.977474774956143,53,225,113.0,92.0,128.0,111.7410067085777,6.246723272785753,103,141,110.0,107.0,114.0,161.69456141091092,11.977534187674232,126,182,164.0,157.0,170.0,IMG20200713145148.jpg,unripe
129.35736888738873,21.033481725793656,84,224,131.0,114.0,144.0,113.88033416311548,5.497779291517628,105,138,112.0,110.0,116.0,156.40567908527066,10.524549619938583,126,175,159.0,152.0,164.0,IMG20200713145148.jpg,unripe
99.82189781021899,39.624882469298626,0,209,110.0,82.0,127.0,112.28126239399181,7.002377580964024,103,130,110.0,107.0,115.0,160.360702080081,14.131340014199326,126,182,164.0,156.0,170.0,IMG20200713145148.jpg,unripe
96.52810429939665,43.09679968714081,0,224,108.0,76.0,126.0,112.86313657651576,7.380160929407134,103,141,110.0,107.0,116.0,159.28561664064807,14.773281414423431,126,182,164.0,152.0,170.0,IMG20200713145148.jpg,unripe
47.46880450940462,23.93247831478006,1,138,48.0,31.0,64.0,118.77952207872555,6.277677788072964,107,139,118.0,114.0,123.0,143.03384631247906,15.650336577606048,102,174,143.0,132.0,156.0,IMG20200713145208.jpg,unripe
110.71863480524837,27.593452437485798,0,183,112.0,94.0,129.0,112.62721796887755,5.599530289802342,104,130,111.0,109.0,114.0,163.85656346935443,11.91075483630377,126,184,168.0,160.0,172.0,IMG20200713145208.jpg,unripe
106.15570678558846,35.46892017937415,0,189,111.0,90.0,129.0,112.92292423890908,6.0653749389458875,104,130,111.0,109.0,115.0,163.1365968087026,13.241067586233001,126,184,168.0,160.0,172.0,IMG20200713145208.jpg,unripe
145.85823043676265,27.41988655473691,85,248,146.0,127.0,164.0,110.8766272265615,6.121996892989006,101,130,109.0,107.0,113.0,167.4735734110106,13.007788682157162,128,191,172.0,163.0,176.0,IMG20200713145208.jpg,unripe
112.20988322635527,25.603318339021303,54,207,113.0,95.0,129.0,112.56950137052218,5.5094888718223975,104,130,111.0,109.0,114.0,164.0079997250363,11.648274240718253,128,184,168.0,160.0,172.0,IMG20200713145208.jpg,unripe
103.2304663899121,29.52807220557243,0,222,103.0,84.0,124.0,113.6297725545226,7.254464934320236,104,142,111.0,108.0,117.0,159.55177454247792,11.308924252073991,126,180,162.0,155.0,168.0,IMG20200713145224.jpg,unripe
106.37886140832993,25.82180215152613,54,224,104.0,86.0,125.0,113.56930557991775,7.157725555476253,104,142,111.0,108.0,117.0,159.79978171470893,10.802169278751578,128,180,162.0,155.0,168.0,IMG20200713145224.jpg,unripe
99.1297433198854,34.846719399468995,0,184,102.0,82.0,122.0,113.79496774445029,7.428113538276321,104,142,111.0,108.0,117.0,158.98669824007484,12.264600351766571,126,180,162.0,154.0,168.0,IMG20200713145224.jpg,unripe
54.646553236274336,52.35615115922708,0,207,68.0,0.0,99.0,121.06815568418796,8.153086219183082,104,142,126.0,113.0,128.0,144.37520707868015,16.220408225585274,126,177,144.0,128.0,160.0,IMG20200713145224.jpg,unripe
110.04209787756534,22.483377679821974,64,213,108.0,92.0,126.0,114.90198600635367,6.444953978757438,106,140,113.0,110.0,118.0,156.281500321581,9.856136074077407,128,175,158.0,152.0,164.0,IMG20200713145224.jpg,unripe
98.40126515461108,39.75721842386451,0,211,103.0,80.0,124.0,111.70319949598148,6.3294925927483465,103,130,110.0,107.0,114.0,162.68715944694182,14.47305532431093,126,187,165.0,156.0,174.0,IMG20200713145237.jpg,unripe
85.34764507560278,28.084933069910928,31,212,84.0,64.0,104.0,111.92446533169868,4.908275138098929,104,132,111.0,108.0,114.0,160.98011170140308,11.295365004167005,127,184,161.0,153.0,170.0,IMG20200713145237.jpg,unripe
108.07049448304046,27.6682621382587,55,234,106.0,87.0,126.0,111.02971325432502,5.220701471243673,103,132,110.0,107.0,113.0,164.4168114017164,11.984428454163266,127,187,166.0,157.0,174.0,IMG20200713145237.jpg,unripe
106.01604856286609,29.94711526700884,0,231,105.0,86.0,126.0,111.0926644871271,5.354798277595353,103,131,110.0,107.0,113.0,164.23711858057484,12.319701955806563,126,187,166.0,157.0,174.0,IMG20200713145237.jpg,unripe
103.04032999591337,27.22328957354516,51,227,101.0,82.0,121.0,111.3697043999455,5.089264113457874,103,131,110.0,108.0,114.0,163.60311095218634,11.66796503441614,127,186,165.0,156.0,173.0,IMG20200713145237.jpg,unripe
95.43044456367248,42.25016918753326,0,190,100.0,73.0,126.0,113.5869407656322,5.957170341524866,104,135,112.0,110.0,116.0,162.925300501699,15.38939844536563,126,190,166.0,154.0,175.0,IMG20200713145248.jpg,unripe
96.52556029330096,41.46459851155815,0,189,101.0,77.0,125.0,113.48422895546832,5.937786599713142,104,133,112.0,110.0,115.0,163.20634606876948,15.294024195680063,126,190,166.0,156.0,175.0,IMG20200713145248.jpg,unripe
143.81523734221895,25.85465353730491,97,253,142.0,124.0,163.0,112.75027061625204,4.8440814546960365,104,132,112.0,109.0,115.0,164.2677171283615,12.636015733660567,129,192,166.0,156.0,175.0,IMG20200713145248.jpg,unripe
107.46618473441956,28.268616151220098,55,226,106.0,85.0,128.0,112.67880910023626,4.714834191286627,104,133,112.0,110.0,114.0,165.56437842976683,12.271863953085655,129,190,167.0,158.0,176.0,IMG20200713145248.jpg,unripe
104.65372415026496,31.97424538300432,0,187,104.0,83.0,128.0,112.82907406884478,4.984035126572208,104,135,112.0,110.0,115.0,165.14504089835182,12.980346210578155,126,190,167.0,158.0,176.0,IMG20200713145248.jpg,unripe
103.67680683636604,45.97746749667899,0,216,111.0,82.0,135.0,115.24235775442533,5.777048818981358,107,144,113.0,111.0,116.0,160.90585974231652,16.39785472805085,126,187,165.0,154.0,174.0,IMG20200713145253.jpg,unripe
107.4042925251992,40.91768675824943,0,219,111.0,85.0,135.0,115.07722256132769,5.473960454165778,107,143,113.0,111.0,116.0,161.55593315406568,15.459913273780085,125,187,165.0,154.0,174.0,IMG20200713145253.jpg,unripe
116.71014731840903,31.11063046586556,54,221,116.0,93.0,139.0,114.5507118465117,4.805582854330702,107,136,113.0,111.0,116.0,162.5905604038471,14.376120808778861,125,187,165.0,155.0,174.0,IMG20200713145253.jpg,unripe
62.518856096474586,30.69850082134289,5,164,62.0,39.0,85.0,118.39564808552056,5.059347495423595,109,147,117.0,114.0,122.0,149.03973307817938,16.095706734781785,109,180,150.0,135.0,163.0,IMG20200713145253.jpg,unripe
102.43495224112048,47.48756022695215,0,221,110.0,81.0,135.0,115.22517610571292,5.805860704663044,107,143,113.0,111.0,116.0,161.28226405133873,16.111025607188154,125,187,165.0,154.0,174.0,IMG20200713145253.jpg,unripe
150.8672555715158,24.109847579468855,102,219,149.0,131.0,170.0,111.1441411995424,5.378694927312647,101,129,111.0,108.0,113.0,161.37329801051084,9.615415869712018,128,184,162.0,158.0,168.0,IMG20200713145258.jpg,unripe
100.72892027421061,32.146043834502706,0,174,101.0,83.0,124.0,111.90166951944332,5.64549362460967,102,130,111.0,108.0,113.0,160.59839499058154,10.62242807419076,126,180,162.0,158.0,167.0,IMG20200713145258.jpg,unripe
89.57228993385571,26.39284022936423,35,162,88.0,68.0,110.0,111.51941751748221,5.297149371142913,101,130,111.0,108.0,113.0,160.9177798229845,9.61302814180852,128,181,162.0,156.0,168.0,IMG20200713145258.jpg,unripe
99.81824515529713,33.38057685790443,0,175,101.0,82.0,124.0,111.96264439493898,5.738415757574237,102,130,111.0,108.0,113.0,160.4313914382295,10.89383472154825,126,180,162.0,158.0,167.0,IMG20200713145258.jpg,unripe
95.44032822700648,36.25334605792195,0,175,97.0,77.0,123.0,112.76633608862818,6.214163158478535,102,130,112.0,108.0,115.0,159.0059865303068,11.738816424906839,126,180,161.0,155.0,167.0,IMG20200713145258.jpg,unripe
90.17435294553265,35.475201216383546,0,206,96.0,76.0,113.0,112.54007294405154,5.951026920426942,103,138,111.0,109.0,114.0,158.0646406487207,12.054976145479907,126,178,160.0,152.0,167.0,IMG20200713145308.jpg,unripe
86.5283630169956,36.85346974784901,0,205,93.0,72.0,111.0,113.13512237568038,6.291536262580144,103,130,112.0,109.0,115.0,157.04512718924724,12.645515070684128,126,178,159.0,152.0,167.0,IMG20200713145308.jpg,unripe
99.31701040470989,23.279537873447822,54,217,98.0,82.0,115.0,112.06487207020402,5.0144470223560695,103,136,111.0,109.0,114.0,159.28939719332024,9.866107366588357,127,178,160.0,153.0,167.0,IMG20200713145308.jpg,unripe
138.78710149220572,21.43998896568683,97,249,138.0,123.0,153.0,112.40545043877513,5.079268775370917,103,135,112.0,109.0,114.0,157.82407338838078,10.005764211775192,127,178,159.0,151.0,166.0,IMG20200713145308.jpg,unripe
76.52233680156996,44.197951001281545,0,176,86.0,47.0,110.0,114.62950346206539,7.2448855346542755,103,130,112.0,109.0,118.0,153.8869089495316,14.601629650982082,126,178,157.0,146.0,166.0,IMG20200713145308.jpg,unripe
102.47374105328672,24.987125346031362,53,213,102.0,83.0,120.0,111.10702191143898,5.437899906541098,103,140,110.0,107.0,113.0,159.96802064837357,10.23684730491749,126,178,162.0,154.0,168.0,IMG20200713145312.jpg,unripe
97.75458090025444,31.310759575559896,0,210,99.0,80.0,119.0,111.39107433780593,5.937506849361176,103,140,110.0,107.0,113.0,159.47537937725383,11.161645512357408,126,178,162.0,154.0,168.0,IMG20200713145312.jpg,unripe
72.79912683739406,21.679627021641988,29,168,72.0,56.0,88.0,113.63428764941698,4.608207131897536,106,139,113.0,110.0,115.0,154.8945065807538,8.667559164967537,126,170,156.0,150.0,162.0,IMG20200713145312.jpg,unripe
94.28707280016108,35.58345584041533,0,207,98.0,77.0,119.0,111.45083197569056,6.053690511225545,103,133,110.0,107.0,113.0,159.12607772428564,11.787650012316476,126,178,162.0,153.0,168.0,IMG20200713145312.jpg,unripe
95.29388237016968,23.94715826595662,48,201,95.0,77.0,112.0,111.82408610811108,5.198761265981623,104,139,111.0,108.0,114.0,158.58920170605356,9.779034269813447,126,176,160.0,153.0,167.0,IMG20200713145312.jpg,unripe
97.74663369057433,21.125850012336844,54,212,97.0,82.0,112.0,110.77751775124325,5.124622270062024,102,139,110.0,107.0,112.0,158.0385430240495,7.925992466840757,126,174,160.0,156.0,163.0,IMG20200713145316.jpg,unripe
85.5762394844383,36.645463148242534,0,210,92.0,73.0,110.0,111.80679733000026,6.628074534449007,102,139,110.0,107.0,114.0,155.85904493435808,10.868708139186552,126,171,159.0,155.0,163.0,IMG20200713145316.jpg,unripe
152.43946848212465,20.58295833069989,111,255,151.0,137.0,166.0,110.27643184497691,5.328782565938394,101,138,109.0,107.0,112.0,158.10318325665506,8.28184785857798,128,177,160.0,156.0,163.0,IMG20200713145316.jpg,unripe
88.66590431614499,33.25812282042892,0,209,93.0,76.0,110.0,111.45115194709642,6.183366046249455,102,139,110.0,107.0,113.0,156.63683748637078,9.973241134455874,126,174,159.0,155.0,163.0,IMG20200713145316.jpg,unripe
116.34481291386325,23.94182010079291,66,246,115.0,98.0,133.0,108.46370413708127,5.80144938271483,99,141,107.0,105.0,110.0,162.0198654362684,8.954720019333966,126,180,164.0,160.0,168.0,IMG20200713145316.jpg,unripe
82.95088956229542,34.802626035566085,0,206,85.0,68.0,105.0,111.53070704790352,6.44537913504485,101,130,110.0,107.0,113.0,154.8402174196181,11.210733083242825,126,174,157.0,151.0,163.0,IMG20200713145330.jpg,unripe
94.74120640102805,23.31039986701055,54,211,91.0,76.0,110.0,110.55903064192621,5.006037850134952,101,132,110.0,107.0,113.0,156.39117297189347,9.06165886419571,125,174,157.0,152.0,163.0,IMG20200713145330.jpg,unripe
107.46406585105368,21.222030438692425,71,215,104.0,90.0,122.0,111.71596523370005,4.747522528982162,102,132,111.0,108.0,114.0,154.2710451597218,8.633371361335906,125,173,155.0,150.0,161.0,IMG20200713145330.jpg,unripe
49.743585513462826,46.026757121886746,0,168,61.0,0.0,87.0,118.73784612178625,8.681209410857667,102,130,117.0,111.0,128.0,143.06823884899583,14.480102663227665,126,172,144.0,128.0,157.0,IMG20200713145330.jpg,unripe
112.01990118868792,24.78403035044699,69,236,108.0,92.0,129.0,109.29124156674105,5.391420545361973,99,132,109.0,105.0,112.0,158.3801283331452,9.797634335936534,125,178,159.0,153.0,166.0,IMG20200713145330.jpg,unripe
112.08058306339657,25.08855382857529,53,213,114.0,95.0,131.0,113.76333179083757,4.699704048649169,106,139,113.0,111.0,115.0,166.79689958352614,11.065858947953252,127,184,169.0,162.0,175.0,IMG20200713145338.jpg,unripe
98.2023137436372,42.852307449959774,0,175,109.0,80.0,130.0,114.55454881999074,5.69844794805612,106,137,113.0,111.0,116.0,164.31545580749653,14.771218023420834,126,184,169.0,160.0,175.0,IMG20200713145338.jpg,unripe
80.9937621471541,30.285080132424426,9,200,83.0,60.0,104.0,115.27333641832485,6.2749078190177245,104,148,114.0,111.0,119.0,158.27047663118927,16.71121188568141,110,186,162.0,146.0,172.0,IMG20200713145338.jpg,unripe
116.57503007866728,25.981126925658632,56,222,119.0,99.0,136.0,113.3117723276261,4.866033455304924,105,139,112.0,110.0,115.0,168.1116612679315,11.451102736445652,127,186,171.0,163.0,177.0,IMG20200713145338.jpg,unripe
63.75888014807959,57.26966800769169,0,209,68.0,0.0,118.0,119.48524757056919,7.714635684516612,106,130,118.0,112.0,128.0,150.10414622859787,20.054050758004568,126,182,152.0,128.0,170.0,IMG20200713145338.jpg,unripe
98.32929025861357,47.13107643837609,0,223,109.0,75.0,132.0,114.67861687184995,6.6649542985359425,104,137,112.0,109.0,118.0,162.27722878625136,15.521915524279894,126,187,167.0,157.0,172.0,IMG20200713145343.jpg,unripe
114.00098322729902,28.077338701342633,55,227,115.0,92.0,134.0,113.50368503676775,5.598644694172029,104,131,112.0,109.0,116.0,165.34500537056928,11.884270067494764,128,187,168.0,161.0,172.0,IMG20200713145343.jpg,unripe
95.10935305296208,30.73748780144932,29,217,96.0,72.0,117.0,113.65876229034124,5.997813423622651,103,135,112.0,109.0,117.0,164.26120796496735,13.13116013656934,128,189,168.0,156.0,173.0,IMG20200713145343.jpg,unripe
100.25894406345535,45.958693693473315,0,197,111.0,78.0,133.0,114.34157646864413,6.653771506752014,104,135,112.0,109.0,118.0,162.75399487730314,15.464316988516357,126,187,168.0,159.0,172.0,IMG20200713145343.jpg,unripe
68.45381310418904,55.704875843348745,0,190,79.0,0.0,117.0,119.63575972899281,7.640283417124282,105,135,119.0,112.0,128.0,150.56303395852268,18.964141772602474,126,187,156.0,128.0,168.0,IMG20200713145343.jpg,unripe
50.45099730648029,25.938043734217402,1,166,50.0,30.0,67.0,117.66043166734151,6.753930636311911,106,143,116.0,112.0,123.0,144.06792775029487,16.770417270423117,103,179,145.0,132.0,158.0,IMG20200713145350.jpg,unripe
92.36834322130873,40.63067893104111,0,215,100.0,74.0,119.0,113.4801066845061,6.055298678719945,105,130,112.0,109.0,115.0,159.66270267415453,13.621493227908646,126,184,161.0,156.0,168.0,IMG20200713145350.jpg,unripe
148.0979437705755,22.748437926385982,102,252,147.0,131.0,163.0,112.99269404784958,4.622807544635316,104,135,112.0,110.0,114.0,159.81802897734275,10.656310440882383,126,183,160.0,155.0,167.0,IMG20200713145350.jpg,unripe
103.44973857014594,27.168877768278904,0,215,104.0,85.0,121.0,112.64486030667395,4.848058011028126,104,137,112.0,109.0,114.0,161.74937063183282,10.912879345158839,126,184,162.0,157.0,169.0,IMG20200713145350.jpg,unripe
105.2124271605373,25.258488419094487,53,218,105.0,86.0,121.0,112.59327852402161,4.746516375431811,104,136,112.0,109.0,114.0,161.87260355967115,10.679437960360653,126,184,162.0,157.0,169.0,IMG20200713145350.jpg,unripe
151.91500347178948,28.120742727289933,98,255,151.0,131.0,170.0,111.1053999679527,6.317057211878366,100,137,110.0,106.0,114.0,164.45285487919952,13.416961830953666,127,192,166.0,158.0,175.0,IMG20200713145355.jpg,unripe
100.2838232414051,34.46187134653503,0,214,103.0,82.0,122.0,112.74753859027543,6.25958498696655,102,138,111.0,108.0,116.0,161.5144123773746,13.083974173509535,126,185,164.0,156.0,171.0,IMG20200713145355.jpg,unripe
96.17367849448965,38.960986370900194,0,208,101.0,77.0,121.0,112.95551658447131,6.548482594042566,102,137,111.0,108.0,116.0,160.86122634287037,13.91340661732914,126,185,163.0,155.0,171.0,IMG20200713145355.jpg,unripe
58.67066961026938,51.40014831913507,0,188,65.0,0.0,103.0,119.81464204960209,7.764578487513694,104,132,120.0,113.0,128.0,146.3194669467837,17.060871532694225,126,181,147.0,128.0,161.0,IMG20200713145355.jpg,unripe
106.56131714351844,27.277992415534836,53,215,105.0,87.0,124.0,112.51767051827585,5.805058643933008,102,138,111.0,108.0,115.0,162.10176794203002,12.04675972758587,127,185,164.0,156.0,171.0,IMG20200713145355.jpg,unripe
95.05164289582957,43.51175916983104,0,230,100.0,72.0,129.0,112.23531323343563,7.2435301825562854,100,138,111.0,107.0,115.0,161.90888246975987,15.013420685602691,126,185,165.0,155.0,173.0,IMG20200713145423.jpg,unripe
107.68892399350064,28.649802519689793,54,233,105.0,84.0,130.0,111.13262321718722,5.881922866437966,100,138,110.0,107.0,114.0,163.98191009207437,12.198475153177444,127,185,166.0,157.0,174.0,IMG20200713145423.jpg,unripe
120.53871637479689,28.56516021793822,67,246,118.0,97.0,143.0,110.80769994583859,6.018195039101943,100,137,110.0,106.0,113.0,164.49590178732623,12.540395511428677,127,186,166.0,157.0,174.0,IMG20200713145423.jpg,unripe
161.897499548655,27.904164892953286,109,255,159.0,139.0,183.0,110.19241740386352,6.3309309205526185,99,137,109.0,105.0,113.0,164.92810976710598,13.223019813551518,128,188,167.0,157.0,175.0,IMG20200713145423.jpg,unripe
103.9374887163748,33.706766269391956,0,231,103.0,82.0,129.0,111.33492507672865,6.27819890595874,101,138,110.0,107.0,114.0,163.57065354757177,12.93982210699619,126,185,166.0,157.0,174.0,IMG20200713145423.jpg,unripe
126.90984305697714,20.383382233718745,90,205,124.0,111.0,142.0,113.40333219606505,5.713642654965498,104,136,112.0,109.0,116.0,154.42704423973615,8.969580045170211,125,172,156.0,149.0,161.0,IMG20200713145428.jpg,unripe
93.87735509306646,29.33664509329894,0,181,93.0,77.0,114.0,112.19883240456424,6.4424145637368735,102,138,111.0,108.0,115.0,157.2269513628265,10.443528629163552,125,175,160.0,152.0,164.0,IMG20200713145428.jpg,unripe
63.518926039652754,20.49765094519369,26,140,61.0,47.0,79.0,114.59504719663369,5.1802508783675725,105,138,113.0,111.0,117.0,152.34789036733764,8.143981844172513,125,169,154.0,147.0,159.0,IMG20200713145428.jpg,unripe
98.22382387505212,23.55479679593349,55,186,95.0,80.0,116.0,112.0453011865499,6.156607823933926,102,138,111.0,108.0,115.0,157.66352022442095,9.632103304101356,125,175,160.0,152.0,164.0,IMG20200713145428.jpg,unripe
85.6591986049509,37.545058260776365,0,186,90.0,70.0,111.0,112.98256188634899,7.071288897471834,102,138,111.0,108.0,117.0,155.60971795746616,12.058099647865076,125,175,159.0,149.0,164.0,IMG20200713145428.jpg,unripe
129.54400129570394,23.191729646547294,87,231,127.0,112.0,144.0,118.19446896384176,4.4219669988755985,107,136,119.0,115.0,121.0,155.90255496619022,11.777978234799647,126,175,159.0,151.0,165.0,IMG20200713145435.jpg,unripe
132.26146495525774,29.537311595618043,78,255,129.0,110.0,150.0,116.31264526055796,5.2709220234614875,103,138,117.0,113.0,119.0,162.76083734866583,14.392587781981993,125,186,166.0,157.0,173.0,IMG20200713145435.jpg,unripe
99.55634287565292,32.81946001164041,0,226,100.0,81.0,120.0,117.55570312183666,5.202064381709316,105,138,118.0,114.0,120.0,160.14196866016115,13.836136962834972,126,183,164.0,155.0,170.0,IMG20200713145435.jpg,unripe
89.1126938494554,43.79537515335592,0,227,96.0,72.0,118.0,118.09203546989512,5.755172183193002,105,138,118.0,114.0,121.0,158.9265497833745,15.419831170128376,126,183,164.0,153.0,170.0,IMG20200713145435.jpg,unripe
105.99213669676479,28.32025296606603,54,228,103.0,85.0,124.0,117.28797829695914,4.879041585951041,105,139,118.0,114.0,120.0,160.5664736607685,13.288516357040663,125,183,164.0,156.0,170.0,IMG20200713145435.jpg,unripe
87.48938213533245,19.703005734163867,52,153,86.0,71.0,103.0,115.01907001812926,4.724849101012448,106,130,114.0,112.0,117.0,155.2438924004116,7.66513245376236,128,170,155.0,153.0,160.0,IMG20200713145443.jpg,unripe
112.56867068450194,18.292151138650247,80,174,111.0,97.0,126.0,115.3560977999902,4.6012651652045475,106,129,115.0,113.0,117.0,153.79580577196336,7.44177141743113,128,169,154.0,151.0,158.0,IMG20200713145443.jpg,unripe
84.12163261306286,32.181306937470715,0,160,87.0,68.0,106.0,114.5824489195943,5.697764149364079,104,130,114.0,111.0,116.0,156.19412024107012,10.255874662136282,126,173,158.0,154.0,162.0,IMG20200713145443.jpg,unripe
82.43104512714979,33.28466053705302,0,164,85.0,63.0,107.0,115.08240482140232,5.9123027830706345,104,130,114.0,111.0,117.0,155.52375912587584,10.629689775731906,126,173,157.0,153.0,162.0,IMG20200713145443.jpg,unripe
90.47267382037336,25.741971115031948,0,160,91.0,74.0,109.0,114.06733303934539,5.2494185643481925,104,130,113.0,111.0,116.0,157.24595031603704,8.964707856724734,126,173,158.0,155.0,163.0,IMG20200713145443.jpg,unripe
75.1510024849372,30.25576664859653,8,171,75.0,53.0,97.0,105.44631854852436,6.969809516275326,93,134,104.0,100.0,109.0,155.22024032406304,14.102819112883235,116,182,158.0,146.0,166.0,IMG20200713145452.jpg,unripe
115.83582394390169,35.49263740217269,0,215,118.0,95.0,140.0,103.0741055928107,7.6113516718926,90,131,101.0,98.0,106.0,162.2615481499132,13.893354718489315,120,186,165.0,156.0,172.0,IMG20200713145452.jpg,unripe
151.39098614562414,33.07696168729409,80,254,151.0,127.0,175.0,99.88146338972666,7.811587539283197,86,130,98.0,94.0,103.0,166.38312285121012,15.431487776681147,115,194,169.0,159.0,177.0,IMG20200713145452.jpg,unripe
93.97726963270586,59.295109410989184,0,216,112.0,53.0,139.0,107.53142764747932,12.444882375317269,90,133,102.0,98.0,121.0,157.52264526670524,18.831871496215722,120,187,164.0,135.0,172.0,IMG20200713145452.jpg,unripe
115.76937740409164,35.578923865067736,0,216,118.0,95.0,140.0,103.08105831092351,7.62248192212575,91,131,101.0,98.0,106.0,162.25653572522722,13.899116839223915,120,186,165.0,156.0,172.0,IMG20200713145452.jpg,unripe
60.90317013933274,28.13138611363763,3,171,62.0,41.0,82.0,115.36840086923175,6.410117424187224,104,141,114.0,111.0,118.0,150.30550026478699,16.24020629129613,104,177,153.0,138.0,164.0,IMG20200713145505.jpg,unripe
102.2545972498676,42.35994972129726,0,223,111.0,84.0,132.0,112.81836525994777,6.498343107353307,102,131,111.0,108.0,115.0,161.4164642720184,14.448771845060593,126,184,165.0,155.0,172.0,IMG20200713145505.jpg,unripe
61.38083672686766,28.014704094077775,3,171,62.0,41.0,82.0,115.25355636310513,6.260758706124163,104,141,114.0,111.0,118.0,150.77178101203413,15.942152652898017,105,177,154.0,139.0,164.0,IMG20200713145505.jpg,unripe
114.46996950384397,27.270801687769502,54,223,115.0,95.0,135.0,111.4468691221855,5.001397999828177,102,140,110.0,108.0,114.0,164.46613465787695,10.899457208119204,126,184,167.0,159.0,172.0,IMG20200713145505.jpg,unripe
103.65237121308961,41.62651517780369,0,212,112.0,88.0,133.0,112.06263581746133,6.002764650924996,102,130,110.0,108.0,114.0,162.9726538960209,13.554873742161694,126,184,166.0,158.0,172.0,IMG20200713145505.jpg,unripe
116.82679036889772,33.272839152085744,0,224,116.0,92.0,141.0,112.58480229732714,5.310988529470065,103,137,111.0,109.0,114.0,164.11812679478683,13.14486741367138,125,185,166.0,157.0,175.0,IMG20200713145512.jpg,unripe
107.71706648994919,45.894976313008264,0,224,114.0,85.0,140.0,113.19635962005744,6.156186211759221,103,136,111.0,109.0,115.0,162.83318754141817,15.113215258081441,126,185,166.0,157.0,175.0,IMG20200713145512.jpg,unripe
106.66527059863044,46.898522623940565,0,225,113.0,81.0,140.0,113.86383035122597,6.679277991760072,103,137,112.0,109.0,116.0,161.67020985199912,16.06324118484913,125,185,165.0,153.0,175.0,IMG20200713145512.jpg,unripe
139.3269361608129,36.13352040660747,67,255,138.0,112.0,166.0,110.5263529931522,5.934756943604274,99,138,109.0,107.0,113.0,168.88424121935057,14.743451165834395,125,192,171.0,161.0,181.0,IMG20200713145512.jpg,unripe
92.60639717252043,30.927891732538676,29,195,92.0,69.0,115.0,113.76319858626022,4.88770810278248,104,137,113.0,111.0,116.0,161.11802076430308,12.141791194456207,126,181,163.0,154.0,171.0,IMG20200713145512.jpg,unripe
106.62074061984295,44.69107782431582,0,216,113.0,85.0,140.0,113.06729775311463,6.430045741700472,102,135,112.0,109.0,115.0,162.46809205157498,14.487052856569848,126,184,166.0,157.0,173.0,IMG20200713145518.jpg,unripe
102.88668552672144,34.3881065504287,33,217,102.0,77.0,130.0,111.8973759135339,5.741376906186919,101,140,111.0,108.0,114.0,164.81609633135665,12.812861298922998,125,187,167.0,157.0,175.0,IMG20200713145518.jpg,unripe
78.63704368641532,32.68080118615642,12,187,78.0,55.0,105.0,113.8871570280906,5.637355644205439,103,144,113.0,110.0,117.0,158.5649402462688,14.05037955894676,119,181,162.0,148.0,170.0,IMG20200713145518.jpg,unripe
116.21420669894637,31.20743632439215,54,222,116.0,93.0,141.0,112.41269970803184,5.426949389015596,102,136,111.0,109.0,115.0,163.8518125600711,12.137819090504212,125,184,166.0,158.0,173.0,IMG20200713145518.jpg,unripe
112.03898046896252,37.31246252236908,0,218,115.0,89.0,141.0,112.62878334512087,5.820735999559404,102,135,111.0,109.0,115.0,163.43322815225866,12.950495675097551,126,184,166.0,158.0,173.0,IMG20200713145518.jpg,unripe
90.23794477848371,48.96258584774502,0,189,104.0,65.0,127.0,113.5328058730348,8.217140822227355,101,130,110.0,107.0,119.0,156.79847212522782,16.89121890328199,126,183,162.0,145.0,169.0,IMG20200713145532.jpg,unripe
142.68747551482736,29.01855222631757,78,255,145.0,121.0,163.0,109.07452009061643,6.696570835505264,98,141,107.0,104.0,112.0,165.53716636290858,14.372939698548969,125,189,168.0,159.0,176.0,IMG20200713145532.jpg,unripe
113.82845900969187,26.937432959172767,54,230,116.0,94.0,133.0,110.81361460764107,6.045692039546459,101,140,109.0,107.0,113.0,162.23389940213596,12.91426260774886,125,183,165.0,157.0,172.0,IMG20200713145532.jpg,unripe
108.25216747006421,34.09158852503662,0,226,114.0,90.0,132.0,110.99968488647397,6.4110378910137715,101,141,109.0,107.0,113.0,161.8687850244426,13.588992275251178,126,183,165.0,156.0,172.0,IMG20200713145532.jpg,unripe
123.37733567255447,23.054886415050035,72,225,125.0,106.0,140.0,112.55001788482174,5.532976636502864,103,138,111.0,109.0,115.0,158.26329864245687,11.764860639273877,126,177,160.0,153.0,167.0,IMG20200713145532.jpg,unripe
149.90642458100558,26.62494230705258,104,255,145.0,129.0,169.0,112.38030974182672,5.231299682075303,102,134,112.0,109.0,114.0,161.37772305047767,11.79694634759154,126,185,161.0,155.0,170.0,IMG20200713145541.jpg,unripe
105.89464811080626,29.68899554434531,54,228,101.0,83.0,127.0,111.961141780437,5.3434311875795935,102,137,112.0,108.0,114.0,163.57714621004266,11.935983850943234,125,186,163.0,157.0,172.0,IMG20200713145541.jpg,unripe
97.71217480413871,33.18657876535443,38,233,92.0,72.0,122.0,111.02958579881657,5.7930706998635335,100,141,111.0,107.0,113.0,165.23572774453737,12.716718754650767,125,190,165.0,159.0,175.0,IMG20200713145541.jpg,unripe
98.5305196522429,38.25035990008334,0,226,97.0,78.0,125.0,112.38627648672771,6.017813223009174,102,140,112.0,108.0,114.0,162.6302436283098,13.302018297631923,125,186,163.0,157.0,172.0,IMG20200713145541.jpg,unripe
87.8057336947539,47.36686971170635,0,203,90.0,65.0,124.0,114.27917258933589,7.239263148565678,102,137,113.0,109.0,117.0,159.16670523288485,16.51342215150147,125,186,162.0,152.0,172.0,IMG20200713145541.jpg,unripe
80.752894208383,31.862948152072132,12,213,80.0,58.0,101.0,114.46987383091583,5.677611066155962,103,137,113.0,110.0,117.0,156.7878807274124,15.742467788591359,116,189,160.0,145.0,168.0,IMG20200713145548.jpg,unripe
94.93088302357769,42.8617890522631,0,206,103.0,77.0,121.0,114.3499611972062,6.270129713523589,104,132,112.0,110.0,116.0,160.45322463217352,15.304865220682425,125,185,164.0,155.0,171.0,IMG20200713145548.jpg,unripe
100.0269459401077,25.144345748367645,48,206,99.0,82.0,116.0,114.74431759086654,4.905668143515883,105,129,113.0,112.0,116.0,159.91520989511244,12.178478799121391,126,181,162.0,156.0,168.0,IMG20200713145548.jpg,unripe
110.8071941179765,27.269320947003184,55,226,109.0,91.0,128.0,113.66509588690386,5.296371118227267,104,129,112.0,110.0,115.0,162.55888023937723,13.174431148737508,126,185,164.0,158.0,172.0,IMG20200713145548.jpg,unripe
87.89300029602131,49.725074417898405,0,189,101.0,62.0,120.0,116.0679968957765,6.939116056886585,104,132,113.0,111.0,122.0,157.75199814386636,17.176467557167452,124,185,163.0,149.0,169.0,IMG20200713145548.jpg,unripe
106.67586834379192,35.087697781367616,0,220,110.0,86.0,129.0,111.91815103507143,6.8317864153152215,102,140,110.0,107.0,114.0,160.5825008676403,13.31539996819945,125,184,164.0,155.0,169.0,IMG20200713145553.jpg,unripe
92.5770323887779,24.30385833000503,44,186,93.0,74.0,108.0,114.27688512442431,5.413340204459205,105,137,113.0,110.0,116.0,155.64625601485776,10.773774459502691,125,175,158.0,151.0,163.0,IMG20200713145553.jpg,unripe
73.71998199060134,32.3109185352039,9,194,74.0,49.0,94.0,112.63541285608427,6.902889593691328,102,149,111.0,107.0,116.0,156.27226083612385,15.272341819633203,114,184,160.0,144.0,168.0,IMG20200713145553.jpg,unripe
111.6957537214734,29.256757518874785,53,224,112.0,90.0,130.0,111.68268752755344,6.422609634338882,102,139,110.0,107.0,114.0,161.02527881738283,12.783078121603696,124,184,164.0,156.0,169.0,IMG20200713145553.jpg,unripe
97.61366087927136,43.881834302534834,0,217,106.0,76.0,127.0,112.58648732307172,7.343229667859735,102,140,111.0,107.0,115.0,159.31789402594478,14.490875505671438,124,184,163.0,153.0,169.0,IMG20200713145553.jpg,unripe
77.69760979982074,53.077020243641684,0,234,87.0,25.0,119.0,119.18854695747436,6.280422366298673,109,141,117.0,114.0,128.0,153.19959167413603,18.65719371277254,125,189,158.0,130.0,169.0,IMG20200713145601.jpg,unripe
52.11360422268698,27.356779748968272,5,170,50.0,30.0,72.0,119.39936261328553,4.492507854428513,110,141,118.0,116.0,122.0,148.105417787073,14.563319723662135,112,180,149.0,135.0,160.0,IMG20200713145601.jpg,unripe
117.87399661388308,27.82828387056141,66,240,115.0,96.0,138.0,115.5730504929788,4.256653432301581,108,140,115.0,113.0,117.0,160.8464097201474,12.890069910887995,124,188,162.0,154.0,170.0,IMG20200713145601.jpg,unripe
102.05937655611991,35.17677752005254,0,229,102.0,81.0,128.0,115.69459217209442,4.742903497625116,108,141,114.0,112.0,117.0,161.28613683896026,13.693339224397722,124,189,163.0,155.0,171.0,IMG20200713145601.jpg,unripe
107.32687979284931,29.1201644433516,53,234,105.0,84.0,129.0,115.42148192411115,4.293397055475474,108,141,114.0,112.0,117.0,161.74354147993228,12.984469336338604,124,189,163.0,155.0,171.0,IMG20200713145601.jpg,unripe
82.42119420549749,50.18589033993032,0,232,93.0,53.0,117.0,116.41663631184211,7.938465681045462,104,140,114.0,109.0,126.0,153.06504338404923,16.48811708942135,125,183,159.0,135.0,165.0,IMG20200713145605.jpg,unripe
75.50252645539709,33.05656787272355,11,219,72.0,53.0,95.0,113.23231247723388,6.741435373687413,101,149,111.0,108.0,117.0,155.61151428544744,15.13828996905682,115,187,158.0,144.0,167.0,IMG20200713145605.jpg,unripe
99.0566094127976,37.48322957002526,0,214,101.0,83.0,122.0,113.07099292966086,6.148404997569483,103,140,111.0,109.0,115.0,159.32324619163703,12.940647374640964,126,183,162.0,155.0,167.0,IMG20200713145605.jpg,unripe
107.50516966011936,28.245946040485464,54,232,104.0,88.0,124.0,112.83488843434485,5.768096274102174,103,140,111.0,109.0,115.0,160.08877618687364,11.711073991756795,125,183,162.0,156.0,167.0,IMG20200713145605.jpg,unripe
101.64397993779596,35.5189824401769,0,230,102.0,83.0,123.0,113.19013328102963,6.257428515629631,103,140,111.0,109.0,115.0,159.49194429656197,12.513974853929179,125,183,162.0,155.0,167.0,IMG20200713145605.jpg,unripe
96.78635057033448,19.85771831883164,54,212,96.0,83.0,110.0,111.30395831428832,5.126924083165171,103,136,110.0,108.0,113.0,156.21238991985862,8.414632181264531,127,171,158.0,152.0,162.0,IMG20200713145615.jpg,unripe
85.694132106327,34.78295942829862,0,204,93.0,76.0,108.0,112.03997927903221,6.315599166873756,103,130,110.0,108.0,113.0,154.78593411951124,10.780545718414391,126,171,158.0,152.0,162.0,IMG20200713145615.jpg,unripe
141.74986541528273,18.229629431116003,103,250,141.0,129.0,154.0,111.89053437750759,5.109066604435785,104,134,111.0,108.0,114.0,154.4746828371474,8.247357720867292,127,170,156.0,150.0,160.0,IMG20200713145615.jpg,unripe
96.57377781840712,19.713637118608023,33,208,96.0,83.0,109.0,111.30506546403795,5.129818374442134,103,136,110.0,108.0,113.0,156.20517821048034,8.427103474611926,127,171,158.0,152.0,162.0,IMG20200713145615.jpg,unripe
42.40930005789682,19.241809110715558,5,152,42.0,29.0,54.0,114.79375526911865,5.279065790858607,106,138,113.0,111.0,118.0,145.45972107952178,10.573430496690422,115,165,147.0,137.0,155.0,IMG20200713145615.jpg,unripe
94.5218427394698,32.99032429795353,0,209,94.0,77.0,116.0,113.91135210963634,5.924254894952165,103,142,113.0,110.0,117.0,158.1439696413798,11.064994103539417,126,183,160.0,154.0,164.0,IMG20200713145630.jpg,unripe
100.78302039494982,25.698331532307396,54,212,97.0,80.0,118.0,113.55163483327938,5.389663634286088,103,141,113.0,110.0,116.0,158.86102118628827,9.857828561631823,125,183,160.0,155.0,164.0,IMG20200713145630.jpg,unripe
105.81936800834502,22.78848381247148,64,206,103.0,88.0,121.0,114.74660983417863,4.972958395528472,104,139,114.0,112.0,117.0,155.86303550232006,9.144949058668164,125,179,157.0,152.0,161.0,IMG20200713145630.jpg,unripe
97.48308514082227,22.67750924172907,56,197,94.0,80.0,113.0,114.9419805042984,4.9013795262303566,105,140,114.0,112.0,117.0,155.57804575374988,8.988148918758785,125,178,156.0,151.0,161.0,IMG20200713145630.jpg,unripe
91.85514909535628,37.108248304191996,0,212,94.0,76.0,116.0,113.96817560519406,6.0012456093673405,103,133,113.0,110.0,117.0,157.67933707420596,11.807355356856364,125,183,159.0,154.0,164.0,IMG20200713145630.jpg,unripe
74.89703096668322,29.406317929149644,21,197,69.0,53.0,94.0,113.8529057223027,5.76648006190556,103,142,113.0,110.0,116.0,155.85762619151328,11.917837292692145,126,182,156.0,148.0,165.0,IMG20200713145642.jpg,unripe
88.38589329308441,40.773920963649125,0,185,89.0,67.0,116.0,114.33539642824583,6.842891241956401,103,136,113.0,109.0,118.0,156.95363607816125,13.862434429952673,126,183,160.0,149.0,167.0,IMG20200713145642.jpg,unripe
102.33384657462089,27.697740076418114,53,220,97.0,81.0,120.0,113.20814635480505,5.880772442780291,103,139,112.0,109.0,116.0,159.03421833689563,11.76165787200229,126,183,161.0,152.0,168.0,IMG20200713145642.jpg,unripe
89.43328032091087,41.2424212425602,0,218,91.0,73.0,115.0,114.26134786616558,6.981787759319209,102,141,112.0,109.0,118.0,157.2078019428884,13.732783438444882,126,182,160.0,151.0,167.0,IMG20200713145642.jpg,unripe
94.23219441039718,25.310104307885073,50,202,89.0,75.0,110.0,114.36905762821746,5.444869533290601,104,139,113.0,110.0,117.0,156.5161721654393,10.878520254654303,126,178,158.0,150.0,164.0,IMG20200713145642.jpg,unripe
51.658102823213724,24.21593179563462,9,134,50.0,33.0,69.0,115.77327700227417,4.8222916927993165,106,130,115.0,112.0,119.0,148.63476159211365,11.318632058439864,122,176,150.0,139.0,157.0,IMG20200713145648.jpg,unripe
94.57824022532424,34.42603068581772,0,193,95.0,72.0,119.0,112.73894550540949,5.701600195747256,102,130,112.0,108.0,115.0,157.6175102052468,11.578183509439157,126,186,157.0,152.0,165.0,IMG20200713145648.jpg,unripe
86.17997392785438,42.96857680234903,0,186,90.0,65.0,117.0,113.5070175939406,6.8172916394735585,102,130,112.0,108.0,116.0,155.978828275908,13.62758782972059,126,186,157.0,152.0,165.0,IMG20200713145648.jpg,unripe
101.96218587346445,26.75103260602969,54,193,100.0,80.0,121.0,112.3447613066522,5.348568246678345,102,129,112.0,108.0,115.0,158.3587394022437,10.895751661039583,128,186,157.0,153.0,165.0,IMG20200713145648.jpg,unripe
96.28926760107714,34.2988626704044,0,186,97.0,76.0,120.0,112.60435043247409,5.850349454950358,102,130,112.0,108.0,115.0,157.77935733112577,11.886831104689714,126,186,157.0,153.0,165.0,IMG20200713145648.jpg,unripe
105.00213959872431,38.53818746653527,0,230,111.0,82.0,132.0,114.03060029873643,6.0524309654519,102,144,112.0,110.0,117.0,165.38119171611964,14.151342338344127,125,187,169.0,157.0,176.0,IMG20200713145702.jpg,unripe
154.21616002583667,31.144463354504104,88,255,155.0,131.0,177.0,110.68432844858907,5.972876152902973,99,144,110.0,107.0,113.0,172.98615316297284,14.148030163958579,127,197,176.0,165.0,184.0,IMG20200713145702.jpg,unripe
107.69096927859191,36.33756887887899,0,230,112.0,88.0,132.0,113.59667554801986,5.854317245229415,103,143,112.0,110.0,116.0,166.30441847321464,13.631533575416318,125,187,170.0,160.0,176.0,IMG20200713145702.jpg,unripe
113.31798272173106,28.147949406930707,54,230,114.0,93.0,133.0,113.10265027653304,5.161044338986219,102,143,112.0,110.0,115.0,167.26806547979493,12.078093101892785,125,187,170.0,161.0,176.0,IMG20200713145702.jpg,unripe
111.97234669573291,29.946794932417347,0,230,113.0,92.0,133.0,113.13465342537644,5.2091063733755725,103,143,112.0,110.0,115.0,167.16826127326308,12.309528497292026,125,187,170.0,161.0,176.0,IMG20200713145702.jpg,unripe
138.05624159318486,32.00835527897119,73,255,136.0,115.0,160.0,111.27049394709312,6.0736901686995175,100,140,110.0,107.0,113.0,169.76951315199523,12.989125417090083,124,193,172.0,164.0,180.0,IMG20200713145706.jpg,unripe
111.84338103422508,34.90141400914118,0,227,113.0,93.0,136.0,112.77965737557913,5.771601358979894,103,139,112.0,109.0,115.0,166.270344492602,12.399290797704827,126,187,168.0,161.0,175.0,IMG20200713145706.jpg,unripe
111.53252503362727,37.20210487184514,0,227,113.0,93.0,136.0,112.93845277238081,5.991710030298587,103,139,112.0,109.0,115.0,165.86705088925422,13.0185423902112,124,187,168.0,161.0,175.0,IMG20200713145706.jpg,unripe
80.5773426991481,57.881941377863974,0,229,95.0,0.0,126.0,117.60532805260799,8.28438739956068,103,139,115.0,111.0,128.0,154.8562714840831,19.896519830298782,124,186,162.0,128.0,171.0,IMG20200713145706.jpg,unripe
115.92590793603348,29.919496726898107,54,229,114.0,95.0,137.0,112.67185398296219,5.588788088157119,103,139,112.0,109.0,115.0,166.49938350022418,11.855494016424519,124,187,168.0,161.0,175.0,IMG20200713145706.jpg,unripe
94.7685054802862,31.823451725410365,0,174,94.0,76.0,117.0,110.94887920535851,5.937453341645832,100,130,110.0,107.0,113.0,158.03666844268534,11.266951454642504,126,180,160.0,154.0,166.0,IMG20200713145721.jpg,unripe
90.56947404475567,36.38077414617412,0,175,92.0,72.0,116.0,111.29133049170346,6.3723318394629755,100,130,110.0,107.0,113.0,157.4821224691734,11.861558543995306,126,180,160.0,153.0,166.0,IMG20200713145721.jpg,unripe
149.602317704369,27.521661031943836,102,231,146.0,127.0,170.0,108.64673085705587,6.206012138555597,96,128,107.0,104.0,111.0,161.56074935302178,12.104425139731324,125,186,163.0,156.0,170.0,IMG20200713145721.jpg,unripe
81.53229182523977,29.559383597066773,28,168,78.0,57.0,104.0,109.67722446338864,5.814254292284014,97,128,109.0,105.0,112.0,157.98234130004568,11.781796657101834,125,183,160.0,150.0,167.0,IMG20200713145721.jpg,unripe
87.35391612117522,38.413666171132746,0,176,89.0,66.0,115.0,111.5628710610443,6.450478937893413,99,130,110.0,107.0,114.0,156.98174189374333,11.973225971036626,126,180,159.0,152.0,165.0,IMG20200713145721.jpg,unripe
90.61337729363169,34.50503145077955,0,212,91.0,75.0,110.0,114.73550761968097,5.87601834751735,105,141,114.0,111.0,116.0,157.23642085741315,12.358370105461841,123,184,160.0,153.0,166.0,IMG20200713145729.jpg,unripe
76.1955733727977,42.783668520444245,0,193,84.0,53.0,104.0,116.03711960136002,6.919649538900124,105,141,114.0,111.0,120.0,153.5540777235559,14.472287891435643,126,177,158.0,144.0,164.0,IMG20200713145729.jpg,unripe
96.79301818045577,28.889176358957474,0,216,93.0,78.0,113.0,114.38451523467869,5.407662811817357,105,140,113.0,111.0,116.0,158.1118739638264,11.4711078485001,123,183,160.0,154.0,166.0,IMG20200713145729.jpg,unripe
76.56591703118121,29.19276834971646,27,204,72.0,55.0,93.0,114.54784897389546,5.374873237964221,104,142,114.0,111.0,117.0,156.20131506233432,11.615026333413159,122,185,158.0,149.0,165.0,IMG20200713145729.jpg,unripe
99.27142362054269,27.00128521255211,54,219,94.0,80.0,114.0,114.31242096981164,5.261874950369915,105,140,113.0,111.0,116.0,158.3019960098536,11.201623273097612,123,184,160.0,154.0,166.0,IMG20200713145729.jpg,unripe
93.80201471551293,39.853952024766464,0,217,94.0,73.0,117.0,115.14597056897415,5.299815820379052,106,142,114.0,111.0,117.0,159.01226934781772,12.989088565029196,124,190,159.0,154.0,166.0,IMG20200713145734.jpg,unripe
82.3911552833314,49.066000910670176,0,219,87.0,53.0,116.0,117.70780846719828,6.354478379725331,106,142,117.0,112.0,122.0,154.50903347586578,16.291105450093994,124,190,156.0,146.0,165.0,IMG20200713145734.jpg,unripe
88.3091991216919,44.56885939652774,0,218,91.0,68.0,116.0,115.731480411418,5.806258235832653,106,142,114.0,112.0,118.0,157.46584036365036,14.298224697967177,124,190,158.0,152.0,165.0,IMG20200713145734.jpg,unripe
102.475779113217,29.379855233943037,54,219,98.0,80.0,119.0,114.60556069186025,4.584699829481812,106,140,114.0,111.0,117.0,160.07991448052698,11.552960033150308,124,190,159.0,155.0,167.0,IMG20200713145734.jpg,unripe
33.67625871566701,25.908021498357193,0,139,27.0,12.0,47.0,122.85055279479178,6.4867584621899415,110,143,122.0,117.0,128.0,135.22134905042566,16.817159413523697,101,177,133.0,122.0,147.0,IMG20200713145734.jpg,unripe
79.86424258568638,49.98274888022135,0,184,83.0,51.0,120.0,113.95751198721364,8.695100598448793,100,130,112.0,107.0,121.0,154.11654235482152,16.401360601024724,125,183,157.0,142.0,168.0,IMG20200713145845.jpg,unripe
95.70685491031789,38.6519518325448,0,180,100.0,73.0,123.0,111.38861658675191,7.173096284328427,100,130,110.0,106.0,114.0,158.92011188066064,13.780902294093028,125,182,161.0,154.0,169.0,IMG20200713145845.jpg,unripe
104.93891848694726,28.14386304953566,55,216,104.0,81.0,126.0,110.90758302255372,6.485843855753129,100,129,109.0,106.0,114.0,159.87912448943348,12.681753925580267,125,183,162.0,155.0,169.0,IMG20200713145845.jpg,unripe
136.12601669330493,27.53043222928093,88,246,135.0,113.0,157.0,110.49496537027171,6.7341704161004445,99,129,109.0,105.0,113.0,160.22890250399573,13.22409011706156,125,187,162.0,155.0,170.0,IMG20200713145845.jpg,unripe
104.63474516071746,27.9468834036044,28,192,103.0,81.0,126.0,110.90946545906588,6.488799490103887,100,129,109.0,106.0,114.0,159.86959687444502,12.685189689888803,125,182,162.0,155.0,169.0,IMG20200713145845.jpg,unripe
84.16298720680108,43.82627271205416,0,209,88.0,60.0,115.0,113.19264931402518,7.917760766909172,100,130,111.0,107.0,119.0,156.86159055588146,14.37986958676972,126,183,160.0,151.0,167.0,IMG20200713145901.jpg,unripe
94.4035261061537,35.95872464018781,0,196,95.0,74.0,119.0,110.93040417451446,6.548530322155049,100,130,109.0,107.0,113.0,160.31103014584042,11.912316350431992,126,183,162.0,155.0,168.0,IMG20200713145901.jpg,unripe
65.16834944061918,26.192536401534397,17,169,63.0,43.0,83.0,112.87166661520568,5.435960176829037,103,130,112.0,109.0,116.0,153.19649859511532,11.11213983906363,128,179,154.0,145.0,162.0,IMG20200713145901.jpg,unripe
44.76655242329741,24.535355422116456,5,143,42.0,24.0,61.0,116.63171437099248,6.418813558490321,105,134,115.0,111.0,122.0,142.8184765492327,14.895853485263045,112,176,143.0,131.0,156.0,IMG20200713145901.jpg,unripe
99.69064748201438,28.686118442418486,0,196,97.0,78.0,119.0,110.58062391288686,6.005267876951136,100,130,109.0,107.0,113.0,161.10511419190829,10.633416144253093,127,183,162.0,156.0,168.0,IMG20200713145901.jpg,unripe
77.54184715150593,39.70037555998639,0,189,78.0,61.0,98.0,116.00367302479926,5.948941902165134,104,130,115.0,112.0,119.0,153.48255946500493,14.37763974420423,126,186,152.0,146.0,162.0,IMG20200713145921.jpg,unripe
92.78281024393951,26.935913306705906,54,216,86.0,72.0,108.0,115.28061909466271,5.048013515297387,104,134,115.0,112.0,118.0,155.64489449552903,12.883728560585954,128,186,153.0,148.0,164.0,IMG20200713145921.jpg,unripe
99.38633888086734,29.047962209646144,58,232,92.0,77.0,116.0,114.34770879246143,5.393018511258116,102,134,114.0,111.0,117.0,157.6463130430377,13.737648329733007,128,191,155.0,150.0,166.0,IMG20200713145921.jpg,unripe
27.22319325176685,23.15392841725834,1,137,19.0,9.0,39.0,123.2938166527345,5.804504891754369,110,139,124.0,119.0,128.0,133.16496947589735,14.601262008825783,104,175,131.0,122.0,142.0,IMG20200713145921.jpg,unripe
64.48782835575145,44.11547948389662,0,181,71.0,31.0,94.0,118.26585100184917,7.1932193265145346,104,130,117.0,112.0,126.0,147.76376117739443,15.503026037417737,126,185,148.0,132.0,158.0,IMG20200713145921.jpg,unripe
126.95651266180336,25.449147124680003,80,248,125.0,107.0,145.0,112.94490703215189,6.0971015711493655,104,142,112.0,108.0,116.0,162.23747942917495,12.341670799129746,128,184,165.0,156.0,171.0,IMG20200713145929.jpg,unripe
122.7677400338958,23.476640993958444,79,235,121.0,104.0,139.0,113.9269275170093,5.705550158833573,105,141,113.0,109.0,117.0,159.78719327978777,11.5541102544789,128,181,162.0,154.0,168.0,IMG20200713145929.jpg,unripe
92.10453663449022,39.516360881244815,0,178,98.0,75.0,119.0,113.55697197455358,6.580395241941931,104,137,112.0,108.0,117.0,160.82969813081817,14.12925802391581,126,182,164.0,155.0,171.0,IMG20200713145929.jpg,unripe
54.22198069412718,51.63873445785092,0,219,60.0,0.0,100.0,120.6870532753666,7.62248293587247,105,137,123.0,113.0,128.0,146.24904821555768,18.316877511167203,126,182,143.0,128.0,164.0,IMG20200713145929.jpg,unripe
103.4102620784516,26.423503131843525,54,228,102.0,83.0,122.0,113.15538034534424,6.0149848165734365,104,144,112.0,108.0,116.0,162.36620981013436,12.012179213584991,128,182,165.0,157.0,171.0,IMG20200713145929.jpg,unripe
92.8528940167663,50.01588866046529,0,226,101.0,72.0,125.0,113.71600989943705,7.884039426876883,102,138,111.0,108.0,117.0,155.20410617494815,15.3387061690857,123,180,161.0,148.0,167.0,IMG20200713145941.jpg,unripe
117.84888544190181,35.60740479810542,53,239,113.0,91.0,140.0,112.14639141119264,7.652953635388869,101,147,109.0,106.0,116.0,158.30513969011974,14.739379539379302,123,182,163.0,152.0,169.0,IMG20200713145941.jpg,unripe
141.3649545985325,32.23466616687347,84,252,136.0,118.0,161.0,113.00038342890008,7.289085438962598,102,144,111.0,107.0,117.0,156.29611168238145,14.119864911588234,123,183,161.0,150.0,167.0,IMG20200713145941.jpg,unripe
107.42603307945693,37.342361520525316,0,223,106.0,86.0,130.0,113.15386827474424,7.275553966364313,102,144,111.0,108.0,117.0,156.47041497464141,13.966149504678219,123,180,161.0,151.0,167.0,IMG20200713145941.jpg,unripe
113.88408247207069,33.0630879617704,54,226,109.0,90.0,134.0,113.11402652630845,7.202395791720273,102,145,111.0,108.0,117.0,156.4938651375987,13.937996877246903,123,180,161.0,151.0,167.0,IMG20200713145941.jpg,unripe
105.58144742934357,36.80766490255194,0,225,104.0,84.0,127.0,112.98280244545445,7.418860751471027,102,143,110.0,107.0,116.0,155.09248882631414,13.979871788886605,125,180,159.0,149.0,165.0,IMG20200713145947.jpg,unripe
149.4779786258965,29.73196236890687,98,252,145.0,128.0,166.0,113.81244271418987,6.866009711997189,104,140,112.0,108.0,117.0,152.84491018529891,13.02640570398236,125,178,156.0,146.0,163.0,IMG20200713145947.jpg,unripe
144.6657437942341,35.87881127698483,82,255,139.0,118.0,165.0,111.27956420262876,8.073978792448651,99,144,108.0,105.0,115.0,157.91970064916043,15.406349899722294,125,186,162.0,150.0,170.0,IMG20200713145947.jpg,unripe
96.14842812461613,42.51848587886406,0,225,100.0,77.0,123.0,113.44938532916308,7.635166101240226,102,141,111.0,107.0,118.0,154.38731349630064,14.363934321132025,125,180,159.0,147.0,165.0,IMG20200713145947.jpg,unripe
101.81071350952952,39.192963766246464,0,223,103.0,82.0,125.0,113.16110895879201,7.536948514598119,102,143,110.0,107.0,116.0,154.91889746666791,13.98217247443415,125,180,159.0,148.0,165.0,IMG20200713145947.jpg,unripe
95.97885634469596,47.723598637493744,0,229,104.0,72.0,128.0,112.38551185132268,7.996404233049899,100,138,109.0,107.0,116.0,158.26449294678366,15.180469720095994,125,184,162.0,151.0,169.0,IMG20200713145951.jpg,unripe
93.05152099971211,49.116958803983486,0,227,101.0,63.0,127.0,113.58986853188608,8.147565119362488,100,139,111.0,107.0,119.0,155.70116327422778,15.759912566205955,125,184,160.0,145.0,168.0,IMG20200713145951.jpg,unripe
114.77227121029567,34.53995820821676,54,231,112.0,90.0,134.0,111.55630311237165,7.1825304049374035,100,142,109.0,107.0,114.0,159.74370648384104,13.680791946755262,125,184,163.0,154.0,169.0,IMG20200713145951.jpg,unripe
110.37072302131425,37.59527081874965,0,229,110.0,88.0,132.0,111.63073773550705,7.338485318509511,100,142,109.0,107.0,114.0,159.6540885197309,13.801784556015713,125,184,163.0,154.0,169.0,IMG20200713145951.jpg,unripe
71.17249725441692,33.71058380372687,11,183,69.0,47.0,90.0,113.84888097497522,6.709175176639578,102,144,112.0,109.0,117.0,152.60715237719512,13.728791031276407,120,179,155.0,142.0,163.0,IMG20200713145951.jpg,unripe
148.5485902183954,35.86323044661139,74,255,147.0,124.0,171.0,109.6552963210929,9.025517451929524,96,147,106.0,103.0,112.0,165.2958295549887,18.01556957518553,123,196,170.0,159.0,178.0,IMG20200713145957.jpg,unripe
118.52903887386968,31.635567595386803,54,227,117.0,97.0,138.0,112.12408790053985,7.763880919775241,101,145,109.0,107.0,114.0,160.32353364916057,15.631681711101812,123,186,165.0,155.0,171.0,IMG20200713145957.jpg,unripe
100.93219319135233,48.23308202288664,0,224,111.0,78.0,134.0,112.86201344101968,8.381939863654353,101,144,109.0,107.0,117.0,158.7271117062298,16.966426612537337,124,186,164.0,151.0,171.0,IMG20200713145957.jpg,unripe
101.10285007245947,29.884601085359563,39,203,100.0,81.0,120.0,113.24250616541099,7.223882377640709,103,144,110.0,108.0,115.0,157.87723416697034,14.4324488745316,124,182,162.0,153.0,168.0,IMG20200713145957.jpg,unripe
96.88070883158046,47.279040289349254,0,218,106.0,70.0,130.0,113.71869623803995,8.552249732343558,101,139,110.0,107.0,122.0,157.15242760409163,17.196042496218155,124,186,162.0,144.0,170.0,IMG20200713145957.jpg,unripe
142.84893722958589,27.24281293554828,90,255,141.0,122.0,162.0,112.3377515280544,4.876802320991934,102,130,112.0,109.0,115.0,169.78828720554907,13.760278992829488,127,195,171.0,161.0,181.0,IMG20200713150008.jpg,unripe
104.48367213790262,25.741531456605127,54,212,103.0,85.0,122.0,114.08764851315156,4.305628186026507,105,130,113.0,111.0,116.0,165.86541102946225,11.92803861337127,127,188,167.0,159.0,175.0,IMG20200713150008.jpg,unripe
91.18855161046632,41.346977877468305,0,212,96.0,68.0,121.0,115.77254309456768,5.803541522699801,105,132,115.0,111.0,119.0,161.8138864089005,16.014794860718172,125,188,163.0,153.0,175.0,IMG20200713150008.jpg,unripe
98.17487638211661,22.95349449269184,54,195,97.0,82.0,114.0,115.29913810864639,3.9514951863869863,107,130,115.0,112.0,117.0,162.3766568230204,11.032027612510484,127,183,163.0,156.0,171.0,IMG20200713150008.jpg,unripe
99.71003021770483,33.30657970796542,0,210,102.0,82.0,122.0,114.30404848568092,4.746431733241527,105,130,113.0,111.0,116.0,165.2614346542133,13.06549456048354,126,188,166.0,158.0,175.0,IMG20200713150008.jpg,unripe
99.2917042240388,26.77674561046862,42,177,97.0,79.0,119.0,113.08006713704037,3.905106917822994,105,130,112.0,110.0,115.0,166.1048316911696,11.242530066499121,128,191,166.0,160.0,174.0,IMG20200713150018.jpg,unripe
102.57820221925216,31.63064175275486,0,179,103.0,86.0,124.0,113.58803189009417,4.254504896350746,105,130,113.0,111.0,115.0,164.94250613868772,12.133436231638798,126,189,165.0,160.0,173.0,IMG20200713150018.jpg,unripe
103.70294967830168,21.04051406728681,60,166,102.0,88.0,119.0,115.05867497591147,3.4184578647682105,108,129,114.0,113.0,116.0,160.63418083486152,10.121859525876793,128,182,161.0,155.0,168.0,IMG20200713150018.jpg,unripe
106.73246200230007,24.91102475123695,54,179,105.0,88.0,125.0,113.38383116277625,3.8045959156606868,105,129,113.0,111.0,115.0,165.42024368259098,11.17859122842228,128,189,165.0,160.0,173.0,IMG20200713150018.jpg,unripe
103.46124079196842,30.226395781425854,0,178,103.0,86.0,124.0,113.52716563578156,4.13009544059686,105,130,113.0,111.0,115.0,165.09395300407175,11.861601088374474,126,189,165.0,160.0,173.0,IMG20200713150018.jpg,unripe
103.55955106534299,37.76183194231053,0,215,107.0,79.0,130.0,113.54331030854514,6.326878020157003,104,138,112.0,109.0,116.0,165.61550227487504,15.470295444511066,125,191,168.0,157.0,177.0,IMG20200713150024.jpg,unripe
153.21151953859493,26.985751921524134,105,255,153.0,132.0,172.0,113.35833909764914,5.833488433523091,104,136,112.0,109.0,116.0,164.54328108102843,14.546415510391016,125,192,166.0,156.0,176.0,IMG20200713150024.jpg,unripe
109.27154311545843,30.485561191696405,53,237,109.0,85.0,131.0,113.27959042506552,5.866638725706106,104,138,112.0,109.0,116.0,166.43656167493157,14.359313970966996,125,191,169.0,159.0,177.0,IMG20200713150024.jpg,unripe
100.38307531931062,41.79556927434533,0,233,106.0,75.0,130.0,113.7623900314683,6.6048066563006955,104,138,112.0,109.0,117.0,164.94146702648987,16.13965529364318,125,191,168.0,157.0,177.0,IMG20200713150024.jpg,unripe
81.32898492834387,27.55430214364967,30,196,81.0,59.0,101.0,115.31177966349385,5.1756294455573375,107,138,114.0,111.0,118.0,160.61262823572966,12.481359975026448,125,183,163.0,153.0,170.0,IMG20200713150024.jpg,unripe
110.87374610861293,24.97184336693035,0,173,113.0,96.0,129.0,110.64416662548797,5.019606977752874,103,130,109.0,107.0,112.0,165.42877732206685,10.211526222638419,127,181,169.0,161.0,172.0,IMG20200713150048.jpg,unripe
111.83628996392746,23.523039362914485,55,174,114.0,96.0,129.0,110.61482268452176,4.958175819233817,103,128,109.0,107.0,112.0,165.49204427533726,10.077837687821441,128,182,169.0,161.0,172.0,IMG20200713150048.jpg,unripe
103.54354235640987,37.55818371588082,0,173,112.0,91.0,129.0,111.29107575233483,6.121651872454074,103,130,109.0,107.0,113.0,164.0622127785739,12.750613683388528,126,182,169.0,161.0,172.0,IMG20200713150048.jpg,unripe
134.8694882311278,21.951742685592915,83,194,137.0,120.0,151.0,110.88202302712853,4.922625261102828,103,128,109.0,107.0,113.0,164.30081039679794,10.17875915413147,128,182,167.0,160.0,171.0,IMG20200713150048.jpg,unripe
136.97748348734166,25.411601138403462,77,205,139.0,120.0,156.0,108.8408525637858,5.482220349096024,101,128,107.0,105.0,111.0,169.1495692708076,11.245046044217961,128,188,173.0,164.0,176.0,IMG20200713150048.jpg,unripe
89.89946392548002,52.79342721296809,0,214,102.0,63.0,125.0,115.29057328628951,7.4455945050718855,103,137,113.0,110.0,120.0,160.42843364972714,18.63642153186479,126,191,165.0,151.0,175.0,IMG20200713150059.jpg,unripe
110.88270657354347,33.42162462844469,0,214,110.0,89.0,130.0,112.60724303384423,5.092951259605202,103,140,112.0,109.0,115.0,167.61390578912258,12.27260472081493,126,191,169.0,161.0,177.0,IMG20200713150059.jpg,unripe
106.70178343232361,39.25542182502402,0,214,109.0,86.0,130.0,113.0054491532916,5.748734099969529,103,140,112.0,109.0,115.0,166.84944101974716,13.448080765442462,126,191,169.0,160.0,177.0,IMG20200713150059.jpg,unripe
57.75791453348658,29.407400425599388,5,154,56.0,36.0,75.0,117.60717873705022,5.860463841009997,106,147,116.0,113.0,121.0,149.06297067262483,16.45467472094646,110,184,150.0,136.0,161.0,IMG20200713150059.jpg,unripe
132.31969973397202,31.336726242730858,72,237,130.0,110.0,151.0,111.66470025638347,5.114001892731857,102,140,111.0,108.0,114.0,169.6171768885174,12.633348704046025,128,194,171.0,162.0,179.0,IMG20200713150059.jpg,unripe
107.75502564691134,33.83481198471068,0,231,106.0,88.0,132.0,114.61589667075722,3.965657223086302,107,133,114.0,112.0,116.0,165.63521351826185,12.827306046512247,125,190,167.0,159.0,176.0,IMG20200713150105.jpg,unripe
103.510589834818,39.725819237852626,0,197,105.0,86.0,132.0,114.89813629501452,4.469757193195995,107,130,114.0,112.0,116.0,164.68565097246378,14.138081421695794,126,189,167.0,158.0,175.0,IMG20200713150105.jpg,unripe
111.10742568575691,28.823722985082572,54,233,107.0,90.0,133.0,114.45224200796335,3.627375560416074,107,132,114.0,112.0,116.0,165.99245159752448,12.109983170797587,125,190,167.0,159.0,176.0,IMG20200713150105.jpg,unripe
81.62924542460867,52.50110632320874,0,185,91.0,48.0,121.0,117.43147727974997,6.289534953105956,107,130,115.0,113.0,121.0,156.45111195472725,17.932622124796193,126,188,160.0,145.0,170.0,IMG20200713150105.jpg,unripe
72.967422684053,27.208472266978085,18,187,69.0,53.0,94.0,116.72801031173577,3.2751802368588017,110,133,116.0,114.0,118.0,158.5242475876012,11.832334407504549,125,181,159.0,151.0,168.0,IMG20200713150105.jpg,unripe
72.88091329304784,51.1575054385901,0,227,83.0,0.0,113.0,116.06089396532653,9.166308329146831,102,142,114.0,107.0,128.0,151.55663837367703,17.76707001155382,126,180,156.0,128.0,168.0,IMG20200713150120.jpg,unripe
98.96999545914981,33.819675320922364,0,222,101.0,80.0,120.0,111.37492286376285,6.903594990640733,102,142,109.0,106.0,114.0,160.6675515502928,12.982653305347533,126,180,163.0,155.0,170.0,IMG20200713150120.jpg,unripe
104.65169350425559,26.945639729840465,54,227,103.0,84.0,122.0,111.13149836412961,6.5350492726671225,102,141,109.0,106.0,114.0,161.0965454608963,12.303451402034678,126,180,163.0,156.0,170.0,IMG20200713150120.jpg,unripe
105.6382805313959,28.268785583651784,52,233,104.0,84.0,123.0,110.47442569888342,6.780681389732809,101,142,108.0,105.0,113.0,162.30145423638035,12.673894138416266,125,182,165.0,157.0,172.0,IMG20200713150120.jpg,unripe
96.55666166008825,35.808955582615035,0,222,101.0,78.0,120.0,111.2556964383434,6.79414228912964,102,142,109.0,106.0,114.0,160.64783960319954,13.215559945737652,125,180,163.0,155.0,170.0,IMG20200713150120.jpg,unripe
71.88068678656677,52.934912481306135,0,222,83.0,0.0,115.0,116.22385555266703,9.424083963290018,102,141,114.0,107.0,128.0,150.28184009642428,17.677812521928956,125,180,153.0,128.0,166.0,IMG20200713150129.jpg,unripe
54.85858955876444,27.869668825567093,2,182,54.0,35.0,72.0,114.21690733344363,6.882257782395231,103,141,112.0,109.0,119.0,147.30528442795358,14.60927228114208,107,178,148.0,135.0,159.0,IMG20200713150129.jpg,unripe
93.04092122988207,41.34762178939721,0,221,102.0,74.0,120.0,111.62047124997046,7.53719324187929,102,142,109.0,106.0,114.0,158.8058043627254,14.183300319439827,125,180,162.0,152.0,170.0,IMG20200713150129.jpg,unripe
99.25938836764115,33.62784109501988,0,221,103.0,82.0,120.0,111.18142178526693,7.045551718188542,102,141,109.0,106.0,114.0,159.71013636471062,12.996099742802773,125,180,162.0,153.0,170.0,IMG20200713150129.jpg,unripe
105.32123697208895,26.346779536899547,53,228,105.0,87.0,121.0,110.86593954576608,6.540249936977836,102,141,109.0,106.0,113.0,160.10998983763855,12.364494521508968,125,180,162.0,153.0,170.0,IMG20200713150129.jpg,unripe
95.94137898360759,40.31657904366117,0,223,102.0,77.0,123.0,111.63505048271796,7.50793100899908,100,134,109.0,106.0,115.0,158.44943832054156,13.395081268086683,124,179,162.0,152.0,169.0,IMG20200713150134.jpg,unripe
50.08379394207385,27.45458985892859,1,166,49.0,28.0,68.0,115.58266216059715,7.203697086858502,102,138,114.0,110.0,121.0,145.00383226472107,15.559119197871428,106,173,146.0,132.0,159.0,IMG20200713150134.jpg,unripe
107.63591379510018,28.003669057358145,53,227,106.0,86.0,126.0,110.85497404798754,6.437496874385064,100,135,109.0,106.0,114.0,159.67355210932482,11.696176811086051,124,179,163.0,154.0,169.0,IMG20200713150134.jpg,unripe
106.89525494035774,28.477096051756885,0,226,106.0,86.0,126.0,110.86649189855027,6.467135532081337,100,135,109.0,106.0,114.0,159.656359559079,11.739143832975918,124,179,163.0,154.0,169.0,IMG20200713150134.jpg,unripe
77.61162523820052,28.88582330975248,19,199,77.0,55.0,97.0,111.68846004021772,6.231637773498497,100,135,110.0,107.0,115.0,156.59962309044778,11.878468682459705,124,177,159.0,149.0,167.0,IMG20200713150134.jpg,unripe
135.43613539989687,34.96473379929109,55,253,141.0,110.0,163.0,106.37358081589275,6.950027020254934,96,140,104.0,102.0,108.0,169.77370918694825,14.517817368936939,124,190,174.0,164.0,180.0,IMG20200713150138.jpg,unripe
100.23820196344582,31.619609337985533,27,205,105.0,78.0,125.0,109.22421793617222,6.090284542711484,100,139,107.0,106.0,111.0,163.5558256258089,13.165835978164381,124,182,168.0,158.0,174.0,IMG20200713150138.jpg,unripe
119.16911308227321,37.93158137524005,0,225,127.0,98.0,147.0,109.01005924008544,6.5014253074702735,100,139,107.0,105.0,110.0,164.7900081021076,13.342009574262638,125,184,169.0,160.0,174.0,IMG20200713150138.jpg,unripe
113.76248198070225,45.27435664491891,0,224,127.0,91.0,147.0,109.50429832591517,7.171549449139697,100,139,107.0,105.0,110.0,163.98323810726347,14.449796510457457,125,184,169.0,159.0,174.0,IMG20200713150138.jpg,unripe
100.54254658711871,56.796404949527066,0,187,121.0,61.0,145.0,111.87088186706231,9.077168568962481,100,135,107.0,105.0,119.0,159.40333764744258,17.945434203887096,126,184,166.0,148.0,174.0,IMG20200713150138.jpg,unripe
130.04716589493853,23.272483174922208,80,197,131.0,113.0,146.0,110.7570599819043,6.20358769522711,102,129,108.0,107.0,113.0,159.0320293788919,11.735212043199509,126,180,163.0,154.0,167.0,IMG20200713150142.jpg,unripe
112.79756240353399,26.62986271030053,54,189,114.0,94.0,131.0,109.20977167491617,6.628296383297443,100,128,107.0,105.0,111.0,162.2039916972697,12.558165359535613,126,183,167.0,157.0,171.0,IMG20200713150142.jpg,unripe
95.59717920059609,46.27176109400217,0,188,108.0,72.0,128.0,110.5063281707382,8.157427360325734,100,130,107.0,105.0,113.0,159.7822555750705,15.23587419458391,126,183,166.0,154.0,170.0,IMG20200713150142.jpg,unripe
173.39951035180158,27.58936236719067,114,248,175.0,153.0,193.0,107.39365586247273,7.404214621080837,96,129,105.0,103.0,110.0,164.9963915056682,14.03298721511488,125,190,170.0,159.0,174.0,IMG20200713150142.jpg,unripe
104.44563308318698,38.80819346812516,0,188,112.0,85.0,131.0,109.67965298845068,7.2309941319964866,100,130,107.0,105.0,112.0,161.3159827558678,13.643364386833676,126,183,167.0,156.0,171.0,IMG20200713150142.jpg,unripe
94.06362046105336,40.32693832965935,0,230,96.0,74.0,118.0,112.43137123820347,6.646925986066971,102,145,111.0,107.0,114.0,159.70965226014195,13.554408714983817,124,186,160.0,154.0,170.0,IMG20200713150150.jpg,unripe
103.86284275384118,29.877573207659317,54,231,100.0,82.0,120.0,111.81663714053326,5.873288669761644,102,141,111.0,107.0,114.0,161.03086316587002,12.05230626732888,124,186,161.0,156.0,170.0,IMG20200713150150.jpg,unripe
108.25841494802286,27.424859807814393,62,226,105.0,88.0,123.0,112.70831522768549,5.615427864216815,103,140,112.0,108.0,115.0,159.01936468674444,11.677293150397675,124,185,159.0,154.0,168.0,IMG20200713150150.jpg,unripe
96.8824414212655,36.26025822896601,0,230,97.0,77.0,118.0,112.01666833795724,6.28928213226587,102,143,111.0,107.0,114.0,160.5198827868213,12.94664114866519,126,186,161.0,156.0,170.0,IMG20200713150150.jpg,unripe
96.84374547358804,28.705541607491337,48,219,93.0,75.0,112.0,112.4743122639302,5.625573203701282,103,141,112.0,108.0,115.0,159.61465610411025,11.495026777734623,125,184,159.0,155.0,168.0,IMG20200713150150.jpg,unripe
145.3092397047367,30.68938338917358,71,255,146.0,125.0,165.0,108.37808048007281,6.046149997072591,97,141,106.0,104.0,111.0,174.01131534088717,12.597195578062788,128,201,176.0,168.0,182.0,IMG20200713150224.jpg,unripe
112.64607742562497,42.72954568074974,0,234,121.0,97.0,139.0,110.95765424575964,6.548691032951504,100,137,108.0,107.0,113.0,167.9261918902867,14.534358530258288,126,193,172.0,164.0,177.0,IMG20200713150224.jpg,unripe
99.92687836972704,54.68631978684648,0,222,118.0,77.0,138.0,113.01018920607495,8.351914968244644,101,136,109.0,107.0,117.0,162.43354647620077,19.054504897802946,126,193,170.0,153.0,176.0,IMG20200713150224.jpg,unripe
118.64980292640786,33.8293459603032,0,230,122.0,101.0,140.0,110.53236094934708,5.899921500558366,100,139,108.0,107.0,112.0,169.07258170262327,12.298454862096282,126,193,171.0,164.0,177.0,IMG20200713150224.jpg,unripe
149.3163898894691,25.752685729002582,88,255,150.0,132.0,166.0,110.58655425887217,5.310031016104868,100,139,109.0,107.0,113.0,168.13586122316752,11.53577582538157,127,195,170.0,162.0,176.0,IMG20200713150224.jpg,unripe
90.72068626819528,44.4038325772867,0,218,93.0,72.0,118.0,114.09652357336081,6.03883969390087,102,131,113.0,111.0,115.0,158.65136706170296,14.655311788826898,126,188,158.0,152.0,170.0,IMG20200713150231.jpg,unripe
103.84181373180472,29.15751777413982,54,227,99.0,82.0,121.0,112.89086854308901,4.355007108086476,102,133,113.0,111.0,115.0,161.14494235475976,11.57168526759473,124,188,159.0,154.0,170.0,IMG20200713150231.jpg,unripe
145.91007825582892,31.985888329625578,92,255,141.0,121.0,164.0,110.76488631972175,4.990480257941609,98,134,110.0,108.0,113.0,165.29001352569884,13.518599673691117,123,196,163.0,156.0,176.0,IMG20200713150231.jpg,unripe
120.6263767229164,33.79546049033037,63,255,115.0,95.0,140.0,110.64880684013912,4.99878705110243,98,134,110.0,108.0,113.0,166.04406318433595,13.168212661512907,123,197,164.0,158.0,176.0,IMG20200713150231.jpg,unripe
93.51123116063377,40.83952308398786,0,216,94.0,73.0,118.0,113.7011706170295,5.461495084100527,102,133,113.0,111.0,115.0,159.57505152647173,13.576588313669799,126,188,158.0,153.0,170.0,IMG20200713150231.jpg,unripe
90.21308278381014,38.11983711034182,21,217,89.0,57.0,118.0,115.93521410745863,7.580154415351345,99,148,114.0,110.0,120.0,161.12386170195185,14.360451120115444,124,190,164.0,151.0,172.0,IMG20200713150242.jpg,unripe
175.77371213248054,36.928743881362855,111,255,175.0,143.0,203.0,113.64277686879204,7.558666818609185,97,144,112.0,108.0,118.0,166.17874791346455,14.369441799138189,126,194,168.0,159.0,176.0,IMG20200713150242.jpg,unripe
103.36195812054804,47.33026353108538,0,221,109.0,74.0,137.0,116.1091278695027,7.453059266519948,100,147,114.0,111.0,121.0,160.95309633596113,14.42972446874953,125,188,164.0,154.0,171.0,IMG20200713150242.jpg,unripe
110.17672335432265,39.714573498829935,0,231,111.0,81.0,138.0,115.71381823590659,7.148382214243231,100,147,114.0,111.0,120.0,162.08302345183202,13.183958267907437,126,188,164.0,156.0,171.0,IMG20200713150242.jpg,unripe
91.4417505412597,55.638068198390975,0,222,94.0,55.0,136.0,118.11021865238733,7.901758238617548,100,145,117.0,112.0,126.0,156.56771943742046,17.52881474458825,126,188,160.0,143.0,171.0,IMG20200713150242.jpg,unripe
106.67136912193092,38.18181933314174,0,210,109.0,83.0,133.0,116.33885143570537,6.5754314792689605,103,144,115.0,112.0,120.0,161.19578027465667,12.462297584927562,126,185,162.0,156.0,171.0,IMG20200713150301.jpg,unripe
116.8064835622139,24.872664736553745,70,201,116.0,97.0,135.0,117.7040532667499,5.078410338813128,107,137,117.0,114.0,121.0,156.02304619225967,9.690157511707167,126,176,156.0,151.0,164.0,IMG20200713150301.jpg,unripe
85.39330836454432,53.19533518607711,0,216,93.0,46.0,127.0,119.37090303786933,7.6242659004229925,103,145,119.0,113.0,127.0,154.60499375780276,16.472881156541725,126,185,158.0,143.0,168.0,IMG20200713150301.jpg,unripe
113.93547232625885,34.699508442006774,47,230,113.0,86.0,139.0,115.13503953391594,6.944513447984093,100,143,113.0,110.0,119.0,165.17184352892218,12.36381459473518,125,191,165.0,159.0,175.0,IMG20200713150301.jpg,unripe
100.52722430295464,44.33439369155222,0,209,106.0,77.0,132.0,116.70923845193508,6.928058618091841,103,144,115.0,112.0,120.0,160.26605909280067,13.508952007628368,125,185,161.0,155.0,170.0,IMG20200713150301.jpg,unripe
102.62054882525698,30.876439278012704,0,214,104.0,85.0,123.0,112.33441629955946,7.162423960277233,101,144,110.0,107.0,116.0,158.07033773861968,12.646373872878684,124,181,161.0,152.0,168.0,IMG20200713150319.jpg,unripe
105.39188693098384,27.272826599785873,0,216,105.0,87.0,124.0,112.26012298091042,7.019963361319889,101,144,110.0,107.0,116.0,158.29234581497798,12.287053858218952,124,181,161.0,152.0,168.0,IMG20200713150319.jpg,unripe
106.65130323054332,26.537896394986678,54,218,106.0,87.0,124.0,112.25750734214391,6.990721023181722,101,145,110.0,107.0,116.0,158.32775330396476,12.21247709767819,124,181,161.0,152.0,168.0,IMG20200713150319.jpg,unripe
54.132094346549195,51.34818500050147,0,185,61.0,0.0,101.0,120.46281204111601,8.346767794844848,102,143,125.0,112.0,128.0,143.26206864904552,15.899123198508063,124,176,140.0,128.0,159.0,IMG20200713150319.jpg,unripe
56.704515418502204,26.827215155566673,6,167,56.0,38.0,75.0,114.9800385462555,6.727653486734761,103,145,113.0,109.0,120.0,149.01915381791483,13.059033416094918,113,175,150.0,138.0,161.0,IMG20200713150319.jpg,unripe
37.29916613700397,20.588481927622666,1,124,36.0,20.0,51.0,118.20824755959892,6.741361576321471,106,139,117.0,113.0,124.0,139.7990570423003,14.23053183334864,103,169,140.0,130.0,152.0,IMG20200713150330.jpg,unripe
70.0982800982801,20.708097557521793,26,154,70.0,55.0,83.0,113.911870452411,4.630390647671646,105,129,113.0,111.0,116.0,154.79899063682848,8.191283809912441,128,172,156.0,151.0,159.0,IMG20200713150330.jpg,unripe
91.90911936857883,39.94930160626031,0,182,100.0,78.0,117.0,112.37515296974756,6.722965133249176,101,130,110.0,108.0,115.0,157.99520931953364,12.634369041708815,126,180,161.0,155.0,165.0,IMG20200713150330.jpg,unripe
77.58998415755173,47.985946832053735,0,184,90.0,51.0,112.0,115.33720698585563,8.375882303760704,102,130,113.0,108.0,125.0,152.5077552104579,15.701149981051586,126,179,158.0,136.0,164.0,IMG20200713150330.jpg,unripe
104.62378454270346,23.548292915665396,55,201,104.0,87.0,120.0,111.37200345308453,5.450801179343223,101,129,110.0,108.0,114.0,160.1591359699468,9.559943406981816,128,180,161.0,157.0,165.0,IMG20200713150330.jpg,unripe
81.41727356756152,46.88239167665974,0,216,91.0,54.0,116.0,115.08400117825111,8.498843514618944,101,141,113.0,108.0,123.0,153.25123157712974,15.288499779070033,126,181,157.0,141.0,166.0,IMG20200713150335.jpg,unripe
95.71612274126215,23.802222082293433,48,202,95.0,78.0,112.0,112.89555210206092,5.996729260463391,103,142,111.0,109.0,115.0,157.26841779159176,10.091493560788026,125,177,160.0,152.0,165.0,IMG20200713150335.jpg,unripe
104.0446618114595,25.756805588400283,53,219,103.0,85.0,121.0,111.75619343632873,6.443385034617448,101,143,110.0,107.0,114.0,159.57316837817797,10.839850007695247,125,181,162.0,154.0,168.0,IMG20200713150335.jpg,unripe
66.89415038953388,29.22397283262672,9,194,65.0,45.0,87.0,112.65535139307879,6.9360179897268255,100,147,111.0,107.0,117.0,153.86722328874262,13.545012097520168,117,179,156.0,142.0,166.0,IMG20200713150335.jpg,unripe
96.87987933083463,34.636281171592216,0,214,100.0,80.0,119.0,112.17936841677586,6.968384655746722,101,141,110.0,107.0,115.0,158.67145077246548,12.08578726179026,126,180,162.0,153.0,168.0,IMG20200713150335.jpg,unripe
114.98885492080022,28.505688406009625,0,215,116.0,97.0,134.0,112.48174961785901,5.420415580043968,102,138,112.0,108.0,115.0,167.0981220499555,11.050937261267167,126,187,170.0,162.0,175.0,IMG20200713150343.jpg,unripe
107.73051080913108,23.395688078223404,54,198,108.0,92.0,124.0,114.10824248735995,4.81650685349077,105,137,114.0,110.0,117.0,162.7173584398569,9.79333645887149,126,181,165.0,158.0,170.0,IMG20200713150343.jpg,unripe
157.71745922429577,24.359933908763875,102,254,158.0,141.0,174.0,112.5593032435792,5.3411632118218995,102,136,112.0,108.0,116.0,165.3778240639645,10.982899625205283,126,188,168.0,159.0,173.0,IMG20200713150343.jpg,unripe
116.10320326541581,26.935848501126216,54,220,116.0,98.0,135.0,112.46384358255085,5.383560399890204,102,138,112.0,108.0,115.0,167.16128869702519,10.854210697929483,126,187,170.0,162.0,175.0,IMG20200713150343.jpg,unripe
101.19883090050897,46.591321305372695,0,220,112.0,81.0,133.0,114.36911460870442,7.201354946154555,102,138,113.0,109.0,119.0,163.03409873515528,16.222627132745675,126,187,169.0,157.0,174.0,IMG20200713150343.jpg,unripe
150.43866331518805,30.169092545830388,84,241,151.0,129.0,171.0,111.72103566857372,6.62504443055248,101,141,110.0,107.0,114.0,164.0892099865838,15.876502526154542,124,193,168.0,158.0,175.0,IMG20200713150353.jpg,unripe
96.91116011534844,37.06357336532157,12,205,98.0,71.0,122.0,112.40314124014989,7.418274828212259,98,150,111.0,106.0,118.0,158.3937576140762,18.618719393289947,113,193,163.0,142.0,174.0,IMG20200713150353.jpg,unripe
103.00781069286165,45.38529561564667,0,207,113.0,82.0,133.0,113.02496645951238,7.042577169189393,102,142,111.0,108.0,115.0,162.03181334525885,15.971822560517266,124,189,166.0,157.0,173.0,IMG20200713150353.jpg,unripe
110.06342621863772,41.88390495655037,0,209,117.0,90.0,137.0,112.87273890850771,6.796824362006669,102,137,111.0,108.0,116.0,162.19670917698582,15.656482545790361,124,189,167.0,157.0,173.0,IMG20200713150353.jpg,unripe
102.44448471016392,47.736697561640966,0,196,112.0,76.0,136.0,113.87882245901892,7.3302848591187795,102,133,112.0,108.0,119.0,159.69555260844757,16.909456249777353,124,189,164.0,151.0,172.0,IMG20200713150353.jpg,unripe
73.61457431693097,56.22407876179236,0,186,89.0,0.0,120.0,116.22659273897209,9.676531432026602,101,130,113.0,107.0,128.0,150.36511734252258,17.702131174659087,126,181,158.0,128.0,166.0,IMG20200713150357.jpg,unripe
103.72404500988061,39.44720693127759,0,185,110.0,87.0,131.0,110.97203214058239,6.734563104178115,101,130,109.0,106.0,113.0,161.65833483039637,12.594614693580954,126,181,165.0,160.0,169.0,IMG20200713150357.jpg,unripe
111.84969214940145,27.311816060596442,0,186,112.0,92.0,132.0,110.39150103705639,5.8620827299803,101,130,109.0,106.0,112.0,163.0722509839787,10.145036285114442,126,181,165.0,161.0,169.0,IMG20200713150357.jpg,unripe
118.91594127157812,20.796369636298625,73,179,119.0,103.0,134.0,112.94557495386324,4.9287091986486455,104,129,112.0,110.0,114.0,157.37845209126095,8.590510445705604,128,175,159.0,155.0,163.0,IMG20200713150357.jpg,unripe
161.4256994006304,28.707195052689546,98,244,161.0,139.0,183.0,107.5314138263298,6.68048302508877,96,128,106.0,103.0,110.0,168.23250477699204,11.644926321032079,128,191,171.0,165.0,176.0,IMG20200713150357.jpg,unripe
99.68166938570957,39.340945269602685,0,216,106.0,80.0,127.0,112.94211104357933,5.909603707528507,103,136,111.0,109.0,115.0,164.00154612243156,14.088242656488418,126,184,167.0,158.0,175.0,IMG20200713150406.jpg,unripe
62.60076986234179,31.514344897874917,3,185,63.0,38.0,84.0,116.48890523868931,6.829527269372598,104,145,115.0,111.0,121.0,148.2811063838862,17.408469167710273,103,183,150.0,135.0,162.0,IMG20200713150406.jpg,unripe
75.25676295277395,53.807600914058234,0,218,86.0,0.0,119.0,116.98200100231385,8.111267856313523,103,130,115.0,110.0,128.0,154.61024919228433,19.37899971899005,126,184,159.0,128.0,172.0,IMG20200713150406.jpg,unripe
64.32428051992365,25.872413186272546,12,165,64.0,45.0,82.0,115.69378245524243,4.706109706143809,107,139,115.0,112.0,118.0,155.07703954874552,12.093573826277554,126,176,158.0,145.0,165.0,IMG20200713150406.jpg,unripe
98.98043355405564,41.10531783789491,0,218,107.0,80.0,127.0,113.16145783350927,6.113163911844075,103,132,111.0,109.0,115.0,163.51274751287548,14.642470919293485,126,184,167.0,158.0,175.0,IMG20200713150406.jpg,unripe
90.19906108130417,48.70300771331837,0,220,100.0,60.0,125.0,114.78959966983079,7.697753018371853,104,137,112.0,109.0,120.0,155.56625051588938,16.240162140125694,123,183,159.0,144.0,169.0,IMG20200713150430.jpg,unripe
115.63838217086257,31.866064375666195,54,233,112.0,94.0,135.0,113.52090383821708,6.914839003201431,104,138,111.0,108.0,117.0,158.31905695418902,14.660370496032812,123,183,162.0,152.0,169.0,IMG20200713150430.jpg,unripe
115.31420759389187,31.489924368483365,48,231,112.0,94.0,135.0,113.52314279818407,6.914997496054969,104,138,111.0,108.0,117.0,158.31699339661577,14.659859963117478,124,183,162.0,152.0,169.0,IMG20200713150430.jpg,unripe
95.17167767230706,46.38059263580132,0,231,104.0,76.0,125.0,113.91969665703674,7.423956214009975,104,136,111.0,108.0,117.0,157.49323153115972,15.59595118465534,125,183,161.0,150.0,169.0,IMG20200713150430.jpg,unripe
154.52735245563352,33.47339348629354,90,255,151.0,131.0,176.0,112.03853693768056,7.698424208393757,101,138,110.0,106.0,116.0,161.07497936442428,16.274113866490037,123,191,164.0,154.0,173.0,IMG20200713150430.jpg,unripe
98.96756537603892,39.94978504889738,0,230,102.0,79.0,127.0,111.61385566592337,7.016575651046797,100,141,110.0,106.0,114.0,160.44860125684167,13.110236179863605,126,181,163.0,156.0,171.0,IMG20200713150444.jpg,unripe
156.394161767687,25.72745940459619,108,255,154.0,136.0,174.0,111.41615649706061,6.198849842755956,100,137,110.0,107.0,114.0,159.83445165213865,11.454494486318502,128,182,162.0,154.0,169.0,IMG20200713150444.jpg,unripe
108.10229069531725,28.30713183230485,54,234,106.0,86.0,128.0,111.07461990675046,6.210400313015819,100,139,110.0,106.0,113.0,161.5456618690452,11.501527451808766,127,181,163.0,157.0,171.0,IMG20200713150444.jpg,unripe
75.8012568416785,52.78938825086904,0,223,85.0,1.0,118.0,115.62345428745185,9.183609951269982,100,141,113.0,107.0,128.0,152.19943239408067,17.401183744348604,126,180,157.0,129.0,169.0,IMG20200713150444.jpg,unripe
49.279454692884656,28.42708907747031,1,176,47.0,27.0,70.0,116.92219744577336,7.8750406880326045,104,141,115.0,110.0,124.0,142.70976079464828,17.70010782886373,101,175,143.0,130.0,158.0,IMG20200713150444.jpg,unripe
104.43748625912683,27.747196945894853,55,186,103.0,82.0,124.0,115.31934367804122,4.854736870779895,107,139,114.0,112.0,116.0,160.9700651462029,11.663512852667948,128,189,160.0,156.0,168.0,IMG20200713150450.jpg,unripe
49.723134423346174,27.612530902231935,5,131,48.0,27.0,69.0,120.25533145878896,5.71244436677348,109,141,119.0,116.0,125.0,144.250945950637,16.50478542010742,108,180,145.0,132.0,158.0,IMG20200713150450.jpg,unripe
74.87829347033707,46.826403814250675,0,186,82.0,47.0,112.0,118.23075409911942,6.708156756688189,107,139,115.0,113.0,126.0,152.34717256222447,15.716840233079855,126,187,156.0,139.0,162.0,IMG20200713150450.jpg,unripe
103.5947512757316,28.283545766445698,0,184,102.0,81.0,123.0,115.33698985200357,4.890361145426827,107,138,114.0,112.0,116.0,160.92305111026255,11.75295250540045,127,189,160.0,156.0,168.0,IMG20200713150450.jpg,unripe
100.64708809201467,27.31919020072497,52,181,99.0,78.0,120.0,115.54402286481294,4.772703311803328,107,138,114.0,113.0,116.0,160.3908077897733,11.422354110545362,128,188,160.0,156.0,167.0,IMG20200713150450.jpg,unripe
76.72519956509214,48.06343933811485,0,227,83.0,55.0,105.0,116.21596706595173,8.065439524108546,102,134,113.0,109.0,126.0,149.70952243771433,15.011537736161264,122,176,156.0,131.0,161.0,IMG20200713150506.jpg,unripe
51.67262961276473,28.966871488974622,7,168,45.0,30.0,67.0,117.00115231997323,5.627049716523555,106,134,116.0,113.0,122.0,143.2859333327138,12.074638135730444,117,169,142.0,133.0,153.0,IMG20200713150506.jpg,unripe
90.15689208151734,39.1891194438082,0,228,91.0,72.0,110.0,113.36427250508787,6.964580686689665,102,134,111.0,109.0,116.0,155.55985094183572,12.53362501752651,124,175,159.0,151.0,163.0,IMG20200713150506.jpg,unripe
103.89827988365285,31.60556783043538,54,232,97.0,81.0,121.0,112.86628441858953,6.406029072079767,102,134,111.0,109.0,115.0,156.06488304881563,12.255785049359428,122,176,160.0,152.0,163.0,IMG20200713150506.jpg,unripe
101.63245639305262,32.039630931043654,0,231,96.0,80.0,119.0,112.86443513089054,6.428428133430632,102,134,111.0,109.0,115.0,156.04561886087595,12.289111697979576,122,176,160.0,152.0,163.0,IMG20200713150506.jpg,unripe
105.15257621454619,25.538407466988755,54,228,104.0,87.0,122.0,111.49111487090028,5.665807063655319,102,137,111.0,107.0,114.0,162.33240155949517,11.825579570732694,124,183,165.0,158.0,170.0,IMG20200713150510.jpg,unripe
87.61075673346714,21.86378414911022,43,193,87.0,72.0,102.0,113.73412919429586,4.890678985050139,105,136,113.0,110.0,116.0,157.59110541304554,10.259839378692163,125,175,160.0,154.0,165.0,IMG20200713150510.jpg,unripe
91.43002763795332,40.15231247658814,0,218,98.0,70.0,118.0,112.44375203606596,6.683816756401966,102,137,111.0,107.0,115.0,160.1328828592146,14.011203336516184,124,183,163.0,155.0,170.0,IMG20200713150510.jpg,unripe
103.87650143444131,26.4172032332238,0,227,104.0,87.0,121.0,111.51911012095546,5.718683292881658,102,137,111.0,107.0,114.0,162.29521117287908,11.87859192315728,124,183,165.0,158.0,170.0,IMG20200713150510.jpg,unripe
97.56962557403924,33.817023347161964,0,216,101.0,81.0,119.0,111.78464464737965,6.194712671481839,102,137,111.0,107.0,114.0,161.70589224350823,12.734371926284807,125,183,165.0,158.0,170.0,IMG20200713150510.jpg,unripe
104.51427099309817,37.943121779278535,0,217,106.0,84.0,130.0,112.54253738496932,5.904504493713146,104,136,111.0,108.0,115.0,163.39797018788343,13.382290105224302,126,184,167.0,157.0,173.0,IMG20200713150521.jpg,unripe
95.82436253834356,47.17895718414722,0,220,104.0,68.0,130.0,114.09618241947852,7.133545609612553,104,136,112.0,108.0,118.0,160.13389091257667,16.369357220598307,126,184,165.0,150.0,173.0,IMG20200713150521.jpg,unripe
86.01330042177914,25.86229192571547,36,182,84.0,67.0,104.0,114.43040644171779,4.658154308335573,107,135,113.0,111.0,116.0,158.8700512845092,10.425907669622026,126,176,161.0,153.0,167.0,IMG20200713150521.jpg,unripe
93.99060582822086,25.183586044777062,45,187,92.0,75.0,112.0,114.42452310199387,4.646227518648359,107,134,113.0,111.0,116.0,158.91273245782207,10.47238681591966,126,176,161.0,153.0,167.0,IMG20200713150521.jpg,unripe
111.00784844708589,29.7505300102431,53,221,109.0,89.0,132.0,112.19768500766871,5.392114322298525,104,136,111.0,108.0,114.0,164.11157975460122,12.131194148520555,126,184,167.0,157.0,173.0,IMG20200713150521.jpg,unripe
105.73521744097883,25.31965766399551,54,223,106.0,88.0,123.0,110.79313245879163,5.6770398217698865,102,144,109.0,107.0,113.0,162.36509519209795,10.898404533528891,125,180,164.0,157.0,170.0,IMG20200713150538.jpg,unripe
78.39865391206806,49.947469249326915,0,221,89.0,43.0,118.0,114.80399671787202,8.660957548020574,102,145,112.0,107.0,124.0,153.89120161198184,16.834239993239862,125,180,158.0,138.0,169.0,IMG20200713150538.jpg,unripe
96.39440584135689,38.41965949539135,0,222,104.0,81.0,121.0,111.46526241444137,6.74553282172761,102,145,109.0,107.0,113.0,160.94561638571236,13.06932319250148,125,180,164.0,156.0,170.0,IMG20200713150538.jpg,unripe
96.74435754422045,37.9591095028366,0,221,104.0,82.0,121.0,111.43171408095223,6.70436128561725,102,144,109.0,107.0,113.0,161.0277422906345,12.960035268282626,125,180,164.0,156.0,170.0,IMG20200713150538.jpg,unripe
75.26451251051631,31.288554054252383,10,217,76.0,54.0,96.0,110.95668837441187,6.848571530262616,98,151,109.0,106.0,115.0,156.10780128584634,15.557406112641914,111,185,159.0,144.0,168.0,IMG20200713150538.jpg,unripe
101.86797409064056,22.6482845202387,54,215,103.0,84.0,118.0,111.1470377247025,5.085658145368549,102,139,111.0,107.0,114.0,162.31933074521058,10.704225723170538,126,181,163.0,156.0,170.0,IMG20200713150542.jpg,unripe
91.98227698539961,35.547181317237396,0,214,100.0,78.0,116.0,112.00540129968773,6.353877025474969,102,140,111.0,107.0,114.0,160.59535614819816,13.307367159460565,126,181,163.0,155.0,170.0,IMG20200713150542.jpg,unripe
136.79043590176386,20.536357577299576,93,242,138.0,121.0,151.0,111.61659211747826,5.098785125422388,102,138,111.0,108.0,114.0,160.6554350578108,10.920407222496928,126,181,161.0,154.0,169.0,IMG20200713150542.jpg,unripe
62.747700227867334,49.465844559919276,0,215,75.0,0.0,106.0,117.29342138577096,8.594201054851235,103,130,115.0,110.0,128.0,149.64194235800488,17.545738597254008,126,180,154.0,128.0,164.0,IMG20200713150542.jpg,unripe
94.53846316144822,32.38836129495103,0,211,100.0,79.0,117.0,111.67482487973669,5.945824000516655,102,130,111.0,107.0,114.0,161.23663389315553,12.6076038097725,126,181,163.0,156.0,170.0,IMG20200713150542.jpg,unripe
86.16953155916106,46.10715473971174,0,174,95.0,68.0,119.0,113.56095419469727,7.343708185960102,103,130,111.0,108.0,116.0,160.6824173921646,16.70759667389753,124,182,165.0,155.0,174.0,IMG20200714165830.jpg,unripe
102.5789721013059,25.98836477983126,54,217,100.0,82.0,121.0,112.02664968341908,5.5574685506874975,103,145,111.0,108.0,115.0,164.85510239414324,10.858396241156363,128,182,166.0,159.0,174.0,IMG20200714165830.jpg,unripe
95.1549515235457,36.828348072144315,0,205,99.0,77.0,120.0,112.60944301543331,6.368241846917616,103,145,111.0,108.0,115.0,163.35935645033638,13.412491031576206,125,182,166.0,158.0,174.0,IMG20200714165830.jpg,unripe
101.58243470518401,26.399571632855885,52,218,99.0,81.0,120.0,111.87099327265533,5.616063452346828,102,146,111.0,108.0,114.0,165.15103136129798,10.880388133640647,128,183,166.0,159.0,174.0,IMG20200714165830.jpg,unripe
145.2319944598338,24.67826104815474,100,255,143.0,126.0,163.0,111.51015284922833,5.760899736673426,102,143,110.0,107.0,114.0,165.03952314998023,11.628106984037016,128,183,166.0,158.0,175.0,IMG20200714165830.jpg,unripe
95.62937152629328,34.122285637974656,0,230,97.0,79.0,117.0,112.24570329200513,6.772436917636882,102,136,110.0,107.0,115.0,151.6610089781958,11.343081771265132,119,174,154.0,147.0,160.0,IMG20200714170119.jpg,unripe
134.43138093202222,28.77943860875571,82,255,131.0,113.0,152.0,110.91800983326208,6.923366675904022,100,136,109.0,106.0,114.0,153.49186618212912,11.717420612572317,121,178,156.0,148.0,162.0,IMG20200714170119.jpg,unripe
103.22164386489953,27.559078514794045,53,234,100.0,83.0,120.0,112.02244548952544,6.389812314607073,103,136,110.0,107.0,115.0,151.9845019238991,10.99284209169717,119,174,155.0,147.0,160.0,IMG20200714170119.jpg,unripe
93.0204147071398,36.81855882748911,0,232,95.0,77.0,116.0,112.72327917913638,7.201736122947325,102,136,110.0,107.0,116.0,151.10455322787516,11.532044161510123,119,174,154.0,146.0,160.0,IMG20200714170119.jpg,unripe
76.21477126977341,49.04764878228065,0,234,87.0,43.0,112.0,115.80245831551946,8.636103855883936,103,137,113.0,108.0,126.0,146.16548738777254,13.368501469456229,119,174,148.0,129.0,158.0,IMG20200714170119.jpg,unripe
