RGB_R_Mean,RGB_R_Std,RGB_R_Min,RGB_R_Max,RGB_R_Median,RGB_R_Q25,RGB_R_Q75,RGB_G_Mean,RGB_G_Std,RGB_G_Min,RGB_G_Max,RGB_G_Median,RGB_G_Q25,RGB_G_Q75,RGB_B_Mean,RGB_B_Std,RGB_B_Min,RGB_B_Max,RGB_B_Median,RGB_B_Q25,RGB_B_Q75,Image_Name,Label
124.15221768555288,41.82734083170963,36,220,127.0,93.0,156.0,106.05400190167235,34.906148178623816,36,194,108.0,79.0,132.0,28.872853627160357,19.607872815596014,0,109,28.0,10.0,43.0,image_0_1014.jpg,overripe
151.65748923317858,48.24842975425069,50,255,155.0,115.0,189.0,130.77922422954305,40.26660866123192,49,232,133.0,100.0,161.0,39.35586442194754,25.674244824052423,0,134,40.0,20.0,58.0,image_0_1014.jpg,overripe
105.31023127691705,77.06385238776191,0,255,116.0,29.0,173.0,91.2289068180547,65.29310002830049,0,226,100.0,29.0,147.0,30.461840706974662,26.492147542530383,0,131,28.0,2.0,50.0,image_0_1014.jpg,overripe
148.14017842161195,46.81606349903242,50,255,151.0,113.0,184.0,127.88182364785503,39.07286929289104,49,226,130.0,98.0,157.0,39.09367134627216,25.128782484456295,0,131,40.0,20.0,57.0,image_0_1014.jpg,overripe
144.81688713015268,52.03369678180117,0,255,150.0,111.0,184.0,124.79833883326808,43.77311166211897,0,226,130.0,96.0,157.0,37.24465853794955,25.175983096217536,0,115,37.0,17.0,56.0,image_0_1014.jpg,overripe
124.26707942729463,51.91514571000325,0,255,127.0,92.0,159.0,108.54774001073511,44.75830819320331,0,227,112.0,82.0,138.0,24.76405237732646,23.25675139291872,0,146,21.0,3.0,38.0,image_0_107.jpg,overripe
127.61022830822235,49.789201553811175,0,255,129.0,96.0,161.0,111.43592016077692,42.853011351530924,0,227,113.0,85.0,140.0,25.811112081986245,23.113722829659675,0,149,22.0,5.0,39.0,image_0_107.jpg,overripe
133.98239942080363,41.67241498794652,52,255,132.0,101.0,162.0,117.46222116812922,35.38864399116141,48,229,116.0,89.0,142.0,28.423362584414125,24.64073908339629,0,156,25.0,7.0,42.0,image_0_107.jpg,overripe
112.82146022393928,64.72583797837814,0,255,123.0,76.0,160.0,98.25106414849397,56.29225463555515,0,229,108.0,67.0,139.0,24.920235673003706,24.0991775782899,0,142,21.0,2.0,39.0,image_0_107.jpg,overripe
139.42452347368027,33.819417646722876,73,238,138.0,113.0,162.0,126.0191609142315,28.714804467487756,70,217,125.0,103.0,146.0,53.80184993321766,19.953363560503707,31,157,51.0,36.0,65.0,image_0_107.jpg,overripe
144.47638587175155,67.25091224259974,0,255,160.0,99.0,194.0,118.7384164275306,54.72018580985285,0,219,129.0,83.0,158.0,33.608272767094874,27.339753097465536,0,110,28.0,10.0,55.0,image_0_1113.jpg,overripe
156.5075137894351,51.28070759133692,51,255,162.0,116.0,195.0,129.1368037117494,41.02043627043259,49,219,130.0,98.0,159.0,37.23675811945182,26.481309582051807,0,111,33.0,16.0,58.0,image_0_1113.jpg,overripe
142.7763921295179,54.597064496253985,30,248,149.0,100.0,184.0,113.63466266169621,43.664267811171584,28,209,115.0,80.0,145.0,25.387203761811534,20.015573549585437,0,94,22.0,9.0,38.0,image_0_1113.jpg,overripe
143.06323025898212,68.53413831156908,0,255,160.0,95.0,194.0,117.57975523193964,55.7598558845788,0,219,128.0,80.0,158.0,33.362431946791105,27.420723693206153,0,110,27.0,9.0,55.0,image_0_1113.jpg,overripe
161.7184809719205,49.44776048894767,60,255,167.0,123.0,199.0,135.32806786994573,39.549715954118604,58,222,136.0,105.0,164.0,46.73325824013731,25.505922578919723,11,118,43.0,26.0,67.0,image_0_1113.jpg,overripe
210.0593594935265,41.520176812095556,104,255,218.0,180.0,254.0,187.8878329435921,39.86788878434137,102,255,188.0,157.0,219.0,93.78043546455255,28.012193106480595,51,178,91.0,71.0,114.0,image_0_1156.jpg,overripe
141.34443620601152,63.65143910914009,0,255,152.0,104.0,190.0,117.1000470541265,52.97525899823991,0,220,125.0,87.0,157.0,35.771922945303146,27.22472897907806,0,114,32.0,12.0,56.0,image_0_1156.jpg,overripe
114.16011948896367,82.2875888747045,0,255,131.0,5.0,185.0,95.22507557177893,68.46829781019993,0,220,110.0,4.0,153.0,30.958585239263105,29.49383161785459,0,115,26.0,0.0,53.0,image_0_1156.jpg,overripe
155.03790708948839,46.389698852674776,50,255,157.0,121.0,191.0,129.11307249187246,38.32473998112326,48,220,129.0,100.0,158.0,40.30298579820909,26.288863498057033,0,119,38.0,19.0,59.0,image_0_1156.jpg,overripe
174.66422603091314,37.62931969587142,89,255,176.0,147.0,204.0,153.63896652027606,31.08941776367567,88,227,154.0,130.0,177.0,81.59413677066104,21.31544160807741,49,145,80.0,64.0,97.0,image_0_1156.jpg,overripe
57.9480327455011,35.946300280382985,0,160,48.0,28.0,88.0,40.18990046521692,27.97218218166709,0,123,36.0,16.0,61.0,15.509295322586462,10.932562805715104,0,61,13.0,7.0,22.0,image_0_116.jpg,overripe
113.84479245555195,57.067244941567914,0,252,108.0,79.0,160.0,92.31201990695662,45.64551651230971,0,207,90.0,64.0,126.0,39.448330267950524,24.166511074192297,0,128,40.0,22.0,56.0,image_0_116.jpg,overripe
95.43307548054383,65.44375045111953,0,253,94.0,50.0,146.0,77.82904179739623,52.72449227823889,0,207,78.0,42.0,118.0,33.81985466479137,26.685593115193,0,130,34.0,6.0,53.0,image_0_116.jpg,overripe
125.22295250459807,45.66065221138691,0,252,114.0,89.0,163.0,102.95289227884165,35.8483587606682,0,206,98.0,74.0,130.0,44.642441126618344,21.955107517840844,0,130,43.0,30.0,59.0,image_0_116.jpg,overripe
125.87718633921166,44.85746185685877,51,253,114.0,89.0,163.0,103.58380215658697,35.15497906034351,46,207,98.0,74.0,130.0,45.030725954776585,21.997171569356315,0,130,44.0,30.0,59.0,image_0_116.jpg,overripe
142.60193873754702,63.862592975227436,0,255,153.0,100.0,194.0,114.75424055778319,53.115406852078024,0,228,121.0,79.0,157.0,38.89920493847574,28.072921593462212,0,131,38.0,15.0,59.0,image_0_1338.jpg,overripe
104.79125156738732,84.77841400307089,0,255,110.0,0.0,181.0,83.80188913232193,69.19376555790596,0,229,85.0,0.0,145.0,29.540765849558376,30.378078807876758,0,133,24.0,0.0,51.0,image_0_1338.jpg,overripe
137.9517658082207,66.6671160047358,0,255,150.0,89.0,193.0,110.4418929905061,55.62839592016336,0,228,118.0,68.0,156.0,37.0647830460364,28.58764006892036,0,131,35.0,11.0,57.0,image_0_1338.jpg,overripe
139.2621842834112,47.391412975829375,37,235,141.0,100.0,179.0,110.06112466068649,40.28271246826527,32,210,110.0,77.0,143.0,32.823336502556046,23.211987646770307,0,117,29.0,12.0,49.0,image_0_1338.jpg,overripe
156.15383131467627,48.93213003146797,51,255,158.0,116.0,197.0,126.02629765890896,41.5601504005645,45,229,126.0,92.0,160.0,43.84603778264644,27.07434203191286,0,133,42.0,24.0,63.0,image_0_1338.jpg,overripe
66.78094391534391,30.897435616233402,0,146,65.0,44.0,92.0,53.023458201058205,25.182299653732365,0,147,53.0,34.0,72.0,20.730514285714285,14.763466552458576,0,115,18.0,8.0,32.0,image_0_1358.jpg,overripe
125.17290158730158,50.32032727225788,0,226,131.0,100.0,162.0,109.72468148148148,42.42054150423239,0,229,116.0,89.0,140.0,35.34430476190476,26.371218202218586,0,190,35.0,13.0,53.0,image_0_1358.jpg,overripe
127.72701798941799,46.53215111265656,0,226,131.0,102.0,162.0,111.97706666666667,39.02143053833354,0,228,116.0,92.0,140.0,35.90782645502645,26.050231398002186,0,190,35.0,15.0,53.0,image_0_1358.jpg,overripe
116.754217989418,55.58154413423696,0,227,126.0,89.0,158.0,103.4485671957672,47.272957583462166,0,229,113.0,82.0,137.0,34.9008253968254,26.802689144010646,0,191,34.0,12.0,53.0,image_0_1358.jpg,overripe
133.53434920634922,36.67738647086351,50,227,132.0,106.0,163.0,117.21013333333333,29.90892674451354,50,229,117.0,95.0,140.0,38.29308783068783,25.571083206405227,0,191,38.0,19.0,54.0,image_0_1358.jpg,overripe
128.81026100570628,45.659274828345914,44,233,125.0,93.0,161.0,104.31420596172465,37.19789393525613,39,219,99.0,76.0,129.0,38.55514698308716,26.111859479519246,0,141,37.0,18.0,55.0,image_0_1390.jpg,overripe
201.03165234946337,44.61733897804207,104,255,204.0,165.0,249.0,177.20189316688297,43.14195055701723,97,255,172.0,143.0,209.0,96.43032981068332,33.26016002617433,46,224,95.0,72.0,118.0,image_0_1390.jpg,overripe
116.17621490225162,70.74944680649546,0,255,118.0,63.0,171.0,94.76466225820407,57.53672965230485,0,240,95.0,54.0,137.0,36.28798178934141,29.958550927513997,0,146,34.0,7.0,58.0,image_0_1390.jpg,overripe
142.32053025152956,49.36845057099022,51,255,138.0,104.0,177.0,115.8402962322065,40.21133924012401,45,240,110.0,85.0,142.0,44.22282306408751,28.99346340650269,0,155,43.0,23.0,63.0,image_0_1390.jpg,overripe
128.38442205879323,65.99440386495087,0,255,134.0,85.0,176.0,103.576756689945,53.94053575002798,0,239,106.0,69.0,141.0,36.9777825845127,29.896501572339655,0,154,35.0,8.0,58.0,image_0_1390.jpg,overripe
156.1508685899108,35.64971544459518,85,241,154.0,126.0,186.0,131.38362981897856,27.579116023172396,81,206,129.0,109.0,153.0,69.2884657519954,21.628128330763143,43,154,68.0,48.0,85.0,image_0_1450.jpg,overripe
140.90538890917628,44.30616971135512,52,246,138.0,104.0,178.0,110.121978193959,34.279642358897114,48,203,107.0,82.0,137.0,32.91860816944024,26.921593670753843,0,138,31.0,7.0,52.0,image_0_1450.jpg,overripe
135.93894308518963,51.24030822170037,0,245,136.0,101.0,178.0,105.74554749856539,39.8115022831645,0,203,105.0,79.0,136.0,30.10281183160311,26.180005642029126,0,136,26.0,4.0,49.0,image_0_1450.jpg,overripe
110.22260942146174,78.98511693624401,0,246,131.0,0.0,176.0,84.7096249152277,61.3936174998419,0,203,99.0,0.0,135.0,19.897960248317595,25.06082288694785,0,115,6.0,0.0,35.0,image_0_1450.jpg,overripe
134.22149303563046,54.03109189320209,0,245,136.0,100.0,178.0,104.16562157650372,42.152503895666236,0,203,104.0,78.0,136.0,28.896802128436537,26.143098359594887,0,123,25.0,3.0,47.0,image_0_1450.jpg,overripe
137.8151086456239,53.70218902788245,51,255,127.0,94.0,180.0,116.63855042271263,42.67285608293042,47,224,107.0,83.0,148.0,43.21545020711707,28.975992960797594,0,127,45.0,18.0,65.0,image_0_1519.jpg,overripe
120.70708073932317,68.91520526231132,0,255,116.0,73.0,173.0,101.78348392723045,56.45052545860184,0,224,99.0,66.0,142.0,36.58157505874373,30.32051019499453,0,125,36.0,3.0,62.0,image_0_1519.jpg,overripe
123.87155107676655,67.85687936116253,0,255,120.0,74.0,177.0,104.16448244955306,55.45610142881214,0,224,101.0,67.0,146.0,36.34079843027058,29.139187034865525,0,120,36.0,4.0,60.0,image_0_1519.jpg,overripe
85.04135074247232,47.181032108321745,9,188,76.0,47.0,122.0,66.4367505632131,37.48738702662115,5,161,58.0,37.0,94.0,21.64868825852087,13.505731266823386,0,76,21.0,10.0,34.0,image_0_1519.jpg,overripe
145.92209491049152,45.31263150813794,73,245,137.0,109.0,182.0,128.05284513456553,36.00690095941499,69,219,120.0,100.0,155.0,66.1203095855236,24.425687393744905,30,137,68.0,45.0,84.0,image_0_1519.jpg,overripe
147.15763773881272,48.030831145023576,51,255,146.0,111.0,180.0,117.96813269365386,38.46600764307907,45,223,115.0,89.0,143.0,40.015937921496985,27.577152121824817,0,161,38.0,20.0,58.0,image_0_1524.jpg,overripe
149.58657014563522,38.726704275127645,72,237,149.0,120.0,176.0,126.05360161171912,31.009420058780456,67,211,124.0,103.0,146.0,63.21823086510389,22.222156515639988,31,161,62.0,47.0,78.0,image_0_1524.jpg,overripe
96.49717436956855,79.71684303928805,0,255,111.0,0.0,160.0,77.45549845486674,64.04975715213062,0,223,89.0,0.0,126.0,25.022109917877447,28.187369691744653,0,161,16.0,0.0,45.0,image_0_1524.jpg,overripe
137.91388229669974,61.02751981050113,0,255,144.0,100.0,180.0,109.83747929862902,49.28591341475329,0,223,113.0,80.0,143.0,35.30824127981424,28.135660469810603,0,160,33.0,10.0,54.0,image_0_1524.jpg,overripe
115.81516450120367,50.76796058380011,14,230,115.0,78.0,151.0,84.96182411090813,40.66270058805439,8,196,82.0,54.0,111.0,23.48332792678971,17.51649416217551,0,130,21.0,9.0,36.0,image_0_1524.jpg,overripe
172.20679664542544,40.878392296470835,80,255,171.0,142.0,199.0,139.27941030805297,33.37669417638046,75,255,136.0,115.0,159.0,57.980990193812524,28.842361337876376,25,193,52.0,35.0,74.0,image_0_1538.jpg,overripe
189.02161818602042,37.4123779457778,102,255,188.0,161.0,215.0,158.50955855647638,31.653337626599296,98,255,156.0,136.0,177.0,81.39504572919074,27.400193408532054,50,210,76.0,59.0,97.0,image_0_1538.jpg,overripe
129.10547429590252,52.56887023909181,0,255,135.0,105.0,162.0,99.08804932809456,41.89683165119728,0,225,102.0,78.0,124.0,26.4761366262753,25.774611616475323,0,155,20.0,5.0,40.0,image_0_1538.jpg,overripe
137.65066695281803,38.79180941637891,51,255,136.0,109.0,162.0,106.62571400270743,31.154133553023915,47,229,104.0,84.0,125.0,30.809266351900156,26.881573170268634,0,157,25.0,9.0,46.0,image_0_1538.jpg,overripe
133.3732707102057,45.98488209505075,0,255,135.0,107.0,162.0,102.78516360154522,36.753342889221415,0,226,103.0,81.0,124.0,28.122090335787632,25.947239982996162,0,153,22.0,7.0,42.0,image_0_1538.jpg,overripe
113.47279219290944,92.43184670356358,0,255,123.0,0.0,203.0,92.04587510102655,75.05226079317637,0,219,101.0,0.0,163.0,40.30363454323936,34.68444293528335,0,152,43.0,0.0,70.0,image_0_1542.jpg,overripe
206.47361246818417,48.477852021965454,84,255,220.0,164.0,255.0,178.7410945849769,45.72445701271825,79,255,182.0,140.0,217.0,92.99559705183415,26.035715297765194,26,198,94.0,75.0,112.0,image_0_1542.jpg,overripe
194.1755750974077,54.4304372490144,62,255,205.0,146.0,248.0,161.9202282295323,48.43307411945314,57,255,165.0,121.0,202.0,71.46398629657776,27.414818354686076,1,182,72.0,52.0,91.0,image_0_1542.jpg,overripe
164.28125791625953,54.40423842093032,0,255,172.0,121.0,208.0,133.6090905801035,44.07524720709081,0,219,138.0,100.0,169.0,58.111436808646665,24.262917849688886,0,152,60.0,41.0,76.0,image_0_1542.jpg,overripe
166.3409329424963,50.63706587656216,51,255,172.0,122.0,208.0,135.43917296951713,40.79850965667912,47,219,138.0,101.0,169.0,59.260606279931004,23.084727447682205,0,152,60.0,43.0,76.0,image_0_1542.jpg,overripe
136.87292940687527,54.87224684372117,0,252,144.0,104.0,176.0,117.87228373805142,46.82703069148827,0,219,124.0,90.0,151.0,33.84792643828297,25.62073855516552,0,116,32.0,11.0,53.0,image_0_1550.jpg,overripe
132.5936368224188,38.68770727245382,50,228,133.0,103.0,162.0,115.46905984682064,32.715290264370765,50,200,116.0,90.0,140.0,39.1609273882325,22.29348989371756,7,115,39.0,21.0,55.0,image_0_1550.jpg,overripe
174.4553226859823,37.91284657973775,94,255,175.0,146.0,203.0,157.67185922935343,32.111670089438256,93,241,158.0,133.0,182.0,82.77392685388588,21.89425310856094,51,158,83.0,65.0,98.0,image_0_1550.jpg,overripe
142.68892121356052,45.80158478778996,0,251,144.0,109.0,177.0,123.19225345841002,38.83927679516881,0,219,125.0,95.0,152.0,36.40976963723802,25.33093130951395,0,122,35.0,15.0,55.0,image_0_1550.jpg,overripe
88.13573888262187,74.61447358208764,0,252,91.0,0.0,154.0,76.62450276079083,63.69867786647805,0,219,80.0,0.0,132.0,25.2332645609452,26.15773341892441,0,124,19.0,0.0,45.0,image_0_1550.jpg,overripe
113.52852026912208,83.13280360621921,0,255,133.0,27.0,184.0,93.34980206058394,68.51148016275533,0,229,110.0,20.0,149.0,34.405470554545055,30.54307128038603,0,120,31.0,1.0,56.0,image_0_156.jpg,overripe
137.50780114169189,40.68448476276329,49,222,140.0,108.0,167.0,113.02667304436487,33.95459345818133,43,200,113.0,89.0,136.0,42.29014330939599,22.660742234092673,5,112,41.0,26.0,58.0,image_0_156.jpg,overripe
129.06506510916563,43.932330394431325,34,220,132.0,97.0,161.0,102.63374599558176,36.65595844899266,27,197,103.0,76.0,128.0,29.105464890142052,20.993556985699918,0,102,25.0,13.0,43.0,image_0_156.jpg,overripe
150.26927313121905,55.19640142123634,0,255,157.0,116.0,190.0,122.10551524039097,45.95460409274386,0,229,126.0,93.0,153.0,41.177950367242126,27.03207243182292,0,119,39.0,21.0,60.0,image_0_156.jpg,overripe
149.3045371868057,56.39634947983721,0,255,157.0,114.0,190.0,121.27174029341607,46.91133637813482,0,229,126.0,92.0,153.0,40.76849584925135,27.112809103758618,0,119,39.0,20.0,59.0,image_0_156.jpg,overripe
99.9030226949233,38.828308348618066,22,186,101.0,68.0,132.0,78.55501739680531,29.48402488672415,20,151,79.0,55.0,103.0,17.65889411671675,11.985008863625888,0,83,17.0,9.0,24.0,image_0_1585.jpg,overripe
144.07944211608412,50.804665662682574,42,255,146.0,102.0,186.0,116.14208049976277,38.578676833866936,40,211,117.0,85.0,148.0,29.448007275027678,20.70558191580694,0,122,26.0,12.0,44.0,image_0_1585.jpg,overripe
106.3364799145975,71.50103786226201,0,243,115.0,52.0,166.0,86.6475466550688,56.750466842350164,0,205,94.0,48.0,133.0,23.96669895619168,23.695637236232965,0,106,19.0,0.0,43.0,image_0_1585.jpg,overripe
138.19393484105646,54.76110982730186,0,247,144.0,99.0,182.0,112.89314803099795,42.73823703261251,0,204,118.0,83.0,146.0,31.82521152933734,23.35279086045558,0,120,32.0,10.0,50.0,image_0_1585.jpg,overripe
143.67915744108808,46.77449835688499,50,247,145.0,105.0,182.0,117.96435631820339,35.51583895712278,48,205,119.0,89.0,147.0,34.92604380831884,22.9711419335805,0,123,35.0,16.0,52.0,image_0_1585.jpg,overripe
118.01643028846154,46.57934304813262,19,243,115.0,83.0,154.0,94.69693509615385,39.19605510505709,16,203,93.0,64.0,124.0,23.575805288461538,15.473616618313542,0,115,23.0,11.0,36.0,image_0_1589.jpg,overripe
102.01516826923077,75.66941121722878,0,254,118.0,1.0,166.0,86.70545673076923,64.13008432410172,0,218,102.0,1.0,139.0,21.749002403846156,23.378874991748468,0,134,16.0,0.0,37.0,image_0_1589.jpg,overripe
121.22359375,36.50548883345594,44,219,119.0,94.0,149.0,102.94786057692308,30.723248177820423,41,188,102.0,79.0,126.0,23.699591346153845,21.31722668827153,0,119,20.0,3.0,37.0,image_0_1589.jpg,overripe
130.01370192307692,56.144275683857536,0,253,135.0,102.0,171.0,109.97920673076923,47.60072140437451,0,218,115.0,86.0,144.0,24.415516826923078,23.225362816931025,0,137,20.0,2.0,39.0,image_0_1589.jpg,overripe
140.7799639423077,42.194666029545175,51,254,138.0,109.0,173.0,119.65356971153847,35.508176848079195,48,218,118.0,92.0,146.0,27.806766826923077,24.891210023251016,0,138,24.0,4.0,43.0,image_0_1589.jpg,overripe
138.52284819869615,45.45673654438174,0,244,136.0,105.0,176.0,108.15427054168259,35.05281091407325,0,201,105.0,82.0,135.0,31.928340444876074,26.55902700320674,0,133,29.0,6.0,51.0,image_0_1592.jpg,overripe
187.4769968282175,42.19437041607321,100,255,185.0,153.0,225.0,157.5635647942474,33.58745580144055,96,250,153.0,131.0,183.0,80.8865803638768,27.114615104716357,48,182,78.0,54.0,100.0,image_0_1592.jpg,overripe
134.33921542292154,51.08379212040328,0,244,134.0,102.0,176.0,104.56107489332686,39.54939323336343,0,201,103.0,80.0,134.0,29.86743602194419,26.33584825956675,0,133,26.0,4.0,49.0,image_0_1592.jpg,overripe
164.99187941027574,40.91685953026996,82,255,162.0,132.0,199.0,136.18137016871404,31.527226646983973,78,223,132.0,111.0,160.0,63.87917265034972,25.570535769386765,33,159,61.0,38.0,82.0,image_0_1592.jpg,overripe
109.09467822421506,77.71538741545015,0,244,129.0,0.0,174.0,83.65959645008317,60.338886921715506,0,201,98.0,0.0,132.0,19.005992292671838,24.605483286784718,0,117,5.0,0.0,33.0,image_0_1592.jpg,overripe
96.4934873597857,71.74534146928634,0,224,118.0,0.0,160.0,76.11792231709359,56.52619419115773,0,191,94.0,0.0,125.0,19.837033316591327,21.675963059509854,0,151,13.0,0.0,37.0,image_0_1787.jpg,overripe
126.23616273229533,33.212824695199046,41,209,128.0,101.0,153.0,98.3022685417713,26.382754665190532,38,175,100.0,79.0,118.0,22.84095094592332,17.7601610967617,0,137,20.0,9.0,33.0,image_0_1787.jpg,overripe
140.3740582621798,34.356655990800434,52,226,142.0,114.0,168.0,111.47132931525196,27.28841357629041,49,191,113.0,91.0,132.0,30.247522183157542,21.827840309138328,0,151,30.0,12.0,44.0,image_0_1787.jpg,overripe
169.26657458563537,40.68587673030098,65,255,171.0,138.0,202.0,135.02312070986105,32.36054345416004,61,229,137.0,111.0,159.0,38.72323790390089,25.875503246707556,3,182,38.0,17.0,55.0,image_0_1787.jpg,overripe
129.5502343880797,50.72686529916042,0,224,140.0,103.0,168.0,102.58229532898041,40.26357243192562,0,189,111.0,82.0,132.0,27.21086556169429,21.806437406028785,0,146,27.0,6.0,42.0,image_0_1787.jpg,overripe
142.8996322988675,32.49126468887633,45,212,148.0,126.0,167.0,114.28543609354317,26.514245408313766,40,177,118.0,99.0,133.0,37.197876158258566,17.41077404935672,0,95,37.0,25.0,50.0,image_0_1788.jpg,overripe
152.71914693337254,33.31267467616999,52,224,158.0,135.0,177.0,123.38316222973967,27.184359705927903,47,188,127.0,108.0,143.0,44.125400794234444,18.266742832328706,0,104,44.0,32.0,57.0,image_0_1788.jpg,overripe
143.01537284894837,50.07245997269643,0,223,156.0,129.0,176.0,115.42996322988675,40.722119532896116,0,187,125.0,104.0,142.0,40.80291219296956,20.738294711241572,0,104,42.0,28.0,55.0,image_0_1788.jpg,overripe
132.2578438005589,62.40816509345888,0,224,155.0,108.0,176.0,106.52836005294897,50.62582016079511,0,188,123.0,88.0,142.0,37.412401823797616,22.6008791409439,0,99,39.0,23.0,54.0,image_0_1788.jpg,overripe
145.5824797764377,48.35495415123389,0,223,158.0,133.0,177.0,117.24211207530519,39.55315653846463,0,187,126.0,106.0,143.0,41.38961023679953,20.353535480113653,0,98,42.0,28.0,56.0,image_0_1788.jpg,overripe
106.55533595182862,67.9302321236322,0,233,122.0,41.0,161.0,93.78010501896874,59.327629836432756,0,203,108.0,38.0,141.0,27.971768824273283,24.809289900807713,0,122,25.0,1.0,48.0,image_0_1796.jpg,overripe
135.22690462033214,43.99059382858967,0,232,138.0,109.0,167.0,119.31995611647558,38.397199509443354,0,202,123.0,98.0,147.0,33.15540127463214,23.106761342525918,0,113,33.0,13.0,51.0,image_0_1796.jpg,overripe
182.70247137939987,39.81361336691559,87,255,183.0,153.0,213.0,165.41525203715025,34.91024133862564,85,253,167.0,140.0,192.0,69.59417789576825,25.332856889144562,31,164,71.0,49.0,89.0,image_0_1796.jpg,overripe
136.6771713551132,41.42801708960405,0,232,139.0,110.0,167.0,120.66860401818988,36.08030485944546,0,203,123.0,99.0,147.0,33.67588164847957,22.95791403141245,0,117,34.0,14.0,52.0,image_0_1796.jpg,overripe
97.04767727185174,37.0252724452593,9,191,97.0,70.0,125.0,80.9379098377817,32.02887473461503,7,161,82.0,58.0,105.0,20.09311011917224,13.487587008883734,0,80,18.0,8.0,31.0,image_0_1796.jpg,overripe
97.58637333389662,50.17080225828919,1,191,99.0,54.0,143.0,74.53657506178577,40.437424401750945,0,159,74.0,39.0,110.0,22.401206142667032,15.501371553453502,0,67,19.0,9.0,37.0,image_0_1830.jpg,overripe
119.28809066137175,82.10033120164988,0,255,126.0,47.0,196.0,100.40355083331573,67.75291216005493,0,221,106.0,42.0,162.0,34.1228427789865,29.002377045895816,0,121,32.0,3.0,56.0,image_0_1830.jpg,overripe
144.56969645761603,67.29513288684626,0,255,153.0,97.0,203.0,120.92970152721742,55.23749007521351,0,220,126.0,83.0,168.0,36.891679516698,28.629539019681225,0,120,36.0,8.0,58.0,image_0_1830.jpg,overripe
146.58727107581166,65.04212200095985,0,255,154.0,99.0,202.0,122.48496018250565,53.365974765400175,0,220,127.0,85.0,168.0,36.51314927863797,28.341522272470485,0,120,36.0,9.0,58.0,image_0_1830.jpg,overripe
154.40483935700556,54.0614436518826,50,255,156.0,107.0,203.0,129.56451067784795,43.5693766033532,48,221,129.0,91.0,168.0,40.66324116516339,27.993418069876796,0,121,41.0,17.0,60.0,image_0_1830.jpg,overripe
133.28373961596077,39.27108331490312,44,213,135.0,105.0,165.0,107.01582762116604,32.683565673499636,39,184,107.0,83.0,132.0,32.35056062463117,21.932626312046164,2,122,32.0,14.0,47.0,image_0_1839.jpg,overripe
158.65114924266499,47.32918240001171,51,255,161.0,124.0,197.0,126.98953652004177,39.38924857959239,45,220,127.0,98.0,157.0,36.993395070134824,26.455313021084546,0,145,36.0,15.0,55.0,image_0_1839.jpg,overripe
110.48561744367274,83.02925547727645,0,255,125.0,0.0,184.0,87.85266391272111,67.05087824258827,0,220,98.0,0.0,146.0,27.261904761904763,27.492175197455825,0,145,22.0,0.0,47.0,image_0_1839.jpg,overripe
153.96546975955937,54.325148747731625,0,255,160.0,120.0,196.0,123.07148153192004,44.83504388316008,0,220,126.5,94.0,157.0,35.34569582520012,26.36812212748091,0,138,34.0,12.0,53.0,image_0_1839.jpg,overripe
163.70796828423138,42.54267731148538,67,250,166.0,133.0,198.0,135.25178930803335,35.3999744186445,62,219,135.0,109.0,162.0,54.34557477264818,23.798580414104677,21,151,53.0,35.0,71.0,image_0_1839.jpg,overripe
145.125903151422,51.54580509130099,0,255,146.0,109.0,180.0,116.03739004184816,41.60287530901266,0,225,115.0,87.0,144.0,38.29845418054488,27.75101653909275,0,159,36.0,17.0,57.0,image_0_1856.jpg,overripe
139.32012981467247,59.15644307669219,0,255,145.0,103.0,180.0,111.32365701597062,47.61738101313483,0,225,114.0,83.0,143.0,36.245170381757625,28.227394430648726,0,159,33.0,13.0,55.0,image_0_1856.jpg,overripe
91.47326842599709,38.6065720860382,14,178,90.0,62.0,118.0,67.99911179434623,30.98775774342525,10,154,66.0,45.0,89.0,18.09660944572551,13.947876185921196,0,102,16.0,7.0,26.0,image_0_1856.jpg,overripe
94.72458792381929,80.47955520062017,0,255,107.0,0.0,160.0,76.08576308822273,64.71586457142871,0,225,87.0,0.0,126.0,24.407242292253823,28.013861218116734,0,160,15.0,0.0,44.0,image_0_1856.jpg,overripe
155.34919292851652,51.03163816878909,52,255,154.0,117.0,191.0,124.27035613630541,41.29212503748681,47,239,121.0,93.0,152.0,40.8713553676659,29.16350829880264,0,169,39.0,18.0,60.0,image_0_1856.jpg,overripe
84.06778457819306,35.46951969134419,7,196,82.0,58.0,107.0,66.22862186067036,30.247858429031982,3,168,64.0,45.0,85.0,22.0390533566125,13.818479135849795,0,82,21.0,11.0,33.0,image_0_1863.jpg,overripe
108.51777594443698,64.37060831615464,0,254,123.0,73.0,153.0,92.69079641603193,55.26111152292988,0,224,104.0,63.0,129.0,25.110655973599894,25.11533812937233,0,125,21.0,2.0,39.0,image_0_1863.jpg,overripe
134.25684464994916,37.887433792117754,52,254,132.0,106.0,159.0,115.20132000537211,32.31177518172953,48,224,113.0,92.0,135.0,32.26026937318931,24.894537367639433,0,132,29.0,13.0,46.0,image_0_1863.jpg,overripe
131.47052051956027,42.07802600339975,0,252,132.0,103.0,159.0,112.61341877554153,36.10048745313122,0,223,112.0,90.0,134.0,30.94646111931851,24.819534016819524,0,129,27.0,11.0,44.0,image_0_1863.jpg,overripe
120.07113255693483,53.68860775111716,0,253,125.0,91.0,156.0,102.4714414535408,46.226606130886026,0,224,106.0,80.0,132.0,27.156635521191074,25.246007513475945,0,123,22.0,5.0,40.0,image_0_1863.jpg,overripe
155.8805862758161,51.22748312677856,51,255,160.0,114.0,195.0,128.67605596269155,41.10643528772514,49,225,128.0,97.0,159.0,36.83781479013991,27.105328120992066,0,129,34.0,14.0,56.0,image_0_1886.jpg,overripe
117.25757050854986,79.71444971332511,0,255,141.0,33.0,183.0,95.63130357539418,64.91400792189029,0,225,115.0,28.0,148.0,22.7479902287364,23.45170201039678,0,111,17.0,0.0,39.0,image_0_1886.jpg,overripe
143.35581612258494,67.26270864016853,0,255,158.0,99.0,193.0,117.70627581612258,54.76930024079556,0,225,126.0,82.0,158.0,31.830681767710416,26.6062461672344,0,111,28.0,8.0,50.0,image_0_1886.jpg,overripe
165.7130091050411,56.250131227772265,49,255,171.0,119.0,210.0,135.9121918720853,46.092071633160785,47,244,135.0,100.0,170.0,35.14575172107484,27.80580072402444,1,136,30.0,8.0,54.0,image_0_1886.jpg,overripe
150.9427137463913,41.59075466125759,66,231,154.0,117.0,183.0,128.852169664668,33.37657543494001,64,207,128.0,103.0,153.0,54.272262935820564,22.04512424365548,24,129,52.0,36.0,70.0,image_0_1886.jpg,overripe
105.04442821302678,79.02767875422789,0,254,119.0,0.0,170.0,80.18979114399737,61.2762674486995,0,212,89.0,0.0,129.0,18.07472450697069,23.565356888503423,0,115,4.0,0.0,32.0,image_0_1895.jpg,overripe
181.55311378576647,47.24075520399127,84,255,178.0,143.5,222.0,149.44439857304667,38.12356367040695,81,255,145.0,118.0,178.0,65.94571649359035,28.52967780640977,29,164,65.0,39.0,87.0,image_0_1895.jpg,overripe
128.31999534228885,62.038617597166024,0,254,130.0,91.0,177.0,99.72555495569881,48.260971309861986,0,212,100.0,73.0,136.0,28.32284289751977,26.238493284267044,0,122,24.0,2.0,48.0,image_0_1895.jpg,overripe
130.95565647263066,59.701685108645634,0,254,132.0,95.0,178.0,101.83406903998221,46.44228246547971,0,212,102.0,75.0,136.0,29.13168619729641,26.181781066104474,0,121,26.0,2.0,49.0,image_0_1895.jpg,overripe
142.26795600580095,45.7481631453445,51,254,138.0,105.5,179.0,111.37061619401484,35.36567843964554,48,212,107.0,82.0,138.0,33.93210327415923,26.417967973246174,0,125,33.0,9.0,53.0,image_0_1895.jpg,overripe
105.76007614615833,80.12092620668813,0,245,129.0,0.0,173.0,80.95163661361113,62.121771059567564,0,203,97.0,0.0,132.0,18.76012902543493,23.771055721641126,0,103,7.0,0.0,33.0,image_0_1912.jpg,overripe
176.43341970281847,50.35155113021596,73,255,176.0,134.0,220.0,140.74767066786526,40.19448682246498,68,252,138.0,107.0,171.0,50.37442758183068,30.301213898168033,11,178,48.0,25.0,70.0,image_0_1912.jpg,overripe
140.08220612342024,43.7170470425858,52,245,139.0,104.0,176.0,109.28914388451166,33.78436392468477,48,203,107.0,81.0,135.0,33.29528845645392,25.501006034522437,0,141,31.0,12.0,50.0,image_0_1912.jpg,overripe
128.74738511977156,58.467268178596264,0,244,134.0,94.0,175.0,99.69076199037598,45.45055892215166,0,202,103.0,73.0,134.0,28.30322034794564,24.89968990452035,0,131,24.0,4.0,44.0,image_0_1912.jpg,overripe
126.78978372375866,60.48114072840542,0,244,134.0,90.0,175.0,98.13068584421765,46.99630698168977,0,202,102.0,71.0,133.0,27.725017185764898,24.828896609307332,0,133,24.0,3.0,44.0,image_0_1912.jpg,overripe
144.7742993229969,56.67519391224387,0,255,152.0,110.0,187.0,124.67153336254293,47.98021988364182,0,231,131.0,94.0,160.0,37.57403926335279,26.258524408257095,0,124,37.0,16.0,57.0,image_0_1934.jpg,overripe
126.34159682274957,65.73474309028288,0,255,135.0,72.0,180.0,109.78371235141972,55.31917366978602,0,232,117.0,66.0,154.0,35.56492304213249,26.12820172673981,0,121,34.0,14.0,55.0,image_0_1934.jpg,overripe
132.55970064873574,54.70820922888668,18,252,135.0,92.0,174.0,109.22475372069029,45.78520246580192,17,226,112.0,74.0,144.0,25.291909883679843,17.111030962356086,0,104,24.0,10.0,38.0,image_0_1934.jpg,overripe
111.61119669837322,40.243670309923125,28,199,113.0,82.0,142.0,94.4483838141139,33.68531752711128,27,180,96.0,69.0,120.0,24.216852995632696,16.390565618926217,0,90,20.0,12.0,35.0,image_0_1934.jpg,overripe
147.64352041609544,52.17612546209681,0,255,152.0,112.0,187.0,127.32335731347081,43.98158760747869,0,231,131.0,96.0,160.0,38.90461181858013,26.002554054143978,0,119,39.0,18.0,58.0,image_0_1934.jpg,overripe
117.41512672927395,51.52464208707271,27,248,116.0,73.0,155.0,102.98437342219529,45.72226763877329,25,221,101.0,64.0,137.0,30.45067151368272,21.231322976540696,0,140,27.0,14.0,43.0,image_0_1952.jpg,overripe
126.9476168837726,45.399375931559945,1,240,126.0,89.0,160.0,114.58204584469352,40.326150114920495,0,217,114.0,81.0,145.0,45.98812228617591,24.985053045421207,0,146,46.0,29.0,63.0,image_0_1952.jpg,overripe
121.90198677168534,51.14436909420682,0,240,124.0,84.0,158.0,109.94759163889731,45.64334297748373,0,216,112.0,76.0,144.0,42.96280167625972,25.785550115831875,0,143,43.0,24.0,61.0,image_0_1952.jpg,overripe
63.59175249924265,64.71614211248063,0,238,49.0,0.0,116.0,58.6420781581339,59.060156833670554,0,216,46.0,0.0,106.0,28.484941431889325,29.253850029217745,0,147,23.0,0.0,50.0,image_0_1952.jpg,overripe
130.8335479147733,46.307521794296825,50,248,130.0,91.0,164.0,117.87324548116732,41.078735379668565,47,224,116.0,83.0,149.0,46.322579016459656,25.645767573996466,0,151,46.0,29.0,64.0,image_0_1952.jpg,overripe
101.33880584823982,61.74799333175424,0,255,94.0,54.0,141.0,88.40798823817691,51.815192238930806,0,240,82.0,52.0,118.0,40.65559911786327,27.389643032147145,0,193,38.0,23.0,55.0,image_0_2070.jpg,overripe
109.231029976313,55.11798660376185,0,255,102.0,67.0,141.0,95.5757167360941,45.759628107466774,0,239,89.0,63.0,119.0,45.30723678836886,25.190174863386858,0,191,42.0,29.0,58.0,image_0_2070.jpg,overripe
51.16092869394756,56.157641779484,0,255,40.0,0.0,75.0,47.23701298701299,48.266548280204546,0,240,42.0,0.0,71.0,25.700992403822593,25.59052005749512,0,196,24.0,0.0,41.0,image_0_2070.jpg,overripe
135.29966103079312,41.014403281444686,80,252,127.0,101.0,157.0,123.65151515151516,33.61540786046746,81,241,116.0,96.0,139.0,80.86322796700155,19.55444437042841,40,203,77.0,68.0,91.0,image_0_2070.jpg,overripe
114.79933431348526,49.34011729906746,48,255,105.0,74.0,141.0,100.78740913174876,40.45321880636864,49,242,91.0,68.0,119.0,49.34225679980397,23.50108762794885,0,196,45.0,34.0,61.0,image_0_2070.jpg,overripe
126.76445026651007,54.64788885549746,0,229,138.0,95.0,167.0,113.67548107326769,49.510301196972996,0,203,124.0,85.0,152.0,27.239100189719036,23.183041435369205,0,95,26.0,2.0,47.0,image_0_2095.jpg,overripe
101.80430029812992,40.252819327911645,12,195,106.0,71.0,133.0,87.33326407082843,36.380369411825534,9,169,92.0,59.0,116.0,20.889628692745504,13.783700918162312,0,63,19.0,9.0,34.0,image_0_2095.jpg,overripe
151.49330562833137,40.926670876209585,61,246,156.0,120.0,183.0,136.76978046797362,36.997322632505025,57,220,141.0,108.0,166.0,39.03538711717409,23.90465643025123,6,112,41.0,16.0,57.0,image_0_2095.jpg,overripe
97.83262263980487,74.2695054262532,0,229,118.0,0.0,162.0,88.07028638540066,66.81362608283035,0,203,104.0,0.0,148.0,22.119550094859516,23.69012410789548,0,95,13.0,0.0,43.0,image_0_2095.jpg,overripe
138.87067485771072,39.084161087849765,52,229,143.0,109.0,169.0,124.80417381877315,35.338004883384336,49,204,129.0,97.0,153.0,31.496205619297136,22.803344663398526,0,101,33.0,9.0,49.0,image_0_2095.jpg,overripe
142.28189379298473,58.7034328668587,0,255,150.0,103.0,190.0,121.50223383695729,49.162335972659655,0,240,127.0,90.0,160.0,47.0806685079847,28.48683601877726,0,229,44.0,26.0,66.0,image_0_2116.jpg,overripe
152.68234134280596,47.838128448080454,49,255,155.0,115.0,193.0,130.53418044395065,39.563001579944,48,241,131.0,99.0,162.0,51.87011666027682,26.83210713711137,0,231,49.0,32.0,69.0,image_0_2116.jpg,overripe
187.98769237991658,48.6978412662191,79,255,192.0,149.0,232.0,165.77444897384336,41.81983366634428,78,255,166.0,132.0,199.0,82.51055888957569,28.39388476061678,28,255,79.0,61.0,101.0,image_0_2116.jpg,overripe
191.47586595413398,52.251631424510805,72,255,197.0,150.0,242.0,168.20691354933612,46.47015338131002,71,255,169.0,131.0,206.0,75.32225151986981,31.726825684050475,14,255,72.0,52.0,96.0,image_0_2116.jpg,overripe
152.01610240440664,48.8467421248417,3,255,155.0,115.0,193.0,129.92586478048932,40.50093705203574,2,240,131.0,99.0,162.0,51.51633322118507,26.926471551063177,0,230,49.0,31.0,69.0,image_0_2116.jpg,overripe
152.49453529460104,33.35215280299237,54,223,158.0,134.0,177.0,123.19453412065788,27.21801118437357,48,186,126.0,108.0,143.0,43.95728020849231,18.850877486572525,0,106,44.0,32.0,57.0,image_0_214.jpg,overripe
149.16418182031626,30.34840177407118,60,213,154.0,132.0,171.0,122.51020156604017,24.779900045890862,54,180,125.0,109.0,141.0,50.40761654320698,17.16064050319559,10,107,50.0,40.0,62.0,image_0_214.jpg,overripe
123.24009485460714,31.0922034645257,31,189,128.0,106.0,146.0,95.91495368794243,25.382349617747874,26,154,99.0,82.0,114.0,24.05376659662139,14.705368922641762,0,80,22.0,13.0,34.0,image_0_214.jpg,overripe
151.48328304943476,35.865224910124645,0,222,158.0,134.0,177.0,122.250859913363,29.367895988627794,0,186,126.0,107.0,143.0,43.316847258255756,19.010660210894365,0,101,44.0,31.0,57.0,image_0_214.jpg,overripe
116.12967963091228,73.16057769690869,0,223,149.0,28.0,172.0,93.48901776175998,59.23625108843648,0,186,118.0,20.0,138.0,32.09603442001338,24.831410914234894,0,97,34.0,1.0,51.0,image_0_214.jpg,overripe
179.8033122060928,44.08637756311061,94,255,176.0,145.0,214.0,155.52183602535268,37.24329630402699,89,255,151.0,126.0,182.0,87.4552954406052,27.667778094080433,45,198,86.0,68.0,105.0,image_0_2154.jpg,overripe
141.43002453485994,49.032985990760544,0,255,137.0,104.0,177.0,114.99925373134329,39.77468320039398,0,231,111.0,85.0,143.0,43.92589450010223,28.911909406202916,0,160,42.0,23.0,62.0,image_0_2154.jpg,overripe
131.37371703128196,61.29688863884678,0,255,135.0,93.0,175.0,106.23233490083827,50.005355747172054,0,232,107.0,75.0,142.0,38.726702105908814,29.8731831360814,0,160,37.0,14.0,58.0,image_0_2154.jpg,overripe
94.54592107953384,77.43303705252416,0,255,96.0,0.0,155.0,77.61708239623799,63.24721304239011,0,232,80.0,0.0,126.0,30.439184215906767,29.775433128352475,0,160,26.0,0.0,52.0,image_0_2154.jpg,overripe
182.06967900224902,44.90747810027329,93,255,179.0,147.0,218.0,157.32180535677776,38.493900305843596,88,255,153.0,127.0,184.0,86.58378654671846,28.771716267486088,43,201,85.0,66.0,105.0,image_0_2154.jpg,overripe
78.1431427182143,41.04020276672408,8,183,70.0,43.0,114.0,58.07135524802606,31.522382891802273,5,145,54.0,31.0,83.0,16.909850806171516,12.354843859894578,0,85,14.0,7.0,26.0,image_0_2156.jpg,overripe
130.28870896783803,46.6150488483006,51,249,121.0,90.0,171.0,107.49748770868226,35.80062032357343,47,206,103.0,77.0,136.0,38.65173699281431,23.545080774601143,0,138,38.0,22.0,55.0,image_0_2156.jpg,overripe
65.36903282572956,40.08472060740094,0,167,57.0,31.0,100.0,45.89110316988646,30.59145070122323,0,130,42.0,20.0,70.0,20.027561881092595,13.834759073446323,0,72,17.0,9.0,29.0,image_0_2156.jpg,overripe
77.67066214891597,65.09992184072095,0,249,82.0,0.0,118.0,65.20036584518728,54.629773695493334,0,206,69.0,0.0,103.0,27.186442116962404,26.557268363351625,0,138,25.0,0.0,47.0,image_0_2156.jpg,overripe
117.37267584109661,58.188087091477314,0,249,109.0,78.0,167.0,96.63708003056428,45.721272285382604,0,206,94.0,67.0,132.0,34.13702214366756,24.442698790300817,0,134,34.0,14.0,51.0,image_0_2156.jpg,overripe
150.05486787814942,46.92978457011868,51,255,149.0,115.0,184.0,122.72296549907821,38.82153008975595,47,225,121.0,93.0,149.0,42.728996576244406,26.49561030958459,0,125,40.0,24.0,60.0,image_0_216.jpg,overripe
137.10408217013432,62.39651568003446,0,255,144.0,101.0,182.0,111.31624089193222,51.6609902597683,0,224,116.0,81.0,147.0,37.164226143446584,28.025223602054847,0,124,34.0,14.0,55.0,image_0_216.jpg,overripe
135.34017206566588,63.52350627911168,0,255,143.0,95.0,182.0,110.37710473180582,52.35704870008858,0,225,116.0,78.0,147.0,38.09444298130103,28.274464653445133,0,124,36.0,15.0,56.0,image_0_216.jpg,overripe
99.58632253533492,81.50898707516276,0,255,103.0,0.0,170.0,82.84258625230446,67.43261995367644,0,225,87.0,0.0,139.0,32.49475902027917,30.75168435256867,0,125,29.0,0.0,54.0,image_0_216.jpg,overripe
148.26800983232377,52.27697879445882,38,255,147.0,109.0,186.0,117.80954262136774,43.35797740248987,33,232,116.0,85.0,147.0,32.77542796944957,24.723832939525124,0,120,25.0,14.0,48.0,image_0_216.jpg,overripe
152.69814692256784,35.64463711978721,74,255,152.0,127.0,174.0,124.22270847121112,28.593788847097837,70,240,122.0,103.0,140.0,55.14420913302449,24.09436077037737,27,180,50.0,36.0,69.0,image_0_2168.jpg,overripe
171.94195896757114,40.06722911526517,82,255,172.0,143.0,197.0,139.69645929847783,32.698691182793056,77,255,137.0,116.0,158.0,60.63053441429517,27.625774632325562,28,203,54.0,39.0,76.0,image_0_2168.jpg,overripe
138.46654533421574,39.21466072017169,52,255,138.0,110.0,162.0,107.146012574454,31.452119083168533,47,235,105.0,84.0,125.0,31.13462111184646,26.52892548548381,0,168,25.0,10.0,46.0,image_0_2168.jpg,overripe
129.34142951687625,52.919449212038494,0,255,136.0,104.0,161.0,99.30737094639312,41.911823688092326,0,234,103.0,78.0,123.0,26.51877068166777,25.20275350026389,0,167,21.0,6.0,38.0,image_0_2168.jpg,overripe
131.67953342157512,49.91793561314015,0,255,137.0,105.0,162.0,101.16854731965586,39.71529719613685,0,233,103.0,79.0,124.0,27.228805426869624,25.300962700975596,0,165,21.0,7.0,39.0,image_0_2168.jpg,overripe
144.19577818006675,52.140663477521954,0,255,151.0,110.0,184.0,122.85686170301108,44.623485029331256,0,231,127.0,96.0,157.0,35.54627891913438,27.167157349539384,0,131,33.0,12.0,56.0,image_0_2178.jpg,overripe
138.460430818289,58.490177266484714,0,255,149.0,101.0,184.0,117.85079138363422,49.983059778275226,0,230,125.0,87.0,156.0,34.042417498463735,26.95960853505981,0,132,31.0,10.0,55.0,image_0_2178.jpg,overripe
85.70447260467357,75.08224887650398,0,255,77.0,0.0,151.0,75.15705601966418,65.52606364153874,0,232,69.0,0.0,133.0,26.60255601136005,28.296770206321774,0,134,19.0,0.0,47.0,image_0_2178.jpg,overripe
182.42102771918752,40.269803738894744,94,255,185.0,153.0,214.0,162.9493364999751,34.34151164720471,90,255,163.0,139.0,190.0,81.86234242912424,24.300025676229303,48,169,80.0,61.0,100.0,image_0_2178.jpg,overripe
163.86653601501388,38.15941185625729,80,254,166.0,136.0,193.0,145.40367208649582,32.35761754618294,77,234,146.0,123.0,170.0,68.98702894819884,22.91631864099497,37,151,68.0,50.0,86.0,image_0_2178.jpg,overripe
88.58183423463194,45.13063029653941,9,224,83.0,53.0,116.0,75.92567045579958,37.55906754288038,8,228,71.0,48.0,97.0,23.1097698929478,15.340292428909613,0,214,22.0,11.0,34.0,image_0_2198.jpg,overripe
53.938817459441566,57.63185527470645,0,200,37.0,0.0,108.0,48.64846595298532,51.2397483575014,0,172,33.0,0.0,99.0,13.277038958172387,17.25422926856058,0,99,1.0,0.0,26.0,image_0_2198.jpg,overripe
112.9158757311555,52.72675095876575,0,232,114.0,82.0,147.0,102.05323639774859,45.468277373724185,0,209,104.0,78.0,129.0,32.040792958834565,24.749753040503187,0,128,28.0,12.0,46.0,image_0_2198.jpg,overripe
112.1796987087518,52.20893099901355,0,243,112.0,79.0,146.0,101.66061968877608,44.91468630921772,0,246,103.0,76.0,128.0,31.147114005076702,24.891457111418607,0,233,27.0,11.0,44.0,image_0_2198.jpg,overripe
136.798380421587,37.2433635184941,71,249,132.0,108.0,159.0,126.35496909833351,30.99223295627786,70,251,122.0,103.0,144.0,57.44971581503145,22.03040744387301,25,241,54.0,41.0,69.0,image_0_2198.jpg,overripe
146.22396405601552,50.21983478490602,0,255,150.0,114.0,183.0,126.08478609270132,42.307985161015864,0,229,129.0,98.0,157.0,37.669456711153416,25.57116633075964,0,126,37.0,17.0,56.0,image_0_220.jpg,overripe
145.28312186382436,51.86538461338149,35,255,147.0,108.0,184.0,122.72170705932577,43.429224918352226,34,236,125.0,90.0,155.0,30.18841198412754,21.37774273046047,0,125,23.0,15.0,43.0,image_0_220.jpg,overripe
203.9220233887843,44.07971264192105,102,255,210.0,172.0,246.0,185.86345344988067,41.03032666361991,101,255,188.0,155.0,218.0,89.74713938791649,28.051080616902652,47,188,90.0,68.0,109.0,image_0_220.jpg,overripe
148.4329024627508,46.50617602881754,50,255,150.0,115.0,183.0,128.2010441671507,38.899151174876785,49,230,130.0,99.0,157.0,39.108895716255276,25.790610294919016,0,130,39.0,19.0,57.0,image_0_220.jpg,overripe
136.10837083330418,62.76602916425829,0,255,146.0,101.0,183.0,117.25693370378406,53.20976540169695,0,229,126.0,88.0,156.0,34.64801349299106,26.385371117136202,0,122,34.0,10.0,53.0,image_0_220.jpg,overripe
153.10421026881573,43.10632672483503,52,255,154.0,125.0,181.0,117.58309097333587,33.997379069756114,47,216,116.0,95.0,138.0,31.72274469299557,23.9697583476907,0,137,28.0,13.0,46.0,image_0_2210.jpg,overripe
171.97506863091516,40.67920666576994,76,255,173.0,145.0,199.0,138.3749762170096,32.26268965973215,71,232,137.0,117.0,158.0,56.92088418363187,22.7176632304755,27,157,53.0,39.0,70.0,image_0_2210.jpg,overripe
145.23013780544156,55.87170128046786,0,255,154.0,119.0,181.0,110.85600418580631,43.771148496277696,0,216,114.0,89.0,138.0,27.688782582696856,22.762167438400034,0,106,24.0,9.0,41.0,image_0_2210.jpg,overripe
146.55248566225436,55.16088657648399,0,255,154.0,122.0,181.0,112.0515139572178,43.32003698730989,0,215,116.0,92.0,138.0,28.99980973607676,23.611230120039753,0,130,25.0,10.0,43.0,image_0_2210.jpg,overripe
156.84469027751354,49.51009635917796,40,255,158.0,124.0,189.0,115.89184175477699,39.401039643170584,34,230,114.0,90.0,140.0,24.183081460139707,21.30426632674496,0,138,19.0,9.0,33.0,image_0_2210.jpg,overripe
118.87278141257264,79.01515698861539,0,255,149.0,37.0,179.0,91.72887808045985,60.812370592566175,0,217,111.0,30.0,136.0,24.153326931181475,24.24265758337897,0,143,20.0,0.0,39.0,image_0_2216.jpg,overripe
154.0410244364149,42.44383652639299,45,255,157.0,125.0,182.0,118.23942435903636,33.471135810083084,44,217,117.0,96.0,139.0,31.62881106512923,23.156919956015752,0,142,29.0,13.0,46.0,image_0_2216.jpg,overripe
154.06418963265926,42.42866840931403,51,255,157.0,125.0,182.0,118.25997803002564,33.46884346743105,47,217,118.0,96.0,139.0,31.642607932680683,23.20026291819247,0,143,29.0,13.0,46.0,image_0_2216.jpg,overripe
143.95030502338628,59.593708064348995,0,255,157.0,119.0,182.0,110.07610039863758,46.529627592037,0,216,117.0,90.0,139.0,28.128987239451995,23.188414075360303,0,142,25.0,8.0,42.0,image_0_2216.jpg,overripe
208.1790760174931,40.242259335763585,99,255,216.0,181.0,244.0,173.0562445161424,36.63195471836045,95,255,173.0,149.0,196.0,77.60258527182661,25.57865641806947,43,200,75.0,57.0,93.0,image_0_2216.jpg,overripe
142.93098542274052,54.426247266434565,0,244,157.0,122.0,180.0,122.67573177842566,46.09027918708258,0,209,134.0,108.0,153.0,35.1444139941691,22.905442119921528,0,109,35.0,17.0,52.0,image_0_2273.jpg,overripe
147.09967346938777,46.859971553599614,0,244,157.0,124.0,180.0,126.43697959183673,39.26270776255733,0,209,134.0,109.0,153.0,35.6161166180758,22.073326073070437,0,117,36.0,18.0,52.0,image_0_2273.jpg,overripe
153.16256559766765,36.497630712761534,52,244,158.0,129.0,180.0,131.91803498542274,29.62472362177265,49,209,135.0,113.0,153.0,38.42681632653061,21.689658493147245,0,118,38.0,22.0,54.0,image_0_2273.jpg,overripe
138.526110787172,31.79792428415303,50,218,143.0,117.0,162.0,120.02019825072887,25.816477667264568,48,187,123.0,104.0,138.0,38.55387172011662,18.902596622217313,5,108,38.0,24.0,52.0,image_0_2273.jpg,overripe
148.25103206997085,45.175482951129325,0,244,157.0,125.0,180.0,127.45882798833819,37.72443789490371,0,209,134.0,110.0,153.0,36.079119533527695,21.933575235394322,0,118,36.0,19.0,52.0,image_0_2273.jpg,overripe
101.52165164039535,44.321002797593486,11,198,103.0,65.0,139.0,76.69907672276037,33.52413976563451,9,164,78.0,50.0,103.0,18.767286788060527,12.86267695856322,0,89,16.0,8.0,29.0,image_0_2351.jpg,overripe
143.98736412239342,45.803270630385555,50,244,146.0,106.0,183.0,118.33306042731165,34.63540171345202,48,209,120.0,91.0,146.0,35.3089526327211,23.18338107242693,0,131,35.0,17.0,52.0,image_0_2351.jpg,overripe
113.29020102980923,72.84907028525606,0,244,126.0,58.0,178.0,93.49918128193494,58.1066399458155,0,209,105.0,53.0,143.0,29.386878809998226,24.82117924516975,0,124,29.0,2.0,49.0,image_0_2351.jpg,overripe
173.30622028447988,39.3437994956669,93,255,175.0,141.0,207.0,151.26761230247195,29.749928307703524,91,229,153.0,128.0,175.0,79.97866400994299,19.887005682882673,50,162,80.0,64.0,94.0,image_0_2351.jpg,overripe
137.8510229043777,54.54183498822661,0,243,145.0,99.0,183.0,112.7187950048334,42.43516341716304,0,207,118.0,85.0,146.0,31.970457101146206,23.09030596734028,0,117,32.0,11.0,49.0,image_0_2351.jpg,overripe
88.49074632112902,48.69477418416324,4,218,86.0,47.0,123.0,75.05957762041083,43.43893000119624,1,194,72.0,38.0,108.0,22.368627894128874,16.331661697270338,0,108,19.0,9.0,34.0,image_0_2402.jpg,overripe
120.60898498317513,51.422828638039604,0,245,121.0,83.0,157.0,108.67756516498417,45.99651450392659,0,223,108.0,75.0,143.0,42.49495253879765,25.719834879314114,0,128,42.0,24.0,61.0,image_0_2402.jpg,overripe
125.76421324895786,46.60310794937862,0,244,125.0,88.0,159.0,113.5079980915072,41.63801595023237,0,223,111.0,80.0,145.0,45.32568680628798,25.601356873854915,0,144,45.0,27.0,63.0,image_0_2402.jpg,overripe
127.21868565114761,44.74963586443663,50,246,125.0,89.0,159.0,114.87921249560544,39.92038338990601,47,224,112.0,81.0,145.0,46.312452915473855,25.431716051455567,0,145,46.0,29.0,64.0,image_0_2402.jpg,overripe
115.15767666114208,47.51120207320564,33,241,113.0,75.0,149.0,102.05684043995781,42.385627343418754,30,218,99.0,66.0,134.0,33.209745869117576,21.964955810413265,0,134,29.0,16.0,48.0,image_0_2402.jpg,overripe
103.01852703265757,83.14073411955493,0,255,124.0,0.0,179.0,85.50127871725981,68.74708614246579,0,215,104.0,0.0,146.0,25.127620292811883,25.71042178972866,0,106,21.0,0.0,44.0,image_0_2415.jpg,overripe
139.30311346101348,66.86820444134132,0,255,153.0,98.0,191.0,115.25039870116808,55.60646423347236,0,217,126.0,81.0,157.0,35.46795304665163,27.336894689349762,0,119,33.0,11.0,55.0,image_0_2415.jpg,overripe
145.59785778939957,60.809700919134414,0,255,156.0,108.0,192.0,120.58558066694444,50.608312672931824,0,217,129.0,90.0,158.0,37.03721929282625,26.717393723201262,0,128,35.0,15.0,56.0,image_0_2415.jpg,overripe
147.8922572951538,55.826486041047524,24,255,152.0,106.0,192.0,116.96498613525668,46.08423055936423,20,222,120.0,82.0,152.0,26.331977988822,19.759055430329486,0,123,23.0,11.0,37.0,image_0_2415.jpg,overripe
178.44245053950374,53.87394134945141,55,255,184.0,137.0,224.0,148.7783437019583,46.3726008580014,51,254,152.0,113.0,184.0,43.43949081191362,29.980499070236128,0,155,40.0,19.0,65.0,image_0_2415.jpg,overripe
189.2147335709716,52.34067716554957,87,255,196.0,144.0,239.0,172.8716570697377,45.84982000014835,86,255,176.0,134.0,211.0,83.67889589617037,27.06303949765279,32,177,86.0,66.0,103.0,image_0_2457.jpg,overripe
144.14435609176493,50.40381636120182,50,251,148.0,101.0,187.0,127.24741796910703,41.53012682396908,49,223,130.0,92.0,162.0,46.699341924869756,24.408580897496996,0,131,49.0,31.0,64.0,image_0_2457.jpg,overripe
134.69859245041587,62.88898965965059,0,250,145.0,88.0,187.0,118.58990037473723,53.01274283109804,0,222,128.0,83.0,162.0,42.42967736038754,25.345352398354816,0,125,45.0,24.0,61.0,image_0_2457.jpg,overripe
143.84017000274198,50.748212947676,8,251,147.0,101.0,187.0,126.96609999086007,41.854231622779324,9,223,130.0,92.0,162.0,46.49596928982726,24.31684733422858,0,129,49.0,31.0,64.0,image_0_2457.jpg,overripe
109.6883374463029,76.32423043281548,0,251,116.0,43.0,179.0,98.1556896078969,65.97643872548115,0,223,107.0,41.0,158.0,37.613399140846354,28.52707357992817,0,131,40.0,6.0,60.0,image_0_2457.jpg,overripe
151.76287871629458,58.1498356585283,46,255,152.0,100.0,200.0,131.9440784104868,49.53808660622601,40,252,134.0,89.0,173.0,44.92715590183227,25.84855914645439,0,147,44.0,25.0,63.0,image_0_2528.jpg,overripe
89.10912870555694,78.50521322120655,0,255,74.0,0.0,159.0,78.43328494240335,67.87293170855578,0,228,68.0,0.0,138.0,30.540472284023263,28.480104295040825,0,123,28.0,0.0,53.0,image_0_2528.jpg,overripe
124.53881439358148,69.57386239701835,0,255,136.0,72.0,182.0,110.054100487059,59.692175879633986,0,227,121.0,67.0,159.0,40.053928684940686,27.915213595065328,0,136,41.0,16.0,61.0,image_0_2528.jpg,overripe
133.68483760404766,60.419321798207974,0,255,140.0,86.0,183.0,117.51380000515407,51.91945585208231,0,226,124.0,79.0,160.0,43.01163100341027,26.435390904883544,0,135,44.0,24.0,62.0,image_0_2528.jpg,overripe
141.67432331440648,50.6311189494671,50,255,142.0,97.0,183.0,124.34657641328718,42.79977632630687,45,228,126.0,87.0,160.0,47.39679417247215,25.14582747377464,0,137,48.0,32.0,65.0,image_0_2528.jpg,overripe
169.6516019214402,42.233986124574876,74,255,165.0,140.0,199.0,141.70563160855704,37.20222404589962,68,243,138.0,115.0,167.0,72.15209959176607,32.50882737554721,21,203,71.0,46.0,96.0,image_0_2537.jpg,overripe
147.9231423914141,42.85508226572009,52,255,143.0,118.0,177.0,119.69709908688314,37.181347299035785,46,220,116.0,93.0,145.0,50.61501233356895,32.09801216166485,0,181,49.0,25.0,74.0,image_0_2537.jpg,overripe
138.46938966865255,53.222478034961355,0,255,139.0,112.0,172.0,111.73787199053704,44.97823913082873,0,219,112.0,87.0,140.0,46.391392467146545,32.7488256677828,0,179,45.0,19.0,70.0,image_0_2537.jpg,overripe
135.76451538450442,55.39907636786109,0,255,137.0,109.0,170.0,109.52577066774376,46.60615273170198,0,219,111.0,85.0,138.0,45.338120104438644,32.9333925157495,0,172,44.0,17.0,69.0,image_0_2537.jpg,overripe
109.05182262741081,73.2548156165142,0,255,125.0,32.0,164.0,87.41197726584251,60.05369511388851,0,220,98.0,24.0,132.0,34.33124648385096,32.946492924589904,0,181,30.0,0.0,58.0,image_0_2537.jpg,overripe
119.89921902922367,78.52315837183905,0,254,149.0,7.0,177.0,91.26986456582739,59.86204524770946,0,208,110.0,6.0,134.0,20.763108065975683,22.410681461031867,0,113,15.0,0.0,35.0,image_0_2554.jpg,overripe
154.36397648722843,45.88761238528416,0,254,158.0,130.0,184.0,117.3755199501152,36.14989554271075,0,208,118.0,97.0,140.0,28.159730196269287,22.658257910488086,0,109,25.0,8.0,42.0,image_0_2554.jpg,overripe
135.9165874542786,39.44677483514574,37,228,138.0,111.0,162.0,100.81014121350843,31.03762549141228,33,185,100.0,80.0,121.0,20.69839471342859,17.193176848770758,0,95,14.0,8.0,30.0,image_0_2554.jpg,overripe
156.2306335216687,41.77142905887064,51,254,158.0,130.0,184.0,119.06453845159426,32.86077645813827,47,208,118.0,97.0,140.0,29.325977354128803,22.82841933684417,0,113,27.0,10.0,44.0,image_0_2554.jpg,overripe
149.65504209029453,53.454869519287726,0,254,157.0,127.0,184.0,113.42407397549866,41.92188638008681,0,207,117.0,94.0,140.0,25.98152133411405,22.08763215795062,0,103,23.0,5.0,40.0,image_0_2554.jpg,overripe
149.04634592570358,53.600322763360346,0,255,153.0,114.0,190.0,123.64354015694009,44.683289352128845,0,215,127.0,94.0,157.0,37.016594485656704,26.379136374558602,0,119,34.0,15.0,56.0,image_0_26.jpg,overripe
116.98414161771223,49.88962903726119,6,226,117.0,78.0,156.0,89.12803195975016,41.32620896321115,3,183,89.0,57.0,120.0,24.633299029487013,15.387049179052786,0,83,23.0,11.0,38.0,image_0_26.jpg,overripe
116.1768005946,76.14944863232942,0,252,136.0,43.0,178.0,96.16895358975458,63.107889680685545,0,214,113.0,37.0,146.0,27.044223375212614,26.075212940339338,0,122,22.0,0.0,45.0,image_0_26.jpg,overripe
152.20388633992252,49.2451237912868,0,255,154.0,117.0,190.0,126.44614296127953,40.97177237415027,0,215,128.0,97.0,157.0,38.16668095993597,26.24211738865929,0,115,35.0,17.0,57.0,image_0_26.jpg,overripe
153.95144576418966,46.367348966104565,51,255,154.0,118.0,190.0,128.0593099209582,38.40938553208619,48,215,128.0,98.0,157.0,38.935280076611924,26.217116116808047,0,122,36.0,18.0,58.0,image_0_26.jpg,overripe
110.8248499828656,37.15212877797281,23,196,111.0,85.0,138.0,86.2552806760432,32.94446445250266,19,176,85.0,63.0,111.0,28.348462643363884,24.23487617196641,0,143,22.0,11.0,41.0,image_0_2600.jpg,overripe
147.28246239546195,43.70064287659866,44,247,148.0,116.0,180.0,118.37035821831412,38.743756527879235,39,224,117.0,91.0,147.0,44.09154143972702,33.64543150981003,0,185,38.0,16.0,65.0,image_0_2600.jpg,overripe
149.27740957047342,41.35370299632173,52,244,150.0,120.0,180.0,121.91850588038002,36.670117989382625,47,222,121.0,96.0,149.0,50.1037396737902,33.74868593794777,0,185,46.0,25.0,71.0,image_0_2600.jpg,overripe
141.26629773023893,52.506138252930306,0,243,148.0,113.0,179.0,114.99728036981138,45.231991463858364,0,221,119.0,90.0,147.0,46.509489540725184,34.997103843727864,0,184,42.0,19.0,68.0,image_0_2600.jpg,overripe
139.1341441185263,54.905340967782756,0,243,147.0,110.0,178.0,113.17602496518435,47.05231600051576,0,221,118.0,88.0,146.0,45.55874182470416,35.14100377907713,0,184,41.0,18.0,68.0,image_0_2600.jpg,overripe
143.03105043517655,34.41279261135848,63,236,142.0,117.0,170.0,127.96811318946516,28.33715260279727,63,238,128.0,107.0,149.0,51.414885738928916,25.463945195340845,13,199,50.0,32.0,66.0,image_0_2670.jpg,overripe
99.51506782481421,63.65993045163978,0,225,115.0,40.0,150.0,88.59606555091871,55.30233915581335,0,227,104.0,41.0,132.0,29.14725433651911,27.3996577954455,0,188,26.0,1.0,47.0,image_0_2670.jpg,overripe
119.06819944067398,52.5617539705108,0,221,128.0,94.0,158.0,105.2019410878107,44.87845273104982,0,226,114.0,86.0,137.0,34.73791829658219,26.64688944719472,0,188,34.0,12.0,51.0,image_0_2670.jpg,overripe
130.98419599062564,34.71392311774958,50,225,130.0,105.0,158.0,115.79769299797005,28.613179938105624,50,227,116.0,95.0,137.0,38.46083411017503,25.581213972121308,0,188,37.0,19.0,53.0,image_0_2670.jpg,overripe
124.52746534705221,45.896840901661974,0,224,129.0,101.0,158.0,109.88816964480183,38.98473534555741,0,226,114.0,92.0,137.0,35.83034648591666,26.552298469976886,0,187,35.0,14.0,52.0,image_0_2670.jpg,overripe
143.5577953534355,46.676032163526244,50,247,145.0,105.0,182.0,117.84705882352941,35.411606688834745,48,203,119.0,89.0,146.0,34.941700444883836,22.853042342664253,0,122,35.0,16.0,52.0,image_0_2678.jpg,overripe
106.38739495798319,71.37193432767855,0,243,115.0,52.0,166.0,86.68473554127533,56.632385468497205,0,203,94.0,49.0,133.0,24.07218981710331,23.642951035402437,0,105,20.0,0.0,43.0,image_0_2678.jpg,overripe
141.93175481957488,55.92157384401384,30,255,144.0,96.0,188.0,111.12189817103312,42.408915042617565,27,213,113.0,77.0,145.0,24.744399406821554,16.605926468970996,0,116,24.0,12.0,32.0,image_0_2678.jpg,overripe
189.67213049925851,45.27205863978036,97,255,192.0,152.0,229.0,164.8470588235294,35.411606688834745,95,250,166.0,136.0,193.0,82.18384577360357,22.535878397913336,48,169,82.0,63.0,99.0,image_0_2678.jpg,overripe
139.27474048442906,53.073873749328314,0,245,144.0,100.0,182.0,113.84023727137914,41.264055977477085,0,203,118.0,84.0,146.0,32.37921898171033,23.118468546205516,0,119,32.0,11.0,50.0,image_0_2678.jpg,overripe
78.82008563808876,40.3229417795242,4,183,77.0,46.0,111.0,67.27778190975063,36.04546632741978,3,162,66.0,37.0,97.0,18.79594547212512,14.168221006464126,0,110,16.0,7.0,27.0,image_0_2722.jpg,overripe
91.95916784427892,64.67615615728954,0,235,98.0,32.0,144.0,83.49223838413889,58.64203213475401,0,213,88.0,31.0,130.0,37.590329058512275,29.978649697654294,0,159,36.0,8.0,61.0,image_0_2722.jpg,overripe
117.13340841718286,52.537898572394774,0,234,121.0,81.0,159.0,105.82008563808876,47.26256129273045,0,212,108.0,73.0,144.0,47.325562863244684,25.853829756281613,0,153,48.0,28.0,66.0,image_0_2722.jpg,overripe
111.60973044189679,56.2957151091092,0,234,117.0,71.0,156.0,100.78806166792397,50.524758158665314,0,212,105.0,65.0,141.0,46.00739505084098,26.41223663108684,0,152,47.0,27.0,66.0,image_0_2722.jpg,overripe
161.79897361794363,47.87405854854208,73,255,160.0,122.0,201.0,148.19222882157314,43.18468711117353,72,255,147.0,112.0,183.0,77.50219407758428,26.393142813588366,16,200,77.0,60.0,95.0,image_0_2722.jpg,overripe
155.99564998586763,48.326928540277606,51,255,159.0,116.0,197.0,125.90305879757612,40.85895975696138,46,233,127.0,93.0,159.0,43.995587941292044,25.953321946145486,0,133,44.0,26.0,62.0,image_0_2777.jpg,overripe
149.4516638287018,54.77673677884165,30,255,153.0,104.0,196.0,115.34891801154029,46.351591009653795,25,237,117.0,78.0,153.0,30.030029574581025,21.608728723751792,0,123,26.0,13.0,43.0,image_0_2777.jpg,overripe
151.2548308595931,54.88101947996373,0,255,158.0,111.0,196.0,121.89424846784368,46.06338984083219,0,231,126.0,88.0,159.0,42.06765616274981,26.609664019950145,0,130,42.0,22.0,60.0,image_0_2777.jpg,overripe
107.9418090819471,82.21058094380807,0,255,113.0,1.0,182.0,86.29887561441365,67.08523780704921,0,233,88.0,1.0,147.0,31.389040170415768,29.758734227239376,0,133,29.0,0.0,54.0,image_0_2777.jpg,overripe
137.21953438992946,66.97058590275294,0,255,152.0,90.0,191.0,110.32594083705027,55.37160175317206,0,231,121.0,70.0,154.0,37.58868582695079,27.32854626425571,0,130,37.0,13.0,57.0,image_0_2777.jpg,overripe
132.06446665245232,49.36473584529971,0,228,142.0,115.0,166.0,102.06067004601321,38.53956352601751,0,214,109.0,88.0,127.0,27.866829902402454,21.89653294955264,0,181,26.0,10.0,40.0,image_0_281.jpg,overripe
133.12920154340304,49.81203504256294,0,228,142.0,119.0,166.0,102.43625208916522,38.728408070505374,0,216,109.0,90.0,127.0,27.38800354900167,21.26732041891154,0,181,26.0,10.0,40.0,image_0_281.jpg,overripe
143.63719711402888,31.345083254391618,52,228,144.0,124.0,167.0,111.29119008480464,24.864104990874687,48,218,112.0,94.0,128.0,31.224226750943995,21.753394564256208,0,184,29.0,15.0,43.0,image_0_281.jpg,overripe
111.46721644095658,29.90649168105548,24,192,112.0,93.0,134.0,80.61900504150819,23.72506079508873,20,182,81.0,64.0,97.0,16.306514068765345,13.579661558872528,0,150,13.0,6.0,24.0,image_0_281.jpg,overripe
128.7520307029912,28.126460915450025,47,204,129.0,111.0,150.0,99.7256264056729,22.319737301322604,43,195,100.0,84.0,115.0,27.88344693348373,19.499982830212783,0,165,26.0,13.0,38.0,image_0_281.jpg,overripe
193.2616851244358,42.282988014598416,88,255,196.0,161.0,225.0,155.7228128160225,37.53099237115407,84,255,153.0,127.0,177.0,58.609439360678785,25.600891055949813,30,169,55.0,34.0,74.0,image_0_2832.jpg,overripe
142.98717411143724,53.80804157647888,0,254,149.0,115.0,175.0,107.48918432281775,42.365055392862544,0,207,110.0,85.0,132.0,23.0897318895987,22.818557010669487,0,97,18.0,2.0,36.0,image_0_2832.jpg,overripe
176.7081493722714,45.40517376726515,69,255,178.0,142.0,207.0,137.16779715363936,37.6173946943676,65,243,134.0,108.0,159.0,39.824729299755816,25.655527003291915,11,151,36.0,16.0,55.0,image_0_2832.jpg,overripe
149.06055299311842,42.50971858871013,52,254,149.0,117.0,175.0,112.69353525886096,33.639708343651776,48,207,110.0,87.0,132.0,25.664738672520535,22.921570696330864,0,125,22.0,4.0,39.0,image_0_2832.jpg,overripe
141.6507411883679,55.60813159525115,0,254,149.0,115.0,175.0,106.47009348099549,43.646214840009776,0,207,109.0,84.0,132.0,22.97469353525886,22.85641232415696,0,96,18.0,2.0,36.0,image_0_2832.jpg,overripe
134.7019829001107,36.31833907277968,51,242,132.0,107.0,160.0,115.79249207985038,30.94324518256021,49,214,113.0,94.0,136.0,33.470571395854805,24.823271336034004,0,151,30.0,14.0,46.0,image_0_2839.jpg,overripe
120.88421313790603,52.96507042822797,0,242,127.0,96.0,157.0,103.36553876102141,45.53491404559782,0,213,109.0,84.0,133.0,28.05151914195198,24.184459002746987,0,126,24.0,7.0,41.0,image_0_2839.jpg,overripe
121.96084774228024,52.080891101177706,0,242,128.0,97.0,158.0,104.30002099316768,44.79635674064724,0,213,109.0,85.0,133.0,28.379766403297836,24.242806226461184,0,121,25.0,8.0,42.0,image_0_2839.jpg,overripe
124.82441123707012,40.06157732989575,32,243,122.0,94.0,153.0,103.97015153250123,34.127360995565404,30,212,101.0,80.0,126.0,22.717889995801368,20.183894375428146,0,143,17.0,8.0,27.0,image_0_2839.jpg,overripe
118.89320203061186,37.15330990552287,33,229,116.0,91.0,145.0,99.54982060383985,31.65727181787755,31,200,97.0,77.0,120.0,22.200704225352112,19.72824253339632,0,136,16.0,9.0,28.0,image_0_2839.jpg,overripe
88.53072487417607,75.60769018987835,0,251,96.0,0.0,152.0,71.68945095846206,61.791435561140176,0,224,77.0,0.0,121.0,17.106636352802045,23.66985277055633,0,139,3.0,0.0,29.0,image_0_2858.jpg,overripe
160.025733170763,48.285566403537224,67,255,154.0,122.0,199.0,134.8151465424776,42.119321940048124,62,254,131.0,101.0,166.0,44.75546612150604,30.073900371145196,10,165,42.0,16.0,62.0,image_0_2858.jpg,overripe
132.1904089621474,52.53650075908199,0,251,131.0,99.0,173.0,109.38233972919207,45.03990728783275,0,223,108.0,80.0,142.0,28.40292993280223,26.263040080317282,0,138,24.0,3.0,44.0,image_0_2858.jpg,overripe
111.68277701891255,48.4377650971463,18,234,105.0,74.0,151.0,86.41167572721189,41.994011153950744,14,205,82.0,53.0,117.0,24.785306331991823,17.2010148039803,0,116,24.0,10.0,38.0,image_0_2858.jpg,overripe
137.9262933049752,44.64842245138939,52,251,132.0,103.0,174.0,114.62541597528443,38.71136243133933,48,224,111.0,84.0,143.0,31.89279526223632,27.605283061036317,0,142,29.0,5.0,48.0,image_0_2858.jpg,overripe
113.0733066091068,53.06946027721744,0,254,104.0,72.0,139.0,99.03237742830713,44.02153810062516,0,235,90.0,67.0,118.0,47.315633672525436,26.583857610738594,0,187,44.0,29.0,62.0,image_0_2876.jpg,overripe
114.98579504573954,51.012186521405425,48,255,104.0,73.0,139.0,100.89898242368177,42.08135853244852,49,236,91.0,68.0,118.0,48.94133004419776,26.014759189191505,0,191,45.0,31.0,63.0,image_0_2876.jpg,overripe
100.08035769349368,64.45368937016212,0,254,94.0,51.0,137.0,87.17362524411553,54.44672132717097,0,235,81.0,49.0,117.0,39.61560283687943,30.093784663473354,0,188,35.0,17.0,57.0,image_0_2876.jpg,overripe
121.5966286360366,52.38496563193828,53,255,110.0,78.0,146.0,107.12264364271765,43.31108190958755,54,246,97.0,73.0,125.0,53.72145133107205,26.765010482240083,3,200,50.0,35.0,68.0,image_0_2876.jpg,overripe
155.3778394490698,48.45323486598001,88,255,146.0,114.0,182.0,142.61541782300338,43.01425141251139,89,255,132.0,109.0,160.0,89.20353582074212,26.77931947844497,39,235,85.0,71.0,104.0,image_0_2876.jpg,overripe
169.71427700560838,56.48141892477121,55,255,170.0,123.0,220.0,132.3212021458181,42.215716873597835,52,229,133.0,97.0,166.0,30.841392343330895,28.098909079415087,0,159,29.0,2.0,48.0,image_0_2886.jpg,overripe
143.87311631309436,67.48229427409726,0,255,153.0,101.0,199.0,110.9432699341624,50.812977008513634,0,207,117.0,78.0,150.0,23.73127286027798,22.848132560154365,0,135,20.0,1.0,40.0,image_0_2886.jpg,overripe
141.07898073640575,52.10882091172671,37,241,141.0,98.0,186.0,106.63199219702511,38.09364576926297,34,194,107.0,75.0,137.0,22.903657644476958,18.83588392075509,0,131,14.0,12.0,31.0,image_0_2886.jpg,overripe
155.07898073640575,52.10882091172671,51,255,155.0,112.0,200.0,120.63199219702511,38.09364576926297,48,208,121.0,89.0,151.0,28.712972445744942,25.74677646584749,0,145,27.0,3.0,45.0,image_0_2886.jpg,overripe
124.3682272616435,81.2341764683087,0,255,137.0,55.0,197.0,96.5441965374299,61.248868611693815,0,208,106.0,50.0,148.0,22.534442818824676,22.247333855544113,0,141,19.0,0.0,39.0,image_0_2886.jpg,overripe
139.63251226067442,47.35558577769508,48,255,135.0,101.0,179.0,115.22236383955372,41.27030234764678,45,233,111.0,83.0,146.0,30.98672799312848,26.764329498779087,0,144,26.0,5.0,46.0,image_0_2893.jpg,overripe
140.19409271009394,46.00640587848636,51,252,136.0,103.0,178.0,116.4754647973179,40.09199462891982,48,231,112.0,85.0,146.0,32.98297821248141,27.801928894832862,0,144,30.0,7.0,49.0,image_0_2893.jpg,overripe
132.55783990468538,44.075534473955734,47,240,129.0,97.0,169.0,109.84399619480388,38.39136141250887,44,220,106.0,80.0,138.0,30.3649293914457,26.049839111563774,0,136,27.0,5.0,45.0,image_0_2893.jpg,overripe
135.3630267933834,52.79194004926427,0,252,134.0,99.0,177.0,112.15566207641794,45.61231624861956,0,230,110.0,82.0,145.0,30.62229734098067,27.721662362263547,0,144,26.0,4.0,46.0,image_0_2893.jpg,overripe
129.4599854072576,60.36827603364871,0,252,133.0,93.0,177.0,106.89624375421388,51.77411852532519,0,230,108.0,75.0,144.0,27.5353135130642,27.182922275974047,0,143,22.0,2.0,42.0,image_0_2893.jpg,overripe
118.53248974410212,29.190031380454265,31,181,123.0,103.0,140.0,92.66127325943602,23.763900651239084,26,150,96.0,79.0,110.0,23.935096916765602,14.074344525093592,0,74,23.0,13.0,34.0,image_0_2965.jpg,overripe
141.70565866961314,51.903121730959825,0,224,156.0,128.0,176.0,114.40159627613932,42.16904590805519,0,188,125.0,103.0,142.0,40.61990878422061,20.772942937427494,0,101,42.0,28.0,55.0,image_0_2965.jpg,overripe
151.5116370646386,36.6489047019623,0,224,158.0,135.0,177.0,122.27437024672928,29.97610203405874,0,188,127.0,108.0,143.0,43.56055387725836,18.266816881977494,0,99,44.0,31.0,56.0,image_0_2965.jpg,overripe
152.91125268886722,33.10898065870667,54,224,158.0,135.0,177.0,123.56035992618105,26.956889789736096,48,189,127.0,108.0,143.0,44.367290444676925,17.893005306208863,0,102,44.0,32.0,57.0,image_0_2965.jpg,overripe
136.35153338897183,58.27962104763138,0,224,156.0,115.0,177.0,109.85787500146932,47.268752160223706,0,189,124.0,93.0,142.0,38.91499653238983,21.58436013888537,0,100,40.0,25.0,54.0,image_0_2965.jpg,overripe
157.46110609480812,49.407520527808565,48,255,166.0,119.0,195.0,129.96686982693754,39.614887937926156,45,227,135.0,99.0,158.0,38.92195635816403,25.745718781980123,0,124,38.0,20.0,55.0,image_0_299.jpg,overripe
157.49878103837472,49.388419725972255,50,255,166.0,119.0,195.0,130.00201655379985,39.60427972590465,48,227,135.0,99.0,158.0,38.94827689992476,25.79695364907816,0,125,38.0,20.0,55.0,image_0_299.jpg,overripe
143.77203912716328,68.43301919840637,0,255,164.0,102.0,194.0,118.22647103085026,55.84997342020606,0,227,133.0,85.0,158.0,34.91691497366441,26.829688946999934,0,124,34.0,12.0,51.0,image_0_299.jpg,overripe
194.733927765237,44.42738043795379,95,255,204.0,160.0,232.0,170.18241534988712,37.41861926575124,93,255,175.0,141.0,197.0,84.11728367193379,24.421904663325126,47,165,83.0,66.0,99.0,image_0_299.jpg,overripe
107.08996237772762,83.73269646655757,0,255,118.0,0.0,185.0,88.89550037622273,68.20589478623425,0,224,101.0,0.0,150.0,28.322452972159518,27.117850484522386,0,125,26.0,0.0,46.0,image_0_299.jpg,overripe
87.75949191557811,68.75285103299706,0,225,100.0,0.0,144.0,79.20437085725379,60.812630713815395,0,198,93.0,0.0,128.0,25.443422913719942,25.694792035812466,0,128,20.0,0.0,45.0,image_0_301.jpg,overripe
107.06197132318273,52.9204621295786,0,241,109.0,73.0,145.0,97.00324486230136,45.55535493271939,0,243,100.0,69.0,128.0,28.74059128601936,23.67698539209548,0,237,26.0,8.0,45.0,image_0_301.jpg,overripe
187.3574201958011,42.126755955452396,107,255,185.0,152.0,222.0,175.78522894306238,37.05394045856032,106,255,173.0,146.0,202.0,88.77464847325069,26.527498332760032,48,255,85.0,68.0,107.0,image_0_301.jpg,overripe
122.2318135174862,39.446010777052166,51,243,119.0,90.0,151.0,110.75867376653632,32.47623761956746,50,244,108.0,85.0,133.0,35.08998252766453,23.14497619239854,0,239,32.0,17.0,51.0,image_0_301.jpg,overripe
109.39275314086031,51.87319135574063,0,242,111.0,75.0,146.0,99.06518845161827,44.505057255586465,0,241,102.0,72.0,130.0,29.533183570457886,23.6187692013497,0,233,27.0,9.0,46.0,image_0_301.jpg,overripe
105.86997372483667,52.87241520372349,0,230,103.0,72.0,147.0,85.27282207522671,42.2943156877224,0,190,84.0,58.0,119.0,30.79520708304792,22.601111569474053,0,107,31.0,10.0,47.0,image_0_3066.jpg,overripe
125.23416589136191,43.51555266101216,53,247,116.0,88.0,159.0,102.34655611332059,34.18694747967725,49,204,96.0,73.0,132.0,38.3740785801188,23.67860475410241,0,134,39.0,21.0,55.0,image_0_3066.jpg,overripe
85.54263835355941,61.57193033596904,0,231,84.0,42.0,134.0,68.98057478197748,49.059222611312144,0,191,70.0,31.0,107.0,24.33699686129372,23.197795447979484,0,111,21.0,0.0,42.0,image_0_3066.jpg,overripe
161.31937103188804,46.67739946457859,83,255,152.0,122.0,199.0,136.7389352935764,37.12766892363035,78,247,130.0,105.0,168.0,66.94809377268406,26.220595324759397,23,171,68.0,48.0,85.0,image_0_3066.jpg,overripe
116.702180736318,42.250129985706195,0,229,109.0,83.0,150.0,95.51010622527119,33.32631342520465,0,189,91.0,69.0,123.0,36.149911564139,22.34316561467855,0,125,37.0,19.0,52.0,image_0_3066.jpg,overripe
112.85984998373212,57.06540651807348,0,255,107.0,76.0,159.0,92.26849042832897,45.41190531562258,0,208,90.0,63.0,126.0,38.82298783865777,24.478208122795937,0,115,40.0,21.0,56.0,image_0_3069.jpg,overripe
111.41018809190915,58.22792843844251,0,254,106.0,74.0,159.0,90.97631044398132,46.3869230182289,0,208,89.0,62.0,126.0,38.328699184847125,24.716812257194977,0,115,40.0,20.0,55.0,image_0_3069.jpg,overripe
130.98866524212767,49.256221203456555,49,255,120.0,90.0,171.0,106.97037486480069,38.62109442078843,45,223,101.0,74.0,136.0,42.77156373932695,23.415730277569846,0,135,42.0,25.0,58.0,image_0_3069.jpg,overripe
124.11054246796985,38.30381401874464,61,235,115.0,92.0,155.0,105.44009461752887,30.01524662830308,57,195,101.0,79.0,128.0,55.140317091830006,18.917811035193054,17,127,55.0,42.0,68.0,image_0_3069.jpg,overripe
80.58227592089412,70.00655737321041,0,255,77.0,1.0,136.0,65.97753273362,56.36767288944434,0,209,65.0,1.0,110.0,28.74749606493084,27.47803351681614,0,120,26.0,0.0,50.0,image_0_3069.jpg,overripe
109.6809287557055,44.94366004978221,51,255,95.0,75.0,135.0,99.5103525831845,35.90416380618644,46,234,91.0,72.0,121.0,63.24154263412053,21.55050101847678,0,160,61.0,48.0,77.0,image_0_3083.jpg,overripe
63.99405966792353,39.26043470953856,13,197,51.0,34.0,86.0,55.10721704041807,31.36401373525969,8,172,48.0,31.0,74.0,24.565495799431105,17.324380328730122,0,108,22.0,10.0,36.0,image_0_3083.jpg,overripe
86.59163855262287,52.29605140921736,0,250,80.0,54.0,114.0,78.60190513990871,44.64845304901435,0,222,76.0,52.0,104.0,50.03427928821856,28.198586118410017,0,153,51.0,32.0,69.0,image_0_3083.jpg,overripe
86.30408149765165,53.028413714926074,0,250,80.0,54.0,114.0,78.33638949527023,45.28359608470322,0,223,76.0,51.0,105.0,49.95393265859628,28.440852209452345,0,152,51.0,31.0,70.0,image_0_3083.jpg,overripe
102.51477144936165,45.03184613366357,0,250,91.0,71.0,127.0,93.0476284977178,36.527208111568754,0,223,86.0,67.0,114.0,59.164463848647216,21.976296427790384,0,140,59.0,44.0,74.0,image_0_3083.jpg,overripe
87.32486706220746,35.254441466741724,21,178,87.0,58.0,115.0,77.24523175223155,31.58362690042752,21,159,76.0,51.0,103.0,27.250591719116507,17.169256770390785,0,110,26.0,14.0,38.0,image_0_3102.jpg,overripe
126.48055021917489,41.968141805270704,48,235,126.0,92.0,160.0,114.48349024061476,37.59457170297008,48,212,113.0,83.0,145.0,53.10849422078818,23.118394884780017,0,153,53.0,38.0,68.0,image_0_3102.jpg,overripe
123.13889213199316,46.041223330954715,0,234,124.0,89.0,160.0,111.30470085016505,41.31474102618876,0,212,112.0,80.0,144.0,50.87378074020612,23.668606769214108,0,149,52.0,34.0,67.0,image_0_3102.jpg,overripe
132.8209664922466,41.53529310327061,55,240,132.0,99.0,166.0,120.93051147882016,37.17510499763362,55,217,119.0,90.0,151.0,60.110022607385076,23.036574326641475,8,159,60.0,45.0,75.0,image_0_3102.jpg,overripe
113.605909761508,54.78654030085029,0,234,119.0,75.0,157.0,102.57472642941295,49.22429864927822,0,211,106.0,68.0,141.0,46.628156277529534,25.85823383316998,0,151,48.0,28.0,65.0,image_0_3102.jpg,overripe
141.85823248718688,40.92068207458402,52,249,137.0,111.0,174.0,120.485382347196,34.74815166441933,49,215,116.0,94.0,147.0,24.581124950003257,24.915423404918624,0,115,17.0,1.0,44.0,image_0_3153.jpg,overripe
139.86608313877235,44.43875402550027,0,249,137.0,110.0,174.0,118.6753234673091,37.77363178194982,0,215,116.0,93.0,147.0,23.78013524700717,24.646073710457106,0,115,16.0,1.0,43.0,image_0_3153.jpg,overripe
114.62635921381863,35.372799637848175,37,207,110.0,88.0,142.0,96.1471346051885,30.03524128764845,34,178,92.0,73.0,119.0,18.729478080497085,16.99867593369817,0,91,8.0,7.0,30.0,image_0_3153.jpg,overripe
159.55164779967816,37.32184540597809,78,255,155.0,131.0,189.0,140.05430344070618,31.697277699060127,75,226,136.0,116.0,164.0,52.54784339624396,22.749304707277247,30,135,46.0,31.0,70.0,image_0_3153.jpg,overripe
127.69610350953891,59.167446650738455,0,249,133.0,98.0,172.0,108.37202228692085,50.005321971934144,0,215,111.0,83.0,145.0,21.75418344851963,24.474378789080397,0,115,11.0,0.0,40.0,image_0_3153.jpg,overripe
124.41951770911831,61.53365177728753,0,255,121.0,82.0,170.0,104.61831198191409,51.13778228428237,0,218,105.0,70.0,143.0,47.25540693293142,32.06119732527328,0,158,43.0,24.0,68.0,image_0_3157.jpg,overripe
180.77401092690278,46.91006194819297,97,255,175.0,140.0,222.0,161.8690749811605,41.937424595449045,90,255,157.0,126.0,193.0,98.87042200452147,30.843833485840307,44,207,94.0,76.0,118.0,image_0_3157.jpg,overripe
136.3191314996232,50.319154645766325,52,255,128.0,94.0,174.0,115.42221175584024,41.097246411759265,45,218,111.0,80.0,146.0,53.702166541070085,30.2017935504383,0,160,49.0,31.0,72.0,image_0_3157.jpg,overripe
102.78903541823662,70.02269085599248,0,255,98.0,55.0,156.0,88.1733986435569,59.00520426494804,0,218,86.0,46.0,134.0,43.92325734740015,34.32927568370302,0,159,41.0,17.0,67.0,image_0_3157.jpg,overripe
116.54042012057272,56.44655214810759,22,250,107.0,69.0,159.0,93.10501130369254,46.09799644581787,14,208,88.0,53.0,127.0,31.04381122833459,27.443860151289787,0,143,23.0,10.0,44.0,image_0_3157.jpg,overripe
101.79698094388661,68.35692469206153,0,248,123.0,26.0,152.0,86.83105561469633,58.4725314264424,0,217,104.0,19.0,128.0,23.808172933989315,24.26990151927896,0,120,19.0,0.0,37.0,image_0_3178.jpg,overripe
132.90755818971718,40.371128364492364,0,247,133.0,106.0,159.0,113.90422073251432,34.49574865020263,0,216,113.0,93.0,134.0,31.91500992605806,23.607724419789744,0,125,28.0,14.0,44.0,image_0_3178.jpg,overripe
135.09136768612558,36.838050219486874,52,248,133.0,108.0,159.0,115.94956411658083,31.274397848276887,49,217,113.0,94.0,135.0,33.01265932042466,23.90240417480792,0,127,29.0,15.0,46.0,image_0_3178.jpg,overripe
129.41314459437427,45.15505400853623,0,247,132.0,103.0,158.0,110.7685741960852,38.73285861052094,0,217,112.0,90.0,134.0,30.564692004488304,23.74835936659378,0,124,27.0,12.0,43.0,image_0_3178.jpg,overripe
81.2284144201168,29.79600813551851,14,173,80.0,59.0,101.0,65.74658342204448,25.290385286934658,12,147,63.0,48.0,81.0,15.499084117348064,11.635144295409978,0,75,13.0,6.0,23.0,image_0_3178.jpg,overripe
137.4646183621628,45.72171729657134,52,241,136.0,98.0,174.0,113.01324543365187,35.47933574268762,46,200,114.0,83.0,140.0,49.86568283536954,27.705469043224873,0,153,48.0,31.0,68.0,image_0_3180.jpg,overripe
134.32235393734123,49.270763745175984,0,240,135.0,96.0,173.0,110.23851457602515,38.86204956575023,0,200,113.0,81.0,139.0,47.929248820612074,28.300585761171934,0,151,46.0,28.0,67.0,image_0_3180.jpg,overripe
190.7802830531027,45.48070054371655,101,255,192.0,151.0,233.0,166.80765694931657,38.24005123854934,95,255,168.0,134.0,196.0,98.77055763880489,29.851575892240355,45,210,97.0,78.0,118.0,image_0_3180.jpg,overripe
158.01544695778395,43.504117794535986,77,255,157.0,120.0,193.0,134.74876013063988,33.76627980282508,71,218,136.0,106.0,160.0,74.64953429297206,26.37416814952952,27,173,73.0,57.0,92.0,image_0_3180.jpg,overripe
101.48174670376194,66.33401647217136,0,236,105.0,53.0,153.0,84.17844441756381,54.420032385669245,0,200,90.0,42.0,127.0,36.83157130760856,31.725276217381563,0,153,34.0,5.0,58.0,image_0_3180.jpg,overripe
135.05830421815082,36.788292292348906,1,226,134.0,109.0,162.0,118.4998892202812,30.18678699469593,0,230,119.0,97.0,141.0,39.07740093736685,25.566581492197052,0,191,38.0,20.0,54.0,image_0_3190.jpg,overripe
68.94331487004686,29.886808322761382,0,146,68.0,47.0,91.0,55.23039625053259,24.437749716764234,0,148,55.0,37.0,74.0,19.147260332339158,13.974613965518817,0,117,16.0,7.0,30.0,image_0_3190.jpg,overripe
91.3155688112484,70.76776627499001,0,228,108.0,0.0,150.0,79.53782701320836,60.058703109737486,0,211,96.0,0.0,130.0,25.770379207498934,25.61801976811605,0,163,22.0,0.0,45.0,image_0_3190.jpg,overripe
132.10896463570515,42.14704489054442,0,227,134.0,107.0,162.0,115.82738815509161,35.162856072311236,0,230,119.0,96.0,140.0,37.73857690668939,25.877270899995022,0,192,37.0,18.0,53.0,image_0_3190.jpg,overripe
135.42169578184917,36.12604030226792,50,228,134.0,109.0,162.0,118.84492543672773,29.547526000335445,49,231,119.0,97.0,141.0,39.30426927993183,25.657506870461148,0,193,38.0,20.0,54.0,image_0_3190.jpg,overripe
159.02385885031305,47.001084200815725,52,255,162.0,124.0,196.0,127.30193891102257,39.22032685658425,45,222,128.0,98.0,157.0,37.51915006640106,26.051612509059712,0,145,38.0,16.0,55.0,image_0_3193.jpg,overripe
146.82263707076456,61.77918122913104,0,255,159.0,107.0,195.0,116.83889963953709,50.979481254863416,0,221,125.0,83.0,156.0,33.37269588313413,26.169431474342094,0,144,33.0,8.0,51.0,image_0_3193.jpg,overripe
176.79801176247392,52.59671538415598,54,255,181.0,137.0,221.0,141.1885334851072,45.306389155445345,46,251,142.0,107.0,175.0,39.00185922974767,28.085001819842482,0,162,38.0,13.0,58.0,image_0_3193.jpg,overripe
103.58019351166762,85.69840417048162,0,255,113.0,0.0,183.0,82.34284955416429,69.20329131985692,0,222,87.0,0.0,145.0,25.47079491557579,27.6729984348828,0,132,16.0,0.0,46.0,image_0_3193.jpg,overripe
141.06920129007779,66.38856202920302,0,255,155.0,97.0,193.0,112.10222728135079,54.54641956077727,0,222,122.0,74.0,154.0,32.07493834187061,26.009589315486426,0,145,31.0,6.0,50.0,image_0_3193.jpg,overripe
155.5564233163554,42.911403122889304,52,255,156.0,128.0,185.0,118.6935144312394,33.925002282354974,48,217,116.0,96.0,141.0,29.8752688172043,23.675230154562836,0,126,27.0,9.0,46.0,image_0_3295.jpg,overripe
165.29438219203925,38.66075675105163,72,255,166.0,140.0,192.0,132.0842029805697,30.562525046392892,68,221,130.0,112.0,152.0,52.04180343331447,21.3414582732718,25,139,49.0,33.0,67.0,image_0_3295.jpg,overripe
148.76990001886438,54.83879531550385,0,255,155.0,125.0,185.0,112.92848141860027,43.10207327052798,0,217,115.0,93.0,141.0,26.510447085455574,23.160978897490157,0,124,23.0,4.0,42.0,image_0_3295.jpg,overripe
135.55929069986794,68.92168990086768,0,255,152.0,106.0,181.0,103.13838898321072,53.169246021317306,0,217,113.0,81.0,137.0,24.95288436144124,24.155807807238496,0,109,20.0,2.0,41.0,image_0_3295.jpg,overripe
195.46042633465385,42.66290833987636,86,255,198.0,168.0,230.0,157.88476136578004,36.72559817117462,81,255,155.0,133.0,182.0,61.704055838521036,25.67505607752281,29,166,59.0,39.0,79.0,image_0_3295.jpg,overripe
137.6475971326773,72.82045719000452,0,255,147.0,87.0,202.0,115.13137300644723,60.02294492383149,0,222,122.0,74.0,167.0,35.74796403121819,29.47278253193068,0,121,35.0,3.0,58.0,image_0_3299.jpg,overripe
149.78119697997965,60.126878596161646,0,255,153.0,104.0,202.0,125.30024177129285,49.158924062755034,0,222,127.0,88.0,168.0,38.3366453172718,28.838681539678372,0,121,39.0,11.0,59.0,image_0_3299.jpg,overripe
153.512385476756,54.288968427777185,51,255,154.0,106.0,202.0,128.6972874957584,43.922457066436316,49,222,127.0,90.0,168.0,40.26848277909739,28.57189289026165,0,123,42.0,15.0,61.0,image_0_3299.jpg,overripe
128.74614014251782,47.441139503300356,39,217,129.0,87.0,171.0,107.07064387512725,38.39095310170211,37,189,106.0,73.0,141.0,31.564387512724807,22.69402894527708,0,102,31.0,8.0,48.0,image_0_3299.jpg,overripe
125.78023201560909,78.43877861674102,0,255,134.0,61.0,198.0,105.7586528673227,64.74386616839395,0,222,112.0,55.0,164.0,35.479332796063794,29.8429113282367,0,123,34.0,3.0,58.0,image_0_3299.jpg,overripe
135.4329952618526,36.617577671580754,51,237,135.0,107.0,162.0,116.24071911760448,30.89126198904817,49,208,115.0,94.0,137.0,33.372084495353526,23.029852010953647,0,131,31.0,16.0,46.0,image_0_3315.jpg,overripe
135.62364055699769,29.44131182890454,68,217,135.0,113.0,157.0,120.19205419437019,24.83516363212037,66,194,119.0,102.0,137.0,53.59856022079188,18.503611707016262,27,132,52.0,40.0,64.0,image_0_3315.jpg,overripe
88.20905748501838,31.35642155556139,16,175,88.0,64.0,111.0,71.77347602458819,26.468361143912244,14,150,71.0,53.0,90.0,15.558483792833915,12.182771940352158,0,84,13.0,6.0,23.0,image_0_3315.jpg,overripe
93.58718287704941,72.30771719917583,0,237,113.0,0.0,156.0,79.6554276395148,61.526036184479395,0,208,98.0,0.0,131.0,22.06258021558088,23.64281230573149,0,131,17.0,0.0,37.0,image_0_3315.jpg,overripe
133.053161820761,40.41708402175848,0,237,135.0,105.0,162.0,114.01310469279242,34.37286179743312,0,208,114.0,93.0,137.0,32.19725554150945,22.76431772230731,0,127,30.0,15.0,45.0,image_0_3315.jpg,overripe
118.69594011296648,87.16972419913591,0,255,133.0,2.0,199.0,91.85971684384481,66.3434437076427,0,207,103.0,2.0,150.0,21.85279826357201,22.26136500426288,0,117,18.0,0.0,39.0,image_0_3328.jpg,overripe
177.27578126926966,51.14437115438659,73,255,179.0,135.0,222.0,142.90515008756137,38.305173052480946,70,230,145.0,111.0,172.0,50.22614261401475,25.648122009776944,20,166,49.0,24.0,67.0,image_0_3328.jpg,overripe
155.7732777544829,51.43323029931861,52,255,157.0,113.0,199.0,121.26191944355375,37.75656256674977,49,207,123.0,90.0,150.0,29.965752411020397,25.283538236468097,0,144,29.0,4.0,46.0,image_0_3328.jpg,overripe
190.75845398712477,48.99021237113597,88,255,194.0,150.0,237.0,157.91587943664751,38.293890322495855,85,245,160.0,126.0,187.0,65.2922699356239,25.68495472601143,35,181,64.0,39.0,82.0,image_0_3328.jpg,overripe
151.20891399255112,59.10951215842766,0,255,157.0,111.0,199.0,117.23935081271736,44.24966984841628,0,207,122.0,87.0,150.0,27.622055595293887,24.571537814294903,0,140,26.0,3.0,43.0,image_0_3328.jpg,overripe
189.19150953249402,36.967069409242576,93,255,190.0,164.0,217.0,167.0638070523584,33.434768431723796,88,255,166.0,144.0,187.0,72.8135198322474,26.763118662703032,34,183,69.0,53.0,88.0,image_0_334.jpg,overripe
125.23031437546699,51.11487615223682,0,243,133.0,103.0,160.0,106.30688765877447,44.157007802224314,0,212,113.0,88.0,134.0,29.478914428492235,24.226338398802714,0,132,26.0,10.0,42.0,image_0_334.jpg,overripe
138.39821160288906,34.21025659786843,52,243,138.0,115.0,162.0,118.08554740537805,29.71772428660781,48,212,117.0,98.0,136.0,34.377957563730725,23.742774959301055,0,132,31.0,17.0,48.0,image_0_334.jpg,overripe
117.5362620411508,56.61462291858943,0,243,128.0,94.0,157.0,99.71331817560998,48.76764712973956,0,212,109.0,81.0,132.0,27.263013280415205,23.73089670157037,0,132,24.0,7.0,40.0,image_0_334.jpg,overripe
126.21329005615856,51.05219863668665,0,242,133.0,106.0,160.0,107.26542351910918,44.11639953715279,0,212,114.0,91.0,135.0,29.799114638986413,23.572640667942668,0,127,26.0,11.0,43.0,image_0_334.jpg,overripe
122.48863875631667,70.21156124500155,0,255,138.0,75.0,178.0,98.28895283548569,57.103874318495265,0,216,109.0,59.0,142.0,32.143818430656935,26.87840073290467,0,122,31.0,4.0,51.0,image_0_3342.jpg,overripe
87.16839205502527,37.10280688480575,4,177,89.0,58.0,116.0,62.40796076642336,30.84527279174235,0,144,63.0,38.0,86.0,19.05569202695115,13.274301045498923,0,65,17.0,7.0,30.0,image_0_3342.jpg,overripe
134.8173691044357,60.1820117355437,0,255,144.0,101.0,180.0,108.19287794778215,49.29299453511943,0,214,114.0,81.0,145.0,34.46713573834924,26.550064159731185,0,120,34.0,9.0,53.0,image_0_3342.jpg,overripe
108.08441535654127,35.71273768406626,28,195,110.0,80.0,136.0,84.25743086749017,29.685836777200887,23,163,85.0,61.0,107.0,22.474715749578888,16.391779651899547,0,87,17.0,11.0,32.0,image_0_3342.jpg,overripe
149.6290532004492,43.49833282818149,52,255,152.0,115.0,184.0,120.60214591521617,36.1627598308185,46,216,121.0,92.0,148.0,39.57484383773161,26.08730891795378,0,124,39.0,19.0,57.0,image_0_3342.jpg,overripe
137.87881144846617,45.035506411376936,52,252,132.0,103.0,174.0,114.41766900932433,39.03498981152645,48,224,110.0,84.0,143.0,30.768706538144578,26.81605289379347,0,139,28.0,4.0,47.0,image_0_3436.jpg,overripe
88.71038084391233,76.10942872597974,0,252,96.0,0.0,152.0,71.76120632980546,62.23284394935219,0,224,77.0,0.0,120.0,16.278229950831967,22.921315065225972,0,139,2.0,0.0,28.0,image_0_3436.jpg,overripe
150.196209153958,39.6685575076169,75,251,145.0,119.0,182.0,129.53527412798505,34.37764890015361,71,226,126.0,103.0,155.0,55.91077529931387,23.565155966924475,29,151,53.0,32.0,70.0,image_0_3436.jpg,overripe
136.12055890441403,47.65840548982376,0,252,131.0,101.0,174.0,112.78427178532738,41.21126228985106,0,222,109.0,83.0,143.0,29.76466012944804,26.542367615667608,0,139,26.0,4.0,46.0,image_0_3436.jpg,overripe
120.59521097808272,52.51695214262697,20,254,114.0,80.0,163.0,93.23694176690093,45.53860543649487,16,221,88.0,58.0,127.0,26.243154902450993,17.508954439963734,1,122,26.0,11.0,40.0,image_0_3436.jpg,overripe
138.80009849097752,56.07811596527713,0,255,150.0,105.0,183.0,118.40861444299834,48.2619167815502,0,235,128.0,90.0,154.0,31.520665517605263,27.384837070588656,0,146,28.0,5.0,49.0,image_0_3503.jpg,overripe
121.65026029758346,65.14498231806012,0,255,133.0,78.0,175.0,104.32330542755636,56.06716087120409,0,234,116.0,66.0,147.0,28.28262513630448,27.523114993325297,0,149,23.0,1.0,47.0,image_0_3503.jpg,overripe
135.28889514228428,37.200551711896786,47,229,140.0,107.0,165.0,115.85910513911851,31.934700219535525,45,211,119.0,94.0,140.0,32.088158218720324,24.470064038144557,1,134,30.0,11.0,48.0,image_0_3503.jpg,overripe
135.6139681311337,43.14258267916361,33,244,141.0,103.0,171.0,113.07814203805972,37.039219411016944,31,223,117.0,88.0,141.0,25.213268141686306,20.570987240076985,0,134,20.0,11.0,34.0,image_0_3503.jpg,overripe
150.21870273312462,41.63995682373888,51,255,155.0,119.0,184.0,128.46951176615428,35.74151189975916,49,235,132.0,104.0,155.0,34.71143902353231,27.38515027771187,0,149,32.0,11.0,52.0,image_0_3503.jpg,overripe
99.16103372081852,81.67236839338763,0,255,115.0,0.0,170.0,82.77536747045826,67.68919448533805,0,222,96.0,0.0,140.0,17.29624363531559,24.25307791139523,0,126,2.0,0.0,33.0,image_0_3513.jpg,overripe
147.51209530214237,44.38001959902782,50,255,142.0,114.0,182.0,123.25274281871458,37.0480813387956,47,222,119.0,94.0,152.0,27.029493707368623,27.225086877788044,0,154,21.0,1.0,47.0,image_0_3513.jpg,overripe
202.90928043039676,42.513839821606496,97,255,202.0,170.0,248.0,180.2525987126525,41.27213233996844,94,255,176.0,147.0,214.0,70.86779709866461,31.129895571131037,40,216,64.0,41.0,94.0,image_0_3513.jpg,overripe
138.47975790181573,49.56396111321793,30,255,132.0,101.0,177.0,111.38091075031222,41.38074470074564,26,222,107.0,79.0,143.0,25.527831684119512,16.878633491284386,1,146,25.0,15.0,26.0,image_0_3513.jpg,overripe
138.96873859160343,55.882384436769605,0,255,139.0,107.0,181.0,115.758410990489,46.53929958241577,0,220,115.0,89.0,150.0,23.823748679027766,25.79480549491256,0,147,15.0,1.0,42.0,image_0_3513.jpg,overripe
148.70634213795205,43.044742028973836,63,255,145.0,116.0,177.0,123.13465910422575,35.03687051990443,60,235,120.0,97.0,144.0,43.61174912695994,26.97626446173962,6,187,40.0,24.0,59.0,image_0_3601.jpg,overripe
107.67515878782197,43.012587730556994,22,237,104.0,75.0,136.0,82.16029952890993,34.835659808651194,19,193,79.0,57.0,103.0,20.989418051421474,16.992022355617475,0,146,17.0,7.0,32.0,image_0_3601.jpg,overripe
121.60148358215952,48.62774311999552,0,245,124.0,92.0,154.0,99.17856891743033,39.641883525678686,0,205,101.0,76.0,124.0,29.645768392434434,23.67833674460205,0,160,26.0,11.0,43.0,image_0_3601.jpg,overripe
128.3902664822931,39.02097615950757,51,246,125.0,99.0,154.0,105.24742775447066,31.59949616234886,48,206,102.0,82.0,124.0,33.55281599362505,24.305443936375614,0,163,30.0,16.0,47.0,image_0_3601.jpg,overripe
115.17923688096187,57.303541943180974,0,246,123.0,86.0,154.0,93.31636862212014,46.932722652518066,0,206,100.0,70.0,123.0,27.19581878266576,24.27533398173516,0,163,24.0,5.0,40.0,image_0_3601.jpg,overripe
151.9342101892882,54.18549390540403,43,255,153.0,109.0,194.0,120.96736763914859,45.31835707563707,37,255,119.0,85.0,153.0,39.24353884377962,26.654007757223425,0,149,35.0,16.0,56.0,image_0_3615.jpg,overripe
103.9672972003791,39.235274820152185,26,195,105.0,73.0,134.0,81.59358751056581,32.34531029361359,22,179,81.0,56.0,105.0,24.78212007889142,17.622803785463827,0,101,20.0,12.0,35.0,image_0_3615.jpg,overripe
137.79006685279577,57.82379758827382,0,255,145.0,99.0,180.0,111.63084961963064,47.74664812132364,0,235,115.0,80.0,146.0,40.778194718372994,27.677862185352165,0,141,40.0,19.0,59.0,image_0_3615.jpg,overripe
145.2723290899311,47.35123218561545,51,255,146.0,108.0,181.0,118.26879434440715,39.03645785260203,46,236,117.0,87.0,146.0,45.111805537767985,26.57752665798207,0,142,44.0,27.0,62.0,image_0_3615.jpg,overripe
143.9991483312415,49.4031701514782,0,255,146.0,107.0,181.0,117.08833662047591,40.77788767872666,0,236,117.0,86.0,146.0,44.153690991521735,26.731465011863694,0,139,43.0,25.0,62.0,image_0_3615.jpg,overripe
121.26767134709372,53.21910069068886,0,220,129.0,99.0,156.0,98.8740985816798,43.52778252908411,0,185,104.0,80.0,128.0,28.59086917570672,23.060934940009314,0,134,26.0,8.0,45.0,image_0_3622.jpg,overripe
175.7148369242232,39.757274679633255,82,255,173.0,147.0,203.0,148.71398539990597,33.00992482155669,78,235,146.0,124.0,172.0,60.270527501574435,27.215964399689053,22,176,58.0,38.0,78.0,image_0_3622.jpg,overripe
187.7349985364426,36.5534819479152,100,255,185.0,162.0,213.0,162.81168894526294,30.85184198578347,97,243,161.0,140.0,184.0,80.13134762593246,25.44467338257354,44,189,78.0,60.0,97.0,image_0_3622.jpg,overripe
130.88161150977035,39.940331371470826,0,220,131.0,107.0,157.0,107.42366882800096,32.85325358665587,0,185,107.0,88.0,129.0,31.441648409157434,23.312680176045138,0,131,29.0,12.0,47.0,image_0_3622.jpg,overripe
133.7419970019248,34.980415222546725,52,220,131.0,109.0,157.0,110.06807759515341,28.693565806476183,49,185,108.0,89.0,130.0,33.18094891741101,23.647209299432483,0,134,31.0,14.0,49.0,image_0_3622.jpg,overripe
141.15620907966027,42.97585943409984,51,255,136.0,109.0,173.0,120.0536634591127,36.36688693495133,48,231,117.0,92.0,147.0,27.961016806621735,26.32981338800916,0,143,23.0,3.0,45.0,image_0_3660.jpg,overripe
156.0859912783364,37.89688650129914,77,255,152.0,128.0,184.0,137.47987169784122,32.07138053908196,74,235,135.0,113.0,161.0,56.288691870592615,23.197755578613165,32,158,52.0,34.0,71.0,image_0_3660.jpg,overripe
115.14861666726733,69.27093854193872,0,255,127.0,63.0,168.0,97.83479295058925,58.85758125296086,0,231,109.0,52.0,142.0,24.539301546113094,24.655427847747287,0,141,19.0,1.0,40.0,image_0_3660.jpg,overripe
139.59157146117897,45.399024197305216,0,255,136.0,108.0,173.0,118.62792373950337,38.47588123196719,0,231,116.0,91.0,147.0,27.095758099974773,25.85374281402219,0,137,22.0,3.0,44.0,image_0_3660.jpg,overripe
161.2987349983782,47.77153856772421,59,255,156.0,125.0,198.0,137.80170829278842,41.30495711402249,56,255,134.0,106.0,168.0,33.15530808135414,29.947697341795465,1,164,28.0,5.0,53.0,image_0_3660.jpg,overripe
118.93363581507613,87.34150752837145,0,252,147.0,0.0,196.0,94.64193046787969,69.61322480782522,0,208,115.0,0.0,156.0,22.213864649090233,24.912313375433556,0,112,12.0,0.0,41.0,image_0_3687.jpg,overripe
152.69402153731897,64.48513758433783,0,252,167.0,121.75,201.0,120.78085545859636,51.899750375309104,0,208,131.0,94.0,160.0,27.79987467508355,24.922685555047835,0,118,25.0,2.0,47.0,image_0_3687.jpg,overripe
154.88999257333828,61.286967474440196,0,252,167.0,125.0,201.0,122.51414546973635,49.28761006388809,0,208,131.0,97.0,160.0,28.045430282213147,24.577355094741037,0,122,26.0,2.0,47.0,image_0_3687.jpg,overripe
226.13406284812476,36.740956195886206,109,255,247.0,202.0,255.0,200.7532607686595,40.930878391288246,104,255,204.0,168.0,237.0,84.42734636093576,29.004587904636722,49,202,83.0,55.0,106.0,image_0_3687.jpg,overripe
124.24836381359079,40.43165504795291,22,203,128.0,93.0,157.0,93.61008865577423,32.85389979544239,19,164,95.0,67.0,120.0,19.03536947642035,12.116311565927688,0,93,20.0,10.0,24.0,image_0_3687.jpg,overripe
117.4786140693763,43.90950956369461,62,255,103.0,84.0,141.0,107.79121960299416,35.29076257677515,57,235,98.0,81.0,127.0,73.29252921702366,20.722658608286917,12,177,71.0,58.0,86.0,image_0_3715.jpg,overripe
104.95540664512784,44.21291393838639,49,255,91.0,71.0,128.0,95.18467552151888,35.51952332161871,44,223,86.0,68.0,114.0,60.52715620969779,20.808182028507947,0,165,58.0,45.0,73.0,image_0_3715.jpg,overripe
95.89715873585683,49.05212301600621,0,254,86.0,65.0,119.0,86.92535864810604,40.5855010247338,0,221,81.0,61.0,109.0,54.67114727507213,24.02364177890915,0,140,55.0,39.0,71.0,image_0_3715.jpg,overripe
105.12253200909417,43.43166721418561,50,255,91.0,72.0,128.0,95.51767646550464,34.86711732062666,45,221,86.0,69.0,114.0,61.396447422653,20.5166041433255,1,164,59.0,46.0,74.0,image_0_3715.jpg,overripe
74.20374137449643,54.57531052586951,0,255,70.0,40.0,100.0,67.50883490885884,47.15992605196771,0,221,66.0,37.0,94.0,43.54176804541768,29.086242340911344,0,131,46.0,21.0,65.0,image_0_3715.jpg,overripe
132.5661508282476,41.73962607578202,50,255,130.0,101.0,160.0,117.19267654751526,33.921522372377105,49,221,117.0,92.0,139.0,35.54748553538876,22.78397809038049,0,151,33.0,19.0,49.0,image_0_3759.jpg,overripe
86.68956566537211,68.50013644901817,0,247,103.0,0.0,145.0,76.75518150114924,59.41579735067489,0,215,94.0,0.0,127.0,22.037409843861457,22.518185639993614,0,151,18.0,0.0,38.0,image_0_3759.jpg,overripe
139.37326622810494,47.48009189954409,45,255,137.0,103.0,171.0,121.89181263374812,38.71980674786259,44,240,122.0,93.0,147.0,30.918453277324247,23.328440472241226,0,160,26.0,12.0,44.0,image_0_3759.jpg,overripe
132.07809899342158,40.83944710375471,51,252,130.0,101.0,159.0,117.03094039787588,33.17753419402268,50,219,117.0,92.0,138.0,37.12929975429975,22.3287307995354,2,150,35.0,21.0,50.0,image_0_3759.jpg,overripe
115.72745105809622,58.437712292540475,0,255,123.0,80.0,156.0,102.2784041372751,49.3939408131388,0,220,111.0,75.0,135.0,29.39300150590473,23.38582116775075,0,145,27.0,9.0,44.0,image_0_3759.jpg,overripe
124.11424905889702,55.534700581639996,0,239,134.0,98.0,165.0,97.75588716892588,44.022693008193066,0,207,105.0,78.0,129.0,23.65653539053664,21.784376140434766,0,146,21.0,2.0,39.0,image_0_3761.jpg,overripe
135.79316835193032,39.00070125885113,0,238,136.0,109.0,166.0,107.13642195175476,31.24790484200104,0,204,107.0,86.0,130.0,26.35177838923682,21.896411385955986,0,138,24.0,6.0,40.0,image_0_3761.jpg,overripe
120.17921470652779,42.082130031725164,19,240,119.0,89.0,154.0,86.07107648677392,33.63641655386206,15,202,85.0,60.0,111.0,23.36893769307382,15.702389507562831,0,130,21.0,10.0,38.0,image_0_3761.jpg,overripe
135.73920052668007,35.65783420849055,50,238,135.0,109.0,164.0,106.8702881547629,28.421055252704704,47,206,106.0,85.0,128.0,25.82456658620166,21.472100972619817,0,144,23.0,6.0,39.0,image_0_3761.jpg,overripe
129.00264184067927,48.687240898406124,0,238,134.0,103.0,165.0,101.66360843363324,38.751965987009704,0,204,106.0,81.0,129.0,24.763534158240347,21.842445266990055,0,137,22.0,4.0,39.0,image_0_3761.jpg,overripe
152.82493965198657,46.75749124212529,50,255,153.0,119.0,191.0,130.7103924390033,38.74692024429209,48,244,130.0,103.0,161.0,51.75969303108218,27.616399983946376,0,239,49.0,32.0,68.0,image_0_3763.jpg,overripe
119.78197658418449,72.15464888281582,0,255,133.0,62.0,179.0,103.07537407905393,61.08790268157125,0,244,114.0,56.0,151.0,42.00228811360366,32.1646750727996,0,239,39.0,16.0,63.0,image_0_3763.jpg,overripe
150.79811132341032,49.79803258150614,0,255,153.0,117.0,191.0,128.88125398061,41.55213052119584,0,242,130.0,102.0,161.0,50.68253406615872,28.15501788987071,0,236,48.0,31.0,68.0,image_0_3763.jpg,overripe
96.04669009820803,38.87823502834579,11,181,96.0,68.0,128.0,77.65643699038364,32.21270370103383,9,172,77.0,55.0,103.0,19.648896437304902,16.909408470783703,0,168,15.0,7.0,27.0,image_0_3763.jpg,overripe
197.98664873917863,45.28524489583452,93,255,200.0,165.0,240.0,177.13830899755462,39.964247692331014,91,255,177.0,148.0,209.0,95.15108626424174,28.716004328502393,41,255,92.0,75.0,112.0,image_0_3763.jpg,overripe
170.1780571273676,48.48825126723327,55,255,171.0,138.0,204.0,130.3082370480805,39.77237650636733,49,245,128.0,103.0,154.0,32.52467726086809,27.285765338812134,0,166,27.0,8.0,48.0,image_0_3797.jpg,overripe
97.2161013790533,41.12185746296455,2,194,97.0,70.0,124.0,63.83606546267747,32.554968229493376,0,158,62.0,42.0,83.0,25.10642089926473,14.546849635519782,0,93,25.0,13.0,37.0,image_0_3797.jpg,overripe
130.49572730661063,73.0480019503213,0,255,151.0,100.0,179.0,99.16379222715413,56.724361291902746,0,217,112.0,75.0,136.0,22.90673940297496,23.677953500569995,0,106,17.0,1.0,37.0,image_0_3797.jpg,overripe
152.80520448615863,43.637947257435364,52,255,153.0,124.0,181.0,117.38512519906482,34.55206163018976,47,217,115.0,94.0,138.0,31.465008640260223,24.81349024394516,0,148,28.0,11.0,46.0,image_0_3797.jpg,overripe
146.4179039745197,54.01642094363828,0,255,153.0,119.0,181.0,111.84800596347372,42.477368864180555,0,217,113.0,89.0,138.0,27.934903262968863,23.43523293075004,0,116,24.0,8.0,42.0,image_0_3797.jpg,overripe
155.46253762575958,48.20274045949588,52,255,159.0,120.0,191.0,126.7158666021504,40.04350172223493,46,228,127.0,97.0,155.0,43.58028190255949,26.243022314448698,0,124,42.0,25.0,62.0,image_0_3799.jpg,overripe
148.0065416978251,40.78704872174857,60,232,151.0,118.0,178.0,123.68239774276863,33.88633324521071,55,209,124.0,99.0,148.0,53.31439110681003,22.246404130442563,16,121,52.0,38.0,69.0,image_0_3799.jpg,overripe
118.4766327537343,81.20749481124786,0,255,139.0,41.0,186.0,97.246504496239,66.8188454257254,0,228,114.0,33.0,151.0,35.53861235570246,29.72485646147487,0,119,33.0,4.0,57.0,image_0_3799.jpg,overripe
137.7970439820779,67.03386065952252,0,255,151.0,88.0,189.0,111.94407193982391,55.30987475391113,0,227,122.0,72.0,153.0,38.243758365643835,28.187916844788177,0,123,36.0,15.0,58.0,image_0_3799.jpg,overripe
154.0639590782553,50.34132378098288,0,255,159.0,119.0,191.0,125.44614253486078,41.857651951953784,0,227,127.0,96.0,155.0,42.87465202063682,26.36745223325427,0,123,41.0,24.0,61.0,image_0_3799.jpg,overripe
116.48057364143155,76.39854672222798,0,255,128.0,60.0,178.0,89.475381931146,59.720264039541185,0,214,97.0,45.0,136.0,22.096642410315333,26.15092235941082,0,114,9.0,0.0,41.0,image_0_3857.jpg,overripe
130.3383654623601,62.9461066458491,0,255,132.0,92.0,180.0,101.43092259245074,49.17461343949358,0,213,101.0,74.0,138.0,29.310906847099876,27.203143611830033,0,121,25.0,1.0,51.0,image_0_3857.jpg,overripe
172.2414889995319,49.21486281430349,75,255,169.0,133.0,213.0,139.70229584237626,39.08156552696476,71,247,135.0,108.0,170.0,56.87993106089621,28.73317440735356,20,153,56.0,28.0,78.0,image_0_3857.jpg,overripe
143.0412889910209,48.68997293026363,0,255,140.0,105.0,182.0,111.91932635431294,37.92468044680766,0,213,107.0,82.0,141.0,34.0708328013958,26.756677845027994,0,122,33.0,7.0,54.0,image_0_3857.jpg,overripe
150.218817822035,39.07267370327956,74,242,147.0,119.0,182.0,124.473381846036,30.41367455039273,71,208,121.0,100.0,148.0,60.00552151155368,22.39008409841362,31,135,59.0,37.0,77.0,image_0_3857.jpg,overripe
146.0539816232772,47.27285511460272,0,255,147.0,117.0,175.0,109.9851677122956,37.457895015042446,0,208,109.0,86.0,132.0,24.021995257619917,23.217985238652563,0,105,20.0,2.0,37.0,image_0_387 (2).jpg,overripe
148.43416242651782,42.61646505355318,52,255,147.0,117.0,175.0,112.20153880353702,33.72211260331097,48,209,109.0,87.0,132.0,25.62926690707899,23.607684718982625,0,117,22.0,3.0,40.0,image_0_387 (2).jpg,overripe
163.1801239934792,42.16461213235261,67,255,162.0,132.0,190.0,127.17772810354197,33.663441297407026,63,223,124.0,102.0,147.0,40.62926690707899,23.607684718982625,15,132,37.0,18.0,55.0,image_0_387 (2).jpg,overripe
142.7521241910784,52.90231087983216,0,255,147.0,116.0,175.0,107.31706021834708,41.67734783836625,0,209,108.0,85.0,132.0,23.119411648471075,23.468510553722258,0,105,18.0,1.0,37.0,image_0_387 (2).jpg,overripe
107.88815886973275,71.60470290301076,0,255,128.0,1.0,164.0,80.0169194289384,53.87447615711136,0,206,93.0,1.0,121.0,14.31972780714321,18.614729928625756,0,100,3.0,0.0,26.0,image_0_387 (2).jpg,overripe
119.22382417019095,66.74035392374553,0,246,132.0,84.0,171.0,96.09165278311761,54.99668352167487,0,211,105.0,66.0,138.0,29.539311803152632,26.9542836871398,0,133,26.0,2.0,49.0,image_0_3891.jpg,overripe
108.22330086718783,42.83803956079247,16,215,106.0,73.0,141.0,80.57561194412405,35.82539881387771,11,179,78.0,52.0,107.0,21.93719295997266,14.604889830205105,0,99,20.0,10.0,34.0,image_0_3891.jpg,overripe
134.899675338545,50.15146795062249,0,245,137.0,102.0,173.0,108.90861420821052,41.75085318196366,0,208,109.0,82.0,139.0,31.934544405997695,25.52916072992354,0,118,29.0,8.0,50.0,image_0_3891.jpg,overripe
113.20654449143491,37.48661193646262,32,206,111.0,83.0,142.0,89.01689521124354,31.352681153090792,28,175,87.0,64.0,112.0,22.526581656627794,17.675238586902903,0,105,15.0,10.0,33.0,image_0_3891.jpg,overripe
137.1375646119014,48.0585014231574,0,246,138.0,104.0,173.0,110.82763039856465,40.09970059502433,0,208,110.0,83.0,140.0,32.832297406980224,25.56621009826707,0,130,30.0,10.0,51.0,image_0_3891.jpg,overripe
149.1519127410686,58.747575671213,0,255,150.0,109.0,200.0,115.44905031737153,43.71116972663803,0,205,116.0,86.0,151.0,25.140713538753374,24.76393561019585,0,150,21.0,1.0,43.0,image_0_3905.jpg,overripe
101.30659792310124,48.839771938836996,4,197,99.0,64.0,145.0,69.08864515187626,35.625614907949696,2,150,67.0,41.0,99.0,25.719205233590312,16.440388152261615,0,104,25.0,11.0,43.0,image_0_3905.jpg,overripe
142.52485469004597,67.85489435994363,0,255,149.0,105.0,200.0,110.28587757484375,50.92339193180586,0,205,114.0,82.0,151.0,24.218195967800774,24.811621968097562,0,154,19.0,1.0,41.0,image_0_3905.jpg,overripe
153.71857292249325,51.698060604022196,51,255,151.0,114.0,200.0,119.6242856100586,37.69560287797893,49,205,117.0,90.0,151.0,27.931673922031177,26.438156728058985,0,157,26.0,2.0,45.0,image_0_3905.jpg,overripe
135.92563048712273,70.59820454882946,0,255,143.0,89.0,196.0,105.46287604270532,52.938217085470576,0,205,111.0,72.0,148.0,23.8279505824558,25.182109328434482,0,157,19.0,1.0,40.0,image_0_3905.jpg,overripe
128.6957267391065,66.00796687751007,0,255,142.0,83.0,176.0,104.00113901850258,54.080276357823315,0,227,112.0,68.0,141.0,36.49632084080275,27.89463433998228,0,138,35.0,12.0,55.0,image_0_3939.jpg,overripe
115.12597156336761,69.59553326703758,0,255,122.0,60.0,171.0,93.67204033160971,56.43222477871598,0,227,98.0,52.0,136.0,34.125822714358755,27.38034844013609,0,127,33.0,8.0,52.0,image_0_3939.jpg,overripe
129.43194688031892,65.45588643450093,0,255,142.0,85.0,176.0,104.59690394061572,53.658623513289484,0,227,113.0,69.0,142.0,36.74346844077427,27.918198963466267,0,139,36.0,13.0,55.0,image_0_3939.jpg,overripe
153.80631508099327,51.76077503127047,49,255,156.0,114.0,191.0,123.88108258531314,43.186253348577175,45,245,124.0,89.0,152.0,42.73475753790796,28.292777777931978,0,148,39.0,20.0,60.0,image_0_3939.jpg,overripe
145.04024100596044,47.02515500096234,51,255,147.0,109.0,178.0,117.90857435007993,38.77254279361053,47,227,118.0,87.0,143.0,44.05401277512798,26.857834240922305,0,140,42.0,25.0,61.0,image_0_3939.jpg,overripe
153.3154151721479,53.68381714301374,0,255,161.0,113.0,197.0,123.59907884862963,45.08947037346161,0,229,127.0,89.0,160.0,43.04426070373761,26.627023072039364,0,133,43.0,23.0,61.0,image_0_3989.jpg,overripe
156.7476472086635,48.62357306042576,51,255,161.0,116.0,197.0,126.53295284778972,41.066223183057865,46,230,128.0,92.0,160.0,44.59323387468761,26.170594044371214,0,134,45.0,26.0,62.0,image_0_3989.jpg,overripe
147.84571747227253,59.53243396051566,0,255,158.0,106.0,196.0,119.06165793477588,49.59380806071574,0,229,126.0,84.0,158.0,41.153538997473376,26.99912804285054,0,131,41.0,20.0,60.0,image_0_3989.jpg,overripe
134.91982953880472,53.94430617158525,18,244,140.0,90.0,180.0,101.39820175831136,45.56135803444933,12,216,103.0,63.0,139.0,25.10319236091509,17.97711199641752,0,110,22.0,10.0,37.0,image_0_3989.jpg,overripe
121.79347758738201,77.32576109032141,0,255,135.0,61.0,189.0,97.49402077753987,63.73111702878273,0,230,105.0,46.0,153.0,35.22690753375146,29.675248643519836,0,134,35.0,2.0,57.0,image_0_3989.jpg,overripe
85.64257559771465,69.25433332552018,0,242,102.0,0.0,146.0,75.90727211195828,60.12977807281753,0,214,94.0,0.0,127.0,21.6147552405789,22.379881400532817,0,148,17.0,0.0,37.0,image_0_4051.jpg,overripe
132.34672426492546,41.17937964049787,50,246,130.0,101.0,160.0,116.94978400652957,33.34376579363089,49,216,116.0,92.0,138.0,34.96913383632273,21.74351022572349,0,148,33.0,19.0,49.0,image_0_4051.jpg,overripe
129.44514562140427,45.61468887011564,0,246,129.0,99.0,160.0,114.27476957378616,37.59568684887457,0,216,116.0,91.0,138.0,33.525302092250115,21.82933939332359,0,141,32.0,17.0,47.0,image_0_4051.jpg,overripe
130.0321601337766,44.23831729490244,42,252,128.0,96.0,160.0,113.49438616049211,35.827520775746414,40,220,112.0,87.0,136.0,27.714888619035296,20.562670438915184,0,147,23.0,11.0,40.0,image_0_4051.jpg,overripe
122.88347301574662,33.900653432247466,55,216,121.0,97.0,146.0,110.2057810602592,27.445518062372663,54,192,109.0,90.0,128.0,42.74574482909641,17.898216669650633,14,136,41.0,30.0,54.0,image_0_4051.jpg,overripe
126.67636212538305,61.07224495759559,0,242,140.0,96.0,171.0,100.3233781748299,48.452264247817425,0,200,110.0,77.0,135.0,35.02648937827871,25.745648957925724,0,122,35.0,13.0,52.0,image_0_4057.jpg,overripe
126.17042538825118,61.48788368480537,0,243,140.0,95.0,171.0,99.92172648418428,48.78068660595382,0,201,110.0,77.0,135.0,34.87076299797434,25.76423338341585,0,118,35.0,13.0,52.0,image_0_4057.jpg,overripe
109.63945359164805,74.69769488061476,0,243,128.0,2.0,171.0,87.21286033345453,59.552462506320765,0,202,103.0,2.0,135.0,30.610980106996312,27.751420223240206,0,125,29.0,0.0,51.0,image_0_4057.jpg,overripe
157.92084350490833,42.37592713334308,63,255,160.0,125.0,190.0,127.93274814314653,32.945998323016724,59,220,127.0,103.0,152.0,53.06816600010388,25.015334557341223,11,151,52.0,35.0,68.0,image_0_4057.jpg,overripe
142.45440191139042,40.96342113212806,51,243,144.0,111.0,173.0,113.45120241001402,31.839916843647835,47,202,113.0,89.0,137.0,41.08584636160598,24.218308984329067,0,136,40.0,24.0,56.0,image_0_4057.jpg,overripe
129.84147014370367,54.70048002136105,0,255,133.0,98.0,167.0,110.12087661636639,46.25504378679541,0,228,113.0,84.0,141.0,23.372070148501788,24.22523716268418,0,135,17.0,2.0,38.0,image_0_410.jpg,overripe
94.89687642444161,43.258495036021316,5,210,90.0,64.0,125.0,73.59743780438069,36.505365038790494,1,184,71.0,48.0,98.0,28.590756423481995,16.138803095161187,0,94,29.0,14.0,45.0,image_0_410.jpg,overripe
120.46694095914401,62.440316573212264,0,255,128.0,85.0,164.0,101.69186478900271,53.04133038906978,0,229,108.0,71.0,138.0,22.920711081256147,23.832806921345863,0,140,18.0,1.0,36.0,image_0_410.jpg,overripe
131.7031763548689,53.10460938720718,0,255,133.0,101.0,168.0,111.7238682436485,44.90857325302809,0,228,114.0,86.0,142.0,23.77103375476813,24.46741427691255,0,139,18.0,2.0,38.0,image_0_410.jpg,overripe
140.70111316363986,42.80101204878782,52,255,136.0,110.0,170.0,119.62898543770842,36.11767323067445,48,229,117.0,94.0,144.0,26.936005086006286,25.893759175408007,0,140,22.0,3.0,42.0,image_0_410.jpg,overripe
188.57414058491534,40.784830046288555,85,255,184.0,158.0,222.0,161.4073770024514,35.839402571210655,80,250,158.0,134.0,189.0,94.97445983695343,24.112149081135968,33,184,94.0,78.0,112.0,image_0_4103.jpg,overripe
156.4276495068696,45.47934954262932,0,255,151.0,126.0,191.0,128.32595633088192,38.40893023339674,0,218,125.0,102.0,158.0,61.89846645003136,25.190889454467136,0,151,62.0,45.0,80.0,image_0_4103.jpg,overripe
139.94513425688388,61.8066274625159,0,255,143.0,115.0,184.0,114.7169146570891,51.286345080238036,0,217,118.0,92.0,151.0,54.9157402656633,29.89109841290559,0,144,57.0,36.0,77.0,image_0_4103.jpg,overripe
157.93463314520267,42.821924188118004,53,255,152.0,126.0,191.0,129.6667236759592,36.18422548292391,48,219,126.0,102.0,158.0,62.75247705375976,24.4063904479245,0,152,62.0,46.0,80.0,image_0_4103.jpg,overripe
99.8543526594835,38.42150440138985,6,187,95.0,71.0,130.0,74.49123767174049,32.469370922023636,1,155,71.0,50.0,100.0,21.097873553389203,15.596409117141992,0,95,18.0,8.0,32.0,image_0_4103.jpg,overripe
139.3352467721691,56.23375012381496,0,255,146.0,107.0,181.0,111.76314611475367,46.30030598047361,0,214,116.0,85.0,145.0,35.214313926850465,26.597927984725047,0,124,34.0,11.0,54.0,image_0_4106.jpg,overripe
116.99717372795816,46.60655673490414,12,229,119.0,81.0,153.0,86.33356154163485,38.717469944137946,8,187,86.0,56.0,115.0,23.055182522755,15.710261513379443,0,93,21.0,10.0,35.0,image_0_4106.jpg,overripe
102.05026726703005,44.07437465139601,3,208,104.0,68.0,136.0,73.04059474594273,36.629063781845524,0,168,73.0,44.0,100.0,22.733865234220712,15.517084342838622,0,79,21.0,9.0,36.0,image_0_4106.jpg,overripe
149.05026726703005,44.07437465139601,50,255,151.0,115.0,183.0,120.0404718645496,36.62930881383761,46,215,120.0,91.0,147.0,39.07313198339346,26.35855266204457,0,126,39.0,18.0,57.0,image_0_4106.jpg,overripe
110.21624492017098,78.38066686027419,0,255,127.0,3.0,176.0,88.42601223547585,63.472624744464525,0,215,101.0,2.0,140.0,29.827053216420467,28.07104913362921,0,124,27.0,0.0,51.0,image_0_4106.jpg,overripe
91.96676227880499,63.9584527963127,0,249,91.0,51.0,128.0,75.00916993954371,51.95875264361378,0,203,75.0,40.0,108.0,35.049053439830544,25.954302843936052,0,125,36.0,12.0,53.0,image_0_4135.jpg,overripe
124.40812850271391,44.997560001674664,51,249,112.0,88.0,160.0,102.28596266713737,35.42438251175706,47,203,95.0,73.0,128.0,44.456069899827895,21.68183744113812,0,125,43.0,30.0,59.0,image_0_4135.jpg,overripe
116.44381977847404,53.742475518925005,0,248,108.0,82.0,158.0,94.78271038347822,42.90220836030368,0,203,91.0,67.0,126.0,40.86394245620229,23.111965417803912,0,119,41.0,25.0,57.0,image_0_4135.jpg,overripe
92.14220025594634,45.706686929137426,18,219,80.0,55.0,128.0,69.70851242222321,35.91487688564496,14,172,62.0,40.0,96.0,19.429848638630247,15.21184783825714,0,93,16.0,8.0,29.0,image_0_4135.jpg,overripe
119.98300163276113,50.01192702379127,0,248,110.0,84.0,159.0,98.26304223114602,39.652683069459144,0,202,93.0,70.0,127.0,41.97472309253784,22.871048423303353,0,121,41.0,26.0,57.0,image_0_4135.jpg,overripe
125.30416449811666,44.892640993677475,50,254,115.0,87.0,162.0,103.33438599895909,35.17869881694461,47,207,98.0,73.0,130.0,44.230198565669575,22.366718459266284,0,135,44.0,29.0,59.0,image_0_4152.jpg,overripe
115.46911249702283,55.640492339918715,0,253,110.0,79.0,161.0,94.13684359094238,44.49311945097396,0,206,93.0,64.0,127.0,39.99915316284855,24.23324421090285,0,133,41.0,23.0,56.0,image_0_4152.jpg,overripe
151.78861709728923,46.952370614837584,73,255,141.0,112.0,190.0,128.79136049681114,36.98939731211972,70,238,123.0,97.0,157.0,66.61992007974384,23.543485121895298,20,162,66.0,51.0,82.0,image_0_4152.jpg,overripe
82.38496687631768,69.25654427024956,0,254,79.0,2.0,137.0,67.42378906697952,55.66039895060895,0,207,67.0,2.0,111.0,29.309527800075863,27.209170262704205,0,119,27.0,1.0,50.0,image_0_4152.jpg,overripe
125.11098859416212,49.86618646795466,41,255,114.0,83.0,166.0,100.70529185007454,39.087735121058635,38,216,95.0,67.0,130.0,36.66875435547754,22.368868504979943,0,136,35.0,18.0,51.0,image_0_4152.jpg,overripe
123.97602030456852,66.33632361734841,0,255,132.0,81.0,171.0,100.07012182741117,53.75441341045318,0,230,105.0,67.0,138.0,35.299918781725886,29.072693033092914,0,149,33.0,7.0,55.0,image_0_4156.jpg,overripe
166.25667005076141,44.89166167561335,79,255,163.0,132.0,199.0,141.07953299492385,36.70034383973119,75,254,137.0,113.0,166.0,71.84059898477157,27.412405255189114,30,175,70.0,52.0,91.0,image_0_4156.jpg,overripe
132.50190862944163,58.199705429608265,0,255,135.0,96.0,173.0,107.14413197969543,47.27822507321898,0,230,109.0,78.0,139.0,38.57035532994924,28.780023641189842,0,149,37.0,14.0,58.0,image_0_4156.jpg,overripe
141.10534010152284,46.96514951477579,51,255,137.0,105.0,174.0,114.82347208121827,37.78331710016816,47,231,111.0,86.0,140.0,43.572213197969546,28.223695511036897,0,150,42.0,23.0,63.0,image_0_4156.jpg,overripe
94.78288324873097,40.39360389901891,17,193,91.0,64.0,123.0,72.17584771573604,32.499416807218196,14,172,69.0,47.0,94.0,21.28443654822335,16.025907939697493,0,102,19.0,9.0,28.0,image_0_4156.jpg,overripe
209.4743500243278,47.14559814236085,104,255,224.0,168.0,255.0,192.11553595227517,47.140160348687814,103,255,193.0,150.0,239.0,93.9029320302088,32.32992271380688,47,185,96.0,65.0,117.0,image_0_4231.jpg,overripe
165.53239829916862,48.74997270391715,72,255,167.0,123.0,210.0,143.24394449027946,39.42787098903169,71,226,142.0,108.0,178.0,64.18915402678175,25.551178256870028,27,136,66.0,42.0,82.0,image_0_4231.jpg,overripe
153.70616234054705,54.219825932263404,50,255,155.0,106.0,203.0,128.91612193522457,43.85499264633883,49,221,128.0,90.0,168.0,41.07222186964524,28.346624438544143,0,121,43.0,16.0,61.0,image_0_4231.jpg,overripe
135.47997715301136,73.30687833521309,0,255,146.0,84.0,200.0,113.04677286285461,60.5277753797229,0,220,121.0,73.0,165.0,33.67304478432866,29.32349222817507,0,121,32.0,2.0,56.0,image_0_4231.jpg,overripe
144.73828562966725,66.58759876695139,0,255,152.0,98.0,203.0,121.08618391825856,54.702195375493176,0,220,126.0,83.0,168.0,37.850553193289755,29.072527181313536,0,121,38.5,8.0,59.0,image_0_4231.jpg,overripe
150.9025740822645,58.80032110131916,0,255,158.0,110.0,195.0,124.2636090225564,47.80360577647218,0,224,126.0,92.0,159.0,34.3784520123839,27.995693468827486,0,133,30.0,9.0,54.0,image_0_4254 (2).jpg,overripe
155.28010614772225,51.79927066974093,51,255,158.0,114.0,195.0,128.29368421052632,41.656520817103946,48,225,127.0,96.0,159.0,36.72715612560814,28.480351651090732,0,147,34.0,11.0,57.0,image_0_4254 (2).jpg,overripe
174.81360459973462,49.30154570049043,74,255,178.0,135.0,214.0,149.1708005307386,40.32654141647095,71,243,148.0,118.0,179.0,60.557549756744805,27.552977731595117,25,167,58.0,36.0,80.0,image_0_4254 (2).jpg,overripe
150.72384785493145,59.065327576935935,0,255,158.0,110.0,194.0,124.10501547987616,48.03181196092492,0,224,126.0,92.0,159.0,34.29876160990712,27.986148138507318,0,138,30.0,8.0,54.0,image_0_4254 (2).jpg,overripe
125.71795665634674,75.39630468574212,0,255,144.0,72.0,185.0,102.61275541795666,61.62112663834908,0,224,116.0,60.0,150.0,24.240566121185317,25.591077054339358,0,136,17.0,0.0,42.0,image_0_4254 (2).jpg,overripe
102.05289719432868,76.53397071896306,0,251,118.0,0.0,168.0,89.72611352989234,67.00701488311181,0,225,106.0,0.0,146.0,28.600752867203738,26.217258045641294,0,109,27.0,0.0,48.0,image_0_4254.jpg,overripe
209.9626255209572,40.7159116701767,109,255,216.0,176.0,255.0,195.1642967206842,40.42916749054827,105,255,197.0,164.0,229.0,94.01613286865157,26.294586608027686,47,217,93.0,76.0,111.0,image_0_4254.jpg,overripe
139.60415524783602,46.168097354567934,0,250,140.0,107.0,174.0,122.9820470128339,39.81763277345905,0,224,125.0,97.0,152.0,38.45033455019287,22.022048424007345,0,136,37.0,23.0,53.0,image_0_4254.jpg,overripe
135.30709329141544,51.59369260650148,0,251,139.0,103.0,173.0,118.8667073435577,45.1570778528321,0,224,124.0,93.0,151.0,36.20382224888052,22.9613914394005,0,137,35.0,19.0,52.0,image_0_4254.jpg,overripe
141.92290350269397,42.222097602786384,52,251,141.0,108.0,174.0,125.0667135485072,36.25497546721848,48,225,125.0,98.0,152.0,39.17909552519727,21.925018066057824,0,142,38.0,24.0,53.0,image_0_4254.jpg,overripe
129.7718948000643,44.94015263775102,0,226,132.0,105.0,163.0,113.71315337568626,37.53266408278453,0,228,117.0,94.0,140.0,36.71118235727035,25.870594346654197,0,192,36.0,16.0,53.0,image_0_4324.jpg,overripe
117.85107390896094,55.37467508552732,0,226,127.0,90.0,159.0,104.66112018136754,47.063339976245004,0,228,114.0,84.0,139.0,35.81244871545431,26.81655392950833,0,193,35.0,14.0,53.0,image_0_4324.jpg,overripe
185.28522243746457,41.79016297966669,88,255,184.0,154.0,219.0,166.61634507203098,34.47445739653975,88,255,167.0,141.0,193.0,74.97644083138064,29.383878976679277,30,254,74.0,53.0,94.0,image_0_4324.jpg,overripe
133.74748970079432,39.05457721684747,44,231,132.0,105.0,164.0,116.26199318179896,31.744078532294587,44,233,116.0,93.0,141.0,33.74754891593987,24.86692303072735,0,196,31.0,12.0,49.0,image_0_4324.jpg,overripe
127.57205214316531,48.20083095524262,0,226,131.0,104.0,163.0,111.72932756972584,40.48105999271486,0,228,116.0,93.0,140.0,35.99423075296287,26.1753418429892,0,192,35.0,15.0,53.0,image_0_4324.jpg,overripe
123.60814687320712,43.36859975838974,0,226,121.0,95.0,156.0,100.90333345041975,34.855797523715914,0,188,99.0,79.0,126.0,30.179587153277833,23.02542182834929,0,153,28.0,10.0,45.0,image_0_438.jpg,overripe
127.13174564145795,38.13424519199976,51,226,122.0,98.0,156.0,104.19917571159273,30.3489451361065,48,188,101.0,81.0,126.0,32.75496153711054,23.99288102522793,0,156,32.0,13.0,48.0,image_0_438.jpg,overripe
98.9024787195429,67.32957597843702,0,226,109.0,39.0,156.0,81.18783003735057,54.56112083295165,0,188,92.0,32.0,125.0,25.979650379945436,24.164478153481525,0,123,23.0,0.0,42.0,image_0_438.jpg,overripe
116.99642886414462,51.566345965522395,0,226,119.0,86.0,156.0,95.21392860070017,41.629557816018746,0,188,97.0,72.0,125.0,27.636282740290607,22.773286748548283,0,155,25.0,6.0,43.0,image_0_438.jpg,overripe
77.6354163007716,35.26366410315955,7,169,73.0,51.0,104.0,56.435737117566475,28.069388305185683,4,134,53.0,35.0,77.0,20.08872809020338,13.479936369169975,0,104,18.0,8.0,32.0,image_0_438.jpg,overripe
139.32993014069794,38.27211898820137,52,255,138.0,111.0,166.0,108.0412790128293,30.45020590118268,47,227,106.0,86.0,128.0,31.89860607841217,25.88820011983144,0,155,27.0,11.0,46.0,image_0_4405 (2).jpg,overripe
138.62828485620082,39.62917369048056,0,255,138.0,111.0,166.0,107.36259915777103,31.56917898920602,0,226,106.0,85.0,128.0,31.28622727124343,25.630721927952553,0,150,26.0,10.0,46.0,image_0_4405 (2).jpg,overripe
111.82141807854275,34.23873626273251,34,215,111.0,86.0,136.0,83.83343126693435,27.238858461356077,29,190,82.0,64.0,102.0,20.580077041099468,18.990466109501416,0,126,13.0,7.0,28.0,image_0_4405 (2).jpg,overripe
134.3014967518689,37.20856929184358,49,247,133.0,107.0,160.0,103.85945712140501,29.618791605519384,45,220,102.0,82.0,123.0,30.010511539842653,24.976883586963297,0,150,25.0,10.0,44.0,image_0_4405 (2).jpg,overripe
130.45655012568145,53.10387502548628,0,255,138.0,107.0,166.0,100.23619136225639,42.133090303807855,0,227,104.0,81.0,128.0,27.490133189697385,25.01514330493696,0,151,22.0,6.0,42.0,image_0_4405 (2).jpg,overripe
139.6148204061868,65.33325524791549,0,255,152.0,89.0,194.0,111.68113908907056,54.49047196058557,0,228,121.0,69.0,157.0,37.91784401971117,27.56983705257694,0,129,38.0,13.0,57.0,image_0_4408.jpg,overripe
116.79407952829919,78.76007466038966,0,255,134.0,43.0,185.0,93.41683994644943,64.26692540384789,0,228,104.0,33.0,148.0,32.769974648930415,28.6415321976661,0,127,32.0,1.0,54.0,image_0_4408.jpg,overripe
139.36931381206028,66.35306959599316,0,255,153.0,92.0,193.0,111.97951975389523,54.958115368265695,0,228,122.0,71.0,156.0,38.635250804682826,26.945938258131005,0,127,38.0,16.0,58.0,image_0_4408.jpg,overripe
139.630444070983,54.89382086056915,22,250,144.0,95.0,185.0,105.87129347423591,46.43499100643154,17,220,108.0,67.0,144.0,26.15892129774689,19.095279678352924,0,119,23.0,11.0,35.0,image_0_4408.jpg,overripe
156.09063007377446,49.118628976481055,51,255,160.0,116.0,197.0,125.88592018685732,41.54129663786503,46,228,128.0,91.0,160.0,44.46497849431737,25.73129862917941,0,138,44.0,26.0,62.0,image_0_4408.jpg,overripe
151.10218742905684,35.440478772969854,70,234,152.0,126.0,177.0,128.3379566908087,31.38182171873506,66,206,128.0,105.0,151.0,68.45834950532029,27.992047923806155,27,169,65.0,48.0,85.0,image_0_4427.jpg,overripe
123.16626511317949,70.42018306677924,0,249,139.0,83.0,172.0,99.76943750778086,58.69776248754127,0,215,111.0,64.0,140.0,38.325265647770465,35.09139490265157,0,170,34.0,2.0,60.0,image_0_4427.jpg,overripe
148.59990626350208,47.93294784027597,40,255,150.0,115.0,183.0,117.8172943838656,42.41797295162456,34,223,117.0,87.0,149.0,41.248811816657266,33.01687085015051,0,173,32.0,16.0,60.0,image_0_4427.jpg,overripe
141.199021625303,52.90697284395062,0,249,147.0,112.0,178.0,114.86421389497119,45.60166022209409,0,214,118.0,89.0,146.0,46.05598558801344,34.69859645878174,0,171,42.0,19.0,67.0,image_0_4427.jpg,overripe
149.0269565663149,42.61911067474231,52,249,150.0,119.0,180.0,121.65307243341414,37.729997040044246,47,215,121.0,94.0,149.0,49.670135405300506,33.628371242905445,0,171,45.0,25.0,70.0,image_0_4427.jpg,overripe
95.8428148497031,32.806932480937284,14,176,98.0,70.0,122.0,68.22404918501573,25.991398211460865,9,145,70.0,48.0,88.0,18.031724671567225,12.862015715053854,0,105,16.0,7.0,29.0,image_0_4460.jpg,overripe
181.5945348113509,38.75554252804593,84,255,184.0,151.0,213.0,148.89543978872646,30.862869210201413,79,240,151.0,125.0,172.0,56.79103096772023,23.74984751682946,23,193,57.0,37.0,73.0,image_0_4460.jpg,overripe
96.57138051102626,71.71967542362684,0,224,118.0,0.0,160.0,76.09772241753436,56.45565167389944,0,192,94.0,0.0,125.0,19.605990008242358,21.201520531753943,0,150,13.0,0.0,37.0,image_0_4460.jpg,overripe
129.35284866019614,52.65574002002976,0,223,140.0,107.0,167.0,101.94125216572188,41.687679359233584,0,192,110.0,85.0,131.0,26.447644199229593,20.993463285615555,0,149,27.0,5.0,42.0,image_0_4460.jpg,overripe
134.1217430066107,44.75890592147689,0,223,141.0,109.0,168.0,105.98081548890646,35.611526753200394,0,191,111.0,86.0,132.0,27.39739945163081,21.046949564935023,0,148,27.0,7.0,42.0,image_0_4460.jpg,overripe
164.73865812622398,50.36602525608,73,255,165.0,121.0,204.0,151.1654891098536,46.04562357955466,72,255,148.0,111.0,189.0,78.71613126602685,25.584522377609655,16,188,79.0,62.0,96.0,image_0_4463.jpg,overripe
112.60351860467632,49.462946900295734,24,238,112.0,70.0,150.0,99.05141577313006,44.40952192837306,23,211,96.0,61.0,135.0,32.17247871200892,20.621907210469068,0,134,30.0,16.0,46.0,image_0_4463.jpg,overripe
67.91616805340662,66.5488374254499,0,234,52.0,0.0,128.0,61.651288099282645,59.86946083338033,0,211,48.0,0.0,115.0,28.022386202568626,26.973733473732352,0,140,24.0,0.0,49.0,image_0_4463.jpg,overripe
109.99306449693258,57.423668756039966,0,233,117.0,68.0,155.0,99.4821527109053,52.021105629435986,0,210,104.0,62.0,141.0,44.15857524642134,25.784950654705735,0,143,46.0,25.0,63.0,image_0_4463.jpg,overripe
125.23493069906841,43.0604434377298,48,234,125.0,88.0,158.0,113.43846228752584,38.66169606791989,47,211,111.0,80.0,145.0,52.61918570052909,21.472024172816333,0,144,53.0,39.0,67.0,image_0_4463.jpg,overripe
124.59927247966168,81.33064186568062,0,255,143.0,52.0,189.0,103.00987349030571,66.47382754175143,0,228,117.0,47.0,153.0,31.501496254882987,30.086237546326533,0,118,25.0,1.0,54.0,image_0_4520.jpg,overripe
157.70791671146472,53.51165954350079,3,255,164.0,115.0,197.0,130.19501487295273,43.157776950462946,3,228,132.0,97.0,161.0,38.43661075869978,27.807987157344176,0,118,34.0,16.0,59.0,image_0_4520.jpg,overripe
156.63246783499983,55.335544083459304,0,255,164.0,114.0,197.0,129.1905081890836,44.825643319060504,0,228,132.0,96.0,161.0,37.90416801060818,27.962244504023083,0,118,33.0,15.0,59.0,image_0_4520.jpg,overripe
158.0248181199154,53.03074952724796,51,255,164.0,115.0,197.0,130.49918467548292,42.72337434961504,49,228,132.0,97.0,161.0,38.63353402859907,27.879451786669357,0,118,34.0,16.0,59.0,image_0_4520.jpg,overripe
103.72771744973659,46.18519856911124,11,188,109.0,66.0,138.0,79.7558864638211,37.21475836755917,9,165,81.0,51.0,106.0,20.456689244884064,13.084910547080662,0,69,18.0,10.0,31.0,image_0_4520.jpg,overripe
147.54234097523027,31.032638085268925,78,239,146.0,123.0,169.0,131.61859987130111,26.523606777596513,76,214,129.0,113.0,148.0,62.49763251663961,20.334786943232416,35,150,60.0,47.0,73.0,image_0_4526.jpg,overripe
124.69433052564854,36.68425769666337,43,233,123.0,96.0,150.0,105.85311998770638,31.31374532868871,40,204,103.0,83.0,125.0,25.76394318039935,22.227842691265188,0,128,21.0,8.0,36.0,image_0_4526.jpg,overripe
133.7553472469002,38.933869384308544,0,245,133.0,105.0,160.0,114.73985535781173,33.35893783659511,0,214,113.0,93.0,135.0,32.30276894707018,24.18090797087719,0,136,29.0,14.0,44.0,image_0_4526.jpg,overripe
99.94561031127844,67.73375220371963,0,245,118.0,25.0,153.0,84.82875363766459,57.86527856650122,0,215,100.0,18.0,129.0,22.410126874057568,24.055350483449363,0,138,16.0,0.0,36.0,image_0_4526.jpg,overripe
121.45380766238631,53.47339188746103,0,245,128.0,95.0,158.0,103.78946205783767,46.039269576982115,0,214,109.0,84.0,133.0,28.051930963608946,24.25870274744796,0,135,25.0,7.0,40.0,image_0_4526.jpg,overripe
153.38726252866033,51.933644057463546,0,255,157.0,118.0,195.0,124.32490583033082,44.900279476043735,0,240,127.0,92.0,159.0,45.90770348837209,26.19032193565429,0,175,46.0,26.0,64.0,image_0_4570.jpg,overripe
130.41924950868,39.453590800444864,36,215,131.0,99.0,163.0,104.50709343268916,34.44136576401143,33,203,104.0,76.0,132.0,34.66125532263347,21.089082532436855,0,148,34.0,18.0,49.0,image_0_4570.jpg,overripe
153.40211472322306,51.91583052330575,0,255,158.0,118.0,195.0,124.3356227481166,44.88629435034227,0,240,127.0,92.0,159.0,45.913630036030135,26.187236277719187,0,175,46.0,26.0,64.0,image_0_4570.jpg,overripe
157.92105101539468,45.14612925011891,50,255,159.0,122.0,195.0,128.27665411071078,39.41710104642329,46,241,128.0,96.0,160.0,47.75280461840812,25.127656843915886,0,178,48.0,29.0,65.0,image_0_4570.jpg,overripe
109.3963110055683,78.06175403481133,0,255,126.0,2.0,175.0,87.87299377661317,64.52797077795714,0,241,99.0,2.0,143.0,32.669894366197184,29.66973432233462,0,178,30.0,0.0,57.0,image_0_4570.jpg,overripe
182.9113097210789,43.347090445776736,86,255,184.0,147.0,217.0,154.541613658474,37.710819542543625,79,255,154.0,125.0,181.0,67.63950865414427,27.669024903956004,29,168,66.0,45.0,85.0,image_0_4602.jpg,overripe
142.5370914805589,41.57173786661511,52,255,143.0,109.0,173.0,115.52198548199146,34.76952468270674,46,217,115.0,88.0,140.0,35.45259196698703,25.46893179758494,0,128,34.0,15.0,51.0,image_0_4602.jpg,overripe
133.64758015373266,51.626024493722504,0,255,139.0,101.0,170.0,107.82926907493132,42.90944224249119,0,217,111.0,81.0,137.0,31.618137889008864,25.543016853836516,0,126,30.0,8.0,48.0,image_0_4602.jpg,overripe
124.63888859192423,49.75536583194669,16,255,125.0,84.0,161.0,92.29691358684613,41.61774911545258,9,214,92.0,59.0,122.0,25.151434161152032,17.594752650432234,1,107,23.0,10.0,40.0,image_0_4602.jpg,overripe
137.58939052160062,47.986441274387516,0,255,141.0,105.0,172.0,111.20121019040187,40.04074299877851,0,217,113.0,84.0,139.0,33.181068858978605,25.555324136853635,0,127,31.0,11.0,49.0,image_0_4602.jpg,overripe
123.9488958715196,39.296229385684526,51,238,119.0,93.0,150.0,105.41386925024003,35.815372598799875,47,222,100.0,77.0,127.0,52.30960984550929,33.457069309382184,0,196,46.0,30.0,69.0,image_0_4675.jpg,overripe
134.958051846033,33.69582403190709,72,233,131.0,108.0,157.0,119.06836868290128,30.701989269995384,69,219,114.0,95.0,138.0,73.55429868202846,28.67547236645739,29,197,68.0,54.0,88.0,image_0_4675.jpg,overripe
123.35981496028629,39.996845361777304,0,237,119.0,93.0,150.0,104.88051846032992,36.37554253087741,0,221,100.0,76.0,127.0,51.960644147682636,33.473824585707405,0,190,46.0,29.0,68.0,image_0_4675.jpg,overripe
128.86485991097146,39.11948120981193,57,242,124.0,98.0,155.0,110.4278170550755,35.71023828686065,53,226,105.0,82.0,132.0,57.93555031858253,33.07917877812799,6,200,52.0,36.0,74.0,image_0_4675.jpg,overripe
111.34640830933054,51.30603887549688,0,238,112.0,81.0,146.0,94.20178929911845,45.52612416444674,0,220,94.0,66.0,124.0,45.56142969363708,35.72037130095053,0,191,40.0,20.0,63.0,image_0_4675.jpg,overripe
142.16841218690493,31.477704886938437,71,218,145.0,119.0,165.0,130.80115717006007,28.560050719894505,70,200,134.0,109.0,153.0,54.8151182803574,17.987043626093346,30,113,55.0,37.0,69.0,image_0_4687.jpg,overripe
137.97584041306578,41.235824588368075,0,233,143.0,110.0,168.0,123.95929764171672,37.43594977302246,0,211,129.0,97.0,153.0,30.24765636443533,22.27434662351056,0,102,30.0,9.0,48.0,image_0_4687.jpg,overripe
130.3346729896001,51.36332073216656,0,233,140.0,102.0,167.0,116.95557162736195,46.6828587945517,0,211,127.0,90.0,152.0,27.753616156437673,22.796908669637062,0,102,27.0,3.0,47.0,image_0_4687.jpg,overripe
115.08521312435916,68.75450667920951,0,233,138.0,72.0,166.0,103.30357404423611,61.90261905056259,0,211,125.0,61.0,151.0,26.176047312142963,23.958871147963958,0,103,24.0,0.0,46.0,image_0_4687.jpg,overripe
139.12887249157757,39.03560973373491,51,233,143.0,110.0,168.0,125.03609748059176,35.41812315177673,50,211,129.0,98.0,153.0,30.78047641716713,22.328137601709397,0,103,31.0,9.0,49.0,image_0_4687.jpg,overripe
129.37320154456913,52.115601266472076,0,226,139.0,103.0,167.0,116.21708069198144,46.98883625658163,0,204,127.0,92.0,151.0,28.57081234570134,23.23437576907233,0,136,29.0,3.0,47.0,image_0_4698.jpg,overripe
159.08143351932068,33.84872616407994,81,238,161.0,134.0,185.0,146.55252710682666,30.4213859385693,78,219,150.0,123.0,171.0,63.27716334632532,21.176415749878593,35,163,64.0,43.0,78.0,image_0_4698.jpg,overripe
88.39792550257278,76.05581099630757,0,225,106.0,0.0,157.0,77.49040974489289,66.78537379510234,0,200,93.0,0.0,139.0,17.178312730034996,22.459985837365576,0,127,2.0,0.0,35.0,image_0_4698.jpg,overripe
137.98128973331765,39.94079845561645,0,226,141.0,111.0,167.0,124.02996898201319,35.954785357816235,0,205,129.0,98.0,152.0,31.30382253732558,23.033232053769186,0,141,32.0,9.0,48.0,image_0_4698.jpg,overripe
99.26708928296904,30.64777306983806,29,170,101.0,76.0,123.0,87.92995180003798,27.54928309645517,26,153,91.0,67.0,110.0,18.721796692017616,13.287964541599788,0,103,14.0,10.0,26.0,image_0_4698.jpg,overripe
181.418506754695,32.20778981805117,88,255,185.0,161.0,205.0,147.88159172237786,24.983554786536942,82,255,150.0,132.0,164.0,64.92899941745956,21.366885482526875,33,224,64.0,49.0,77.0,image_0_4706.jpg,overripe
143.66320147576909,31.10551665512662,53,230,147.0,124.0,166.0,111.28929373907737,24.14043346984997,48,222,113.0,96.0,127.0,31.17653749063774,20.682073125803708,0,185,30.0,16.0,43.0,image_0_4706.jpg,overripe
138.4234375433438,41.403335501796825,0,228,146.0,121.0,166.0,106.78064578767788,32.05100097676317,0,220,112.0,93.0,127.0,28.951316263974036,20.16217540037421,0,183,29.0,13.0,42.0,image_0_4706.jpg,overripe
131.9894587921995,51.24098138097346,0,227,145.0,118.0,165.0,101.5726025687259,39.543001007841106,0,219,111.0,90.0,126.0,27.301187272878582,20.521441706899292,0,183,27.0,9.0,41.0,image_0_4706.jpg,overripe
136.36170906266472,25.450298332964394,62,207,139.0,120.0,155.0,109.87516990762573,19.753970077224373,58,200,111.0,97.0,123.0,44.31080612499653,16.92896351096561,19,170,43.0,32.0,54.0,image_0_4706.jpg,overripe
118.11065165708249,43.94183457811809,0,230,111.0,82.0,153.75,96.70675431288481,34.29020395374886,0,186,93.0,68.0,124.0,37.176051043423485,21.329289421786342,0,132,37.0,23.0,51.0,image_0_4710.jpg,overripe
138.66848190518766,33.644397264640965,84,227,132.0,110.0,166.0,121.43266006949383,26.073661764246314,80,192,118.0,98.0,142.0,73.45659683416983,17.094958042975286,43,149,73.0,62.0,84.0,image_0_4710.jpg,overripe
119.75862068965517,41.955157438789094,51,230,112.0,84.0,154.0,98.26361936886595,32.54284978607081,47,186,94.0,69.0,124.0,38.352569443033346,21.324309159455407,0,133,38.0,24.0,52.0,image_0_4710.jpg,overripe
84.11401458964095,63.29831447365794,0,230,81.0,32.0,134.0,69.12488570093268,50.87379861917533,0,186,69.0,24.0,111.0,27.24195842561925,23.45363157398505,0,133,27.0,0.0,44.0,image_0_4710.jpg,overripe
156.63346067096091,49.75417976090239,74,255,148.0,114.0,198.0,131.11571129579582,39.05173738510384,70,236,126.0,96.0,162.0,59.21435393087192,25.608041779868064,13,173,59.0,42.0,76.0,image_0_4710.jpg,overripe
114.02015670280133,81.78800738869967,0,255,131.0,15.0,185.0,95.03457479159958,67.99177928443795,0,219,109.0,11.0,153.0,30.785660620371363,29.256713455208175,0,128,26.0,0.0,53.0,image_0_4725.jpg,overripe
154.88699509856534,45.952480095372586,51,255,157.0,121.0,191.0,128.9066580802118,37.849229618449904,48,219,129.0,101.0,158.0,40.22009230438982,25.898934355765697,0,128,38.0,20.0,59.0,image_0_4725.jpg,overripe
123.65824478551751,43.69561839089277,25,219,126.0,91.0,158.0,98.95478515974384,35.9933704563416,22,185,99.0,72.0,127.0,22.610826088512038,17.591988099543094,0,98,19.0,9.0,32.0,image_0_4725.jpg,overripe
154.19305212693644,47.21972094481827,0,255,157.0,121.0,191.0,128.26955743980537,38.9754078531185,0,219,129.0,101.0,158.0,39.90029694823083,25.894633350034155,0,122,37.0,20.0,59.0,image_0_4725.jpg,overripe
124.0104253872849,40.84676697395189,32,213,126.0,94.0,156.0,100.91470788165003,33.647897797779144,29,181,101.0,76.0,127.0,25.258988944939357,19.49377568817622,0,100,20.0,9.0,39.0,image_0_4725.jpg,overripe
106.06307225871652,53.507416038877146,0,231,102.0,69.0,148.0,86.08391106619504,42.25293388982954,0,187,83.0,59.0,119.0,32.10154623547246,22.2921371816517,0,132,32.0,15.0,47.0,image_0_4730.jpg,overripe
119.53253158160688,41.730394667665664,50,232,112.0,84.0,153.0,98.1188479029813,32.289364121299556,47,188,94.0,70.0,124.0,38.21493683678626,21.312986246710082,0,133,38.0,24.0,52.0,image_0_4730.jpg,overripe
114.95188479029812,47.01261653456269,0,231,110.0,79.0,152.0,93.70055583628096,36.89154768706695,0,187,91.0,66.0,122.0,35.27839312784234,21.079447901817794,0,102,35.0,21.0,50.0,image_0_4730.jpg,overripe
81.98314300151591,63.99054644386309,0,232,79.0,0.0,132.0,67.46958059626074,51.54768510508228,0,188,67.0,0.0,110.0,26.607175341081355,23.62227323693301,0,126,26.0,0.0,44.0,image_0_4730.jpg,overripe
165.15632137443154,40.50947973833837,97,255,158.0,131.0,198.0,144.32593228903485,31.51427908637559,95,232,140.0,117.0,170.0,86.01526023244062,20.726024572102723,49,178,86.0,72.0,99.0,image_0_4730.jpg,overripe
135.72886069960296,60.58599333415236,0,255,143.0,96.0,181.0,109.86825700274291,50.04880378978205,0,236,114.0,77.0,145.0,40.01687307788214,28.067074528170608,0,134,40.0,17.0,59.0,image_0_474.jpg,overripe
89.30516678068835,80.0072245070229,0,255,83.0,0.0,166.0,72.95567220577611,64.75191577232901,0,217,72.0,0.0,132.0,27.362857489945846,28.628152938220573,0,137,21.0,0.0,50.0,image_0_474.jpg,overripe
133.23679852688247,63.412270417676666,0,255,142.0,92.0,181.0,107.79601414295122,52.28750603146764,0,236,113.0,74.0,145.0,39.12069461583218,28.40176103420865,0,134,39.0,15.0,59.0,image_0_474.jpg,overripe
170.03847112907042,49.32287805619491,71,255,172.0,130.0,209.0,142.28718758591586,41.952440446544664,66,255,141.0,108.0,173.0,65.02100343343798,28.374946239794813,17,167,64.0,46.0,84.0,image_0_474.jpg,overripe
127.83653766232105,48.579883385365534,33,239,129.0,89.0,164.0,100.59254617878173,40.120687830017374,28,220,99.0,68.0,130.0,31.105829172074703,21.96981396567773,0,125,25.0,15.0,45.0,image_0_474.jpg,overripe
136.2693987109895,55.6460923883854,0,255,144.0,104.0,176.0,117.30482406950489,47.46598031760726,0,225,124.0,89.0,151.0,33.28475617962406,25.466208531836223,0,117,32.0,10.0,52.0,image_0_4756.jpg,overripe
143.69333662315134,44.047451551011434,50,255,145.0,109.0,177.0,124.08925874418674,37.234890699972595,49,225,125.0,94.0,152.0,36.57906030834567,25.2532298545013,0,132,37.0,15.0,55.0,image_0_4756.jpg,overripe
96.79374336428754,73.9623800276711,0,250,104.0,19.0,161.0,84.25297952835973,63.287038163513,0,218,90.0,19.0,138.0,27.987072510579754,26.539105330379076,0,132,24.0,0.0,48.0,image_0_4756.jpg,overripe
176.24333438009361,41.922258053035236,86,255,178.0,143.0,208.0,157.59734122889657,35.763037901660354,86,255,158.0,129.0,184.0,73.52477831112706,24.348949179188462,38,165,74.0,53.0,91.0,image_0_4756.jpg,overripe
138.86805586709136,51.75059290480528,0,255,145.0,106.0,177.0,119.68930659608512,44.121169281207855,0,225,125.0,91.0,152.0,34.44007297414502,25.570246952927146,0,122,33.0,11.0,53.0,image_0_4756.jpg,overripe
137.66798039901994,62.44935570202303,0,255,149.0,102.0,184.0,118.3579208960448,52.923137142083625,0,226,128.0,88.0,157.0,34.661393069653485,25.815090780879604,0,125,34.0,11.0,53.0,image_0_4783.jpg,overripe
133.6659572978649,41.86172432247075,47,228,135.0,102.0,166.0,115.72952047602381,34.93343449658729,45,205,118.0,88.0,142.0,36.99980399019951,22.440657323631097,2,114,38.0,20.0,53.0,image_0_4783.jpg,overripe
138.5040742037102,61.38805982922228,0,255,149.0,104.0,184.0,119.09146657332866,52.00121851092147,0,226,128.0,89.0,157.0,34.84411620581029,25.74245138186832,0,125,34.0,12.0,53.0,image_0_4783.jpg,overripe
111.07445572278614,74.68115991603804,0,255,124.0,42.0,174.0,96.22910045502275,63.2253865237763,0,228,105.0,41.0,149.0,31.612194609730487,26.43837146787265,0,126,30.0,4.0,51.0,image_0_4783.jpg,overripe
148.0685194259713,47.20577014052136,50,255,150.0,112.0,184.0,127.8466783339167,39.38658511214734,48,228,130.0,97.0,158.0,39.09945397269863,25.24851212982871,0,126,40.0,20.0,57.0,image_0_4783.jpg,overripe
135.17646699490538,47.020486337613086,0,255,133.0,96.0,171.0,111.23853098923654,36.697374601891,0,207,111.0,81.0,138.0,49.33889628715593,27.58424237113527,0,143,47.0,30.0,67.0,image_0_4892.jpg,overripe
105.45153999340265,69.49318027138102,0,255,110.0,54.0,163.0,85.54099522302721,56.01312217763276,0,207,92.0,42.0,131.0,33.86587824217175,28.744145803360894,0,136,31.0,5.0,53.0,image_0_4892.jpg,overripe
120.36298884558528,58.299048471218065,0,250,124.0,79.0,166.0,98.69074293533372,46.94663300508364,0,201,104.0,67.0,134.0,41.7376941026988,28.87748738621623,0,142,40.0,19.0,61.0,image_0_4892.jpg,overripe
181.05962052998743,49.22874606368463,87,255,180.0,139.0,224.0,155.73889140022723,41.23392441064505,80,255,155.0,121.0,187.0,84.5752892450917,31.599660198118595,27,193,81.0,62.0,105.0,image_0_4892.jpg,overripe
135.89640932914688,46.25074940671477,52,255,133.0,97.0,171.0,111.8962382866428,35.96826403291164,46,207,111.0,82.0,139.0,49.85180388755177,27.541132645216546,0,144,47.0,30.0,68.0,image_0_4892.jpg,overripe
128.65724994794198,43.07042419175348,22,213,130.0,96.0,163.0,96.78156451724855,34.946413165357654,18,176,97.0,69.0,124.0,20.65809444483006,13.824485579326842,0,129,21.0,10.0,26.0,image_0_4937.jpg,overripe
198.28378565974873,46.48910185875259,75,255,203.0,163.0,242.0,163.761308160385,41.39422008684708,71,255,164.0,131.0,196.0,53.09985886490364,29.07984045787535,19,202,50.0,24.0,74.0,image_0_4937.jpg,overripe
162.52627195113487,50.51252402490763,0,255,166.0,129.0,201.0,128.70587214548485,41.03141165959271,0,214,131.0,100.0,160.0,29.779586312209343,25.749269230380055,0,155,26.0,4.0,49.0,image_0_4937.jpg,overripe
161.67410518035214,52.20291208083858,0,255,166.0,129.0,201.0,127.9841396543347,42.390937897488406,0,214,131.0,100.0,160.0,29.52951111728095,25.792366010773854,0,154,26.0,3.0,48.0,image_0_4937.jpg,overripe
164.68475972328267,45.96211780768812,51,255,166.0,130.0,201.0,130.6675921427084,37.28232405965215,47,215,131.0,101.0,160.0,30.943719488211748,26.22977729502751,0,165,28.0,5.0,50.0,image_0_4937.jpg,overripe
116.05677975678236,52.11294965279923,0,255,114.0,85.0,149.0,98.56591997635626,45.855347904476865,0,217,96.0,69.0,127.0,49.06307316521936,34.968308416619415,0,184,45.0,24.0,67.0,image_0_4949.jpg,overripe
104.49249398040699,50.05208366546597,16,255,97.0,66.0,134.0,82.37267582861762,44.864793830822585,12,217,74.0,46.0,110.0,32.053380968524266,30.43727143976632,0,178,23.0,10.0,43.0,image_0_4949.jpg,overripe
125.66006032631844,42.398821242579906,51,255,119.0,93.0,151.0,106.91919402647751,38.00598650467446,47,221,100.0,76.0,130.0,53.74627306786276,33.558969070547995,0,188,48.0,31.0,71.0,image_0_4949.jpg,overripe
121.21184621135073,47.76064014094429,0,255,117.0,90.0,150.0,102.9970271468433,42.38214358341519,0,217,99.0,73.0,129.0,51.459444893559684,34.38163653767106,0,185,46.0,28.0,69.0,image_0_4949.jpg,overripe
93.46310445841048,64.04319485850826,0,255,98.0,49.0,138.0,79.68479063985883,55.61957153751482,0,221,81.0,41.0,118.0,40.89708886397024,37.875784745170684,0,188,36.0,4.0,61.0,image_0_4949.jpg,overripe
131.5559356413518,64.02641320380255,0,255,145.0,89.0,182.0,112.33518410286382,54.595259752196526,0,228,123.0,77.0,154.0,32.05991508233919,26.681098298126226,0,141,28.0,7.0,51.0,image_0_4953.jpg,overripe
108.49276309004023,38.22977170008659,25,199,112.0,79.0,138.0,90.40550761508578,32.230953183199624,23,178,92.0,66.0,115.0,20.999363977034413,16.278436737097685,0,105,17.0,9.0,30.0,image_0_4953.jpg,overripe
148.63226699212706,45.066538547827996,50,255,153.0,114.0,183.0,127.30571217382335,37.99613652090736,48,231,129.0,99.0,156.0,37.553984597930345,26.395417906407875,0,144,35.0,17.0,56.0,image_0_4953.jpg,overripe
139.56303503283254,57.654229676432955,0,255,151.0,106.0,182.0,119.47856430707877,48.6458376362585,0,228,127.0,94.0,155.0,34.158077491662944,26.444588550635103,0,141,31.0,11.0,54.0,image_0_4953.jpg,overripe
187.5919139134321,42.83944887564263,92,255,192.0,154.0,222.0,167.40279162512462,36.953943944090746,90,255,169.0,140.0,195.0,79.95253893491937,25.789667921461948,43,184,78.0,60.0,98.0,image_0_4953.jpg,overripe
105.94227967579768,58.88194549553924,0,255,99.0,61.0,143.0,92.47631065969016,49.1671154390851,0,236,86.0,58.0,120.0,43.16815430388838,26.100252213326478,0,200,40.0,26.0,57.0,image_0_4967.jpg,overripe
99.23999179234636,43.54403283866881,40,222,90.0,62.0,124.0,86.88718580075921,35.6618403397529,41,207,78.0,58.0,104.0,41.61134708115318,20.230261403541213,0,175,38.0,28.0,52.0,image_0_4967.jpg,overripe
54.02983482097056,57.90720769817356,0,255,42.0,0.0,78.0,49.66654355186211,49.58824941795961,0,238,43.0,0.0,74.0,27.217749050990047,26.347091421417698,0,202,26.0,0.0,43.0,image_0_4967.jpg,overripe
131.78411819021238,52.72935162289236,60,255,121.0,87.0,162.0,116.90745870524263,43.64841452170696,61,255,106.0,81.0,138.0,61.547060634041244,24.753831756941924,9,225,57.0,45.0,74.0,image_0_4967.jpg,overripe
115.20123114804555,49.766112147268046,48,255,105.0,73.0,143.0,101.0819739406997,40.76296202221571,49,238,91.0,68.0,121.0,49.40751000307787,23.10938692961416,0,202,45.0,34.0,61.0,image_0_4967.jpg,overripe
168.561644508022,38.252073829682374,89,255,171.0,139.0,198.0,152.1750252440256,31.89405998869496,88,232,154.0,127.0,177.0,80.20191714349826,20.702035966015607,49,170,81.0,64.0,95.0,image_0_497.jpg,overripe
179.99516857399306,53.186676002033266,66,255,185.0,139.0,226.0,157.7255834174801,46.58584431975118,64,255,160.0,121.0,194.0,52.4423174015483,30.361352376945955,6,184,54.0,29.0,74.0,image_0_497.jpg,overripe
143.6464223605969,54.14461270012089,0,255,150.0,108.0,184.0,123.67969538875799,45.637533675856325,0,225,129.0,93.0,158.0,36.53682822843038,25.51184744488213,0,138,36.0,15.0,55.0,image_0_497.jpg,overripe
144.57277992819476,52.76150010640432,0,255,150.0,109.0,185.0,124.5353766969595,44.41156761689177,0,225,129.0,94.0,158.0,36.971789801413664,25.457279470137134,0,135,37.0,16.0,55.0,image_0_497.jpg,overripe
112.98149472680355,73.76319118473602,0,255,125.0,46.0,175.0,97.85223830360148,62.384836362820685,0,226,107.0,44.0,150.0,31.829476607202963,26.523659973689664,0,136,30.0,4.0,51.0,image_0_497.jpg,overripe
129.29449712868595,52.754755263079936,0,255,135.0,104.0,162.0,99.07618663129361,41.99951237226608,0,227,102.0,77.0,125.0,26.315407874898042,25.735851277525466,0,153,20.0,5.0,40.0,image_0_501.jpg,overripe
128.40051741326326,54.902001524787785,0,255,135.0,105.0,162.0,98.43832648117785,43.68505355501461,0,228,102.0,78.0,125.0,25.644369011229845,26.309731444374002,0,155,18.0,4.0,39.0,image_0_501.jpg,overripe
181.96907879017573,42.80630902544807,83,255,181.0,150.0,212.0,147.21217239418982,36.244079927475084,79,255,143.0,120.0,168.0,59.64075206182594,31.287077576399895,24,203,53.0,33.0,77.0,image_0_501.jpg,overripe
136.41839618366524,41.57784132563806,0,255,136.0,109.0,162.0,105.36950557372727,33.28655306671,0,228,103.0,83.0,125.0,29.911545401366038,26.627072995363292,0,154,23.0,8.0,45.0,image_0_501.jpg,overripe
173.28245161609254,42.05130127804286,79,255,172.0,142.0,201.0,139.52406218846036,34.40778619614629,75,255,136.0,114.0,160.0,56.511077422491,29.623126965443326,23,193,50.0,31.0,73.0,image_0_501.jpg,overripe
133.11273302849102,57.75687155793292,0,250,135.0,104.0,178.0,112.73804543014236,49.36296602563356,0,228,114.0,87.0,151.0,23.643778810374513,26.49873214443642,0,138,13.0,1.0,43.0,image_0_5013.jpg,overripe
154.28066164355667,35.30003067943567,79,243,149.0,127.0,184.0,136.6437695540293,30.35425812428126,76,226,132.0,112.0,161.0,58.34973249162301,22.71509041078371,36,155,53.0,37.0,75.0,image_0_5013.jpg,overripe
99.67585204657793,79.77305648853059,0,250,115.0,0.0,171.0,85.12930188644316,67.74110940799608,0,228,99.0,0.0,144.0,18.764351963270823,25.66680667052048,0,133,2.0,0.0,37.0,image_0_5013.jpg,overripe
142.69616972434605,42.745445846685804,51,250,136.0,110.0,179.0,121.33275635448099,36.76494232235754,48,230,116.0,92.0,151.0,26.652118777421922,27.376032599591607,0,143,20.0,1.0,47.0,image_0_5013.jpg,overripe
153.79120462076753,48.5551746711219,49,255,146.0,117.0,195.0,129.51762408130773,41.941597360222545,46,253,123.0,96.0,163.0,27.475933502415906,26.148458403552894,0,154,14.0,8.0,45.0,image_0_5013.jpg,overripe
134.06432539128005,57.39634078405548,0,255,142.0,105.0,176.0,107.34647498602571,47.073570498622196,0,213,112.0,83.0,141.0,32.56801110955841,25.465861116922234,0,134,30.0,10.0,51.0,image_0_5022.jpg,overripe
102.73493397149245,76.8131751325518,0,255,122.0,0.0,168.0,82.14397882895473,62.00053794497055,0,215,96.0,0.0,134.0,26.28207972330911,26.46670292016024,0,127,21.0,0.0,46.0,image_0_5022.jpg,overripe
147.07784551425377,41.86610057887786,52,255,147.0,115.0,179.0,118.3606414197876,34.78595920209506,47,215,117.0,92.0,144.0,37.4233685019564,25.37649558934542,0,136,35.0,18.0,55.0,image_0_5022.jpg,overripe
126.25866405813304,37.47822096804523,41,223,126.0,98.0,155.0,100.5510410844047,31.14400381938984,37,187,99.0,77.0,124.0,29.185657140860815,21.287127761315062,0,116,26.0,11.0,44.0,image_0_5022.jpg,overripe
146.0836972470654,43.63195254776312,0,255,147.0,115.0,179.0,117.45371017328117,36.28097964304417,0,213,117.0,91.0,144.0,36.877052473448856,25.399236441522543,0,135,35.0,17.0,55.0,image_0_5022.jpg,overripe
132.4460926341563,56.576209286122136,58,255,121.0,86.0,162.0,117.29938788002448,49.02797632360539,54,255,105.0,79.0,137.0,56.78628851254846,30.465445850283707,0,210,52.0,36.0,73.0,image_0_506.jpg,overripe
77.48645174454192,74.08856288287795,0,255,58.0,0.0,127.0,68.83972658641093,63.27512885238711,0,227,57.0,0.0,110.0,35.18322791267089,33.10182660478782,0,180,30.0,0.0,57.0,image_0_506.jpg,overripe
114.75531524178739,50.90289328510239,50,255,104.0,74.0,139.0,100.71740461130382,41.97262544267444,47,227,90.0,68.0,118.0,48.97072026117119,26.060176693482862,0,180,45.0,31.0,63.0,image_0_506.jpg,overripe
136.52362783105488,52.13441950557874,69,255,126.0,94.0,163.0,122.35525402978983,44.21545846688688,66,255,111.0,88.0,141.0,67.8668026933279,27.448961927092345,16,206,64.0,49.0,83.0,image_0_506.jpg,overripe
114.28796164048154,51.35015621301218,5,255,104.0,73.0,138.0,100.27531116098756,42.37514088853866,5,225,90.0,68.0,118.0,48.597306672107734,26.08050899207043,0,179,45.0,31.0,63.0,image_0_506.jpg,overripe
190.4882068739494,54.77601254119816,81,255,197.0,140.0,247.0,166.7611984480225,47.835535122283176,79,255,168.0,123.0,209.0,71.08588736533846,29.346132822666473,26,152,73.0,49.0,93.0,image_0_5084.jpg,overripe
93.65734916322194,88.9355182552976,0,255,75.0,0.0,181.0,78.56494941272241,73.58486394477222,0,223,69.0,0.0,148.0,26.023660256478028,28.696998344553627,0,117,17.0,0.0,48.0,image_0_5084.jpg,overripe
149.83227436594106,54.27466822248686,46,248,153.0,101.0,199.0,125.00830963431265,43.936132978228095,44,216,126.0,85.0,164.0,38.24440474050894,25.30681509857459,0,112,39.0,17.0,57.0,image_0_5084.jpg,overripe
155.724661429976,54.93657436320912,51,255,159.0,106.0,205.0,130.58973030690672,44.38002964038197,49,223,132.0,90.0,170.0,41.870598061085325,27.204609017252537,0,117,44.0,21.0,62.0,image_0_5084.jpg,overripe
150.76829229614438,62.50976235271238,0,255,159.0,103.0,205.0,126.0409772806563,51.20753028071393,0,223,131.0,87.0,170.0,38.905686707756715,27.796601689117054,0,116,40.0,13.0,60.0,image_0_5084.jpg,overripe
158.95591761404464,49.757131075995524,50,255,168.0,120.0,197.0,131.14544615640625,39.94347858453676,48,220,136.0,100.0,161.0,39.85760965758243,25.264993490711888,0,122,40.0,21.0,56.0,image_0_5085.jpg,overripe
146.8363172903099,67.0648102601128,0,255,167.0,106.0,197.0,120.66365623605407,54.7609316302576,0,220,135.0,87.0,161.0,35.95676477039794,26.348986979643666,0,116,35.0,13.0,53.0,image_0_5085.jpg,overripe
149.5567481298267,63.774444142709854,0,255,167.0,110.0,197.0,122.90998207356645,52.06987470401768,0,220,135.0,91.0,161.0,36.53435143373649,26.193704849927364,0,117,36.0,15.0,54.0,image_0_5085.jpg,overripe
131.1181934390766,74.78273654133457,0,255,155.0,66.0,192.0,108.35238678738645,60.47840949182999,0,218,126.0,60.0,156.0,34.07089639731633,26.547021234831764,0,122,33.0,10.0,51.0,image_0_5085.jpg,overripe
146.1542505313637,59.52315777140608,16,255,157.0,100.0,192.0,112.87861459680653,47.81509218899483,13,219,119.0,76.0,149.0,24.664382370071177,17.892413883827096,0,102,21.0,10.0,38.0,image_0_5085.jpg,overripe
143.1427298018101,49.107481790155866,0,255,140.0,114.0,176.0,115.50525127777499,42.14670693155823,0,218,113.0,89.0,144.0,47.81380787727609,32.430069769509075,0,178,46.0,21.0,72.0,image_0_5146.jpg,overripe
147.8048652495525,43.291892139986196,52,255,141.0,118.0,178.0,119.63959916324609,37.573389147366235,46,218,115.0,93.0,145.0,50.48422460085257,31.84259443077332,0,179,49.0,25.0,74.0,image_0_5146.jpg,overripe
145.770022069025,46.144782348743064,0,255,141.0,117.0,177.0,117.8560265690933,39.728048357675085,0,218,114.0,92.0,145.0,49.34246526105428,31.89725643278035,0,178,48.0,23.0,73.0,image_0_5146.jpg,overripe
120.62972920515567,47.074839823486364,16,237,113.0,88.0,153.0,90.00482355562905,40.85157262155734,10,197,85.0,61.0,118.0,30.502850282871705,22.096815222261302,0,155,27.0,13.0,40.0,image_0_5146.jpg,overripe
204.36382261392146,39.14422420456443,103,255,203.0,177.0,244.0,178.07323753315745,41.052389611263145,96,255,173.0,149.0,207.0,100.84847853122372,35.836426650704716,44,246,99.0,72.0,127.0,image_0_5146.jpg,overripe
119.47141440601459,75.8771606035984,0,255,132.0,65.0,184.0,97.8419837499445,61.989784135683394,0,213,112.0,49.0,149.0,29.890252926637956,26.060668459684738,0,155,28.0,2.0,50.0,image_0_5180.jpg,overripe
192.82560049726945,49.475306413226164,79,255,200.0,152.0,238.0,164.37677041246727,42.65121690138742,72,255,169.0,131.0,196.0,65.93650194615874,26.51663655354843,23,198,66.0,46.0,85.0,image_0_5180.jpg,overripe
92.16381032722106,44.186072574249195,0,187,96.0,57.0,128.0,66.50774763575012,35.08988342121694,0,148,71.0,39.0,93.0,21.84552087495745,15.191735627333317,0,94,19.0,9.0,33.0,image_0_5180.jpg,overripe
144.46159481418994,59.07715106522267,0,255,154.0,104.0,190.0,118.2699388772958,47.77462666375054,0,212,128.0,87.0,153.0,35.25860231763087,24.471738215030246,0,152,35.0,15.0,53.0,image_0_5180.jpg,overripe
153.1523331705368,47.31823186250505,50,255,157.0,115.0,191.0,125.57658837632643,37.789326459895236,44,213,130.0,96.0,154.0,38.35085616184937,23.520320316442426,0,155,38.0,21.0,55.0,image_0_5180.jpg,overripe
195.59820208180003,41.58454854285535,88,255,198.0,169.0,228.0,158.7036964717545,35.28125783084803,84,255,156.0,135.0,181.0,65.35467203388558,25.412883004617232,33,175,62.0,44.0,82.0,image_0_5209.jpg,overripe
166.3301665740421,43.090732823777266,61,255,167.0,139.0,195.0,128.89047268576235,34.0395500006872,57,225,127.0,106.0,151.0,38.782034336182164,24.62306143337269,8,145,35.0,18.0,55.0,image_0_5209.jpg,overripe
142.10087567778663,63.64478205772325,0,255,154.0,119.0,184.0,108.0791639755471,49.23260074246072,0,214,114.0,89.0,139.0,26.62740886492332,24.100597414687172,0,122,23.0,4.0,42.0,image_0_5209.jpg,overripe
152.4488111509981,50.44855303150465,0,255,157.0,128.0,185.0,115.84463102873364,39.655064151785766,0,213,116.0,96.0,141.0,28.052473076287608,23.39509451212253,0,114,25.0,7.0,43.0,image_0_5209.jpg,overripe
156.36672574612854,42.67483345967177,52,255,157.0,129.0,185.0,119.36101806930321,33.61929482301708,48,214,117.0,97.0,141.0,30.388369857458283,24.21413389693753,0,135,27.0,10.0,46.0,image_0_5209.jpg,overripe
130.01639810135333,46.611447079040964,51,246,121.0,91.0,171.0,107.06268145440022,35.150249427909365,47,198,102.0,77.0,137.0,38.01345642790212,22.894701652148797,0,135,38.0,22.0,54.0,image_0_5228.jpg,overripe
152.5152536905329,40.02497177530155,85,252,145.0,119.0,188.0,132.8118097052182,30.182601846537658,81,211,128.0,107.0,159.0,73.51476981213229,19.662068305301197,41,157,73.0,60.0,87.0,image_0_5228.jpg,overripe
96.63698367102413,65.03206515815445,0,244,95.0,57.0,141.0,80.37588903055347,52.3361990184438,0,198,82.0,48.0,119.0,29.46610547013011,25.428237493228075,0,119,29.0,1.0,49.0,image_0_5228.jpg,overripe
119.08218252200494,58.9568645507517,0,246,115.0,81.0,170.0,96.88562804344153,46.3177180210989,0,198,96.0,69.0,135.0,33.273583311571606,23.290846861775677,0,117,34.0,14.0,50.0,image_0_5228.jpg,overripe
77.51920152383293,39.49117389597573,11,176,70.0,44.0,112.0,58.080323814497916,29.77614061635552,7,135,54.0,33.0,83.0,15.731762392663482,11.434842320818886,0,82,14.0,6.0,24.0,image_0_5228.jpg,overripe
121.77597987879204,72.24125338975144,0,255,134.0,78.0,173.0,96.7749669510876,58.3146996967278,0,233,105.0,63.0,137.0,30.20277439181417,29.420010895269808,0,159,26.0,0.0,50.0,image_0_5238.jpg,overripe
134.77159338678388,60.51107103295113,0,255,142.0,98.0,176.0,107.53280855666387,48.82526939747868,0,233,111.0,79.0,139.0,33.783053204456884,28.390087747035533,0,157,31.0,8.0,52.0,image_0_5238.jpg,overripe
184.35152883410305,49.18572972143175,77,255,186.0,147.0,225.0,153.634882483218,43.592847004433416,73,255,151.0,120.0,183.0,63.28766288392535,32.270911921109935,20,204,61.0,38.0,83.0,image_0_5238.jpg,overripe
131.0842189297303,64.16349104637463,0,255,141.0,91.0,176.0,104.7064569849091,51.57680543039871,0,233,110.0,74.0,139.0,33.0764417051522,28.444612373317284,0,158,30.0,6.0,51.0,image_0_5238.jpg,overripe
144.95068415540715,47.06759141517777,50,255,144.0,110.0,177.0,115.91265644582553,38.154571431119294,46,233,113.0,87.0,141.0,37.705916184524526,27.898138418262597,0,159,36.0,16.0,55.0,image_0_5238.jpg,overripe
108.79711083915245,92.63587460660872,0,255,113.0,0.0,201.0,88.12260936337677,75.11381137840564,0,218,94.0,0.0,162.0,38.02384037626281,34.09404883725045,0,146,38.0,0.0,68.0,image_0_5323.jpg,overripe
174.99374895015958,41.517598495683,83,247,180.0,138.0,210.0,150.07822810932737,33.49198416123269,78,217,153.0,122.0,178.0,88.5363184795911,18.750609957831536,41,159,89.0,75.0,102.0,image_0_5323.jpg,overripe
159.67726105631945,61.06395212555415,0,255,171.0,116.0,209.0,129.7331725577712,49.62716210202802,0,217,137.0,96.0,169.0,56.01226213615531,25.940602432466157,0,144,58.0,38.0,75.0,image_0_5323.jpg,overripe
140.78933602092482,59.101448787592744,10,244,148.0,88.0,191.0,105.32957790415857,47.667224598468785,3,201,109.0,65.0,145.0,26.435941736855998,18.115456938996058,1,118,24.0,12.0,39.0,image_0_5323.jpg,overripe
165.6801886113311,51.31358557294003,52,255,172.0,120.0,209.0,134.89234036426464,41.39493651938733,46,218,138.0,100.0,169.0,58.841972020252925,23.162696167905246,0,146,60.0,42.0,76.0,image_0_5323.jpg,overripe
114.37655075769025,58.98086847037414,0,245,112.0,71.0,165.0,93.27323560525917,49.20103461089579,0,200,95.0,57.0,134.0,48.886257161306276,33.26598340460081,0,180,47.0,23.0,71.0,image_0_5363.jpg,overripe
129.090895352192,48.91531365409838,0,245,128.0,90.0,170.0,105.88974679544424,40.26187004248803,0,200,106.0,75.0,138.0,57.67262011073406,30.660854658043046,0,180,57.0,36.0,77.0,image_0_5363.jpg,overripe
147.20925439982415,36.92233983356379,79,241,145.0,115.0,178.0,127.74347067470839,29.934274356403357,74,203,126.0,102.0,152.0,87.26181873136686,24.014154581576566,37,189,86.0,70.0,102.0,image_0_5363.jpg,overripe
156.37807575528598,41.75475390886321,80,255,153.0,120.0,191.0,134.36209762732355,33.86849538735346,74,220,133.0,106.0,162.0,88.57594075865195,27.16444321119669,32,203,87.0,69.0,106.0,image_0_5363.jpg,overripe
133.0830093285889,44.5895615948801,51,246,130.0,94.0,170.0,109.57331666368995,36.158665600283236,45,201,108.0,79.0,139.0,60.68072595381043,29.006152016452518,0,183,59.0,40.0,79.0,image_0_5363.jpg,overripe
142.51616266944734,49.86212827844905,50,255,138.0,103.0,178.0,116.02170164878845,40.73774040311051,45,237,110.0,84.0,142.0,44.65967024231099,29.34232023158055,0,152,43.0,23.0,64.0,image_0_5376.jpg,overripe
128.06135723061357,49.44981809874378,36,240,124.0,89.0,163.0,101.77717093920027,40.392840628563704,31,222,96.0,70.0,128.0,34.005048575764775,25.32087566730394,0,137,29.0,13.0,50.0,image_0_5376.jpg,overripe
126.77728450634427,67.5277338101542,0,255,133.0,82.0,175.0,102.5077174036486,55.304344026660075,0,236,106.0,67.0,140.0,37.239750565254646,30.956553187032068,0,152,33.0,9.0,59.0,image_0_5376.jpg,overripe
132.46216665462165,62.20306804228729,0,255,135.0,92.0,176.0,107.23633322664905,51.08381373516707,0,237,108.0,75.0,141.0,39.4240803642408,30.62414040527483,0,151,37.0,13.0,61.0,image_0_5376.jpg,overripe
71.71971628862573,81.02129453647618,0,255,39.0,0.0,141.0,58.515904562301905,65.38151879640084,0,237,36.0,0.0,112.0,19.562208984193518,26.041953812732928,0,107,1.0,0.0,36.0,image_0_5376.jpg,overripe
138.62439029216506,54.188658560090055,0,249,144.0,99.0,184.0,113.19889584755573,42.06286088458294,0,207,118.0,84.0,147.0,31.36151098710833,22.960431203855293,0,117,31.0,10.0,49.0,image_0_538.jpg,overripe
125.26035637608462,54.49078610284854,16,249,127.0,81.0,172.0,95.10741741117806,41.180823780478164,13,199,96.0,61.0,129.0,22.235008360294046,14.675146893546728,1,99,20.0,10.0,34.0,image_0_538.jpg,overripe
109.8537987395249,70.97821750275469,0,250,120.0,57.0,170.0,89.74892404499718,56.11830847306101,0,207,98.0,53.0,136.0,25.510927745293007,23.69621683047879,0,105,23.0,0.0,44.0,image_0_538.jpg,overripe
143.75842213053932,46.65910310345304,50,250,145.0,106.0,184.0,117.93181166087876,35.23945600888289,48,207,119.0,89.0,147.0,34.167858874278984,22.686176219386457,0,121,35.0,16.0,51.0,image_0_538.jpg,overripe
134.32456739188507,58.97161718689894,0,249,143.0,91.0,183.0,109.56547248028653,46.13819442642197,0,206,116.0,78.0,146.0,30.259554975116995,23.318462713082177,0,118,30.0,7.0,48.0,image_0_538.jpg,overripe
141.8322083240027,46.36127577938549,52,250,137.0,105.0,179.0,110.85636136792604,35.93415505402675,48,208,105.0,82.0,139.0,32.93161436173049,26.362960135238286,0,128,33.0,5.0,53.0,image_0_5431.jpg,overripe
163.3964724825917,43.449461590693666,79,255,159.0,129.0,198.0,134.36039753884214,33.713529215272494,75,225,129.0,107.0,161.0,61.196690019940924,24.820704310994316,30,150,61.0,35.0,80.0,image_0_5431.jpg,overripe
131.8764515819444,59.977388611831294,0,250,134.0,96.0,179.0,102.17351802680828,46.80936867545856,0,208,102.0,74.0,138.0,28.016176674451092,25.6746915252183,0,111,25.0,2.0,48.0,image_0_5431.jpg,overripe
129.9344508781471,61.00633394040022,0,250,131.0,92.0,178.0,100.91725049852309,47.52982665899727,0,208,101.0,73.0,137.0,28.252407306695673,26.292560053625884,0,128,25.0,1.0,49.0,image_0_5431.jpg,overripe
112.78955394179809,77.51910595485575,0,250,127.0,1.0,176.0,86.36826727235889,60.415945493889716,0,208,95.0,1.0,134.0,20.128901543022277,25.066988710461768,0,112,4.0,0.0,38.0,image_0_5431.jpg,overripe
145.73473263735724,47.889786285612324,0,255,148.0,117.0,172.0,110.07230554330245,38.12916713393902,0,209,109.0,86.0,130.0,25.183673969514288,23.89292912222901,0,114,21.0,3.0,39.0,image_0_5507.jpg,overripe
162.74340783218153,46.818781807564086,54,255,163.0,128.0,190.0,122.77401607606724,38.06066458729126,50,232,120.0,95.0,142.0,28.0171788462481,25.954331684271875,0,138,22.0,4.0,43.0,image_0_5507.jpg,overripe
109.56690192618733,73.34337292389604,0,255,129.0,1.0,163.0,81.49636082928981,55.66456847661949,0,210,94.0,1.0,121.0,15.867715532029603,20.78880135638105,0,103,4.0,0.0,28.0,image_0_5507.jpg,overripe
148.61248345831495,42.379629136685864,52,255,148.0,117.0,172.0,112.75662892711856,33.76228415909308,48,210,110.0,88.0,130.0,27.238812919668675,24.511355875997914,0,126,23.0,4.0,42.0,image_0_5507.jpg,overripe
147.93940842033035,43.667731182627534,0,255,148.0,117.0,172.0,112.09755918247316,34.78758144219046,0,209,110.0,87.0,130.0,26.66775719256972,24.142986445226583,0,123,23.0,4.0,41.0,image_0_5507.jpg,overripe
148.6065176761694,46.737592401958814,51,255,148.0,114.0,184.0,121.42872936902788,38.68563606940385,47,223,120.0,92.0,149.0,41.504725051988736,26.256806312510147,0,121,40.0,22.0,59.0,image_0_5556.jpg,overripe
166.38555897759878,41.733998943707356,79,255,166.0,135.0,198.0,142.1081014679688,34.572516431378375,76,233,141.0,116.0,167.0,70.6815744908614,23.458471748967042,34,142,69.0,53.0,86.0,image_0_5556.jpg,overripe
143.51263962375074,53.50759567451268,0,255,147.0,108.0,183.0,116.98310914562988,44.335719741989955,0,223,119.0,87.0,149.0,39.4723209350075,26.8710249858132,0,120,38.0,19.0,57.0,image_0_5556.jpg,overripe
96.33664130844893,82.95619333868683,0,255,95.0,0.0,171.0,80.31618801933894,68.73983839559268,0,223,81.0,0.0,141.0,31.269885142190283,30.590349823704383,0,121,26.0,0.0,54.0,image_0_5556.jpg,overripe
170.58596786789158,49.21452393749132,66,255,170.0,134.0,209.0,141.91963463107743,41.59069226392273,62,251,140.0,110.0,172.0,55.99812226346223,28.24685447418166,11,141,54.0,35.0,75.0,image_0_5556.jpg,overripe
124.54091499144698,67.64395551473747,0,255,121.0,75.0,179.0,104.65732102345105,55.261495882681984,0,223,101.0,68.0,147.0,36.28692054787873,27.729086400936517,0,109,37.0,6.0,58.0,image_0_5560.jpg,overripe
117.55332597328545,70.77897665900157,0,255,113.0,67.0,173.0,98.93989833428367,58.070566077196474,0,223,96.0,61.0,142.0,34.85293653778495,28.939981873237002,0,113,34.0,2.0,58.0,image_0_5560.jpg,overripe
147.09633979157314,55.35768348888305,58,255,137.0,101.0,193.0,125.33035291833987,44.37303946045065,53,236,115.0,91.0,159.0,49.10690671745908,28.2328155606724,5,124,52.0,27.0,70.0,image_0_5560.jpg,overripe
90.61828041782425,77.44814595999753,0,255,85.0,0.0,145.0,76.28852196489015,63.90302035631418,0,224,77.0,0.0,119.0,26.58321909083189,28.328129538962184,0,114,18.0,0.0,50.0,image_0_5560.jpg,overripe
74.68316207068072,44.7136965567295,3,171,66.0,38.0,111.0,57.04801824644837,35.56533435350861,0,146,49.0,29.0,84.0,18.889077608065318,13.004495432700026,0,56,16.0,8.0,30.0,image_0_5560.jpg,overripe
130.48950221441063,34.45705065181932,50,228,130.0,106.0,156.0,115.33023866909136,27.995585454900883,50,224,116.0,95.0,136.0,38.1135309625943,25.034869512098297,0,187,37.0,20.0,53.0,image_0_557.jpg,overripe
83.77830660668761,35.527144687911736,1,184,83.0,59.0,110.0,68.16250032628841,28.866492629837825,1,180,69.0,47.0,89.0,22.903514343638246,16.567005484494974,0,142,20.0,9.0,35.0,image_0_557.jpg,overripe
90.57332788069155,34.08928046370427,11,187,90.0,66.0,116.0,75.54928695107414,27.673916789872518,11,183,76.0,55.0,96.0,19.749784649653265,15.096467970061948,0,146,17.0,8.0,29.0,image_0_557.jpg,overripe
129.13678009901764,37.11531520604462,0,225,130.0,105.0,156.0,114.07251433493722,30.533757754652704,0,221,116.0,95.0,136.0,37.383419328454956,25.079773053899896,0,185,36.0,19.0,52.0,image_0_557.jpg,overripe
124.66686388987983,44.70285398181061,0,225,129.0,102.0,156.0,110.01848097521078,37.56367878843248,0,221,115.0,92.0,136.0,35.78500639525272,25.825671633239054,0,183,34.0,16.0,52.0,image_0_557.jpg,overripe
142.4908583937678,67.13902251081613,0,255,146.0,98.0,200.0,109.87917181327887,50.66198523189573,0,213,112.0,77.0,150.0,23.020704668028227,23.592161331167052,0,125,17.0,1.0,40.0,image_0_561.jpg,overripe
150.82382076336998,56.673429668772236,0,255,148.0,109.0,200.0,116.89776076508213,42.260324510111566,0,213,115.0,86.0,151.0,26.178062590957452,25.754932164940247,0,151,22.0,1.0,44.0,image_0_561.jpg,overripe
153.2556225464418,52.77099752439892,51,255,148.0,112.0,200.0,119.15113306998985,38.89754234515478,49,214,115.0,87.0,151.0,27.799471682422435,26.553649370545433,0,153,25.0,1.0,46.0,image_0_561.jpg,overripe
99.45909819124607,51.22934043117148,0,198,94.0,59.0,145.0,66.33038192958212,37.74822856053812,0,158,62.0,35.0,97.0,29.142193251721313,17.456116096588854,0,99,29.0,13.0,48.0,image_0_561.jpg,overripe
136.41594002617128,71.3445428014297,0,255,141.0,88.0,197.0,106.24693954921791,53.65803960642117,0,213,111.0,72.0,149.0,25.73485061575903,26.18533439559338,0,153,21.0,1.0,43.0,image_0_561.jpg,overripe
130.7751808844114,40.717538264821066,0,235,129.0,100.0,161.0,104.04230822309405,32.83801601428526,0,190,104.0,79.0,129.0,41.538976401238095,29.59991641582327,0,150,37.0,20.0,58.0,image_0_5612.jpg,overripe
131.86310943753327,39.11262468138263,52,235,129.0,101.0,161.0,105.10819549316878,31.473805023233023,47,190,104.0,80.0,129.0,42.46263036492321,29.65116968964651,0,150,37.0,21.0,59.0,image_0_5612.jpg,overripe
124.47707154545276,48.40351662418739,0,235,127.0,90.0,161.0,98.33391163771859,38.98032802331296,0,190,101.0,71.0,128.0,37.741103641346136,29.577462956552587,0,150,33.0,16.0,54.0,image_0_5612.jpg,overripe
105.18028310628314,65.65827928485366,0,235,116.0,64.0,158.0,82.02020779528024,52.13926158060401,0,190,90.0,45.0,124.0,28.66706425093153,28.87599588533568,0,150,23.0,0.0,47.0,image_0_5612.jpg,overripe
82.86310943753327,39.11262468138263,3,186,80.0,52.0,112.0,56.109062949746665,31.472258562764445,0,141,55.0,31.0,80.0,25.126224789543205,17.753929309035705,0,101,23.0,11.0,36.0,image_0_5612.jpg,overripe
152.57775454125428,50.83061558188329,51,254,150.0,113.0,199.0,118.75159886195074,36.88600651867221,48,200,116.0,90.0,150.0,27.583019234977993,25.625218688842494,0,156,26.0,2.0,44.0,image_0_5640.jpg,overripe
151.23970770614983,53.191756864700324,0,254,150.0,113.0,199.0,117.53642730345548,38.922827911696224,0,200,116.0,89.0,150.0,26.724241908421078,25.155920605169758,0,149,24.0,2.0,43.0,image_0_5640.jpg,overripe
134.44985774384165,70.49310710884713,0,254,143.0,86.0,196.0,104.10755538263258,52.84951220599403,0,200,109.0,71.0,148.0,22.499744668433724,23.78782170005979,0,156,17.0,0.0,39.0,image_0_5640.jpg,overripe
201.39316197748218,48.719315056616196,92,255,206.0,164.0,255.0,170.15826909515357,42.54382167285604,89,255,167.0,137.0,206.0,64.92483525034652,29.62449528112507,33,213,63.0,35.0,84.0,image_0_5640.jpg,overripe
177.32270262383582,48.31630181827964,80,255,175.0,140.0,222.0,145.14874887532525,35.33411522228459,77,223,143.0,118.0,175.0,57.71884346959123,24.665483821877256,31,181,56.0,33.0,74.0,image_0_5640.jpg,overripe
116.10032445277156,72.57482157958574,0,255,127.0,55.0,179.0,103.42586482657771,62.32319868253819,0,222,115.0,53.0,157.0,38.01117762646803,27.84956672985672,0,136,39.0,12.0,59.0,image_0_568.jpg,overripe
129.1670063519627,66.7229585616713,0,254,142.0,76.0,185.0,113.52543069962985,56.66698704071145,0,222,124.0,73.0,160.0,39.957026001919296,25.992675393642727,0,118,41.0,19.0,60.0,image_0_568.jpg,overripe
132.0248960380204,62.66935172765375,0,254,141.0,84.0,184.0,116.50128410181419,53.245177089857535,0,222,125.0,79.0,160.0,41.29630306630718,26.624779298293088,0,132,43.0,20.0,61.0,image_0_568.jpg,overripe
143.07979710277385,50.146690480182336,50,255,146.0,100.0,185.0,126.22066444271809,41.45806726102803,46,222,128.0,91.0,161.0,45.639957958232415,24.985573958484164,0,136,47.0,29.0,63.0,image_0_568.jpg,overripe
175.14599460768633,49.94677035746835,82,255,178.0,132.0,218.0,158.49500525522095,41.79522098728262,78,255,160.0,123.0,194.0,77.63995795823242,24.985573958484164,32,168,79.0,61.0,95.0,image_0_568.jpg,overripe
145.31042025100362,55.87950570897846,0,253,147.0,109.0,192.0,110.47833393350137,44.129420734129425,0,210,112.0,80.0,146.0,25.78552661411862,24.781796259734598,0,143,23.0,1.0,43.0,image_0_5787.jpg,overripe
158.45676789501061,53.544174306675984,44,255,157.0,114.0,205.0,117.29582949892637,42.72614425186521,38,226,115.0,81.0,152.0,26.720401712479493,20.645783336155677,0,154,16.0,14.0,38.0,image_0_5787.jpg,overripe
146.79150162045372,51.94198878479848,0,255,146.0,111.0,190.0,111.83643420157644,41.13386276002208,0,210,112.0,82.0,144.0,26.496445671454673,24.945859246652827,0,148,24.0,1.0,44.0,image_0_5787.jpg,overripe
117.40409981461475,48.0482624764981,15,224,116.0,78.0,159.0,80.51251683804799,38.2423655216536,9,178,79.0,48.0,112.0,23.618506515157577,14.931032297687718,0,114,24.0,10.0,38.0,image_0_5787.jpg,overripe
151.51302364662106,46.47305982085828,52,255,150.0,113.0,192.0,115.81337441150188,37.00036632564837,47,210,114.0,84.0,146.0,28.667773643286786,25.474515948734215,0,148,28.0,2.0,47.0,image_0_5787.jpg,overripe
131.17452957407522,51.79942026342514,25,254,130.0,90.0,175.0,95.05494699280098,40.06175057986663,22,203,92.0,62.0,126.0,26.47004211530881,18.7561448840005,0,148,25.0,11.0,34.0,image_0_5789.jpg,overripe
141.33789755399266,44.20822882391656,51,246,140.0,106.0,179.0,110.51350594386008,34.18917155203537,48,203,108.0,82.0,137.0,33.4857783033547,27.440380687077887,0,156,32.0,7.0,51.0,image_0_5789.jpg,overripe
123.94852803883737,47.32958230511246,27,236,123.0,86.0,164.0,90.94854878529492,36.613292562646016,24,190,88.0,60.0,119.0,24.598524926868738,18.079266738263712,0,140,23.0,11.0,27.0,image_0_5789.jpg,overripe
129.9209767432211,58.91397539431359,0,246,135.0,94.0,178.0,100.47533246198212,45.874276023117346,0,203,103.0,74.0,136.0,27.1645297815398,25.771948106346763,0,121,23.0,2.0,44.0,image_0_5789.jpg,overripe
130.1882222360532,58.29515907109545,0,246,135.0,95.0,178.0,100.98247961660546,45.2895902223843,0,203,103.0,75.0,136.0,28.217848177423704,26.296237875646472,0,154,24.0,2.0,45.0,image_0_5789.jpg,overripe
141.86131770222744,39.893683599485726,51,245,147.0,113.0,173.0,121.18673856975381,34.20380251422699,48,230,124.0,97.0,146.0,41.60617116060961,24.647546829864748,0,175,40.0,25.0,57.0,image_0_5799.jpg,overripe
141.64029073856975,40.10964593675955,26,245,147.0,113.0,173.0,120.96401406799531,34.404346752553046,21,225,124.0,97.0,146.0,41.43679249706917,24.56606992269984,0,170,40.0,25.0,57.0,image_0_5799.jpg,overripe
97.86131770222744,39.893683599485726,7,201,103.0,69.0,129.0,77.18673856975381,34.20380251422699,4,186,80.0,53.0,102.0,19.823474794841736,14.841220579889894,0,131,16.0,8.0,29.0,image_0_5799.jpg,overripe
184.21563423212191,42.78670457098102,86,255,190.0,153.0,218.0,162.03693317702226,36.98391077036195,83,255,165.0,136.0,189.0,75.87285345838218,26.689227296544473,31,220,74.0,58.0,93.0,image_0_5799.jpg,overripe
125.29248300117233,58.25073125444532,0,239,138.0,86.0,171.0,106.5743305978898,50.09843694859732,0,226,118.0,73.0,144.0,35.86239624853459,25.96392683370729,0,171,34.0,15.0,53.0,image_0_5799.jpg,overripe
156.61853374832452,41.846554794556795,52,255,158.0,130.0,182.0,119.5432370826423,32.91215030731216,48,212,118.0,99.0,138.0,30.50332068670438,23.53782799980422,0,137,27.0,12.0,44.0,image_0_5818.jpg,overripe
146.9378043331743,59.30113407478598,0,255,158.0,128.0,182.0,111.28785090608932,46.35979014335654,0,212,118.0,94.0,138.0,26.237135652134402,22.709441481802745,0,113,23.0,6.0,39.0,image_0_5818.jpg,overripe
156.51404381640427,41.96230253825527,20,255,158.0,130.0,182.0,119.44311667461814,32.96710885285715,17,211,118.0,99.0,138.0,30.419322837388584,23.317464573171776,0,133,27.0,12.0,44.0,image_0_5818.jpg,overripe
146.46942469197506,58.302146716174754,0,255,157.0,125.0,181.0,111.05184360587954,45.48268673804217,0,211,116.0,94.0,137.0,25.945596777002823,22.50796056895311,0,107,22.0,6.0,38.0,image_0_5818.jpg,overripe
162.44408599707688,33.66005331275594,78,242,164.0,141.0,183.0,132.62428152759162,26.46954719941245,75,207,131.0,116.0,147.0,60.95449485426085,18.990030453701426,36,147,58.0,46.0,72.0,image_0_5818.jpg,overripe
137.71689096111052,47.085166431801404,0,254,138.0,104.0,173.0,111.41376496768041,39.29979176426918,0,216,110.0,84.0,140.0,33.31600084772703,25.884882529580885,0,134,31.0,10.0,51.0,image_0_5862.jpg,overripe
141.8633040161068,41.728474176295755,52,254,140.0,107.0,174.0,115.08997562784783,34.88550445798299,47,216,112.0,87.0,141.0,35.382006993748014,26.143256889031107,0,137,33.0,13.0,53.0,image_0_5862.jpg,overripe
122.24610575394723,49.55313581381457,16,255,120.0,81.0,160.0,90.44765285578043,41.431338515946194,10,210,87.0,57.0,121.0,26.08400974886087,17.318154334176153,0,116,25.0,11.0,40.0,image_0_5862.jpg,overripe
137.816106813606,46.98051162087301,0,253,138.0,104.0,173.0,111.49963971601144,39.216119676333086,0,215,110.0,84.0,140.0,33.359319699056904,25.886271351585506,0,132,31.0,10.0,51.0,image_0_5862.jpg,overripe
79.19862244357317,35.81200176466349,2,175,78.0,49.0,107.0,56.223757550068875,29.911307404475707,0,143,54.0,32.0,78.0,21.491459150153652,13.614408564002291,0,75,20.0,10.0,34.0,image_0_5862.jpg,overripe
144.75337011943844,47.512370553680626,0,241,155.0,123.0,177.0,124.53601196712533,39.946517016536724,0,208,132.0,108.0,151.0,34.69067076435939,22.248060058841393,0,114,34.0,17.0,51.0,image_0_5906.jpg,overripe
147.61455495797537,44.54947465037715,0,241,156.0,126.0,178.0,126.98487229633768,37.300274528040184,0,208,133.0,110.0,152.0,35.95220716630579,22.295866663088386,0,117,35.0,19.0,52.0,image_0_5906.jpg,overripe
123.18130544108402,66.07480080568624,0,241,145.0,99.0,171.0,106.24869036809388,56.31514604848653,0,208,125.0,89.0,146.0,28.65179506879933,23.389960580737064,0,116,28.0,4.0,46.0,image_0_5906.jpg,overripe
204.81817070615352,38.07289685955303,93,255,211.0,179.0,236.0,182.36410677283416,32.48328787158054,90,255,186.0,161.0,206.0,76.98546017554888,24.69413834167896,34,173,76.0,59.0,95.0,image_0_5906.jpg,overripe
151.92478638448463,35.34939373996307,52,241,156.0,128.0,178.0,130.98434262298898,28.703935939249746,49,208,134.0,112.0,152.0,37.9337268049638,21.791404457258817,0,123,37.0,22.0,54.0,image_0_5906.jpg,overripe
144.4011185215299,58.40396269005125,0,249,164.0,101.0,190.0,120.59694768879172,44.51242328208073,0,208,134.0,94.0,153.0,37.152241987408395,21.21626134798594,0,119,38.0,22.0,51.0,image_0_5915.jpg,overripe
152.5400217551339,47.276337713694765,50,249,166.0,114.0,190.0,127.63801874457495,33.69192987595591,51,208,135.0,103.0,153.0,40.62260336435454,20.296833965543787,0,123,41.0,27.0,53.0,image_0_5915.jpg,overripe
136.1698548558997,71.75721573699614,0,249,166.0,90.0,190.0,112.35888279696307,57.18061241783211,0,208,135.0,86.0,153.0,34.17272257809324,22.90327859798401,0,123,37.0,16.0,50.0,image_0_5915.jpg,overripe
186.3422258358696,45.436846777238955,88,255,199.0,149.0,223.0,162.42369771351346,32.52003020760636,88,240,170.0,139.0,187.0,78.47656928131146,19.59460341542636,39,158,79.0,65.0,90.0,image_0_5915.jpg,overripe
152.5398459560722,47.27643175529008,50,249,166.0,114.0,190.0,127.6379857822509,33.69191468356457,51,208,135.0,103.0,153.0,40.622570402030476,20.296771910696478,0,123,41.0,27.0,53.0,image_0_5915.jpg,overripe
115.41517708448984,49.92490718935066,0,246,116.0,83.0,151.0,104.30440213167536,42.703226129496755,0,242,106.0,78.0,134.0,32.26931830798268,24.13804381975175,0,205,29.0,12.0,48.0,image_0_5970.jpg,overripe
164.42666814699678,45.574557390843374,83,255,159.0,126.0,198.0,151.64170922615745,38.28349367934551,81,255,148.0,121.0,178.0,65.68714610858221,27.10270055670643,26,255,62.0,45.0,83.0,image_0_5970.jpg,overripe
122.89032141667592,40.7935475992485,51,247,118.0,89.0,152.0,111.36016431664261,33.86686618146962,49,246,108.0,84.0,135.0,35.429166204063506,24.00506221370587,0,237,32.0,17.0,51.0,image_0_5970.jpg,overripe
90.22993227489731,36.307110363334466,26,201,86.0,60.0,116.0,79.96989841234596,30.14118219619455,24,200,77.0,56.0,101.0,18.86062229377151,15.91182683861511,0,192,15.0,8.0,26.0,image_0_5970.jpg,overripe
114.66217941600976,50.652662265292555,0,225,115.0,82.0,151.0,103.60598701010325,43.39706043318141,0,202,106.0,77.0,133.0,32.04227267680693,24.174480497984447,0,141,29.0,11.0,48.0,image_0_5970.jpg,overripe
151.60555780977552,48.38480020622743,0,245,166.0,115.0,188.0,126.81115729215787,34.884407822665494,0,207,135.0,103.0,152.0,39.882921907728075,20.335916453451627,0,128,39.0,26.0,52.0,image_0_5976.jpg,overripe
140.86616513318785,61.50632545242913,0,244,162.0,97.0,188.0,117.68481252810159,47.48279122688671,0,206,132.0,91.0,152.0,35.888076151205766,21.472332641542398,0,121,37.0,21.0,50.0,image_0_5976.jpg,overripe
137.52559027054295,69.98185917999221,0,245,165.0,99.0,188.0,113.4373649752706,55.79510912378157,0,207,134.0,92.0,152.0,33.35083948369834,22.18799114445301,0,130,35.0,17.0,48.0,image_0_5976.jpg,overripe
152.31603189051071,47.06036127241402,50,245,166.0,115.0,188.0,127.48454275280467,33.54330304731359,50,207,135.0,104.0,152.0,40.36779365479728,20.431999434747045,0,130,40.0,27.0,52.0,image_0_5976.jpg,overripe
79.0694397227675,39.10351063438709,0,156,90.0,48.0,109.0,58.400024126246066,27.78777249944382,0,125,65.0,39.0,79.0,18.61378266638885,12.354607276003033,0,60,16.0,9.0,27.0,image_0_5976.jpg,overripe
130.88719338430602,50.36125227548064,0,255,129.0,93.0,165.0,117.04284285576024,43.83719275817078,0,236,118.0,84.0,148.0,46.73772730694368,27.040833974940504,0,177,44.0,27.0,62.0,image_0_6013.jpg,overripe
134.10344011786086,46.46059253847512,52,255,130.0,96.0,165.0,120.02286242754676,39.98377140041469,49,238,119.0,87.0,149.0,48.557075415900464,26.040642729026356,0,179,45.0,30.0,63.0,image_0_6013.jpg,overripe
122.9398543945113,56.03482363085953,0,255,122.0,83.0,162.0,109.49098299835468,49.79357159217726,0,238,112.0,74.0,146.0,43.182899420374014,29.140444815531556,0,179,41.0,22.0,61.0,image_0_6013.jpg,overripe
124.98085836263725,54.87691302253739,0,255,125.0,86.0,162.0,111.75333096751298,48.31913672372228,0,236,115.0,78.0,147.0,44.133668849673626,28.0088947046995,0,177,42.0,24.0,60.0,image_0_6013.jpg,overripe
124.72507016808078,43.9157081712221,47,239,121.0,89.0,154.0,111.42538525233624,37.78433522766358,44,223,110.0,80.0,139.0,43.87769784172662,24.57075443923304,0,167,40.0,26.0,58.0,image_0_6013.jpg,overripe
179.13861966681614,42.53366280426473,78,255,179.0,147.0,213.0,147.5363823451638,34.00263468164727,75,245,148.0,121.0,172.0,54.8815461203279,27.37201069303659,26,181,51.0,28.0,71.0,image_0_6016.jpg,overripe
150.38786373722394,42.564183979734,51,255,150.0,118.0,183.0,118.96715299095185,33.367456836117626,48,215,119.0,93.0,143.0,28.1367111601651,26.771368776702644,0,152,24.0,2.0,44.0,image_0_6016.jpg,overripe
212.13277917658286,39.0469410209229,108,255,218.0,182.0,255.0,182.86262201220984,36.296211952927315,104,255,183.0,154.0,210.0,82.15931431724898,29.77678166161707,51,220,78.0,53.0,100.0,image_0_6016.jpg,overripe
107.71091872750894,81.30726039762492,0,255,129.0,0.0,177.0,84.31375389461824,63.62653667414845,0,215,101.0,0.0,137.0,17.252980604513734,23.10560529686356,0,133,3.0,0.0,31.0,image_0_6016.jpg,overripe
138.01626829464584,60.45057824666442,0,255,148.0,109.0,182.0,108.38473654560296,47.43264239807033,0,214,115.0,85.0,142.0,23.49419974936479,24.995078977097812,0,132,17.0,1.0,39.0,image_0_6016.jpg,overripe
151.9456855935765,46.52236928727175,51,245,165.0,114.0,189.0,127.05012276316663,33.146907170530525,50,207,134.0,102.0,153.0,39.424074852352405,20.730523349707724,0,135,39.0,26.0,51.0,image_0_6036.jpg,overripe
142.98899555398262,60.30746499681823,0,244,163.0,103.0,189.0,118.90853591099118,46.44469229870518,0,206,133.0,94.0,153.0,35.54169523767391,21.218893151738744,0,126,37.0,20.0,48.0,image_0_6036.jpg,overripe
174.8613882191599,44.21480710083442,79,255,187.0,139.0,210.0,151.2089406976487,31.50559927798522,78,227,158.0,127.0,176.0,67.90194430312549,19.729030094841782,30,159,68.0,55.0,79.0,image_0_6036.jpg,overripe
83.81658519321374,79.07529793403816,0,245,75.0,0.0,163.0,70.68704240306134,64.60037565006134,0,207,74.0,0.0,133.0,22.2503373222146,24.424596471852784,0,135,15.0,0.0,40.0,image_0_6036.jpg,overripe
174.49218076046805,44.231007135398826,78,255,187.0,138.0,210.0,150.82283394899247,31.52897943542256,78,227,157.0,127.0,176.0,67.49159459399677,19.705079106185508,30,158,67.0,55.0,78.0,image_0_6036.jpg,overripe
120.44721342250381,49.07619588577189,0,231,122.0,95.0,156.0,98.11504165200047,39.79050251384002,0,194,100.0,78.0,125.0,28.9946615041652,23.179128039315103,0,127,26.0,9.0,43.0,image_0_604.jpg,overripe
173.37514959521295,39.33466504627917,96,255,169.0,143.0,204.0,149.76105831280066,31.89481292173096,91,244,147.0,126.0,172.0,75.54872697407016,24.32635840902873,42,216,73.0,56.0,91.0,image_0_604.jpg,overripe
126.6762290273378,38.76246591505328,3,231,122.0,97.0,156.0,103.68296374516015,30.93630187515375,3,194,100.0,81.0,125.0,32.25046345183621,23.267766367632927,0,167,30.0,14.0,46.0,image_0_604.jpg,overripe
107.26748797371818,61.490341425090115,0,232,116.0,71.0,155.0,86.82441628534554,49.87143760219905,0,195,95.0,57.0,123.0,25.3106769916696,23.151929879359354,0,168,23.0,2.0,40.0,image_0_604.jpg,overripe
126.90213539833393,38.47583520258704,52,232,122.0,97.0,156.0,103.90168954593453,30.70203477079806,47,195,101.0,81.0,125.0,32.44842191716532,23.43320577155405,0,168,30.0,14.0,47.0,image_0_604.jpg,overripe
138.8991980924072,39.000618490903705,51,255,138.0,112.0,163.0,107.67539891228013,31.23312402370107,47,228,106.0,85.0,125.0,31.56280520668311,26.650827710559664,0,155,25.0,11.0,46.0,image_0_6060.jpg,overripe
133.663860262294,47.55947790219828,0,255,137.0,108.0,163.0,102.99547599993467,37.8588277478338,0,227,104.0,82.0,125.0,28.364965947508534,25.471657462465068,0,153,22.0,8.0,41.0,image_0_6060.jpg,overripe
138.09757631187836,40.43672370737588,0,255,138.0,111.0,163.0,106.92882457658952,32.3503765367124,0,227,105.0,85.0,125.0,30.99309150892551,26.342048965640124,0,153,25.0,11.0,45.0,image_0_6060.jpg,overripe
155.61096049257705,32.38683189927492,83,252,155.0,133.0,176.0,129.67780790148458,25.93471969884435,79,230,128.0,111.0,144.0,66.44564667069525,22.14693292683264,40,169,61.0,49.0,78.0,image_0_6060.jpg,overripe
118.67134854399059,66.23745545706268,0,255,134.0,94.0,162.0,91.1396233810776,51.91780237825623,0,228,102.0,72.0,124.0,24.00119224550458,25.855537629198963,0,155,17.0,1.0,36.0,image_0_6060.jpg,overripe
148.96497850399635,39.50835173559958,65,250,149.0,119.0,178.0,131.2793003087742,33.31079192740001,63,221,132.0,106.0,155.0,52.11551701212936,22.968783040220593,19,130,51.0,33.0,68.0,image_0_6148.jpg,overripe
143.52978415353022,43.50765473888089,51,255,144.0,111.0,175.0,124.05568277512668,36.68673445768647,49,223,125.0,96.0,150.0,36.84856767178336,25.339216167778286,0,123,36.0,16.0,54.0,image_0_6148.jpg,overripe
83.21809210040333,73.59951151715347,0,254,82.5,0.0,150.0,72.26755506965887,62.7590796487336,0,222,75.0,0.0,128.0,22.83564052181364,25.036199802626832,0,123,16.0,0.0,40.0,image_0_6148.jpg,overripe
131.92740851271293,60.287548223332244,0,255,142.0,102.0,175.0,113.5800153648411,51.40979824339861,0,222,122.0,88.0,150.0,32.15973525196862,25.732575982001094,0,119,30.0,8.0,50.0,image_0_6148.jpg,overripe
134.3571808471346,56.84333613997798,0,255,143.0,102.0,175.0,115.8442389232792,48.45569131562391,0,222,123.0,88.0,150.0,33.510688906289246,25.717648270080314,0,119,32.0,11.0,51.0,image_0_6148.jpg,overripe
116.00185979616634,67.47409854483803,0,255,130.0,58.0,173.0,97.63046263462857,56.639483109983495,0,230,109.0,49.0,144.0,27.731941379224835,24.75185030009912,0,127,24.0,3.0,45.0,image_0_6160.jpg,overripe
152.75876377282384,44.65231831892468,49,255,158.0,121.0,187.0,130.08760879807573,37.78706388206394,47,235,132.0,103.0,159.0,37.30727965548309,26.40521851667886,0,147,35.0,16.0,56.0,image_0_6160.jpg,overripe
150.66729486448284,43.16480373803794,50,255,156.0,120.0,184.0,128.74749754093617,36.534141926375256,48,230,131.0,103.0,157.0,38.50439325183293,26.305159312583687,0,145,37.0,18.0,57.0,image_0_6160.jpg,overripe
150.00824922921782,44.37971126278358,0,255,155.0,120.0,184.0,128.16252965341664,37.57870772693984,0,229,131.0,103.0,157.0,38.18863292583133,26.28020097195678,0,142,37.0,17.0,57.0,image_0_6160.jpg,overripe
145.79953877055075,51.32102911231661,0,255,154.0,118.0,184.0,124.51347732288541,43.43739796882279,0,229,131.0,101.0,157.0,36.61356741967747,26.511375555946483,0,142,35.0,14.0,56.0,image_0_6160.jpg,overripe
100.27255560218212,70.92345473132706,0,232,117.0,18.0,160.0,88.3194208980277,61.913244715933544,0,203,104.0,17.0,139.0,26.051565253881662,24.99323268592907,0,104,22.0,0.0,46.0,image_0_6236.jpg,overripe
173.5870163659253,35.31942333063891,90,255,173.0,147.0,201.0,158.41338648762064,30.453856270048338,88,234,159.0,136.0,182.0,74.52594208980277,22.073715685276703,42,147,75.0,55.0,92.0,image_0_6236.jpg,overripe
136.02203944607638,44.03843990245915,0,232,139.0,110.0,168.0,120.17756609315988,38.29912047170462,0,202,124.0,99.0,148.0,33.138363407469576,23.533424759555835,0,102,33.0,12.0,52.0,image_0_6236.jpg,overripe
139.33674360050355,37.35961338149005,51,232,139.0,111.0,168.0,123.27973982375157,32.211526152195646,49,203,124.0,100.0,148.0,34.53020562316408,23.3861497454317,0,111,35.0,14.0,53.0,image_0_6236.jpg,overripe
162.5965505665128,33.387089554304005,84,245,162.0,137.0,188.0,148.24798153587915,28.79234375804597,82,219,149.0,127.0,170.0,68.94040285354595,20.901134862213464,38,137,69.0,51.0,85.0,image_0_6236.jpg,overripe
141.0736698397541,47.85378711856383,0,254,145.0,109.0,175.0,121.70220972218078,40.5732764149679,0,221,125.0,94.0,150.0,35.48466175285727,25.180556762017478,0,116,35.0,14.0,53.0,image_0_6249.jpg,overripe
171.51122019635343,43.800820002221464,75,255,173.0,138.0,204.0,151.62471278087793,37.32962831575996,74,251,152.0,123.0,178.0,61.88486616334935,25.747244691407474,24,151,62.0,40.0,79.0,image_0_6249.jpg,overripe
139.08550923577332,50.85235253189626,0,254,144.0,108.0,175.0,119.91694518217899,43.23281342585812,0,221,125.0,93.0,150.0,34.73350541613202,25.393928468420505,0,116,34.0,13.0,52.0,image_0_6249.jpg,overripe
83.48914535525648,73.84754459753586,0,253,84.0,0.0,150.0,72.35501775536392,62.789609361974236,0,220,77.0,0.0,128.0,22.587933812777894,24.91874990633895,0,117,15.0,0.0,40.0,image_0_6249.jpg,overripe
143.89083435289905,43.1599825950257,50,254,145.0,111.0,175.0,124.30433290561308,36.35012250914147,49,221,125.0,96.0,150.0,36.920272447852945,25.065808605766577,0,124,37.0,16.0,54.0,image_0_6249.jpg,overripe
135.52040038938503,42.212308523207284,52,238,132.0,101.0,169.0,107.33772802302451,32.80021705358738,49,200,104.0,80.0,132.0,36.74728065348965,24.209757347363396,6,121,35.0,12.0,54.0,image_0_6277.jpg,overripe
104.48991619757058,79.72097092704139,0,255,119.0,0.0,171.0,79.70311508020485,61.83203193783287,0,214,88.0,0.0,129.0,17.641395437423288,23.821899503914953,0,116,3.0,0.0,31.0,image_0_6277.jpg,overripe
167.76032716807043,39.84189722067412,89,255,165.0,136.0,200.0,141.15992296948406,30.968727087770695,86,229,138.0,115.0,165.0,74.5270030050366,22.810586863832558,46,154,73.0,52.0,91.0,image_0_6277.jpg,overripe
133.47472171668008,57.99049415177492,0,255,134.0,98.0,179.0,103.73750370339019,45.20760555143269,0,214,103.0,76.0,137.0,29.43906335971558,26.168714236549388,0,122,26.0,3.0,49.0,image_0_6277.jpg,overripe
142.56408981250266,46.511209147629636,51,255,139.0,105.0,180.0,111.5181360308122,36.12655077405591,47,214,108.0,81.0,139.0,33.744741185931346,26.656760754009277,0,127,32.0,7.0,53.0,image_0_6277.jpg,overripe
109.76073363514918,67.25127416716813,0,255,105.0,66.75,160.0,93.83161088021374,56.259050083328376,0,217,92.0,57.0,136.0,45.994313121567465,33.55554021762488,0,161,43.0,21.0,68.0,image_0_6280.jpg,overripe
135.7223634407006,50.21587195597882,52,255,126.0,94.0,175.0,114.79031839097522,40.92428040674283,46,217,109.0,80.0,147.0,53.07216676562268,29.92415013259157,0,161,49.0,31.0,72.0,image_0_6280.jpg,overripe
133.42668287071396,52.87643434487451,0,255,125.0,92.0,175.0,112.60868153480777,43.47984165689821,0,216,108.0,78.0,147.0,51.575450868339026,30.628515580400276,0,160,47.0,29.0,71.0,image_0_6280.jpg,overripe
149.697556404928,45.74399735986462,73,255,141.0,112.0,185.0,130.6306219385483,37.290829087724575,68,224,125.0,99.0,160.0,74.3983598040671,27.264790607464935,26,173,71.0,54.0,92.0,image_0_6280.jpg,overripe
122.51986232744545,62.30696860800755,0,255,118.0,81.0,170.0,102.87537108505269,51.6834053537838,0,216,102.0,69.0,143.0,46.23528647766068,31.549226414082085,0,157,43.0,23.0,67.0,image_0_6280.jpg,overripe
124.65917689626117,69.92845392872428,0,255,128.0,71.0,184.0,107.4017380673088,61.38056491691251,0,231,113.0,58.0,161.0,42.38528260115321,30.680461750472674,0,146,42.0,15.0,66.0,image_0_6304.jpg,overripe
160.39962330860607,55.9524914350671,45,255,159.0,113.0,208.0,136.879797445768,50.20130490367785,38,255,138.0,94.0,179.0,44.71599451484462,29.597423872489674,0,155,43.0,17.0,65.0,image_0_6304.jpg,overripe
138.92866819766385,60.181307358659815,0,255,140.0,100.0,186.0,119.57900606340972,52.6731533377465,0,231,123.0,85.0,162.0,45.31765988732301,28.90944452094159,0,143,46.0,21.0,66.0,image_0_6304.jpg,overripe
194.24492375303583,48.13732511220412,88,255,196.0,152.0,243.0,174.989500553472,46.89075782731815,82,255,177.0,134.0,215.0,85.92294347976936,30.770338469841786,29,193,86.0,61.0,107.0,image_0_6304.jpg,overripe
149.70698200802948,50.752585311615746,0,255,148.0,110.0,190.0,129.2077254778859,44.40316829418678,0,231,131.0,93.0,165.0,49.934277264691794,27.675921666564694,0,141,51.0,28.0,69.0,image_0_6304.jpg,overripe
149.46205919395467,47.55400720315146,52,255,149.0,115.0,183.0,122.06503638399104,39.31665997407471,46,227,120.0,94.0,150.0,41.78077770780856,26.679442749392656,0,126,39.0,22.0,59.0,image_0_6337.jpg,overripe
89.12860341449762,41.33198383109899,4,182,88.0,59.0,118.0,65.34479953820319,34.14342197967165,0,157,64.0,41.0,89.0,19.799958018471873,13.28202062137575,0,69,18.0,9.0,30.0,image_0_6337.jpg,overripe
148.90016267842148,47.15351086923554,52,255,148.0,115.0,182.0,121.75928841309823,38.94674343195951,46,226,120.0,94.0,149.0,41.78077770780856,26.679442749392656,0,126,39.0,22.0,59.0,image_0_6337.jpg,overripe
93.58653442485307,76.7609229569935,0,255,106.0,0.0,159.0,75.89877204030226,62.48507885052807,0,226,86.0,0.0,127.0,25.856204520011197,27.26298467822671,0,126,20.0,0.0,43.0,image_0_6337.jpg,overripe
148.76745731877975,47.17029495824984,31,255,148.0,115.0,182.0,121.63396480548559,38.93428953143772,30,225,120.0,93.0,148.0,41.70212356563112,26.51145645501589,0,125,39.0,22.0,59.0,image_0_6337.jpg,overripe
159.46812162056264,40.89015781363816,70,250,159.0,129.0,194.0,140.14168952276466,33.865144303272096,68,237,140.0,115.0,168.0,70.95744847582478,24.212362538345946,26,231,68.0,54.0,85.0,image_0_6339.jpg,overripe
169.55012930021158,43.447621589947396,74,255,169.0,138.0,207.0,149.0126400752292,35.98957857189942,72,252,149.0,123.0,179.0,75.47559752370503,25.752899887258454,27,246,72.0,57.0,91.0,image_0_6339.jpg,overripe
147.0375205704882,53.38186427542754,0,255,150.0,111.0,191.0,125.5866781600188,44.75024123084924,0,240,129.0,98.0,161.0,48.85373403338296,28.643933170870945,0,233,46.0,28.0,66.0,image_0_6339.jpg,overripe
152.2276075542669,46.55503050625505,50,255,152.0,118.0,192.0,130.22219261813336,38.5576622110706,48,240,130.0,102.0,162.0,51.44875009795471,27.574501503821207,0,234,48.0,32.0,68.0,image_0_6339.jpg,overripe
141.27055873364156,58.452636935774024,0,255,146.0,101.0,190.0,120.58795548938171,49.16478190751999,0,240,125.0,90.0,160.0,46.39273567902202,29.26511101227411,0,232,43.0,26.0,65.0,image_0_6339.jpg,overripe
134.01296102071646,37.945279194704796,52,254,132.0,105.0,161.0,115.01094037160699,32.381849617891774,48,224,113.0,91.0,135.0,32.351564078632116,25.30148101928639,0,140,29.0,13.0,45.0,image_0_6382.jpg,overripe
128.67491604684056,45.40650599838811,0,253,130.0,100.0,160.0,110.10880714347572,39.06539207921341,0,223,111.0,88.0,134.0,29.999711335841504,25.003132962800656,0,136,27.0,9.0,43.0,image_0_6382.jpg,overripe
130.42755010728683,43.0331685079545,0,253,131.0,102.0,160.0,111.68501929238792,36.977116302756876,0,224,112.0,89.0,135.0,30.64386540552503,25.240562597427914,0,136,28.0,10.0,43.0,image_0_6382.jpg,overripe
74.0447044560124,30.83781506874795,7,172,72.0,50.0,96.0,58.60213419034515,26.31176729489689,4,147,57.0,39.0,75.0,18.565512330770638,12.358687197361117,0,79,17.0,8.0,29.0,image_0_6382.jpg,overripe
116.98269939476748,56.09786141093064,0,254,124.0,87.0,157.0,99.81353257575029,48.28752271966896,0,224,106.0,76.0,132.0,26.913670172332502,25.486811561405663,0,140,23.0,3.0,40.0,image_0_6382.jpg,overripe
140.47412466694186,39.83013356111549,50,243,145.0,111.0,171.0,119.93752580027771,34.455681259140505,48,225,122.0,95.0,145.0,40.21379517394078,25.968387536244165,0,171,39.0,21.0,58.0,image_0_6383.jpg,overripe
193.46402972191993,43.50328506710032,92,255,200.0,161.0,229.0,171.1040736293016,38.82127513944936,90,255,174.0,143.0,200.0,80.87493901752542,29.44129504289045,35,229,80.0,59.0,101.0,image_0_6383.jpg,overripe
90.14941644462792,65.89314956975139,0,243,91.0,31.0,148.0,76.83029046421736,56.21382314253109,0,225,78.0,26.0,126.0,28.100377153150447,25.6941378121999,0,171,24.0,3.0,45.0,image_0_6383.jpg,overripe
146.43333208241077,38.02405247484202,60,244,151.0,118.0,176.0,126.83487822268923,32.87713735561933,58,227,129.0,103.0,151.0,50.69652306075731,24.838740694453147,12,176,50.0,32.0,68.0,image_0_6383.jpg,overripe
125.34049799226929,58.02740016048115,0,241,139.0,93.0,169.0,107.07371373888243,49.245974476028074,0,221,117.0,81.0,142.0,35.129292228018166,26.092902160094056,0,167,33.0,14.0,53.0,image_0_6383.jpg,overripe
135.8999720870883,52.06734482380081,0,248,148.0,101.0,175.0,116.34507337108222,44.533041939223004,0,223,125.0,89.0,148.0,41.26983810511205,25.479653382333883,0,166,41.0,23.0,58.0,image_0_6414.jpg,overripe
122.1628120264774,45.13936547091321,22,236,129.0,87.0,157.0,100.22556623335194,38.270985692678536,18,209,104.0,73.0,128.0,23.9654976473403,18.774244656306152,0,147,20.0,9.0,33.0,image_0_6414.jpg,overripe
90.09803413350348,75.42403205435217,0,249,87.0,0.0,162.0,79.0368450434644,65.67943968366397,0,224,79.0,0.0,140.0,30.405255602520135,29.752597169539083,0,167,26.0,0.0,52.0,image_0_6414.jpg,overripe
143.65404936597815,41.90476400010211,51,249,150.0,111.0,176.0,123.28822075125608,35.526456154046336,47,224,127.0,98.0,149.0,44.50495454182949,24.397507488601356,0,167,43.0,29.0,60.0,image_0_6414.jpg,overripe
142.95215926309913,42.99344128843736,1,248,150.0,111.0,176.0,122.63019379535848,36.52422671300433,0,224,127.0,97.0,149.0,44.09902105431055,24.49578735644668,0,165,43.0,28.0,60.0,image_0_6414.jpg,overripe
99.96787828413882,70.74132666606076,0,228,115.0,0.0,156.0,82.81901759649692,57.699336777431675,0,189,97.0,0.0,128.0,19.550539247486213,20.076083290567798,0,105,15.0,0.0,35.0,image_0_6449.jpg,overripe
142.8987187804087,42.04513699856867,51,234,141.0,111.0,178.0,118.74658409017191,32.9150053459242,46,195,117.0,94.0,144.0,29.786764109633474,21.506978995701683,0,121,28.0,12.0,44.0,image_0_6449.jpg,overripe
134.49671586117418,54.513974576986904,0,234,139.0,106.0,176.0,111.31256081738566,44.146587862963734,0,195,116.0,89.0,143.0,26.83623905287058,21.764613697554303,0,110,24.0,7.0,42.0,image_0_6449.jpg,overripe
196.4771123905287,45.6364931848961,90,255,197.0,161.0,241.0,170.71367174829712,39.275073778213034,84,255,169.0,141.0,201.0,64.51755595199481,25.668275344440165,29,173,62.0,43.0,81.0,image_0_6449.jpg,overripe
136.6554188290626,51.787298168296715,0,234,140.0,108.0,177.0,113.16810939020435,41.75367424094839,0,195,116.0,90.0,143.0,27.240117174829713,21.671642303232524,0,111,25.0,8.0,42.0,image_0_6449.jpg,overripe
151.42146943824693,58.441995270078436,0,242,162.0,126.0,196.0,117.59939472928494,47.1223708903872,0,202,125.0,94.0,151.0,24.935342066314696,19.241735889936106,0,102,25.0,5.0,39.0,IMG20200717083337.jpg,fully_ripe
176.82337802911485,51.97179877641435,47,255,181.0,141.0,220.0,134.63526916874682,43.60107072415499,40,229,138.0,102.0,168.0,23.85190748635932,17.60933799294797,0,143,19.0,11.0,35.0,IMG20200717083337.jpg,fully_ripe
156.99823278623342,49.68326768907212,0,242,163.0,129.0,196.0,121.87725595882392,41.13041325188196,0,203,127.0,96.0,152.0,26.23415582407387,19.193822840571816,0,128,26.0,9.0,40.0,IMG20200717083337.jpg,fully_ripe
132.92484923457553,35.36594362927007,45,199,136.0,109.0,162.0,104.25894099715036,29.446244364191852,40,168,106.0,82.0,127.0,26.00343502175882,15.472259646547887,4,110,26.0,13.0,37.0,IMG20200717083337.jpg,fully_ripe
143.99400251827961,65.1024555226143,0,242,159.0,105.0,196.0,111.56929686982262,52.262447767350025,0,203,121.0,79.0,152.0,23.83000508073958,19.25958330998654,0,131,24.0,4.0,39.0,IMG20200717083337.jpg,fully_ripe
98.54448232589648,37.475054774063985,0,178,103.0,72.0,124.0,67.5369640298955,32.55293997678129,0,139,69.0,44.0,88.0,25.696047619576444,14.478602685943967,0,78,26.0,13.0,39.0,IMG20200717083346.jpg,fully_ripe
155.1654025120215,45.03075977554623,0,242,162.0,128.0,184.0,122.13605117327617,38.52186440297876,0,201,126.0,98.0,145.0,25.889779781669574,19.592718306563956,0,135,24.0,9.0,39.0,IMG20200717083346.jpg,fully_ripe
155.9210856552689,43.05860002007458,0,242,162.0,128.0,183.0,122.71182826746032,37.160296541197766,0,201,126.0,98.0,145.0,26.075416171554856,19.595212609203692,0,128,24.0,10.0,39.0,IMG20200717083346.jpg,fully_ripe
174.8988639266161,46.50183033473331,50,255,181.0,142.0,206.0,136.32981665130433,40.67711972978392,43,226,139.0,107.0,162.0,25.66377558386176,21.05498853006441,0,149,21.0,8.0,39.0,IMG20200717083346.jpg,fully_ripe
150.78996524037447,51.69771947100671,0,242,161.0,124.0,183.0,118.46189212300243,43.634288922289045,0,201,125.0,94.0,145.0,24.926027518962318,19.949200944800328,0,129,23.0,7.0,38.0,IMG20200717083346.jpg,fully_ripe
153.09964823628067,46.5916668800017,0,236,165.0,125.0,188.0,121.05156660096054,40.06235907183969,0,207,128.0,95.0,150.0,26.317131873277937,18.644286917755746,0,106,25.0,11.0,39.0,IMG20200717083356.jpg,fully_ripe
139.84510416780108,65.61317227235729,0,236,164.0,107.0,188.0,111.35983359289067,53.89437016791889,0,207,127.0,82.0,150.0,24.726691569650306,20.33180409434888,0,115,24.0,5.0,39.0,IMG20200717083356.jpg,fully_ripe
182.68083159992594,36.185316034236855,87,255,191.0,156.0,211.0,153.31290635243894,31.947178842319712,82,228,158.0,131.0,177.0,66.3995513106738,17.709901323153588,41,145,65.0,52.0,77.0,IMG20200717083356.jpg,fully_ripe
156.48922383280876,40.04141576540562,51,236,166.0,127.0,188.0,123.99506659551528,35.345059633982785,45,207,129.0,99.0,150.0,27.851725602517888,19.578598606897792,0,115,26.0,12.0,40.0,IMG20200717083356.jpg,fully_ripe
154.98607102795597,43.16435132416558,0,236,165.0,126.0,188.0,122.64361870119687,37.58460549116732,0,207,129.0,97.0,150.0,26.98664822539015,18.69815107163686,0,105,26.0,12.0,40.0,IMG20200717083356.jpg,fully_ripe
159.43651328509088,46.65964256279339,50,253,167.0,123.0,194.0,126.97863337568359,37.93794458537617,45,211,128.0,100.0,155.0,28.76230459039938,21.45957198236934,0,161,27.0,13.0,39.0,IMG20200717083401.jpg,fully_ripe
148.9036402806165,63.92888175849424,0,253,167.0,111.0,194.0,118.02548748826162,51.742274332558324,0,211,127.0,91.0,155.0,25.36365243329835,21.27693830915492,0,147,24.0,6.0,37.0,IMG20200717083401.jpg,fully_ripe
157.5382201844998,50.31881569580575,0,253,167.0,122.0,194.0,124.96897751753853,41.2740687066153,0,211,128.0,98.0,155.0,27.115969728774235,20.549120686741198,0,150,26.0,11.0,38.0,IMG20200717083401.jpg,fully_ripe
152.63809313373474,58.22929213858398,0,252,166.0,118.0,194.0,121.06100646301718,46.728471318169454,0,211,127.0,95.0,154.0,26.173230956195106,19.365712217335528,0,154,26.0,10.0,38.0,IMG20200717083401.jpg,fully_ripe
186.7162569739822,43.1296228413255,85,255,194.0,153.0,219.0,156.64878749378556,35.55428645862125,80,235,158.0,131.0,183.0,64.63979450919737,20.085214215571035,38,189,63.0,50.0,74.0,IMG20200717083401.jpg,fully_ripe
161.51445121163647,39.27179920333315,72,234,166.0,128.0,197.0,137.6951186797683,30.807774699341362,69,201,140.0,114.0,162.0,56.60490417192421,19.340289616371788,32,154,57.0,38.0,70.0,IMG20200717083408.jpg,fully_ripe
159.48324374807498,53.2741097645068,0,251,167.0,118.0,206.0,129.95868811413925,42.137930473668355,0,211,134.0,102.0,163.0,29.74164671283371,23.411261068657215,0,140,29.0,6.0,47.0,IMG20200717083408.jpg,fully_ripe
189.86116106469015,52.58083480567296,68,255,198.0,145.0,240.0,158.1807568877982,42.42503412902684,63,245,161.0,126.0,192.0,46.67980804578287,26.49733150854452,13,180,47.0,21.0,66.0,IMG20200717083408.jpg,fully_ripe
161.89062981251678,49.088344350803915,50,252,168.0,120.0,206.0,132.11713976293854,38.50758723652569,46,211,135.0,103.0,163.0,30.865254498305994,24.106740964409646,0,152,31.0,8.0,48.0,IMG20200717083408.jpg,fully_ripe
137.32856759630002,73.46311172206407,0,252,150.0,90.0,202.0,111.51829625729019,58.96177928355577,0,211,123.0,75.0,159.0,25.018847678566107,23.725606480863988,0,146,22.0,1.0,44.0,IMG20200717083408.jpg,fully_ripe
152.70113396675504,53.172315670959186,0,232,168.0,127.0,193.0,117.19536737813728,42.184442734670455,0,190,126.0,94.0,148.0,20.97293767053041,16.561493267791242,0,104,20.0,5.0,33.0,IMG20200717083420.jpg,fully_ripe
91.20118234417633,34.107186208887036,1,153,100.0,66.0,120.0,60.58065483677458,27.711247737491203,0,117,65.0,40.0,82.0,23.246570040830544,12.51263440635641,0,55,24.0,13.0,34.0,IMG20200717083420.jpg,fully_ripe
203.63836910037347,39.898649064132314,98,255,214.0,175.0,238.0,167.72659984132207,32.826024718075274,92,235,173.0,143.0,193.0,69.3740735723823,16.731211786211354,47,161,69.0,55.0,81.0,IMG20200717083420.jpg,fully_ripe
129.01128161464482,72.847506510036,0,233,154.0,85.0,188.0,98.57617508756313,56.46036389943988,0,190,116.0,64.0,143.0,17.978965497223136,16.832626910412387,0,97,15.0,1.0,31.0,IMG20200717083420.jpg,fully_ripe
150.63374421889816,56.25726690539337,0,233,168.0,124.0,193.0,115.56853145499932,44.442801848017815,0,190,126.0,92.0,148.0,20.533003076803993,16.626792201816716,0,91,19.0,4.0,33.0,IMG20200717083420.jpg,fully_ripe
176.79748353637544,40.23641349272016,69,255,173.0,150.0,210.0,147.0480415782869,34.613785116544385,59,225,146.0,124.0,174.0,45.78980976601108,23.392475038563884,15,169,45.0,27.0,60.0,IMG20200717083440.jpg,fully_ripe
148.27937632569657,50.39683612186748,0,239,150.0,128.0,186.0,120.55151198818395,42.54742419364846,0,199,124.0,102.0,152.0,26.86447077637234,21.583523840032147,0,142,26.0,7.0,41.0,IMG20200717083440.jpg,fully_ripe
139.43351805168413,43.53328022851611,23,236,136.0,111.0,175.0,107.26244072539896,37.397299631249524,12,191,106.0,83.0,137.0,20.233711284107187,15.216318848576423,0,131,18.0,8.0,31.0,IMG20200717083440.jpg,fully_ripe
152.24863682299244,42.28171818182139,0,239,150.0,129.0,186.0,123.85253256632647,36.296892727757296,0,199,125.0,103.0,152.0,27.563105933568025,21.07015040876939,0,141,26.0,9.0,41.0,IMG20200717083440.jpg,fully_ripe
140.35564760625007,60.201764603126904,0,240,149.0,122.0,186.0,114.0233988916899,50.258798919603194,0,200,123.0,96.0,151.0,24.47699534687441,21.442670349513193,0,127,22.0,3.0,40.0,IMG20200717083440.jpg,fully_ripe
159.52283330976954,51.44305805664,0,243,169.0,127.0,201.0,126.29462981290354,42.471895769489215,0,201,134.0,99.0,160.0,23.64002780526886,20.72601012624071,0,138,21.0,3.0,39.0,IMG20200717083454.jpg,fully_ripe
199.55802582591073,42.53924583319966,92,255,207.0,168.0,237.0,167.52100711626372,35.437721797701904,85,236,172.0,141.0,196.0,67.4196592676375,20.855488523009157,42,181,66.0,48.0,82.0,IMG20200717083454.jpg,fully_ripe
155.7503298930204,60.78804946635535,0,243,171.0,129.0,201.0,123.68234836702955,49.12796949987246,0,201,135.0,100.0,160.0,24.178177576700126,21.37636465331187,0,140,22.0,2.0,40.0,IMG20200717083454.jpg,fully_ripe
163.79505396107263,44.70281875205158,52,244,171.0,131.0,202.0,130.13388943871058,36.801891496052164,44,201,135.0,103.0,160.0,26.17289928837363,21.60912553336625,0,144,25.0,6.0,41.0,IMG20200717083454.jpg,fully_ripe
207.11223431829964,44.72961203548122,90,255,217.0,175.0,250.0,173.67573872472784,39.26220998569506,82,249,179.0,145.0,206.0,62.78315424855083,23.04951311997539,35,188,62.0,41.0,79.0,IMG20200717083454.jpg,fully_ripe
152.07333294643377,62.746308545255964,0,231,168.0,123.0,202.0,119.78182345772154,49.850051043713265,0,191,131.0,96.0,159.0,27.866484823863967,19.14415566809658,0,113,30.0,11.0,42.0,IMG20200717083502.jpg,fully_ripe
134.45249840403923,51.26967829393879,10,214,144.0,96.0,181.0,95.78972781614532,41.44530538982373,4,168,102.0,65.0,133.0,20.27571237885207,15.174414660489067,0,96,16.0,7.0,32.0,IMG20200717083502.jpg,fully_ripe
97.53033486158668,87.88775977892568,0,232,102.0,0.0,188.0,75.19781788636759,68.86140615309995,0,191,73.0,0.0,145.0,18.15018281005165,19.723430953213935,0,99,11.0,0.0,35.0,IMG20200717083502.jpg,fully_ripe
161.4560153212234,45.40869881718162,51,232,170.0,127.0,203.0,127.21439266438396,36.710302681159234,46,191,133.0,100.0,160.0,30.423155939875805,18.959394160643857,0,127,31.0,16.0,43.0,IMG20200717083502.jpg,fully_ripe
153.49357553247054,57.52729360517323,0,232,167.0,118.0,202.0,120.3650977888689,46.534666771411736,0,191,130.0,91.0,159.0,27.098612965004932,18.939565016793637,0,125,28.0,10.0,41.0,IMG20200717083502.jpg,fully_ripe
156.12172197233303,51.72154230664155,0,244,166.0,131.0,194.0,117.29924467453111,41.970349994315065,0,195,124.0,96.0,148.0,26.844574811168634,17.28667331677576,0,119,27.0,13.0,39.0,IMG20200717083511.jpg,fully_ripe
161.81247347874057,41.23931483612829,2,244,167.0,134.0,194.0,122.2504985996775,34.17835288969159,1,195,124.0,100.0,149.0,29.579935075956886,17.675356470402374,0,119,29.0,17.0,41.0,IMG20200717083511.jpg,fully_ripe
162.0107039803106,40.84854990212481,51,244,167.0,134.0,194.0,122.41732793006874,33.945084997300825,43,196,124.0,100.0,149.0,29.670956038360348,17.92127216836414,0,131,29.0,17.0,41.0,IMG20200717083511.jpg,fully_ripe
138.91778409573115,42.98502889694523,22,225,144.0,109.0,173.0,97.25641814478486,35.71019604357523,14,175,99.0,74.0,125.0,14.883518628532633,11.613426251380147,0,106,13.0,6.0,22.0,IMG20200717083511.jpg,fully_ripe
87.44172748875499,84.30551250101006,0,244,93.0,0.0,169.0,64.8930238479165,63.89512586342537,0,196,64.0,0.0,123.0,16.327420860561826,19.703307939091754,0,115,5.0,0.0,31.0,IMG20200717083511.jpg,fully_ripe
140.8880604974615,52.5509508780743,0,235,148.0,112.0,179.0,118.97345236571526,45.16500777140065,0,203,126.0,95.0,153.0,28.84602585434532,22.185005911154718,0,136,27.0,8.0,46.0,IMG20200717083519.jpg,fully_ripe
97.62134690046504,36.42755713427965,7,177,99.0,70.0,125.0,76.99609624984001,31.387591516108458,0,147,79.0,55.0,102.0,18.80648705149537,13.141418254595537,0,106,17.0,8.0,28.0,IMG20200717083519.jpg,fully_ripe
140.47482827765688,54.06773526356298,0,235,148.0,113.0,179.0,118.97658816502411,46.34115470813437,0,203,126.0,97.0,153.0,29.085093220700543,22.468372356951782,0,152,28.0,8.0,46.0,IMG20200717083519.jpg,fully_ripe
90.12885575323179,73.45407369056267,0,235,107.0,0.0,154.0,78.24685353470711,64.2210544714649,0,203,93.0,0.0,134.0,19.975585562524,23.328817478361362,0,143,11.0,0.0,36.0,IMG20200717083519.jpg,fully_ripe
148.9133602116131,39.97119990447364,50,236,150.0,119.0,179.0,126.28015273689151,34.441694751362235,42,203,128.0,102.0,154.0,32.226737488800715,23.326371067256918,0,158,31.0,14.0,48.0,IMG20200717083519.jpg,fully_ripe
180.27205415443598,46.41088975562617,52,249,193.0,151.0,217.0,141.0099442880249,41.93215598964006,45,215,150.0,114.0,173.0,34.713245072785,23.61474236828795,0,135,35.0,17.0,47.0,IMG20200717083535.jpg,fully_ripe
152.845300425328,79.08572214339914,0,249,187.0,88.0,215.0,118.78153717126939,65.43332335509949,0,215,143.0,60.0,170.0,27.870604444976937,24.19521747843816,0,130,29.0,1.0,44.0,IMG20200717083535.jpg,fully_ripe
207.8543461331097,41.2242008600232,93,255,220.0,182.0,241.0,172.96609357215598,37.6617759768911,87,239,181.0,149.0,202.0,77.47199424908645,21.25985960589947,46,168,78.0,62.0,89.0,IMG20200717083535.jpg,fully_ripe
200.90301323908224,52.237832159788304,54,255,217.0,168.0,244.0,156.75481938537112,48.4082632900449,46,242,167.0,126.0,194.0,35.469645959384174,25.379757592727742,0,150,34.0,14.0,48.0,IMG20200717083535.jpg,fully_ripe
167.97737974001078,67.54250069595422,0,249,192.0,141.0,217.0,131.22602288384354,56.87266421614332,0,215,148.0,103.0,172.0,31.27500149763374,24.072508953193086,0,133,33.0,8.0,46.0,IMG20200717083535.jpg,fully_ripe
166.7304918877157,38.19590096216795,52,243,169.0,142.0,195.0,132.92013262941026,35.193455116860896,41,212,134.0,109.0,158.0,31.111747789509828,25.306079406597974,0,132,27.0,9.0,47.0,IMG20200717083623.jpg,fully_ripe
165.07953472401064,41.923884301776816,0,243,169.0,141.0,195.0,131.35686539617134,38.143142685535075,0,212,133.0,108.0,158.0,30.106006953386558,24.829806501408097,0,130,26.0,8.0,46.0,IMG20200717083623.jpg,fully_ripe
155.62744656193664,40.13726158237239,35,236,158.0,130.0,185.0,120.09197141385526,36.99244184475767,23,203,121.0,95.0,146.0,22.730320199158726,19.06688610312764,0,119,18.0,9.0,30.0,IMG20200717083623.jpg,fully_ripe
144.1121555498326,72.26007079617548,0,243,166.0,125.0,194.0,115.25142716112971,60.00722012548188,0,212,131.0,95.0,158.0,27.081530603485277,25.73842217767405,0,132,22.0,2.0,44.0,IMG20200717083623.jpg,fully_ripe
163.2287535410765,45.48786219710207,0,243,169.0,140.0,195.0,129.79993990900508,40.77130771760349,0,212,133.0,107.0,158.0,29.519347154262167,24.809743712736957,0,130,25.0,7.0,46.0,IMG20200717083623.jpg,fully_ripe
139.41449490683735,33.9566613102943,35,201,143.0,118.0,165.0,100.75148826181197,27.988461884592972,26,164,102.0,82.0,122.0,16.697300267632723,14.657338687580578,0,89,10.0,6.0,23.0,IMG20200717083656.jpg,fully_ripe
168.7442428436231,38.239926579570806,51,238,173.0,145.0,198.0,125.21142985071589,31.50742010253113,41,196,127.0,104.0,149.0,25.857767963447273,20.644424878651936,0,112,22.0,8.0,38.0,IMG20200717083656.jpg,fully_ripe
153.34110451922783,62.10658251241812,0,238,171.0,132.0,198.0,112.93845464999136,48.42564079744348,0,196,124.0,93.0,148.0,21.99423012343669,20.57404802960607,0,112,18.0,3.0,34.0,IMG20200717083656.jpg,fully_ripe
122.65840702561337,34.96632173608507,15,186,127.0,101.0,149.0,82.84238162594511,28.80721714588692,6,148,84.0,63.0,105.0,17.62453062512084,10.598966238349329,0,71,17.0,9.0,27.0,IMG20200717083656.jpg,fully_ripe
155.85526463075843,60.5947667471755,0,237,171.0,138.0,197.0,115.21930619015153,46.927622350088626,0,196,125.0,97.0,147.0,23.236249478472356,20.57712020060912,0,110,20.0,4.0,36.0,IMG20200717083656.jpg,fully_ripe
160.04096896863248,55.985955695429546,0,243,175.0,125.0,205.0,118.03926718070467,45.13107126466436,0,197,129.0,85.0,154.0,26.584910813706745,22.44770336042566,0,110,26.0,3.0,44.0,IMG20200717083701.jpg,fully_ripe
212.91705359581485,40.66827766032832,101,255,225.0,180.0,253.0,172.99223690568732,36.660450720167546,90,246,179.0,142.0,203.0,78.49307729478748,22.47167493350351,50,170,78.0,56.0,94.0,IMG20200717083701.jpg,fully_ripe
167.19395129945164,44.34557774257773,52,243,176.0,131.0,205.0,124.04142067777381,36.738397519263366,41,198,130.0,93.0,154.0,29.158623442653948,22.842516994914117,0,121,29.0,6.0,45.0,IMG20200717083701.jpg,fully_ripe
186.56653780700464,49.35324241440085,58,255,197.0,146.0,229.0,138.47190999432738,41.104676397998766,46,221,145.0,104.0,172.0,32.35114608063533,25.507489638308364,0,135,32.0,6.0,50.0,IMG20200717083701.jpg,fully_ripe
165.64188919469714,47.3292213392737,0,243,176.0,130.0,205.0,122.5504233460092,39.07439001438826,0,197,130.0,91.0,154.0,28.00995861083682,22.3448075251946,0,111,28.0,5.0,44.0,IMG20200717083701.jpg,fully_ripe
166.7682159952446,43.22558867731117,52,242,172.0,137.0,201.0,128.90477729922517,38.011211121433924,41,201,132.0,101.0,160.0,28.661688792483133,18.059425463982866,0,122,28.0,15.0,42.0,IMG20200717083707.jpg,fully_ripe
112.78799887372121,41.90861678434855,1,186,118.0,84.0,146.0,76.10596406336361,36.86444621928157,0,146,79.0,49.0,106.0,23.188046844855094,14.690253900438139,0,69,23.0,10.0,34.0,IMG20200717083707.jpg,fully_ripe
163.07740038168336,50.50756235090381,0,241,172.0,135.0,201.0,125.75973761875463,43.26771867327763,0,200,132.0,98.0,159.0,27.02593569782357,17.658333290661286,0,113,27.0,13.0,40.0,IMG20200717083707.jpg,fully_ripe
159.14454954062424,58.84565916654316,0,242,172.0,135.0,201.0,123.1369054447237,48.60196746603268,0,200,131.0,99.0,159.0,26.695571012920922,18.11750411093252,0,103,27.0,12.0,40.0,IMG20200717083707.jpg,fully_ripe
114.62441730715082,87.10224258388334,0,242,140.0,0.0,189.0,88.33300309726668,68.81898692690102,0,201,102.0,0.0,146.0,19.83403030524241,19.450913227563333,0,106,18.0,0.0,35.0,IMG20200717083707.jpg,fully_ripe
154.27347580473247,46.92206879857609,0,232,162.0,126.0,191.0,126.58085962481347,39.629211901411836,0,200,133.0,104.0,157.0,29.32437113621829,20.900591416165263,0,153,28.0,14.0,41.0,IMG20200717083744.jpg,fully_ripe
150.06631048816882,51.86255712709915,0,233,161.0,121.0,190.0,122.38132860797272,44.030124912764066,0,199,132.0,97.0,156.0,26.114874227243657,18.95648703178936,0,151,26.0,11.0,38.0,IMG20200717083744.jpg,fully_ripe
86.08192549562993,87.56856202002247,0,231,68.0,0.0,178.0,68.59576849285867,71.0211856769922,0,197,51.0,0.0,140.0,16.321906309955235,20.485598348180417,0,126,4.0,0.0,31.0,IMG20200717083744.jpg,fully_ripe
156.427201023236,41.83306983801132,51,233,162.0,126.0,191.0,128.38116872735026,35.592131967956036,41,200,133.0,104.0,157.0,30.147356640375186,21.112473718618688,0,157,29.0,15.0,41.0,IMG20200717083744.jpg,fully_ripe
118.927720635259,39.147511344716854,20,191,124.0,90.0,151.0,92.68499520358132,33.3022876029983,11,160,97.0,70.0,119.0,14.713547218077169,13.200676157193495,0,119,12.0,5.0,21.0,IMG20200717083744.jpg,fully_ripe
151.60359233634912,40.119249703616376,50,241,158.0,128.0,181.0,128.1208621607238,34.597723180626915,43,209,132.0,107.0,152.0,27.6861761575306,24.319189449472745,0,181,24.0,9.0,38.0,IMG20200717083802.jpg,fully_ripe
146.19860298030866,50.69926862313835,0,240,158.0,127.0,180.0,123.30006652474721,43.525569736164684,0,209,132.0,105.0,152.0,25.19207025013305,23.40492506321827,0,177,22.0,6.0,36.0,IMG20200717083802.jpg,fully_ripe
149.33270356572646,43.72702565858084,0,240,157.0,126.0,180.0,126.00168972857904,37.62132277614494,0,209,132.0,105.0,152.0,26.02634379989356,22.32906265029552,0,173,23.0,8.0,37.0,IMG20200717083802.jpg,fully_ripe
212.34149813730707,41.95840361530747,97,255,224.0,189.0,251.0,188.51515433741352,39.91160315306983,89,255,193.0,164.0,217.0,71.36385045236828,28.444836294785304,39,251,67.0,50.0,83.0,IMG20200717083802.jpg,fully_ripe
54.155880787653004,73.98501420588403,0,212,0.0,0.0,135.0,44.82082224587547,61.134445799300984,0,179,0.0,0.0,111.0,9.7053618946248,18.157964046601567,0,140,0.0,0.0,14.0,IMG20200717083802.jpg,fully_ripe
166.05279048775174,51.86584060466702,0,255,178.0,143.0,201.0,126.35188470756684,42.42760110633377,0,219,132.0,106.0,155.0,26.198680237806208,18.902478827800532,0,121,25.0,10.0,39.0,IMG20200717083842.jpg,fully_ripe
173.99673172098235,45.89583846725996,40,255,181.0,145.0,207.0,127.92325250827446,38.73194860120213,31,229,129.0,104.0,155.0,19.628682001639326,15.41749812773253,0,116,17.0,8.0,25.0,IMG20200717083842.jpg,fully_ripe
122.13408244363515,87.36421425396432,0,255,162.0,0.0,191.0,92.21360019090899,67.40748456474613,0,220,119.0,0.0,143.0,19.790207613533788,19.930597774087857,0,112,16.0,0.0,35.0,IMG20200717083842.jpg,fully_ripe
161.37455515091148,60.25174587644486,0,255,177.0,140.0,200.0,123.1063280107075,47.885970689556544,0,220,131.0,105.0,154.0,25.87021300878804,19.37236234878569,0,109,25.0,9.0,39.0,IMG20200717083842.jpg,fully_ripe
210.2697834635457,40.17837288303051,85,255,220.0,185.0,245.0,169.0477480001245,36.95995239148016,77,255,170.0,146.0,195.0,57.777684398377275,21.23282983931923,27,158,57.0,41.0,71.0,IMG20200717083842.jpg,fully_ripe
127.7236341187365,30.502217531403378,35,183,136.0,111.0,150.0,93.93710258257022,25.624300162214062,30,149,98.0,81.0,112.0,15.333264739170696,11.161626545520297,0,84,13.0,7.0,22.0,IMG20200717083846.jpg,fully_ripe
108.0013684535446,84.65533838871319,0,229,146.0,0.0,185.0,80.24438728264225,63.94144894375382,0,189,107.0,0.0,136.0,16.277250745961517,18.00711558131383,0,112,8.0,0.0,32.0,IMG20200717083846.jpg,fully_ripe
153.8502520835477,55.38165150551191,0,231,173.0,133.0,191.0,115.05298899063689,44.09576296445978,0,191,127.0,96.0,144.0,22.664523099084267,16.83720456959355,0,101,24.0,5.0,36.0,IMG20200717083846.jpg,fully_ripe
165.32378845560243,37.080387211622686,52,232,175.0,145.0,192.0,124.25052988990637,31.148160962534934,46,191,129.0,108.0,146.0,25.178680934252494,17.405101424030185,0,112,26.0,10.0,37.0,IMG20200717083846.jpg,fully_ripe
217.7643996295915,39.88225793018778,90,255,232.0,197.0,251.0,172.98637719930034,35.981694132137584,83,250,178.0,154.0,198.0,58.51795452207017,20.14674484899956,29,159,59.0,41.0,72.0,IMG20200717083846.jpg,fully_ripe
152.6252871373072,46.728161082836984,0,255,149.0,119.0,189.0,119.11891983443954,41.08445422638973,0,219,117.0,88.0,151.0,24.70432002709941,23.728277751053543,0,159,20.0,4.0,39.0,IMG20200717083900.jpg,fully_ripe
131.28261721024273,40.21818092311727,39,222,128.0,100.0,163.0,101.1106418114262,35.68819553963607,29,190,98.0,72.0,129.0,19.25165401674659,19.338014504327088,0,138,12.0,6.0,29.0,IMG20200717083900.jpg,fully_ripe
138.54002985169424,61.23487523486635,0,255,142.0,108.0,181.0,107.54959933098331,50.63147518242621,0,219,109.0,81.0,144.0,20.461378047360455,21.28343378631105,0,132,15.0,1.0,34.0,IMG20200717083900.jpg,fully_ripe
153.86453470524097,44.79092488156898,51,255,150.0,119.0,189.0,120.25850296929086,39.741969386633116,40,219,117.0,88.0,151.0,25.42910222617422,24.646167634146693,0,161,21.0,4.0,40.0,IMG20200717083900.jpg,fully_ripe
118.12239194639398,73.71422553561702,0,255,128.0,77.0,172.0,91.11553240814253,59.54280675189012,0,219,95.0,51.0,137.0,17.981718483703304,20.792693191262916,0,136,10.0,0.0,31.0,IMG20200717083900.jpg,fully_ripe
148.17930439728804,53.22062217653655,0,236,161.0,123.0,185.0,115.9202378003468,41.20897122496125,0,191,125.0,95.0,144.0,20.05106468866687,17.91108225970331,0,112,18.0,2.0,33.0,IMG20200717083943.jpg,fully_ripe
124.02147726125928,39.88483944601501,21,204,130.0,97.0,153.0,90.79826420425876,30.891442256788775,17,159,94.0,69.0,113.0,16.877026394737566,10.709267336404796,0,81,16.0,7.0,27.0,IMG20200717083943.jpg,fully_ripe
144.4647565573996,57.4741535559974,0,235,159.0,119.0,185.0,112.72877732823237,44.570546428895256,0,191,123.0,93.0,144.0,19.66237304929403,17.48924803760739,0,111,18.0,2.0,32.0,IMG20200717083943.jpg,fully_ripe
133.1267626308498,38.83230513027453,33,211,139.0,107.0,162.0,100.73819943302232,29.8528256081562,30,167,104.0,80.0,122.0,14.429609445958219,10.45777488021354,0,91,14.0,7.0,17.0,IMG20200717083943.jpg,fully_ripe
153.63258378517233,44.06454892040445,0,235,161.0,127.0,185.0,120.25430508536776,34.12540478781203,0,189,125.0,99.0,144.0,21.18529527793833,17.562927763624828,0,111,20.0,4.0,33.0,IMG20200717083943.jpg,fully_ripe
88.19637542922548,77.08613689354269,0,238,90.0,0.0,160.0,67.85696299122472,60.25656649662029,0,198,69.0,0.0,119.0,13.556514689049981,17.168437816610822,0,115,5.0,0.0,24.0,IMG20200717083947.jpg,fully_ripe
140.11827546737885,45.2756106246845,0,238,148.0,100.0,174.0,110.4579454406715,36.81119535166842,0,198,111.0,79.0,136.0,22.317512399847388,17.14350261381374,0,114,20.0,8.0,33.0,IMG20200717083947.jpg,fully_ripe
141.097472338802,43.525851857855926,51,238,148.0,100.0,174.0,111.37351201831362,35.41644446797418,42,198,112.0,80.0,136.0,22.921337275848913,17.776721042735296,0,117,21.0,9.0,33.0,IMG20200717083947.jpg,fully_ripe
172.54724341854254,37.890516290429744,94,255,179.0,137.0,201.0,146.66755055322395,30.832090526713305,86,222,147.0,119.0,168.0,69.69276993513925,15.456381661542048,50,152,68.0,58.0,78.0,IMG20200717083947.jpg,fully_ripe
134.47745135444487,52.2502548598267,0,238,146.0,95.0,173.0,105.91000572300649,42.15367408290161,0,198,109.0,75.0,135.0,20.269935139259825,16.491262539088545,0,115,19.0,6.0,31.0,IMG20200717083947.jpg,fully_ripe
158.59013241600303,40.857855415692,52,244,161.0,129.0,192.0,118.82565383346684,36.12228832941758,45,203,119.0,90.0,147.0,22.592045615192497,18.966246295188487,0,128,21.0,6.0,34.0,IMG20200717084008.jpg,fully_ripe
157.3482116771123,43.48947384224497,0,244,160.0,128.0,192.0,117.72961688893078,37.863375080777885,0,203,119.0,90.0,147.0,21.85915838084916,18.090593812669987,0,125,20.0,5.0,33.0,IMG20200717084008.jpg,fully_ripe
221.63790584798076,36.53394206345917,109,255,234.0,197.0,255.0,184.9746854530889,40.79079826367536,101,255,185.0,152.0,218.0,75.22070590452853,21.711449867787742,49,196,73.0,56.0,88.0,IMG20200717084008.jpg,fully_ripe
128.05117572216201,74.92943812395463,0,244,147.0,87.0,190.0,95.23942321285519,58.82327233821214,0,203,103.0,59.0,143.0,18.602346732010744,18.32950243187883,0,111,16.0,0.0,31.0,IMG20200717084008.jpg,fully_ripe
152.71136138730503,51.38928637928205,0,244,159.0,126.0,192.0,114.12530040997126,42.93837534637372,0,203,117.0,87.0,147.0,20.72376419584374,17.751353103407062,0,124,19.0,4.0,32.0,IMG20200717084008.jpg,fully_ripe
194.8332502809126,42.295191579330485,70,255,199.0,166.0,228.0,147.5854707118081,37.37989512593968,57,234,150.0,121.0,174.0,39.65235233768137,21.216637116166044,9,149,38.0,23.0,52.0,IMG20200717084015.jpg,fully_ripe
146.17497679417656,61.08131343145145,0,244,161.0,126.0,187.0,107.95986125360301,47.986709274946655,0,194,118.0,86.0,141.0,22.93558063412966,18.022830984360052,0,114,23.0,6.0,35.0,IMG20200717084015.jpg,fully_ripe
160.69176803947434,37.75728680881037,52,244,163.0,135.0,188.0,119.13971371342029,32.19572411460841,41,194,121.0,96.0,142.0,26.167130783135473,18.25992147592499,0,120,25.0,12.0,37.0,IMG20200717084015.jpg,fully_ripe
106.83625970980508,84.40638120625536,0,244,130.0,0.0,182.0,78.15694953344081,63.55434708701823,0,194,90.0,0.0,134.0,17.407025257706778,18.017795782569365,0,120,14.0,0.0,31.0,IMG20200717084015.jpg,fully_ripe
182.90254531242365,44.20283856708434,55,255,186.0,153.0,215.0,134.07787385802922,37.99038724645981,42,222,136.0,107.0,161.0,25.702818896868436,19.950477120043765,1,135,23.0,8.0,37.0,IMG20200717084015.jpg,fully_ripe
122.55077989934304,75.5933142155085,0,255,149.0,68.0,181.0,91.3886722501825,58.58602101450807,0,206,108.0,44.0,135.0,20.446415536516962,19.060457741939622,0,115,19.0,0.0,33.0,IMG20200717084021.jpg,fully_ripe
184.90194590648892,41.909850760204655,73,255,189.0,157.0,216.0,143.9487110530562,35.64765399952785,61,236,144.0,120.0,167.0,47.78825540743017,19.018998116546005,19,148,46.0,35.0,57.0,IMG20200717084021.jpg,fully_ripe
152.3457969956587,50.40128658183367,0,255,161.0,127.0,186.0,114.01326405163472,40.83942418984456,0,205,118.0,93.0,139.0,25.343395827730607,17.277400916706778,0,111,25.0,13.0,35.0,IMG20200717084021.jpg,fully_ripe
158.16305851166007,40.595691981035436,51,255,162.0,131.0,187.0,118.7965442391179,33.92272639030989,40,206,119.0,96.0,141.0,27.317549656152753,18.07127739342696,0,123,26.0,15.0,36.0,IMG20200717084021.jpg,fully_ripe
158.36337354489223,38.3946843628209,57,250,162.0,133.0,186.0,121.13098851281264,32.08227553731646,47,204,121.0,100.0,142.0,34.63217949210496,17.07151060044208,9,125,33.0,23.0,43.0,IMG20200717084021.jpg,fully_ripe
146.65839553008124,44.03286819211625,0,236,148.0,118.0,181.0,114.0484309925364,38.5484919579167,0,202,115.0,87.0,143.0,22.38711805698734,19.60184085981313,0,134,20.0,6.0,33.0,IMG20200717084028.jpg,fully_ripe
149.71932085274835,38.81799821701846,52,236,148.0,119.0,181.0,116.74358789328275,34.46481576098796,45,202,115.0,89.0,143.0,23.486485093398212,20.290267460788666,0,134,21.0,7.0,34.0,IMG20200717084028.jpg,fully_ripe
93.62054142097233,34.82223030308583,6,171,92.0,66.0,122.0,64.03394705372975,30.922431457939375,0,141,62.0,39.0,88.0,23.467001360768627,12.9391548682894,0,80,24.0,13.0,35.0,IMG20200717084028.jpg,fully_ripe
146.50345346583646,45.01526411760892,0,235,147.0,118.0,180.0,114.00536060368644,38.644025394058175,0,201,114.0,88.0,142.0,22.035648014514866,18.77834194031625,0,130,20.0,6.0,33.0,IMG20200717084028.jpg,fully_ripe
205.5915632345058,38.93548560968231,99,255,207.0,174.0,244.0,171.73336151086554,38.439853930067514,92,255,170.0,141.0,201.0,67.45988825203085,22.729553946915765,41,191,65.0,49.0,79.0,IMG20200717084028.jpg,fully_ripe
137.5622646623237,56.81681995457975,0,238,147.0,104.0,180.0,102.18343029164933,46.84652090686442,0,196,107.0,69.0,137.0,18.46879749102208,17.469187399094277,0,131,15.0,2.0,30.0,IMG20200717084032.jpg,fully_ripe
150.22369783852326,47.376222156265285,37,251,154.0,114.0,187.0,106.64075733963159,42.20964062047578,29,203,108.0,71.0,138.0,16.726538830111608,13.926996007333406,0,128,15.0,7.0,22.0,IMG20200717084032.jpg,fully_ripe
149.93912437444948,41.291430578700016,51,238,153.0,118.0,182.0,111.95413758723828,36.789337969606855,44,196,113.0,81.0,139.0,21.377614728629645,18.78565645176092,0,131,18.0,6.0,32.0,IMG20200717084032.jpg,fully_ripe
162.25664753312876,42.440897482065616,61,253,165.0,129.0,195.0,123.24653224791645,37.781278784240406,53,210,124.0,91.0,151.0,30.11299112371623,19.36563077795339,8,143,27.0,14.0,41.0,IMG20200717084032.jpg,fully_ripe
145.91500256512018,48.265293288366,0,238,152.0,116.0,182.0,108.57359958958077,41.363048911889315,0,195,111.0,79.0,139.0,19.633468526459456,17.564925938630168,0,125,17.0,4.0,30.0,IMG20200717084032.jpg,fully_ripe
195.8977547424919,46.19688256073112,68,255,212.0,165.0,233.0,149.90561109517762,39.935983928931584,55,239,159.0,122.0,180.0,41.87109230958332,20.780188843672807,10,161,41.0,27.0,53.0,IMG20200717084053.jpg,fully_ripe
192.13482812307944,38.98958522669917,84,255,205.0,166.0,223.0,153.34507518334905,33.630295891639285,74,228,161.0,130.0,179.0,62.446193714917854,17.458423694865953,36,163,62.0,50.0,72.0,IMG20200717084053.jpg,fully_ripe
164.95335354611382,41.20445958107334,51,243,179.0,137.0,198.0,123.97191379522268,35.50102081743627,40,203,132.0,99.0,151.0,27.945947883803825,18.462182188733276,0,134,27.0,15.0,38.0,IMG20200717084053.jpg,fully_ripe
98.52656000327775,87.1854918800454,0,243,108.0,0.0,189.0,73.97921702790183,66.94591189724778,0,203,74.0,0.0,142.0,16.066753390420782,19.058201395745666,0,113,7.0,0.0,30.0,IMG20200717084053.jpg,fully_ripe
157.64026713647723,53.85152502453648,0,241,178.0,130.0,197.0,117.59466546482567,44.55955452553602,0,202,131.0,90.0,151.0,24.713022903265458,17.791274436869767,0,131,25.0,11.0,36.0,IMG20200717084053.jpg,fully_ripe
172.86828599064333,39.40446485583676,12,248,177.0,146.0,204.0,124.02104265777058,33.361269313762115,11,201,125.0,100.0,151.0,27.08829625535443,20.57181687733996,0,138,24.0,11.0,40.0,IMG20200717084058.jpg,fully_ripe
163.6563493160149,56.35460685618741,0,248,176.0,141.0,204.0,116.66092895635524,44.579171461702096,0,200,122.0,96.0,151.0,24.404084170631084,20.677448924765926,0,139,22.0,6.0,37.0,IMG20200717084058.jpg,fully_ripe
158.87558972739296,41.89099348037514,29,239,163.0,130.0,192.0,106.66052428985965,35.55665831183358,18,189,108.0,81.0,135.0,17.72942616316943,13.655806263966078,0,126,16.0,7.0,25.0,IMG20200717084058.jpg,fully_ripe
158.7114826585602,63.29482900146294,0,248,175.0,138.0,204.0,113.19217710574627,49.092851283404876,0,201,122.0,94.0,150.0,23.27834145956296,19.940909740771403,0,103,21.0,4.0,37.0,IMG20200717084058.jpg,fully_ripe
191.79326477032708,35.8535723275881,80,255,195.0,167.0,220.0,147.07655105706783,30.43847341686445,71,217,148.0,125.0,172.0,58.362630529619615,18.95906578200286,34,163,55.0,43.0,70.0,IMG20200717084058.jpg,fully_ripe
170.54358711941225,40.195260547026784,0,255,181.0,148.0,201.0,125.38166599656421,34.07401546708206,0,239,132.0,106.0,151.0,29.297022917504293,19.97342441692412,0,209,29.0,14.0,42.0,IMG20200717084102.jpg,fully_ripe
154.09837713366716,64.05753823636317,0,255,177.0,127.0,201.0,112.1076428232026,50.67525174446546,0,239,128.0,83.0,149.0,25.521930626119374,21.145217419812514,0,210,25.0,6.0,40.0,IMG20200717084102.jpg,fully_ripe
171.02773310428012,38.9730965130906,52,255,181.0,148.0,201.0,125.77971599839175,33.30528364521617,37,239,132.0,106.0,151.0,29.51579005080595,20.21508304557504,0,210,29.0,14.0,42.0,IMG20200717084102.jpg,fully_ripe
195.84654958149056,37.95811083039834,80,255,206.0,173.0,225.0,151.73302204027925,32.475527130911374,65,255,158.0,132.0,176.0,57.83301655762272,19.709053418589235,29,234,57.0,43.0,70.0,IMG20200717084102.jpg,fully_ripe
168.9317683394861,43.85307134749756,0,255,181.0,147.0,201.0,123.87223582733287,36.8764975295109,0,239,132.0,105.0,151.0,28.219297123432874,19.65809354725135,0,209,28.0,13.0,41.0,IMG20200717084102.jpg,fully_ripe
164.53854612913096,38.02180973362419,51,239,169.0,139.0,193.0,125.06611459608322,32.4954236732611,42,195,128.0,102.0,149.0,29.59965957772338,23.219972974294183,0,130,28.0,8.0,46.0,IMG20200717084106.jpg,fully_ripe
126.27753977968176,38.95854210613435,10,203,131.0,100.0,155.0,85.82520846083231,33.30776294243342,1,158,89.0,62.0,110.0,22.132076193390454,14.672629214840873,0,91,20.0,9.0,36.0,IMG20200717084106.jpg,fully_ripe
146.57012125153,64.65644734341103,0,239,163.0,126.0,192.0,110.82955936352509,51.12908143164019,0,195,123.0,89.0,147.0,25.875105186658505,22.89472702938615,0,129,24.0,2.0,44.0,IMG20200717084106.jpg,fully_ripe
163.90028304773563,39.601179588460305,0,239,169.0,138.0,193.0,124.52301675336598,33.530102770980164,0,195,128.0,102.0,149.0,29.280236383108935,22.814810561161252,0,130,28.0,8.0,46.0,IMG20200717084106.jpg,fully_ripe
171.77672697368422,31.2742803162525,78,233,175.0,151.0,195.0,139.3172716493268,26.72581172631888,71,197,142.0,120.0,159.0,60.739615208078334,19.172158411208397,36,143,59.0,43.0,74.0,IMG20200717084106.jpg,fully_ripe
154.88997623096736,61.719658340491534,0,255,172.0,116.0,201.0,118.43363069487125,51.59010880638416,0,215,131.0,80.0,158.0,21.121580093683804,18.9198988648462,0,105,19.0,2.0,34.0,IMG20200717084113.jpg,fully_ripe
164.21084822627324,47.627554133175096,0,255,173.0,133.0,201.0,125.74356296804606,41.54999581052436,0,215,132.0,97.0,158.0,23.00214816361846,18.87859380817247,0,101,22.0,5.0,36.0,IMG20200717084113.jpg,fully_ripe
128.97698680271702,37.255558994462966,39,201,136.0,104.0,158.0,98.1543793696731,32.648301530309965,31,169,103.0,75.0,124.0,16.80675478115583,14.365560397625046,0,84,15.0,3.0,26.0,IMG20200717084113.jpg,fully_ripe
159.40651012918818,40.489248810163666,61,238,167.0,132.0,191.0,125.91029427852533,35.473222054011124,53,203,131.0,101.0,154.0,36.502511163489174,16.73606533342999,16,111,35.0,21.0,48.0,IMG20200717084113.jpg,fully_ripe
164.7198038806178,46.56962310742208,52,255,173.0,133.0,201.0,126.19265845192987,40.811380937666584,42,215,132.0,97.0,158.0,23.351115354397272,19.22003799146512,0,109,22.0,5.0,36.0,IMG20200717084113.jpg,fully_ripe
196.3583845499527,40.19212794288192,85,255,205.0,167.0,229.0,161.13779966215003,34.200490753366395,80,236,167.0,136.0,186.0,54.398028010399074,19.21943137800248,31,186,53.0,39.0,64.0,IMG20200717084205.jpg,fully_ripe
154.027734847668,44.29170198362615,0,228,165.0,128.0,188.0,120.80489762666379,37.275091643805766,0,194,129.0,98.0,147.0,20.519857671710454,17.12982365913672,0,145,19.0,6.0,30.0,IMG20200717084205.jpg,fully_ripe
156.83724496519665,38.156199727878736,51,228,165.0,129.0,188.0,123.4254513651775,32.361095483897685,47,194,129.0,100.0,147.0,22.41665768129485,18.225493333715395,0,147,21.0,8.0,32.0,IMG20200717084205.jpg,fully_ripe
149.11779223424264,53.107536435303956,0,228,164.0,126.0,187.0,117.18961530628137,43.28533739543836,0,194,128.0,96.0,147.0,19.656291557344645,15.790599789430424,0,112,19.0,5.0,30.0,IMG20200717084205.jpg,fully_ripe
103.55458912889816,36.854949768175224,1,172,111.0,77.0,134.0,71.26690148438342,31.270507456011277,0,139,77.0,49.0,94.0,28.619763025794008,13.463121936054218,0,94,29.0,18.0,40.0,IMG20200717084205.jpg,fully_ripe
161.44183558494476,48.4554179553767,38,255,165.0,125.0,201.0,117.68380319360823,37.62765598722092,28,216,118.0,90.0,148.0,20.774535356179506,18.564161953866453,0,164,18.0,9.0,25.0,IMG20200717084209.jpg,fully_ripe
157.7971273459818,42.04562621110378,51,255,161.0,126.0,192.0,119.89484766056246,32.52328347107589,42,205,120.0,96.0,146.0,27.416102341144736,22.231317747199196,0,160,25.0,10.0,40.0,IMG20200717084209.jpg,fully_ripe
155.11113893220127,47.68061464615755,0,255,160.0,125.0,192.0,117.67452738923096,36.53529627112098,0,205,119.0,95.0,145.0,26.161877013077177,20.780762168216757,0,157,24.0,9.0,40.0,IMG20200717084209.jpg,fully_ripe
155.70005576863983,46.279735130729655,0,255,161.0,125.0,193.0,117.65158257742166,36.22427803207057,0,205,119.0,95.0,146.0,25.526717731013054,21.076395783348566,0,153,23.0,8.0,39.0,IMG20200717084209.jpg,fully_ripe
151.4812947429521,46.88157819213682,32,255,155.0,116.0,190.0,109.2195918646074,36.26422747431573,22,204,109.0,83.0,138.0,19.298874383984156,16.644803768453244,0,154,17.0,9.0,24.0,IMG20200717084209.jpg,fully_ripe
155.89759360936588,39.72556931784723,14,240,159.0,128.0,187.0,126.03975440951552,34.1040906282928,16,201,129.0,102.0,152.0,31.33473806982604,22.363068332446726,0,154,31.0,13.0,45.0,IMG20200717084214.jpg,fully_ripe
156.02931241266242,39.55514988045441,51,240,159.0,128.0,187.0,126.17836118966143,33.977784933816345,43,201,129.0,102.0,152.0,31.495659254205957,22.601223449292224,0,159,31.0,13.0,46.0,IMG20200717084214.jpg,fully_ripe
146.09676177062818,55.30730314804884,0,240,157.0,121.0,187.0,117.28739148135514,46.53688426892538,0,201,127.0,95.0,152.0,27.99889968420937,21.68100186075857,0,150,28.0,8.0,44.0,IMG20200717084214.jpg,fully_ripe
90.24258662236062,33.55005947361243,1,161,93.0,66.0,117.0,64.92938173255725,28.801895547138127,0,128,67.0,44.0,87.0,20.108755212746058,14.112082624462674,0,93,18.0,8.0,32.0,IMG20200717084214.jpg,fully_ripe
152.51459568896274,46.26726878413224,0,240,158.0,127.0,187.0,122.96276531364502,39.46916118681229,0,201,128.0,100.0,152.0,29.38107236776955,22.010899259173762,0,154,29.0,10.0,44.0,IMG20200717084214.jpg,fully_ripe
145.16492470457746,38.60154753260708,51,226,147.0,114.0,180.0,120.15107077343117,32.198034738258215,49,190,124.0,93.0,148.0,23.12616782560471,15.943857682005442,0,111,23.0,11.0,33.0,IMG20200717084220.jpg,fully_ripe
139.50781749925343,33.84638413880427,57,210,141.0,112.0,170.0,117.57081609146367,28.230969841210577,55,179,121.0,94.0,142.0,32.510025169574675,14.002955275798117,12,110,32.0,22.0,41.0,IMG20200717084220.jpg,fully_ripe
102.56296659698819,72.15749865440311,0,226,115.0,0.0,164.0,84.79710763192696,59.648731806911336,0,190,94.0,0.0,136.0,17.110810119022226,15.966323143155165,0,105,17.0,0.0,29.0,IMG20200717084220.jpg,fully_ripe
197.59899321701292,43.043350046227566,90,255,201.0,163.0,239.0,169.75159976110234,37.10366421631301,88,250,174.0,138.0,202.0,57.93848385307794,18.400424666425177,31,159,58.0,44.0,69.0,IMG20200717084220.jpg,fully_ripe
144.20767032123203,40.70185545568876,0,225,147.0,114.0,180.0,119.2526662685039,33.98910781626072,0,190,124.0,92.0,148.0,22.48198668998763,15.298315737193333,0,109,22.0,11.0,32.0,IMG20200717084220.jpg,fully_ripe
209.25807148870334,40.620257369117546,98,255,218.0,178.0,247.0,177.71434097062638,36.38495191023225,90,255,182.0,150.0,208.0,71.77290619098541,21.26449833871774,49,182,70.0,51.0,87.0,IMG20200717084242.jpg,fully_ripe
159.08748378876476,61.11803872668784,0,255,175.0,131.0,204.0,126.99566562763077,50.0399677972933,0,213,138.0,103.0,164.0,22.23998316306796,21.530321356665116,0,135,20.0,1.0,38.0,IMG20200717084242.jpg,fully_ripe
167.26411230688723,43.92770810137808,51,255,175.0,133.0,205.0,133.13033833132351,37.5868711145497,43,214,138.0,105.0,164.0,23.6330800209324,22.05111040648487,0,138,22.0,2.0,39.0,IMG20200717084242.jpg,fully_ripe
163.46950012513935,36.60703749698172,67,237,170.0,135.0,195.0,135.0252098928352,31.325572021585668,60,202,139.0,112.0,161.0,43.77798002320766,18.376900236759525,24,139,42.0,26.0,57.0,IMG20200717084242.jpg,fully_ripe
158.84202862278445,61.51617709759516,0,255,175.0,131.0,204.0,126.81116470615004,50.334834640547385,0,214,138.0,103.0,164.0,22.203965780073265,21.524176823015917,0,134,20.0,1.0,38.0,IMG20200717084242.jpg,fully_ripe
153.57845626738916,47.74530402185382,0,240,160.0,126.0,190.0,116.81847230490723,39.11880350570588,0,192,121.0,92.0,146.0,24.99748502557498,19.22310204724413,0,114,25.0,6.0,38.0,IMG20200717084253.jpg,fully_ripe
153.12692723583658,39.73541513437407,48,235,157.0,125.0,185.0,116.41746145528327,33.057440429132846,44,188,118.0,92.0,142.0,25.06189024019828,18.905598693564894,0,113,25.0,8.0,37.0,IMG20200717084253.jpg,fully_ripe
150.88651026036666,51.06757151501626,0,241,159.0,123.0,190.0,114.9012720667744,41.42035444135103,0,193,120.0,90.0,146.0,25.005868273658376,19.81325581096906,0,117,25.0,6.0,39.0,IMG20200717084253.jpg,fully_ripe
147.07694363784367,57.671528474564745,0,238,157.0,123.0,189.0,112.10511864118483,45.767406295769916,0,192,119.0,90.0,145.0,24.47718906046873,19.227364461282793,0,102,25.0,5.0,38.0,IMG20200717084253.jpg,fully_ripe
157.54899340274824,40.36765459725582,51,241,161.0,129.0,190.0,120.27170228534632,33.592572027903344,47,193,122.0,95.0,146.0,26.977924113380393,19.899002916793517,0,117,27.0,10.0,40.0,IMG20200717084253.jpg,fully_ripe
160.97680199859704,40.367072456186804,50,243,166.0,132.0,192.0,127.40076547251314,32.19788299714532,44,204,130.0,106.0,150.0,31.118192894150656,24.419699140968234,0,140,30.0,9.0,46.0,IMG20200717084319.jpg,fully_ripe
149.7401823842869,57.61187023387072,0,243,165.0,120.0,192.0,117.85655389689504,45.854617278892896,0,204,128.0,96.0,149.0,26.696432307370443,23.493468367405214,0,130,24.0,3.0,43.0,IMG20200717084319.jpg,fully_ripe
224.06139778726757,36.6737543439674,107,255,239.0,200.0,255.0,194.36049817246513,36.08592882674421,100,255,198.0,170.0,220.0,85.18946060031752,27.750046940683045,50,209,84.0,60.0,102.0,IMG20200717084319.jpg,fully_ripe
158.98621657211072,44.392647154536895,0,243,166.0,130.0,192.0,125.45932042777854,35.68565383325694,0,204,129.0,104.0,150.0,29.50297205163863,23.846379369387602,0,136,28.0,7.0,45.0,IMG20200717084319.jpg,fully_ripe
126.71497840186076,78.54329209442147,0,243,157.0,60.0,191.0,99.15527277649926,61.96634293696787,0,204,120.0,48.0,148.0,23.571064646738126,24.68544318218871,0,140,18.0,0.0,41.0,IMG20200717084319.jpg,fully_ripe
185.56046093983838,42.96013745793806,74,255,192.0,156.0,217.0,158.59783407254224,35.80812804988478,71,255,162.0,134.0,182.0,49.586405812086745,26.52625741940563,16,176,46.0,33.0,60.0,IMG20200717084327.jpg,fully_ripe
79.80118908329025,73.50357631399378,0,231,91.0,0.0,150.0,68.78531196430029,62.820494878536735,0,201,80.0,0.0,128.0,14.400329242741694,19.226714683905026,0,125,3.0,0.0,26.0,IMG20200717084327.jpg,fully_ripe
161.58448749693886,30.093845858437344,86,238,165.0,141.0,182.0,142.78123044270905,24.270142936841694,83,208,145.0,126.0,159.0,68.90710456858316,17.96801466964556,46,155,66.0,57.0,76.0,IMG20200717084327.jpg,fully_ripe
134.55129112133002,52.87299337960665,0,237,146.0,114.0,168.0,112.28826426491796,43.59275724648342,0,201,122.0,97.0,139.0,25.236605806644718,21.63254547825948,0,121,23.0,7.0,35.0,IMG20200717084327.jpg,fully_ripe
143.36286087453402,37.35493125673048,49,238,148.0,118.0,169.0,120.02650268019917,30.12031201706358,46,201,123.0,99.0,140.0,28.31706620228021,22.310016144950687,0,135,25.0,14.0,37.0,IMG20200717084327.jpg,fully_ripe
166.5017826833653,43.828041782265544,51,242,175.0,138.0,201.0,124.46070564131406,38.26272521495809,42,199,128.0,98.0,155.0,24.824061705952655,18.677178765226195,0,122,24.0,9.0,38.0,IMG20200717084342.jpg,fully_ripe
102.97501230302605,36.69150565590558,6,166,110.0,79.0,132.0,67.78039349596762,32.03766653321116,0,130,71.0,46.0,93.0,18.553093834426377,11.989283869893379,0,66,17.0,8.0,30.0,IMG20200717084342.jpg,fully_ripe
145.76514778696182,50.72485345989436,12,233,156.0,113.0,186.0,97.10936134740733,44.29759559396971,2,183,101.0,66.0,132.0,23.592513734194377,15.679549952505274,0,94,22.0,10.0,38.0,IMG20200717084342.jpg,fully_ripe
159.51206700880797,56.38283347411199,0,241,174.0,131.0,201.0,118.98360935632576,46.56363532204049,0,199,126.0,91.0,154.0,23.016410730247365,18.359740383163565,0,118,22.0,6.0,36.0,IMG20200717084342.jpg,fully_ripe
146.8573150277697,68.28933559870505,0,242,170.0,101.0,199.0,108.96580260924586,55.008551244684796,0,199,123.0,67.0,153.0,20.767096184555434,18.391453667486225,0,122,19.0,2.0,34.0,IMG20200717084342.jpg,fully_ripe
158.84480968372606,64.4878269100261,0,245,176.0,135.0,209.0,123.09889523952067,53.46995304654134,0,206,135.0,96.0,167.0,25.07103768907681,21.31930837321976,0,111,24.0,2.0,41.0,IMG20200717084347.jpg,fully_ripe
174.97016866072346,38.16902036911254,65,242,181.0,147.0,209.0,139.50717018549872,34.56758227046461,56,206,144.0,112.0,171.0,42.64705662248248,19.145177937180065,18,124,42.0,24.0,56.0,IMG20200717084347.jpg,fully_ripe
170.48213767878693,44.8669078606642,0,244,178.0,141.0,209.0,131.93803612688376,39.93444145741043,0,206,138.0,102.0,167.0,26.47297967278136,20.709299422474736,0,111,26.0,6.0,42.0,IMG20200717084347.jpg,fully_ripe
171.77320137323318,41.71523222623172,52,245,178.0,141.0,209.0,133.0169315534934,37.776972442294856,42,206,138.0,103.0,167.0,27.09110298313393,20.968189654587203,0,116,26.0,7.0,42.0,IMG20200717084347.jpg,fully_ripe
153.64692566019028,68.47049232693578,0,245,174.0,122.0,209.0,118.78334159643035,56.688425622862674,0,206,133.0,85.0,167.0,24.1845819964266,21.566343508317498,0,116,23.0,2.0,41.0,IMG20200717084347.jpg,fully_ripe
170.6598086124402,39.53914852481187,53,247,179.0,147.0,200.0,130.75682521812553,34.44970049569269,43,207,136.0,110.0,156.0,26.619429590017827,18.121710447481217,0,99,26.0,12.0,40.0,IMG20200717084352.jpg,fully_ripe
154.746955624355,64.96545452262511,0,246,177.0,132.0,199.0,118.582024580167,52.25715104591658,0,207,134.0,97.0,155.0,24.297654564218032,18.68212556148984,0,89,24.0,6.0,38.0,IMG20200717084352.jpg,fully_ripe
150.84669293554742,42.94999435722078,23,234,160.0,125.0,183.0,107.50196078431372,37.421325682282536,12,190,113.0,85.0,135.0,17.014316540013134,11.409513460305014,0,73,15.0,7.0,26.0,IMG20200717084352.jpg,fully_ripe
153.07679894924476,44.15306378706263,22,238,162.0,127.0,186.0,108.51382868937048,38.469145047821236,11,194,114.0,85.0,137.0,18.082728210901585,12.041761503271152,0,73,16.0,8.0,27.0,IMG20200717084352.jpg,fully_ripe
167.4274603621353,46.77471127656788,0,247,179.0,146.0,200.0,128.1951214935735,39.468531592282545,0,207,136.0,108.0,156.0,25.62360446570973,17.96587309409325,0,94,25.0,10.0,39.0,IMG20200717084352.jpg,fully_ripe
159.34397515286054,38.546461307138536,51,239,161.0,131.0,191.0,119.06810569770612,34.205492545798876,43,197,121.0,92.0,147.0,21.69189352338669,19.7590302322509,0,131,19.0,3.0,35.0,IMG20200717084358.jpg,fully_ripe
165.38452700860694,31.5788834211033,77,231,167.0,142.0,191.0,132.38854811699187,28.024699451696872,70,196,134.0,110.0,155.0,52.63568563305682,16.18068004492703,35,142,50.0,37.0,64.0,IMG20200717084358.jpg,fully_ripe
154.3925692253768,47.64369320087464,0,238,160.0,128.0,191.0,114.68316002648284,40.70881180608467,0,197,120.0,88.0,147.0,19.881830042450442,19.000171863871493,0,130,16.0,2.0,33.0,IMG20200717084358.jpg,fully_ripe
162.56889434123923,30.923630738230614,76,226,164.0,140.0,188.0,130.2677980293648,27.391773180780508,69,193,132.0,109.0,153.0,52.220985707053,15.831422729069692,35,140,50.0,37.0,63.0,IMG20200717084358.jpg,fully_ripe
140.1943470810453,64.61847081022246,0,239,154.0,111.0,191.0,103.47215406784282,51.786149561917554,0,197,112.0,72.0,146.0,17.751421505627604,19.31469164595482,0,131,11.0,0.0,31.0,IMG20200717084358.jpg,fully_ripe
128.9345171814257,79.13766300828786,0,242,161.0,66.0,191.0,96.33305006935083,60.64691276410021,0,201,119.0,42.0,144.0,12.632577311531774,14.920400330195879,0,116,6.0,0.0,23.0,IMG20200717084402.jpg,fully_ripe
99.60938873586122,31.298540523831267,0,162,104.0,80.0,123.0,64.70449705991521,26.33130499661502,0,128,67.0,48.0,83.0,29.221170563988355,12.038341786394966,0,63,31.0,21.0,41.0,IMG20200717084402.jpg,fully_ripe
153.1321572994198,61.608675397625014,0,242,171.0,136.0,194.0,115.46145656293345,47.968905817942726,0,201,127.0,100.0,147.0,15.3668463927797,15.66984293827837,0,116,11.0,1.0,26.0,IMG20200717084402.jpg,fully_ripe
167.94600402430208,36.9071417820345,50,242,173.0,145.0,195.0,126.7614428881205,31.106542640643582,39,201,129.0,107.0,148.0,17.627976713747096,17.531324473585144,0,125,14.0,3.0,27.0,IMG20200717084402.jpg,fully_ripe
166.21769325441014,41.29566868035429,0,242,173.0,145.0,195.0,125.01346969075388,34.59981310642749,0,200,129.0,106.0,148.0,16.46109515716267,16.33674476576072,0,121,13.0,2.0,26.0,IMG20200717084402.jpg,fully_ripe
164.85594075039987,51.34977189378729,0,247,170.0,137.0,204.0,126.17375536109046,41.523519496941674,0,203,129.0,102.0,156.0,21.064577581727978,17.89878420226495,0,116,20.0,4.0,33.0,IMG20200717084410.jpg,fully_ripe
135.93199947025803,81.7209821026809,0,247,161.0,79.0,202.0,102.82182333105816,63.57121448607223,0,204,119.0,56.0,154.0,18.170801030959343,17.750854651036892,0,117,16.0,0.0,31.0,IMG20200717084410.jpg,fully_ripe
167.9362374058944,44.405065729824784,51,247,170.0,138.0,204.0,128.6406923319852,36.57566893799658,45,204,129.0,103.0,157.0,22.34806083882601,18.767927023041622,0,118,21.0,5.0,34.0,IMG20200717084410.jpg,fully_ripe
204.15137376351097,46.593782088454944,71,255,211.0,173.0,251.0,162.43807622171738,42.99686512661369,64,251,163.0,132.0,196.0,37.45124845916403,22.096851595521564,11,150,36.0,17.0,51.0,IMG20200717084410.jpg,fully_ripe
163.32873544483044,53.12331237547781,0,247,169.0,136.0,204.0,124.65537229653324,43.18754440462651,0,203,129.0,101.0,156.0,20.107557991463004,17.455944573257362,0,111,19.0,3.0,32.0,IMG20200717084410.jpg,fully_ripe
158.20878763574882,46.80291790234261,0,247,167.0,137.0,190.0,116.76927578956496,38.31173625851434,0,212,123.0,98.0,142.0,25.16982420393211,22.35455184454835,0,134,23.0,3.0,41.0,IMG20200717084423.jpg,fully_ripe
109.33144386881408,30.95571642757514,12,181,112.0,90.0,131.0,73.1968764225175,26.091130014602545,5,150,75.0,57.0,90.0,17.475906617822382,11.513634156566173,0,89,17.0,7.0,29.0,IMG20200717084423.jpg,fully_ripe
158.18210391693583,46.83701116828145,0,248,167.0,137.0,190.0,116.74882405219691,38.33313186704639,0,211,123.0,98.0,142.0,25.163137016885962,22.356991497970593,0,134,23.0,3.0,41.0,IMG20200717084423.jpg,fully_ripe
196.49319359243924,32.106904182473215,95,255,200.0,177.0,220.0,158.86583356816163,27.28212635917435,88,239,161.0,142.0,177.0,74.56647085600329,20.44967219242987,50,176,74.0,55.0,88.0,IMG20200717084423.jpg,fully_ripe
126.70534107905404,76.65666009008129,0,248,152.0,66.0,186.0,93.48902087442828,58.4163977952959,0,212,110.0,44.0,137.0,19.43047276353153,22.053618987594355,0,135,10.0,0.0,35.0,IMG20200717084423.jpg,fully_ripe
119.04676702018475,40.12912889746897,4,188,131.0,89.0,150.0,78.11560041053711,35.82027544814473,0,151,88.0,50.0,106.0,22.53405177329228,14.964067968179261,0,77,21.0,9.0,37.0,IMG20200717084433.jpg,fully_ripe
140.6106967727221,35.469603942160724,39,202,151.0,114.0,168.0,104.42365149960087,31.65845954473611,32,169,113.0,80.0,129.0,22.577523092712966,17.774905430500677,0,103,20.0,4.0,35.0,IMG20200717084433.jpg,fully_ripe
171.40165355228646,42.04082620600382,51,244,184.0,140.0,204.0,128.51105029079713,37.53689906089857,43,205,139.0,99.0,158.0,30.0441213365264,22.771672120003384,0,127,29.0,9.0,46.0,IMG20200717084433.jpg,fully_ripe
162.4764055194435,59.28861101885312,0,244,184.0,135.0,204.0,121.40052457520812,49.297908024708384,0,205,138.0,90.0,158.0,27.758193636674648,22.94799356563103,0,121,26.0,4.0,45.0,IMG20200717084433.jpg,fully_ripe
156.7499030676246,64.31818925357123,0,244,180.0,126.0,203.0,117.12995780590717,51.57866456583424,0,205,134.0,86.0,155.0,26.53543163416581,21.744523854080967,0,100,25.0,4.0,43.0,IMG20200717084433.jpg,fully_ripe
169.0458077064606,37.056512621179294,50,241,177.0,144.0,197.0,131.19174683278138,33.822053040022936,44,204,136.0,107.0,157.0,29.566261893497344,19.178012239011927,0,136,29.0,17.0,39.0,IMG20200717084442.jpg,fully_ripe
167.42953267097724,41.052974963177896,0,240,177.0,143.0,197.0,129.70914156547337,36.67383676862634,0,203,136.0,106.0,157.0,28.58453451085528,18.368568564259004,0,134,29.0,16.0,38.0,IMG20200717084442.jpg,fully_ripe
140.96225621615937,31.029624584394465,41,201,148.0,120.0,164.0,109.26274509803922,28.328475342702912,36,170,113.0,89.0,131.0,24.23194028281554,15.953513715079632,0,113,24.0,14.0,32.0,IMG20200717084442.jpg,fully_ripe
99.83052094832571,86.82592280852646,0,241,125.0,0.0,180.0,76.44087683330704,68.24361464733738,0,204,88.0,0.0,138.0,17.727887294327918,20.330504510368932,0,118,11.0,0.0,31.0,IMG20200717084442.jpg,fully_ripe
133.47357409451718,37.91916943852683,12,207,142.0,108.0,162.0,94.75407664406245,34.60712711556971,6,169,100.0,70.0,121.0,17.376260316459025,12.818102931761086,0,100,15.0,7.0,26.0,IMG20200717084442.jpg,fully_ripe
161.94255848002996,42.49630053199077,0,234,172.0,138.0,194.0,127.95269388357339,37.90927951978666,0,201,135.0,105.0,157.0,26.12867309067384,17.52845117325297,0,120,26.0,12.0,38.0,IMG20200717084451.jpg,fully_ripe
109.5187783036535,86.58130841767084,0,235,142.0,0.0,189.0,85.87161065522604,69.5375866097642,0,201,108.0,0.0,149.0,18.75721565823374,19.281575411592442,0,110,16.0,0.0,34.0,IMG20200717084451.jpg,fully_ripe
161.30567378301384,43.83363630519791,0,235,172.0,138.0,194.0,127.38167228483549,38.90748982852212,0,201,135.0,105.0,157.0,25.847287956689026,17.476967865541674,0,117,26.0,12.0,38.0,IMG20200717084451.jpg,fully_ripe
163.12061470711748,39.88157888329373,52,235,172.0,139.0,194.0,129.09750644103192,35.87911602120527,42,201,135.0,106.0,157.0,27.0112817369789,18.28956558196364,0,123,26.0,13.0,39.0,IMG20200717084451.jpg,fully_ripe
127.14973838628032,34.60676649461681,31,190,135.0,106.0,154.0,97.63459203014517,31.141181620380507,22,160,103.0,78.0,122.0,14.438092319565982,11.175672259603612,0,92,12.0,6.0,19.0,IMG20200717084451.jpg,fully_ripe
152.86342491352232,37.08881087383667,50,240,154.0,126.0,180.0,111.94433620929586,31.591215759325895,42,196,112.0,91.0,131.0,18.51290207148821,17.693907802299687,0,140,16.0,3.0,29.0,IMG20200717084524.jpg,fully_ripe
120.6348852928313,37.92067852495015,15,210,122.0,93.0,148.0,78.80273150172955,32.272137599911424,7,165,79.0,57.0,98.0,21.197268498270446,12.805703976186003,0,107,21.0,10.0,34.0,IMG20200717084524.jpg,fully_ripe
145.82386386227188,51.339905549478225,0,240,154.0,123.0,180.0,106.37069102620174,40.55965031143572,0,195,111.0,88.0,130.0,16.69142380024651,15.999049015655283,0,134,14.0,2.0,28.0,IMG20200717084524.jpg,fully_ripe
152.82018607610036,37.11317487972783,35,240,154.0,126.0,180.0,111.89279750308138,31.590873195661285,36,195,112.0,91.0,131.0,18.4560554252316,17.469251607038608,0,133,16.0,3.0,29.0,IMG20200717084524.jpg,fully_ripe
144.8929963023339,42.51393191922224,27,245,146.0,114.0,176.0,97.98457317800485,36.214314052049495,18,194,98.0,74.0,120.0,18.296121426583436,12.502433164079383,1,130,18.0,7.0,28.0,IMG20200717084524.jpg,fully_ripe
147.26676485431494,53.21314397789205,0,240,164.0,121.0,184.0,112.0294974920952,45.44176230104658,0,199,128.0,84.0,143.0,19.768768088327686,19.18715687892677,0,133,17.0,2.0,33.0,IMG20200717084527.jpg,fully_ripe
148.5343021639047,50.110559998051244,0,240,163.0,122.0,184.0,112.97893771950604,43.445952880125446,0,199,127.0,85.0,143.0,20.30853923557826,19.64729214412775,0,136,17.0,2.0,34.0,IMG20200717084527.jpg,fully_ripe
148.65783321145705,52.010179620977944,0,240,164.0,125.0,184.0,113.48304203186636,43.477810855142394,0,199,127.0,89.0,143.0,19.729259575870557,18.091883933602638,0,119,17.0,2.0,33.0,IMG20200717084527.jpg,fully_ripe
156.27056533426713,37.167153260085605,50,240,164.0,130.0,184.0,119.75133119792363,33.83174948836414,41,199,128.0,95.0,143.0,22.185481960594483,20.091751540528715,0,136,20.0,3.0,35.0,IMG20200717084527.jpg,fully_ripe
137.25474545023843,37.13687505375956,31,220,145.0,111.0,165.0,100.75133119792363,33.83174948836414,22,180,109.0,76.0,124.0,15.699329508821439,12.4822989729661,0,117,15.0,7.0,18.0,IMG20200717084527.jpg,fully_ripe
163.0697446586764,42.19056018989924,42,255,166.0,133.0,196.0,127.16863991662323,38.75013345133391,35,215,129.0,99.0,158.0,21.978238665971862,17.976155987266182,0,129,14.0,11.0,30.0,IMG20200717084536.jpg,fully_ripe
156.57889525794684,37.73616567323094,13,240,159.0,130.0,186.0,124.82323084940073,34.53263552488117,12,202,127.0,100.0,152.0,24.447107868681606,21.755370955789466,0,123,22.0,3.0,39.0,IMG20200717084536.jpg,fully_ripe
156.77531005732152,37.34845521471739,50,240,159.0,130.0,186.0,124.99271495570609,34.30032153497012,43,203,127.0,100.0,152.0,24.5533507034914,22.01571715744768,0,127,22.0,3.0,39.0,IMG20200717084536.jpg,fully_ripe
142.91413236060447,59.155536724241465,0,240,158.0,115.0,186.0,113.12807712350182,50.64393837997802,0,203,124.0,87.0,152.0,20.89980198019802,20.746031896739378,0,108,17.0,1.0,36.0,IMG20200717084536.jpg,fully_ripe
145.30686816050027,56.52415353657577,0,240,157.0,122.0,186.0,115.60422094841063,48.50952677051038,0,202,124.0,93.0,152.0,22.1162688900469,21.837578204247006,0,125,18.0,1.0,37.0,IMG20200717084536.jpg,fully_ripe
150.91708301008535,49.042257691049585,0,242,161.0,124.0,184.0,121.64726144297906,42.39139954325967,0,206,132.0,94.0,151.0,21.098536333074733,20.838266540095916,0,123,16.0,2.0,35.0,IMG20200717084540.jpg,fully_ripe
155.9985621929144,38.271275495591,52,242,161.0,126.0,184.0,125.63231445565037,34.93169073834777,45,206,132.0,97.0,151.0,22.44791311093871,21.470411792370342,0,123,17.0,3.0,37.0,IMG20200717084540.jpg,fully_ripe
204.9647892423067,41.22872555811575,85,255,214.0,172.0,241.0,171.85874321179207,41.082391182139204,77,255,179.0,138.0,202.0,50.443599689681925,25.287570420341368,24,169,44.0,28.0,68.0,IMG20200717084540.jpg,fully_ripe
150.75760020687872,48.359641567524214,0,241,160.0,122.0,184.0,121.28784070338764,41.91660162969486,0,205,131.0,93.0,151.0,20.858267390742178,20.405934725404272,0,95,15.0,2.0,34.0,IMG20200717084540.jpg,fully_ripe
183.22638738039825,32.450795723934895,95,255,187.0,158.0,207.0,157.4846651150763,29.616446136020095,89,226,163.0,133.0,179.0,70.03250064649599,18.17369798651275,51,155,65.0,54.0,82.0,IMG20200717084540.jpg,fully_ripe
208.54887188580722,37.412471819544734,98,255,216.0,184.0,240.0,173.77300559403565,34.92992302165698,89,255,177.0,150.0,199.0,66.7312217726529,19.635833778403683,43,171,64.0,49.0,80.0,IMG20200717084543.jpg,fully_ripe
150.04329254553113,48.53671516731142,0,238,160.0,129.0,184.0,117.20548039148453,40.87467674426904,0,208,123.0,97.0,146.0,20.4891205313844,17.166021810684487,0,97,18.0,4.0,33.0,IMG20200717084543.jpg,fully_ripe
148.9372018065502,50.980564458241055,0,239,162.0,129.0,184.0,116.26500641697609,42.98214456569508,0,208,124.0,96.0,146.0,20.733857141457584,17.930082441766096,0,120,18.0,4.0,33.0,IMG20200717084543.jpg,fully_ripe
156.04136255425038,36.72657049268771,51,239,162.0,132.0,184.0,122.31894820373654,32.68095401671238,43,208,125.0,100.0,146.0,22.23725177079149,18.345062368759475,0,120,20.0,6.0,35.0,IMG20200717084543.jpg,fully_ripe
155.99860883877224,36.753729266506966,29,238,162.0,132.0,184.0,122.27611611297797,32.68358617204829,28,208,125.0,100.0,146.0,22.193175472455987,18.181401249246637,0,109,20.0,6.0,34.0,IMG20200717084543.jpg,fully_ripe
161.28045217833102,55.32469373090344,0,245,177.0,134.0,202.0,127.21850726436018,47.35832950879231,0,203,139.0,104.0,162.0,30.67129136581696,21.821825113172192,0,137,32.0,10.0,47.0,IMG20200717084601.jpg,fully_ripe
169.87697974577182,40.7743876095125,51,245,178.0,142.0,202.0,134.53321478470724,35.54632883543564,39,203,140.0,110.0,162.0,32.979657837399486,21.338264999565958,0,137,34.0,16.0,48.0,IMG20200717084601.jpg,fully_ripe
163.58346442075643,52.88172853474679,0,244,177.0,138.0,202.0,129.25584031109244,44.67233946670035,0,202,139.0,106.0,162.0,30.846153846153847,21.010411027094065,0,132,33.0,12.0,47.0,IMG20200717084601.jpg,fully_ripe
112.11285894341908,37.47669940422859,3,181,120.0,86.0,142.0,79.64096376124827,32.631936897806064,0,143,85.0,57.0,105.0,18.995046360980567,14.498471423288267,0,82,15.0,7.0,31.0,IMG20200717084601.jpg,fully_ripe
223.92144525105277,36.67353902694625,103,255,239.0,201.0,255.0,192.87034558227242,38.048305136826485,91,255,199.0,167.0,222.0,84.10187691135233,22.843556762565285,49,196,85.0,66.0,100.0,IMG20200717084601.jpg,fully_ripe
150.27653882306763,61.5600350734056,0,254,165.0,126.0,193.0,113.73380091105349,49.76310852953981,0,208,123.0,89.0,149.0,22.834089101445084,21.678448287961412,0,111,18.0,2.0,39.0,IMG20200717084608.jpg,fully_ripe
160.49605933210069,46.832426915863664,0,252,166.0,135.0,194.0,121.63891499932859,39.718549509927584,0,208,125.0,99.0,150.0,24.658148350910537,21.419220920927618,0,111,22.0,4.0,40.0,IMG20200717084608.jpg,fully_ripe
184.6267159723585,40.11966048032593,69,255,188.0,157.0,215.0,144.2986230903513,35.347304164952064,61,231,145.0,120.0,170.0,43.21581225273987,22.900373823203346,16,132,41.0,21.0,59.0,IMG20200717084608.jpg,fully_ripe
157.60237989484665,53.35556244434101,0,254,167.0,135.0,194.0,119.64105318610488,44.05289192391507,0,209,125.0,98.0,150.0,24.439113323899143,21.827723034303293,0,113,21.0,3.0,40.0,IMG20200717084608.jpg,fully_ripe
198.7171189224365,41.94863230927943,74,255,203.0,170.0,234.0,155.89210936773713,38.716697936390254,65,251,157.0,129.0,184.0,45.196992077346586,25.073038953742657,15,143,42.0,21.0,63.0,IMG20200717084608.jpg,fully_ripe
145.64774074831323,40.68927740265296,31,216,155.0,116.0,177.0,101.01357595583725,35.10412032310558,20,177,106.0,75.0,126.0,13.496636679615621,10.090405031581524,0,110,12.0,6.0,20.0,IMG20200717084620.jpg,fully_ripe
162.0911572275608,55.15631660479812,0,241,178.0,133.0,201.0,118.67576160294418,44.60453724340643,0,201,128.0,91.0,149.0,20.773032099775097,15.84088772022787,0,85,20.0,6.0,33.0,IMG20200717084620.jpg,fully_ripe
169.48725209568596,41.05578746726185,54,241,179.0,140.0,201.0,124.55572480065426,35.51383966354299,43,201,130.0,98.0,150.0,23.271222653854018,17.234439255761874,0,134,23.0,9.0,34.0,IMG20200717084620.jpg,fully_ripe
126.6902167245962,42.35056010361389,8,200,137.0,96.0,159.0,80.34649355959927,36.62599073296506,0,159,86.0,53.0,107.0,26.208495195256592,14.5445749685254,0,90,25.0,14.0,40.0,IMG20200717084620.jpg,fully_ripe
137.3600592925782,78.3864810701044,0,241,169.0,96.0,199.0,100.2078613780413,60.00196672257146,0,201,120.0,63.0,146.0,18.918554487834797,16.761257343549918,0,90,18.0,1.0,32.0,IMG20200717084620.jpg,fully_ripe
166.65708414518585,44.87975137931402,51,254,174.0,129.0,205.0,131.1313231332716,39.492294147752006,40,211,135.0,100.0,164.0,33.38975309036318,22.614716848841585,0,135,34.0,14.0,50.0,IMG20200717084648.jpg,fully_ripe
163.10008411324412,50.97445296763946,0,254,172.0,127.0,205.0,128.00807061253607,44.00766073839404,0,211,133.0,98.0,164.0,31.734947455840548,21.642785684539284,0,110,33.0,12.0,49.0,IMG20200717084648.jpg,fully_ripe
135.77128650674504,36.60161119620717,41,207,142.0,105.0,167.0,106.7951256907401,32.20937981135506,32,172,110.0,81.0,134.0,27.08458172293736,18.434767538445865,0,110,28.0,11.0,41.0,IMG20200717084648.jpg,fully_ripe
117.48352338667604,88.19789555711273,0,254,140.0,0.0,198.0,93.87553369321026,71.4172026119667,0,211,113.0,0.0,159.0,24.951022667986926,24.77152220065554,0,126,22.0,0.0,45.0,IMG20200717084648.jpg,fully_ripe
165.73868463921806,46.81382009797022,0,253,174.0,129.0,205.0,130.27108953269237,41.01619435196901,0,210,135.0,99.0,164.0,32.76504722053641,22.361157904557317,0,125,34.0,13.0,49.0,IMG20200717084648.jpg,fully_ripe
54.597494363479996,75.8355085342283,0,247,0.0,0.0,116.0,42.085303209910975,58.90336094189971,0,201,0.0,0.0,89.0,9.09169513980894,17.328265711503672,0,127,0.0,0.0,10.0,IMG20200717084659.jpg,fully_ripe
151.20311228877577,43.31884400946385,41,233,160.0,119.0,184.0,114.74513632243219,36.23634586352397,26,189,119.0,88.0,141.0,22.597447876717105,17.287397315331948,0,115,20.0,8.0,33.0,IMG20200717084659.jpg,fully_ripe
157.16064663087187,57.53679916000502,0,248,173.0,127.25,198.0,121.03940915324361,46.49697024693598,0,203,130.0,96.0,154.0,27.21393208283941,19.77279186110794,0,121,28.0,9.0,41.0,IMG20200717084659.jpg,fully_ripe
156.68801571252587,58.234186758500954,0,248,172.0,127.0,198.0,120.68495920786556,46.98974680395598,0,203,130.0,95.0,154.0,27.09637868117054,19.773061581188767,0,120,28.0,9.0,41.0,IMG20200717084659.jpg,fully_ripe
164.09633219440764,44.62854076845852,51,248,173.0,131.0,198.0,126.55378518466867,37.291703315370974,35,203,131.0,99.0,154.0,29.229900285893592,20.56316567411863,0,127,29.0,13.0,42.0,IMG20200717084659.jpg,fully_ripe
146.9327207582062,60.96464071544095,0,255,154.0,102.0,200.0,119.10669209431346,50.60840272902457,0,220,124.0,83.0,162.0,30.05856449375867,23.807557030740504,0,155,29.0,7.0,48.0,IMG20200717084705.jpg,fully_ripe
110.66945214979195,49.76907418320674,4,209,115.0,66.0,155.0,81.91747572815534,41.25852225344358,0,175,83.0,46.0,118.0,22.455039297272307,16.52318489855106,0,113,19.0,9.0,36.0,IMG20200717084705.jpg,fully_ripe
152.05902681460933,57.193336447969166,0,254,160.0,108.0,201.0,123.77994683310217,47.444665850905324,0,220,128.0,89.0,164.0,32.398705501618124,24.46926427790755,0,149,32.0,10.0,50.0,IMG20200717084705.jpg,fully_ripe
94.05607951918631,82.96137705033026,0,255,93.0,0.0,172.0,77.56959084604716,68.36873278194443,0,221,79.0,0.0,139.0,21.781622746185853,25.160594677092366,0,154,10.0,0.0,43.0,IMG20200717084705.jpg,fully_ripe
156.66945214979197,49.76907418320674,50,255,161.0,112.0,201.0,127.91373092926491,41.26595659207245,41,221,129.0,92.0,164.0,34.50314378178456,25.398163833856774,0,159,34.0,13.0,51.0,IMG20200717084705.jpg,fully_ripe
166.1734352547643,40.481256507245185,77,250,166.0,134.0,200.0,144.55690089750536,35.76434229020828,70,221,146.0,116.0,174.0,70.50095404112977,21.83540145750638,35,148,71.0,53.0,87.0,IMG20200717084709.jpg,fully_ripe
145.56854962191704,60.87200475400166,0,251,152.0,109.0,194.0,121.49740877717839,52.61122841267765,0,218,129.0,89.0,162.0,39.38478481072295,26.516318560401338,0,125,41.0,15.0,60.0,IMG20200717084709.jpg,fully_ripe
146.88717580269017,59.152704718591586,0,252,152.0,110.0,194.0,122.58579303196626,51.28006972643324,0,218,129.0,90.0,162.0,39.71480059362559,26.35681963582792,0,125,41.0,16.0,60.0,IMG20200717084709.jpg,fully_ripe
155.96415867706295,38.28777617983,72,235,156.0,125.0,188.0,135.51763209347249,33.82557294057827,65,207,137.0,108.0,163.0,65.45008362582742,20.664187492485148,32,139,66.0,49.0,81.0,IMG20200717084709.jpg,fully_ripe
93.61996183835481,83.6658973299035,0,252,97.0,0.0,166.0,76.91928340910697,70.32724014779426,0,218,73.0,0.0,139.0,25.75744976561212,28.72758687256806,0,118,13.0,0.0,50.0,IMG20200717084709.jpg,fully_ripe
131.53441969825616,34.58124794501418,22,196,138.0,114.0,158.0,101.39715455119413,29.459801410729877,19,164,106.0,86.0,124.0,17.417238151220257,12.480194076138499,0,99,16.0,8.0,24.0,IMG20200717084715.jpg,fully_ripe
164.95297498530468,48.8888422836098,0,241,177.0,147.0,200.0,132.73834715781683,41.010372181471475,0,206,142.0,117.0,162.0,34.32418958047591,20.989455337987938,0,132,35.0,18.0,50.0,IMG20200717084715.jpg,fully_ripe
166.51631724468248,46.25943751012881,0,242,178.0,148.0,200.0,134.01261620185923,39.02533252502488,0,206,142.0,118.0,163.0,34.71459517122766,20.83914067165581,0,131,36.0,19.0,50.0,IMG20200717084715.jpg,fully_ripe
191.91637820303487,44.463451701239606,51,255,200.0,170.0,226.0,153.1138397230749,38.04895650148152,47,235,159.0,133.0,183.0,35.424988570308926,23.03487732318373,0,150,35.0,16.0,51.0,IMG20200717084715.jpg,fully_ripe
79.84405547210066,86.26377840966421,0,235,1.0,0.0,173.0,63.024840528596,68.6913357821928,0,196,0.0,0.0,135.0,16.125857226830384,20.95747291713551,0,118,0.0,0.0,33.0,IMG20200717084715.jpg,fully_ripe
132.48016910555393,34.83297915402129,27,191,144.0,109.0,159.0,101.60953907139543,30.527620169773478,19,161,111.0,81.0,124.0,19.34605490659132,12.795731708058314,0,88,17.0,10.0,26.0,IMG20200717084719.jpg,fully_ripe
121.74843967444018,85.2974174121792,0,237,158.0,0.0,196.0,95.5912263315481,68.87418600808884,0,203,123.0,0.0,156.0,25.373518744992197,23.96809482375901,0,112,25.0,0.0,45.0,IMG20200717084719.jpg,fully_ripe
159.26493906296125,58.763724042744784,0,237,183.0,135.0,200.0,125.58045165099313,49.48301007520764,0,203,144.0,102.0,160.0,33.25881373086493,20.999906968073585,0,116,36.0,17.0,48.0,IMG20200717084719.jpg,fully_ripe
173.49445451861848,44.27304791301362,40,248,188.0,143.0,207.0,134.25509214354994,38.79929310153406,30,210,146.0,108.0,162.0,27.70945262092523,17.949896708682207,0,117,26.0,14.0,39.0,IMG20200717084719.jpg,fully_ripe
170.04852823345843,39.74074907789467,50,237,183.0,143.0,200.0,134.81715725551385,34.82442754126715,41,203,145.0,111.0,160.0,36.0132522245182,20.18666640815784,0,119,38.0,22.0,49.0,IMG20200717084719.jpg,fully_ripe
121.74242063113738,73.79544590487274,0,251,139.0,67.0,184.0,95.08542282391076,58.86775190082727,0,215,107.0,49.0,142.0,23.640373248164742,21.35385640861522,0,125,23.0,1.0,38.0,IMG20200717084723.jpg,fully_ripe
195.81303031747544,43.636632619472365,88,255,201.0,164.0,233.0,162.00058394508534,37.51626986353489,76,255,162.0,134.0,191.0,67.09732815330347,22.20706656509995,36,173,66.0,50.0,79.0,IMG20200717084723.jpg,fully_ripe
148.73647392506436,52.89791835261082,0,251,158.0,116.0,190.0,116.04864620078177,43.723365757388315,0,214,121.0,89.0,149.0,27.402230908570886,20.427199334864586,0,129,27.0,10.0,40.0,IMG20200717084723.jpg,fully_ripe
98.25922394889885,40.43522185623997,0,188,102.0,69.0,131.0,67.08690056249404,33.64162194739052,0,154,67.0,42.0,94.0,23.133306320907618,14.322976808005146,0,77,21.0,11.0,34.0,IMG20200717084723.jpg,fully_ripe
149.9705524835542,52.94851364924291,0,250,159.0,122.0,190.0,117.41526837639432,43.59035143446256,0,214,122.0,94.0,150.0,28.67041662694251,21.09690454268555,0,131,28.0,12.0,41.0,IMG20200717084723.jpg,fully_ripe
156.96181929587175,49.930264730169824,0,248,170.0,126.0,196.0,113.37712221399576,40.11448258827129,0,197,122.0,86.0,144.0,21.306990221859124,18.411830683111276,0,121,20.0,4.0,35.0,IMG20200717090609.jpg,fully_ripe
147.5071485103015,65.24480522586917,0,248,170.0,120.0,196.0,106.95732594653936,49.858685689139584,0,197,122.0,81.0,144.0,20.460938497281013,18.934661857042855,0,131,19.0,2.0,34.0,IMG20200717090609.jpg,fully_ripe
172.258699481733,36.69412899654067,75,249,180.0,144.0,203.0,133.11226990732467,30.43798244268924,66,204,139.0,109.0,158.0,50.355600091909416,17.51507414664804,30,146,48.0,34.0,62.0,IMG20200717090609.jpg,fully_ripe
161.16933033776712,41.50924256258849,51,248,170.0,129.0,196.0,116.89432969950727,34.44120571632498,41,197,123.0,90.0,145.0,23.233296739768694,19.863952461131177,0,131,21.0,5.0,36.0,IMG20200717090609.jpg,fully_ripe
154.55129056141337,54.077860787713064,0,248,170.0,124.0,196.0,111.62360540223136,42.75586419859995,0,197,122.0,85.0,144.0,21.004340166968777,18.469477048071997,0,121,19.0,3.0,34.0,IMG20200717090609.jpg,fully_ripe
156.90701986393816,43.82782835011312,51,255,160.0,123.0,191.0,114.99824128481643,36.493290515798414,43,209,116.0,84.0,142.0,22.826323467259268,20.630318370197255,0,153,20.0,7.0,33.0,IMG20200717090617.jpg,fully_ripe
196.7737801469686,47.110955308754455,75,255,203.0,160.0,240.0,150.48840474989433,42.96506616426493,66,255,152.0,114.0,182.0,41.934654869187035,24.320159268454862,15,195,39.0,23.0,54.0,IMG20200717090617.jpg,fully_ripe
149.51391293678168,56.88750367316096,0,255,159.0,118.0,191.0,108.82569632851164,45.40367272831125,0,209,114.0,79.0,142.0,19.56265252423346,18.14883205934577,0,147,17.0,4.0,30.0,IMG20200717090617.jpg,fully_ripe
151.0705122087554,54.40173355976546,0,255,159.0,119.0,190.0,110.04880775470694,43.74533585774275,0,209,114.0,81.0,142.0,19.988261598658468,18.52701049379367,0,150,17.0,4.0,30.0,IMG20200717090617.jpg,fully_ripe
121.0222225251878,44.00971644473933,14,220,124.0,87.0,155.0,78.97057901266548,36.54300170240143,6,173,80.0,48.0,106.0,21.012638209109873,13.79556828066761,0,117,20.0,10.0,32.0,IMG20200717090617.jpg,fully_ripe
128.23823190229072,35.34477743160335,28,197,136.0,103.0,154.0,91.9085941185721,29.49705381794042,23,156,95.0,70.0,113.0,13.702495151229229,12.086894487782981,0,109,13.0,6.0,16.0,IMG20200717090624.jpg,fully_ripe
153.5086753682445,55.38709926996581,0,240,169.0,128.0,191.0,114.12162551763905,44.06831258219975,0,194,124.0,91.0,144.0,19.054515909210043,17.593055749414415,0,141,16.0,3.0,31.0,IMG20200717090624.jpg,fully_ripe
159.3492949625203,47.74230538076863,0,239,172.0,134.0,192.0,118.84113068092468,38.982920560745114,0,193,126.0,95.0,146.0,20.63534622844263,18.626372462610835,0,135,18.0,4.0,32.0,IMG20200717090624.jpg,fully_ripe
162.949245164334,39.84848683654708,50,240,172.0,135.0,192.0,121.98920165644493,33.25879379436261,44,194,126.0,97.0,146.0,22.71999004036274,20.137819955667155,0,141,20.0,6.0,34.0,IMG20200717090624.jpg,fully_ripe
100.88288252869948,34.888789146797166,2,168,109.0,76.0,126.0,65.02637993395187,29.136251650837913,0,128,69.0,43.0,86.0,24.87334224458772,13.191226275740283,0,82,25.0,14.0,37.0,IMG20200717090624.jpg,fully_ripe
154.27844957757728,53.01557734676525,0,234,169.0,136.0,187.0,120.06109842387032,42.094624734596614,0,194,129.0,104.0,145.0,28.58840926958931,18.71079982541013,0,117,29.0,15.0,41.0,IMG20200717090635.jpg,fully_ripe
162.40240600002497,37.85354170413309,50,235,170.0,141.0,187.0,126.68390051539316,30.604863528884025,45,194,131.0,108.0,145.0,31.4173686246615,19.15081651474522,0,129,31.0,19.0,43.0,IMG20200717090635.jpg,fully_ripe
156.68249035977686,49.88266599149074,0,234,170.0,138.0,187.0,122.1327792544894,39.66396091949966,0,193,131.0,107.0,145.0,29.23765489873086,19.062817569580204,0,127,29.0,16.0,41.0,IMG20200717090635.jpg,fully_ripe
201.5437335429848,41.508034167802286,75,255,211.0,178.0,230.0,162.03063656670784,34.71920694734377,69,238,167.0,141.0,183.0,53.93059039347086,21.746556208325227,18,165,53.0,40.0,67.0,IMG20200717090635.jpg,fully_ripe
117.23300013727179,32.69202892334869,20,180,124.0,99.0,138.0,86.3879175870116,26.43319212347222,16,145,90.0,70.0,102.0,13.200491682577715,10.771253556055031,0,88,11.0,5.0,19.0,IMG20200717090635.jpg,fully_ripe
111.19644652607197,88.14641566792952,0,239,136.0,0.0,196.0,84.16840819131741,67.53810215581903,0,194,100.0,0.0,148.0,22.651258097771443,23.63160546311153,0,124,16.0,0.0,43.0,IMG20200717090643.jpg,fully_ripe
155.23676674600043,54.961625874762106,0,239,164.0,131.0,198.0,117.95742704051113,42.935734483189904,0,194,123.0,97.0,151.0,30.805806213488438,21.347312884411984,0,120,32.0,12.0,48.0,IMG20200717090643.jpg,fully_ripe
152.5082536813837,41.480831361891504,37,231,154.0,122.0,190.0,112.0145855341029,33.44890397667292,29,185,113.0,87.0,141.0,23.433442364231077,16.10656066620599,0,112,19.0,12.0,34.0,IMG20200717090643.jpg,fully_ripe
153.23058125771595,57.741805199977485,0,239,164.0,129.0,198.0,116.48138626210688,44.90023269396165,0,194,123.0,95.0,151.0,30.306258034134732,21.506779574449425,0,118,32.0,10.0,47.0,IMG20200717090643.jpg,fully_ripe
98.78453882475722,35.30136970725228,1,166,100.0,73.0,130.0,64.32410176782783,28.45417576511818,0,126,65.0,43.0,89.0,19.703402018556464,14.326305512052866,0,64,17.0,7.0,31.0,IMG20200717090643.jpg,fully_ripe
154.90611774166243,36.992057925610375,60,230,159.0,130.0,183.0,119.72347426781785,30.883509153481967,53,188,121.0,99.0,142.0,38.932040375825295,15.969870459028137,15,137,37.0,28.0,48.0,IMG20200717090654.jpg,fully_ripe
152.75151303538175,53.188727651163966,0,244,162.0,127.0,190.0,113.92395674623329,42.51597286918407,0,195,119.0,92.0,143.0,24.634469696969695,17.098638413378772,0,134,24.0,12.0,36.0,IMG20200717090654.jpg,fully_ripe
158.58393643135264,42.05130230170883,51,244,163.0,130.0,190.0,118.59447477568986,35.08590880457636,43,196,120.0,95.0,144.0,26.811198577958354,18.1119798705786,0,138,25.0,14.0,37.0,IMG20200717090654.jpg,fully_ripe
151.4764262739123,55.71151393770278,0,244,163.0,126.0,190.0,112.61022938886067,45.09742989333711,0,195,120.0,90.0,144.0,24.08554469273743,17.983289888167594,0,133,23.0,10.0,36.0,IMG20200717090654.jpg,fully_ripe
205.84549051972238,44.89022060516992,81,255,215.0,176.0,248.0,162.11992127983748,41.97094687852183,72,255,164.0,134.0,193.0,52.34164973759946,21.712699045366403,20,185,50.0,37.0,65.0,IMG20200717090654.jpg,fully_ripe
191.6353428770802,39.65584125253935,81,255,196.0,162.0,221.0,158.30473028694678,36.08621912524815,74,238,161.0,134.0,183.0,66.25513311200862,20.985071987344615,34,186,65.0,52.0,79.0,IMG20200717090706.jpg,fully_ripe
162.8260134063564,41.58995598535529,48,250,167.0,132.0,193.0,128.0626652005667,37.185292423627565,41,210,131.0,103.0,154.0,33.17509674145186,21.633841148947372,0,157,32.0,18.0,46.0,IMG20200717090706.jpg,fully_ripe
151.61288617284472,62.47039976689537,0,250,167.0,128.0,193.0,119.10864646550084,51.896400682993296,0,210,130.0,97.0,154.0,30.015066291683407,21.687438941229285,0,134,31.0,12.0,44.0,IMG20200717090706.jpg,fully_ripe
160.4207565921634,46.915928299554544,0,250,167.0,131.0,193.0,126.04637245987608,40.85507815478655,0,210,131.0,102.0,154.0,32.17726417288702,20.69906190994354,0,141,32.0,17.0,45.0,IMG20200717090706.jpg,fully_ripe
106.37823264468926,37.10590328888417,4,184,110.0,79.0,133.0,75.36552409549385,33.17503703713001,0,148,78.0,53.0,99.0,17.230434966484108,12.715796936113358,0,101,15.0,7.0,25.0,IMG20200717090706.jpg,fully_ripe
180.39546683344093,38.9373807638783,78,255,183.0,153.0,213.0,148.2223107650097,33.97455535079147,72,230,150.0,124.0,174.0,57.036535668173016,19.971183865671765,29,166,56.0,41.0,70.0,IMG20200717090711.jpg,fully_ripe
109.49177897030341,81.31978401242341,0,242,135.0,0.0,182.0,85.0817261136217,64.78601442889425,0,208,105.0,0.0,141.0,19.216157601678503,20.81442784948548,0,142,13.0,0.0,36.0,IMG20200717090711.jpg,fully_ripe
146.5890292123951,58.62517732957348,0,242,158.0,124.0,190.0,115.33965461588122,48.305451987473944,0,207,124.0,94.0,149.0,25.976527194964493,20.37668352672743,0,138,26.0,7.0,40.0,IMG20200717090711.jpg,fully_ripe
156.28399370561652,40.850926313772995,4,242,159.0,128.0,190.0,122.98410264686895,35.46040202853904,4,207,125.0,98.0,150.0,28.62223612007747,20.312278886589368,0,139,28.0,12.0,41.0,IMG20200717090711.jpg,fully_ripe
156.52892995480954,40.39762835943161,50,242,159.0,128.0,190.0,123.17765493867012,35.2026250981864,44,208,125.0,98.0,150.0,28.717065445448675,20.624814143351273,0,142,28.0,12.0,42.0,IMG20200717090711.jpg,fully_ripe
93.79834774293404,77.8672883266977,0,239,105.0,0.0,164.0,75.41522324201229,63.07013378616212,0,203,87.0,0.0,129.0,18.98289578753315,21.305620544915868,0,135,11.0,0.0,36.0,IMG20200717090721.jpg,fully_ripe
144.79302424164752,48.54972742299914,0,238,152.0,118.0,179.0,117.93876987686939,39.280565314125425,0,203,122.0,99.0,144.0,28.27660518351292,20.605046680239887,0,132,28.0,10.0,43.0,IMG20200717090721.jpg,fully_ripe
138.88471662213985,57.29196567991527,0,238,152.0,112.0,179.0,113.13596616619182,46.392304892071174,0,202,122.0,95.0,144.0,27.162021747488588,21.112759043382475,0,133,27.0,7.0,42.0,IMG20200717090721.jpg,fully_ripe
149.45321726786085,39.33736653905483,51,239,153.0,120.0,179.0,121.92457387343869,31.747328372110008,44,203,123.0,101.0,145.0,30.053373029565147,21.20858797688064,0,135,29.0,13.0,44.0,IMG20200717090721.jpg,fully_ripe
100.22248292043338,31.84759303166353,21,173,103.0,76.0,124.0,77.93789248499068,25.698513264858878,15,144,79.0,61.0,97.0,14.015398720388024,10.545855066001382,0,89,13.0,6.0,20.0,IMG20200717090721.jpg,fully_ripe
156.4067678285742,41.738895389507086,50,237,163.0,124.0,191.0,119.43842536481311,34.64381038379533,44,192,122.0,94.0,147.0,29.64030639453144,16.169198407161353,0,117,30.0,19.0,39.0,IMG20200717090728.jpg,fully_ripe
152.08904833470694,50.94865698635994,0,236,163.0,123.0,191.0,115.54104814078634,41.64200250288922,0,191,122.0,91.0,147.0,27.867920686478886,16.18779858276703,0,112,29.0,17.0,38.0,IMG20200717090728.jpg,fully_ripe
122.93700489649488,36.86910723382715,29,194,129.0,94.0,153.0,90.28150482377467,30.606877620580764,24,154,93.0,68.0,115.0,14.580569156930236,10.557109675592182,0,88,13.0,7.0,19.0,IMG20200717090728.jpg,fully_ripe
138.3716778979008,33.89690515514234,52,204,144.0,112.0,166.0,108.34392786154069,28.126550468805878,47,167,110.0,88.0,131.0,35.409792989770686,13.16212162859917,11,106,36.0,27.0,43.0,IMG20200717090728.jpg,fully_ripe
114.08722548116546,78.85818145548009,0,237,133.0,0.0,184.0,86.95259611189218,61.27718518008339,0,192,99.0,0.0,140.0,21.42067193484268,18.615132715606237,0,104,23.0,0.0,36.0,IMG20200717090728.jpg,fully_ripe
130.40025593070183,52.9202248649542,0,254,141.0,108.0,165.0,101.37690717590314,42.07505050770883,0,207,108.0,85.0,128.0,22.558047051875185,18.8856025278047,0,127,22.0,5.0,34.0,IMG20200717090742.jpg,fully_ripe
132.17295993700168,29.38444242200087,57,224,134.0,111.0,152.0,106.93088886701447,23.86406234299472,51,185,107.0,90.0,122.0,37.72210847524363,16.825795987556415,16,135,37.0,26.0,46.0,IMG20200717090742.jpg,fully_ripe
142.21837779308987,35.90914428469144,33,254,145.0,117.0,167.0,111.39162319125899,29.143298481062374,32,207,112.0,91.0,130.0,26.774731764937492,20.362127086204854,0,143,26.0,12.0,37.0,IMG20200717090742.jpg,fully_ripe
130.7602126193523,55.035538615283414,0,255,144.0,110.0,167.0,101.70551235357811,44.1944584826835,0,207,110.0,85.0,129.0,23.521429274534896,20.32548294383146,0,146,23.0,5.0,35.0,IMG20200717090742.jpg,fully_ripe
125.00625061521804,41.431278664380145,20,255,128.0,96.0,154.0,89.40057092233488,33.66512579249241,10,200,90.0,66.0,111.0,19.62136037011517,15.769556049608399,0,129,16.0,7.0,31.0,IMG20200717090742.jpg,fully_ripe
151.13855047941342,37.90143892039155,51,244,155.0,125.0,180.0,120.32809738672682,31.312085746991546,43,207,122.0,99.0,142.0,25.15785862004136,24.493099826034978,0,166,21.0,4.0,37.0,IMG20200717090752.jpg,fully_ripe
160.13855047941342,37.90143892039155,60,253,164.0,134.0,189.0,129.32809738672682,31.312085746991546,52,216,131.0,108.0,151.0,34.15785862004136,24.493099826034978,9,175,30.0,13.0,46.0,IMG20200717090752.jpg,fully_ripe
140.30186125211506,53.90680201559296,0,244,152.0,117.0,179.0,111.0797142319985,43.593420529202746,0,203,119.0,92.0,141.0,21.579441624365483,22.17637211011901,0,165,17.0,2.0,34.0,IMG20200717090752.jpg,fully_ripe
139.91690167324685,53.95456607486571,0,244,151.0,118.0,178.0,110.53169768753526,43.543791732175706,0,202,119.0,93.0,140.0,21.075173904869338,20.992050311848867,0,162,18.0,2.0,34.0,IMG20200717090752.jpg,fully_ripe
130.85551795450272,37.57347846791654,32,223,135.0,105.0,159.0,100.30558375634517,31.19741194042974,24,186,102.0,79.0,122.0,18.248552359466064,17.153581448909677,0,146,16.0,8.0,19.0,IMG20200717090752.jpg,fully_ripe
132.16532669346614,42.72913433430813,0,233,131.0,104.0,161.0,108.98946021079578,36.93875606292979,0,197,108.0,83.0,134.0,22.704065918681625,20.2180005420184,0,124,19.0,5.0,35.0,IMG20200717090759.jpg,fully_ripe
134.45689086218275,38.776555212401036,51,234,131.0,105.0,161.0,111.00150996980061,33.71200613628312,44,197,109.0,84.0,134.0,23.802353952920942,20.584971470414676,0,131,20.0,6.0,37.0,IMG20200717090759.jpg,fully_ripe
191.41569168616627,39.881178603420494,100,255,190.0,160.0,223.0,167.04886902261956,37.89031074374951,92,255,165.0,137.0,193.0,68.93604127917442,23.192761179229905,42,190,65.0,49.0,84.0,IMG20200717090759.jpg,fully_ripe
119.1102677946441,56.83881647034119,0,233,126.0,92.0,157.0,98.12003759924802,47.879932967026676,0,197,104.0,73.0,130.0,19.989960200795984,19.316508914658545,0,106,16.0,2.0,33.0,IMG20200717090759.jpg,fully_ripe
123.67017659646807,53.687119108885405,0,234,128.0,96.0,160.0,102.12654746905062,45.57966109250578,0,197,106.0,77.0,133.0,20.88397232055359,20.01468799541084,0,107,17.0,2.0,34.0,IMG20200717090759.jpg,fully_ripe
157.13563612692573,45.9846081871507,52,245,160.0,121.0,198.0,131.38870232793627,40.507018313334704,48,215,135.0,98.0,165.0,24.225839782601955,21.11501802300085,0,126,21.0,4.0,39.0,IMG20200717090812.jpg,fully_ripe
150.30327233651232,57.90035614758374,0,245,159.0,116.0,198.0,125.31233403250639,50.106294137505174,0,214,133.0,91.0,165.0,21.439580082867504,20.303989534986,0,116,17.0,2.0,36.0,IMG20200717090812.jpg,fully_ripe
142.78459615007077,65.2369411417919,0,245,157.0,99.0,198.0,120.21787334290822,55.30753571543838,0,215,132.0,80.0,165.0,21.96532377222802,20.54847880653554,0,123,18.0,2.0,37.0,IMG20200717090812.jpg,fully_ripe
147.59485849495252,43.94982918241295,47,232,150.0,113.0,187.0,123.00285179942344,38.71432754152688,43,203,126.0,91.0,155.0,21.545726950537812,19.147494816494987,0,118,17.0,3.0,35.0,IMG20200717090812.jpg,fully_ripe
167.13122410390469,53.81784285614468,44,255,171.0,125.0,215.0,137.0077701201682,47.444471537894984,39,235,141.0,98.0,176.0,21.397795021750138,16.94320320711444,0,131,17.0,10.0,29.0,IMG20200717090812.jpg,fully_ripe
142.85061767695956,41.314562181973244,31,229,148.0,114.0,176.0,107.12412072170136,36.88194302151759,23,216,110.0,81.0,134.0,17.45117630749325,14.31652791002293,0,166,17.0,10.0,19.0,IMG20200717090824.jpg,fully_ripe
162.05728016758917,51.1903115636087,0,255,171.0,135.0,200.0,125.94375699571785,43.9777778738921,0,240,131.0,101.0,157.0,18.894661176204803,22.065624630457595,0,189,11.0,1.0,32.0,IMG20200717090824.jpg,fully_ripe
166.0932625460819,42.46816156622088,51,255,171.0,136.0,200.0,129.37505262833614,37.926694288401656,43,241,132.0,103.0,157.0,20.599870611310216,23.113271697417655,0,190,14.0,1.0,34.0,IMG20200717090824.jpg,fully_ripe
146.34158614103367,73.02729372223564,0,255,169.0,123.0,199.0,113.55795278339717,59.32276874337465,0,241,129.0,88.0,156.0,17.462698062250336,22.050298542066567,0,190,8.0,0.0,31.0,IMG20200717090824.jpg,fully_ripe
120.14815004980437,43.13972062998821,3,210,125.0,90.0,155.0,82.82480155266428,38.52425569779832,0,196,86.0,56.0,111.0,32.2580585535166,16.835259908960058,0,144,36.0,18.0,48.0,IMG20200717090824.jpg,fully_ripe
145.8177778259503,51.83483684091307,0,230,159.0,126.0,184.0,109.57422963115509,43.281866668560795,0,201,119.0,88.0,140.0,23.295075925905856,21.15275787106733,0,120,21.0,4.0,35.0,IMG20200717090830.jpg,fully_ripe
150.51158127486153,44.741717174639646,0,230,159.0,129.0,184.0,113.47415484332491,37.975887339606516,0,199,119.0,91.0,140.0,23.9282253606616,20.62318852575732,0,119,22.0,6.0,35.0,IMG20200717090830.jpg,fully_ripe
154.2872611395931,36.256808739134925,50,230,160.0,130.0,184.0,116.42881607613184,32.40112072582629,45,201,120.0,92.0,140.0,25.442115303324265,21.09704308370448,0,120,23.0,8.0,36.0,IMG20200717090830.jpg,fully_ripe
135.0653255438376,42.84595685633407,12,225,142.0,106.0,170.0,90.32819934750327,38.29441800397893,6,190,95.0,61.0,118.0,25.730492840962054,15.929041374021528,0,95,25.0,12.0,40.0,IMG20200717090830.jpg,fully_ripe
145.51502801833928,52.33528841121627,0,230,158.0,127.0,183.0,109.65997550427592,42.93956681268943,0,199,118.0,89.0,139.0,22.66394251092011,20.63124459967978,0,119,20.0,4.0,34.0,IMG20200717090830.jpg,fully_ripe
143.64523505637098,61.28812379601365,0,252,151.0,115.0,191.0,105.3842799404382,48.674204842362755,0,209,110.0,79.0,142.0,23.91582641991066,21.21179695952084,0,120,20.0,5.0,38.0,IMG20200717090837.jpg,fully_ripe
156.33687513295044,42.46743577116001,51,252,156.0,122.0,192.0,115.20744522442034,36.180514532952785,38,209,114.0,85.0,143.0,27.81545415868964,21.46745233447869,0,120,24.0,11.0,41.0,IMG20200717090837.jpg,fully_ripe
155.8788023824718,43.43503266825583,0,251,156.0,122.0,192.0,114.73818336524144,36.91486366419472,0,207,114.0,85.0,143.0,27.362337800467987,21.146068522951513,0,119,24.0,11.0,41.0,IMG20200717090837.jpg,fully_ripe
112.25246756009359,39.395272211765175,15,201,112.0,80.0,145.0,74.11369921293341,33.55612483097095,2,161,73.0,46.0,100.0,17.671144437353753,11.546802330670944,0,79,16.0,9.0,26.0,IMG20200717090837.jpg,fully_ripe
151.72075090406295,51.91381569381474,0,249,155.0,121.0,192.0,111.61774090619018,42.253146557926456,0,207,113.0,84.0,143.0,26.122569666028504,20.982719844927427,0,119,23.0,9.0,40.0,IMG20200717090837.jpg,fully_ripe
132.26664338919926,75.53876359123147,0,255,161.0,82.0,189.0,93.41892034873878,56.24122890126769,0,209,110.0,51.0,133.0,22.909895039783308,22.551987103919515,0,109,19.0,1.0,38.0,IMG20200717090840.jpg,fully_ripe
162.37877729812087,40.27986086066629,0,255,167.0,136.0,191.0,115.46322160148976,33.67074303956556,0,209,116.0,95.0,136.0,29.617149145082106,21.10755139076609,0,121,28.0,13.0,42.0,IMG20200717090840.jpg,fully_ripe
200.41340782122904,39.96722980077919,79,255,207.0,173.0,233.0,150.67361816488912,35.93176690596672,67,253,151.0,129.0,173.0,56.27916031826646,23.668055070428956,23,159,54.0,38.0,69.0,IMG20200717090840.jpg,fully_ripe
153.64203487387846,54.318371637339396,0,255,166.0,129.0,190.0,108.04728500084646,43.2122342216215,0,209,114.0,86.0,135.0,26.487091586253598,21.275146010648484,0,106,24.0,8.0,40.0,IMG20200717090840.jpg,fully_ripe
162.9629253428136,39.00736807257783,51,255,167.0,136.0,191.0,116.10299221262909,32.68661498077999,40,209,116.0,96.0,136.0,30.22415143050618,21.513425468010027,0,124,28.0,14.0,42.0,IMG20200717090840.jpg,fully_ripe
87.92018444012477,86.53593432739314,0,228,89.0,0.0,179.0,61.57654717237015,61.90891953660345,0,182,54.0,0.0,125.0,18.61580398716152,21.99743132705034,0,133,4.0,0.0,38.0,IMG20200717090844.jpg,fully_ripe
164.8797070656842,36.90268781047212,50,255,171.0,142.0,192.0,119.75622259391528,30.55704790860738,37,230,123.0,101.0,140.0,34.33005741150942,21.04228521444651,0,183,35.0,20.0,47.0,IMG20200717090844.jpg,fully_ripe
162.1836264183355,43.65277268987387,0,255,171.0,141.0,192.0,117.69391076352787,34.808629251864204,0,230,123.0,100.0,140.0,33.41063243072194,20.570634747980588,0,182,34.0,19.0,46.0,IMG20200717090844.jpg,fully_ripe
230.5004746620858,33.304762811644196,105,255,249.0,214.0,255.0,187.33668459834547,35.42228095926555,90,255,192.0,165.0,212.0,86.3906966231183,24.936395528432147,46,255,87.0,69.0,101.0,IMG20200717090844.jpg,fully_ripe
161.6433886352335,44.80739620474372,0,255,171.0,141.0,192.0,117.29766285430134,35.54601701938345,0,229,123.0,99.0,140.0,33.27492428009584,20.59550224536764,0,179,34.0,19.0,46.0,IMG20200717090844.jpg,fully_ripe
154.46963283021438,37.354779194846685,50,254,158.0,129.0,184.0,120.86734981850738,32.68400393718605,42,230,122.0,98.0,146.0,23.34919569088839,20.370072592982474,0,161,21.0,4.0,37.0,IMG20200717090849.jpg,fully_ripe
150.89039402874687,44.105103088106006,0,253,157.0,127.0,183.0,117.56702575930089,38.141592662151695,0,230,121.0,96.0,146.0,21.73610097412392,19.378839572500652,0,160,19.0,3.0,35.0,IMG20200717090849.jpg,fully_ripe
158.2667017000944,38.47695913516977,51,255,162.0,132.0,189.0,123.64366138245798,33.65701595624119,42,236,125.0,100.0,150.0,23.404314950515282,20.731148186507824,0,165,21.0,3.0,37.0,IMG20200717090849.jpg,fully_ripe
214.9257194017069,37.373925975256746,101,255,223.0,190.0,252.0,180.7297657626096,36.623071666739335,92,255,182.0,155.0,209.0,71.09681877013206,22.896374951698892,45,226,68.0,49.0,86.0,IMG20200717090849.jpg,fully_ripe
153.08102453313091,40.10916183521897,0,254,157.0,128.0,183.0,119.46011541568136,35.049279484192965,0,230,121.0,97.0,146.0,22.35283527476912,19.574737609716475,0,158,20.0,4.0,36.0,IMG20200717090849.jpg,fully_ripe
164.18767829985188,53.35699850669688,0,255,175.0,137.0,203.0,126.20926811327693,45.28939262570374,0,233,134.0,101.0,158.0,20.568611274017673,18.599742753888577,0,138,19.0,3.0,32.0,IMG20200717090904.jpg,fully_ripe
168.34066578531454,45.72040467817756,0,255,175.0,140.0,203.0,130.07712493663212,39.59607148628473,0,231,135.0,106.0,159.0,22.33698796258561,19.02591083454162,0,142,21.0,4.0,34.0,IMG20200717090904.jpg,fully_ripe
169.87581881256025,42.22002883831972,52,255,176.0,141.0,203.0,131.35275290001292,37.301861601145454,45,233,135.0,107.0,159.0,23.053904953132612,20.11188367381311,0,150,22.0,5.0,34.0,IMG20200717090904.jpg,fully_ripe
173.7561007127024,33.86723838346536,79,242,179.0,151.0,200.0,142.850799677942,29.913842482371543,74,224,146.0,123.0,165.0,56.080067194815264,16.06044380830987,38,158,55.0,42.0,65.0,IMG20200717090904.jpg,fully_ripe
103.47824617556137,91.11493851904274,0,255,113.0,0.0,192.0,80.44778982734114,72.2772791031945,0,233,83.0,0.0,147.0,14.093943520570956,18.408883260291425,0,142,2.0,0.0,27.0,IMG20200717090904.jpg,fully_ripe
136.6091296652266,56.73599565452245,0,239,145.0,108.0,178.0,112.38133528728851,47.33029918813268,0,206,117.0,90.0,144.0,27.30598747692366,18.543685692280903,0,114,27.0,13.0,40.0,IMG20200717090939.jpg,fully_ripe
141.971033248958,49.2901980783509,0,239,147.0,111.0,180.0,116.5744057248349,41.783177522172664,0,206,119.0,92.0,146.0,27.648383228974364,17.513271782958487,0,106,27.0,14.0,40.0,IMG20200717090939.jpg,fully_ripe
125.9303522828921,63.86437345347006,0,239,137.0,88.0,174.0,103.60450488171593,53.3368729005027,0,207,113.0,73.0,140.0,25.508060065089545,18.85637854795527,0,115,25.0,9.0,39.0,IMG20200717090939.jpg,fully_ripe
148.05774318177492,40.84048252399908,51,239,149.0,118.0,181.0,121.82142245399007,34.722380795752834,43,207,120.0,96.0,148.0,30.11697086196068,17.945313023274615,0,120,29.0,17.0,42.0,IMG20200717090939.jpg,fully_ripe
197.68559084939955,40.14806161156878,100,255,200.0,168.0,232.0,171.88999486135165,35.34986759733141,92,255,170.0,146.0,199.0,78.49213977123499,18.350443480490497,48,170,77.0,65.0,91.0,IMG20200717090939.jpg,fully_ripe
148.14189967825502,54.05683917597437,0,236,158.0,120.0,188.0,114.6749453771054,44.079530662811585,0,198,120.0,91.0,148.0,18.285587852974526,15.966584369410425,0,99,16.0,3.0,30.0,IMG20200717090948.jpg,fully_ripe
150.29624507932996,51.69282194846283,0,237,160.0,122.0,188.0,116.24398226254021,42.60418148508682,0,198,122.0,93.0,149.0,18.958219247540818,16.620881876525697,0,122,16.0,4.0,31.0,IMG20200717090948.jpg,fully_ripe
149.13529883563348,53.050337991231814,0,237,159.0,121.0,188.0,115.18870481511188,43.73630761110156,0,198,122.0,90.0,149.0,18.923463414184436,16.74699064580522,0,124,16.0,4.0,30.0,IMG20200717090948.jpg,fully_ripe
118.91736961952964,42.02216382381103,11,201,123.0,88.0,152.0,83.67855924625015,35.38404548367607,7,162,86.0,59.0,112.0,20.448931050695577,12.470788337139453,0,87,20.0,9.0,32.0,IMG20200717090948.jpg,fully_ripe
188.1612689105844,48.39670313906731,61,255,194.0,153.0,228.0,147.34967871597016,42.051997594250324,56,240,150.0,118.0,181.0,27.872565017377916,20.808871896375276,3,151,25.0,11.0,42.0,IMG20200717090948.jpg,fully_ripe
146.88845381823936,50.548587195322334,0,246,155.0,125.0,177.0,121.03335212047502,42.90953471978422,0,209,127.0,101.0,148.0,25.981875352258907,21.084294038663565,0,128,25.0,6.0,40.0,IMG20200717091002.jpg,fully_ripe
196.34977702629212,40.8732745624503,83,255,202.0,170.0,226.0,168.6713140122413,38.39410187148284,79,255,171.0,143.0,194.0,60.94513165831133,23.671697618624805,30,181,60.0,40.0,76.0,IMG20200717091002.jpg,fully_ripe
134.41493874403014,40.803661582243365,28,230,138.0,108.0,160.0,106.97553716393264,35.386078297573896,24,193,109.0,83.0,130.0,18.34692929113148,14.076069007222397,0,118,17.0,8.0,21.0,IMG20200717091002.jpg,fully_ripe
151.92282439955306,39.947963918945895,48,246,155.0,126.0,177.0,125.07570229302009,34.68528039575105,44,209,127.0,102.0,148.0,27.768799501646345,21.352806696792218,0,136,27.0,9.0,41.0,IMG20200717091002.jpg,fully_ripe
151.13606834564385,41.666824189254086,0,246,155.0,126.0,177.0,124.33808944657036,36.05420213013556,0,209,127.0,102.0,148.0,27.198115353049943,20.67820427579467,0,128,26.0,9.0,41.0,IMG20200717091002.jpg,fully_ripe
145.48361637404489,71.53630349853957,0,240,176.0,126.0,193.0,111.4565857864859,56.429340232666746,0,199,133.0,94.0,150.0,17.365170423243672,16.077047846039072,0,94,15.0,1.0,29.0,IMG20200717091035.jpg,fully_ripe
163.06061223023306,47.65193358418935,0,239,177.0,143.0,194.0,123.6847349637117,40.18709402987137,0,198,134.0,106.0,150.0,17.669944190280006,15.907286424239262,0,94,15.0,2.0,29.0,IMG20200717091035.jpg,fully_ripe
156.19790893195048,41.71518008961455,21,240,167.0,128.0,186.0,109.5832475029342,36.8460813919274,9,192,117.0,84.0,135.0,21.28283312175142,13.057873770823068,0,74,21.0,10.0,35.0,IMG20200717091035.jpg,fully_ripe
192.72210112817072,38.9029482609397,66,255,203.0,167.0,221.0,149.20327432992406,34.439372914932605,55,226,156.0,126.0,173.0,31.371350211981124,17.634618411213303,11,116,29.0,15.0,43.0,IMG20200717091035.jpg,fully_ripe
166.12757191789024,40.97560236614434,0,239,177.0,144.0,194.0,126.12796713693741,35.48902109261837,0,199,134.0,106.0,150.0,18.148159237347002,15.875475827105436,0,96,16.0,3.0,29.0,IMG20200717091035.jpg,fully_ripe
161.12288776796973,41.86799249058512,2,246,170.0,131.0,194.0,125.55883984867592,36.96098799695154,1,204,132.0,99.0,155.0,27.443417402269862,20.064614135389395,0,128,26.0,11.0,39.0,IMG20200717091047.jpg,fully_ripe
147.69551071878942,60.638564113757326,0,246,166.0,113.0,193.0,114.18461538461538,50.952781992957036,0,205,128.0,80.0,154.0,23.38093316519546,19.619721648522958,0,123,22.0,5.0,36.0,IMG20200717091047.jpg,fully_ripe
175.53519546027744,47.813324577791235,46,255,186.0,140.0,214.0,133.74788146279948,42.77872071136484,36,227,141.0,102.0,168.0,23.067414880201767,19.108746206633732,0,143,16.0,10.0,31.0,IMG20200717091047.jpg,fully_ripe
177.61361916771753,38.80590387008153,73,255,186.0,149.0,208.0,143.7884237074401,34.47319337470388,65,219,150.0,118.0,171.0,50.44349306431273,19.360765500411695,24,151,49.0,35.0,61.0,IMG20200717091047.jpg,fully_ripe
161.5616393442623,40.88895855840531,51,246,170.0,131.0,194.0,125.90580075662042,36.339880498549064,43,205,132.0,99.0,155.0,27.57625472887768,20.347005408666618,0,134,26.0,11.0,39.0,IMG20200717091047.jpg,fully_ripe
159.29794461927398,42.30207376055647,50,244,166.0,129.0,191.0,119.5713721410984,36.047733001791364,43,198,124.0,94.0,146.0,28.618444441518427,23.24807585520384,0,167,27.0,11.0,40.0,IMG20200717091112.jpg,fully_ripe
153.1445613388284,52.894053273260035,0,244,165.0,125.0,191.0,113.89533490460452,43.93082730259819,0,198,123.0,89.0,145.0,25.337064005161494,21.79714660990164,0,167,24.0,6.0,37.0,IMG20200717091112.jpg,fully_ripe
145.22044320381318,61.90474152638881,0,244,162.0,115.0,190.0,107.83406849513476,48.99760352412849,0,198,118.0,81.0,143.0,23.518335154778992,19.704398110927247,0,140,23.0,5.0,36.0,IMG20200717091112.jpg,fully_ripe
146.96647662185472,59.80598728207504,0,244,163.0,117.0,190.0,109.14309979327689,47.606252577720795,0,198,119.0,83.0,144.0,23.776515201390442,19.528222970603426,0,138,23.0,6.0,36.0,IMG20200717091112.jpg,fully_ripe
157.27504707230042,45.917002815223434,39,249,165.0,124.0,192.0,114.14935415487116,39.12554585423093,31,199,119.0,86.0,143.0,21.53179190751445,20.2990610160007,0,166,16.0,9.0,28.0,IMG20200717091112.jpg,fully_ripe
212.2700961836798,44.39460613223661,87,255,229.0,174.0,255.0,170.20347502327024,42.37883943647518,82,255,176.0,136.0,204.0,61.971405522804844,26.562561425428676,32,208,59.0,39.0,77.0,IMG20200717091115.jpg,fully_ripe
174.37878994725412,48.564002627981914,51,255,184.0,132.0,214.0,128.91372013651878,39.87137342311958,46,219,134.0,97.0,160.0,27.376369841762333,24.70713052098891,0,165,25.0,5.0,41.0,IMG20200717091115.jpg,fully_ripe
142.60110456096805,71.17624976480998,0,253,165.0,99.0,198.0,104.35147378219051,54.85623081954153,0,205,121.0,66.0,147.0,20.796462922742787,21.463039540047628,0,154,17.0,1.0,35.0,IMG20200717091115.jpg,fully_ripe
158.7689357741235,53.31584205389159,0,253,172.0,121.0,200.0,116.78776295376979,42.97967302481682,0,204,125.0,85.0,149.0,23.565249767297548,21.106438794877363,0,143,22.0,4.0,36.0,IMG20200717091115.jpg,fully_ripe
163.19235494880547,45.28460113660193,48,253,172.0,124.0,200.0,120.84147688488986,37.04140594917113,44,205,126.0,91.0,150.0,26.273831833695315,23.19287558300001,0,154,24.0,6.0,39.0,IMG20200717091115.jpg,fully_ripe
164.88716755724414,39.31946742002981,51,249,171.0,135.0,195.0,119.69224283305228,34.06319898047436,35,205,122.0,94.0,146.0,24.958684654300168,20.225895437364677,0,125,23.0,8.0,37.0,IMG20200717091135.jpg,fully_ripe
155.55191084743697,55.494215359375666,0,248,169.0,130.0,194.0,112.1132692659339,44.79206481687331,0,205,121.0,88.0,145.0,22.265598650927487,19.656110869679566,0,120,20.0,3.0,35.0,IMG20200717091135.jpg,fully_ripe
187.34510046933096,41.09923297701372,68,255,194.0,156.0,219.0,139.94373107946117,35.84985277273911,51,230,142.0,113.0,168.0,40.253652044941994,21.302730587963623,14,146,38.0,22.0,53.0,IMG20200717091135.jpg,fully_ripe
153.77256750441902,59.13817858104862,0,249,170.0,127.0,195.0,111.3563359678173,46.969912013807125,0,205,121.0,86.0,145.0,22.181271460208457,19.86293454851329,0,121,20.0,3.0,35.0,IMG20200717091135.jpg,fully_ripe
161.94104918832159,45.617815558051696,0,248,170.0,134.0,195.0,117.07650500822852,38.385614516165965,0,204,122.0,92.0,145.0,23.417592799528638,19.616028332796546,0,123,21.0,6.0,35.0,IMG20200717091135.jpg,fully_ripe
126.90482705071084,68.88368893272838,0,228,150.0,97.0,180.0,105.65128209868554,56.790994665422325,0,200,126.0,83.0,147.0,22.2188441700098,21.275821705208095,0,156,20.0,1.0,35.0,IMG20200717091159.jpg,fully_ripe
149.1217670222403,29.60281229457861,65,213,153.0,127.0,174.0,127.66991736148343,25.15654121071038,60,189,132.0,111.0,147.0,43.68453162263593,17.490976948245866,22,153,42.0,29.0,54.0,IMG20200717091159.jpg,fully_ripe
145.56916122830046,47.872244453152206,0,226,155.0,124.0,181.0,120.87638424137103,40.2688240610032,0,200,130.0,104.0,148.0,24.100275461721914,20.67018507673281,0,155,22.0,6.0,36.0,IMG20200717091159.jpg,fully_ripe
118.54658815699469,32.79748971104566,25,189,122.0,95.0,146.0,94.77336340611193,27.866788905540005,20,163,99.0,76.0,116.0,15.058041078922557,12.503227129621765,0,122,13.0,6.0,22.0,IMG20200717091159.jpg,fully_ripe
147.92445138747667,43.66064416745514,0,227,156.0,125.0,181.0,122.80786082712466,36.95944300193521,0,200,130.0,105.0,149.0,24.568911648887983,20.580286322821078,0,152,23.0,7.0,37.0,IMG20200717091159.jpg,fully_ripe
154.1793543285787,54.54916709472733,0,238,170.0,127.0,194.0,117.05706586764047,44.99546490410051,0,207,127.0,91.0,149.0,23.92237585442742,18.275261506286895,0,124,24.0,8.0,35.0,IMG20200717091212.jpg,fully_ripe
204.98836834274894,40.28851298953676,99,255,216.0,175.0,239.0,169.64248780132547,34.45437240429928,94,251,174.0,144.0,195.0,76.3336870688848,18.13405977371096,51,171,76.0,63.0,87.0,IMG20200717091212.jpg,fully_ripe
159.96054808202504,42.62587333956309,50,238,170.0,128.0,194.0,122.67671691792295,35.5388580471446,45,207,127.0,96.0,149.0,26.456266841453644,18.744281819691743,0,124,26.0,13.0,37.0,IMG20200717091212.jpg,fully_ripe
151.75260359769865,57.294925356092214,0,237,168.0,123.0,193.0,116.0137020506258,45.88357510297171,0,207,126.0,91.0,148.0,23.747141504624572,17.876766174741025,0,123,24.0,8.0,35.0,IMG20200717091212.jpg,fully_ripe
196.52557820156684,44.32447678233615,81,255,208.0,163.0,233.0,157.65133119011205,37.49039669679447,76,247,162.0,130.0,185.0,56.108752874101356,19.811611103579157,28,159,56.0,42.0,67.0,IMG20200717091212.jpg,fully_ripe
165.79606202028774,40.284927550386584,49,251,173.0,136.0,197.0,123.44580938789679,34.19959926172965,35,208,128.0,98.0,149.0,25.65830987001967,22.234780972729492,0,155,24.0,6.0,38.0,IMG20200717091217.jpg,fully_ripe
136.0406140317044,35.81347694760538,32,212,142.0,110.0,164.0,98.3797103405716,30.42644453247832,20,174,102.0,76.0,121.0,17.05322636633625,15.13337618040839,0,126,11.0,8.0,22.0,IMG20200717091217.jpg,fully_ripe
155.42129826050063,46.9301168175412,19,255,164.0,121.0,192.0,106.08958807420835,39.87944437513589,3,205,111.0,76.0,136.0,21.730541520422726,16.312759863542574,1,143,19.0,9.0,34.0,IMG20200717091217.jpg,fully_ripe
140.86772476568828,71.96346158018557,0,251,165.0,107.0,195.0,103.32111312531337,55.482733952400416,0,208,119.0,72.0,145.0,21.075702935164113,20.728387991686834,0,155,18.0,1.0,35.0,IMG20200717091217.jpg,fully_ripe
157.51344158599144,55.01081446627248,0,250,171.0,130.0,197.0,116.6246384078374,44.16275316327671,0,207,126.0,93.0,148.0,23.024636479345855,20.35027999035686,0,142,22.0,3.0,36.0,IMG20200717091217.jpg,fully_ripe
104.58406808092793,81.50191371474281,0,252,118.0,0.0,172.0,89.87017981711433,71.40365688062609,0,220,100.0,0.0,149.0,19.76310782889757,24.066653462066057,0,118,6.0,0.0,38.0,IMG20200717091236.jpg,fully_ripe
137.09280322402472,55.155037819602875,0,252,135.0,103.0,177.0,118.39714215575967,50.51229373972492,0,220,120.0,84.0,156.0,27.71218010351247,25.471175533389214,0,148,23.0,3.0,46.0,IMG20200717091236.jpg,fully_ripe
133.45064746435366,47.18234363473812,34,246,126.0,97.0,167.0,113.66675531370824,43.70727665327652,27,213,112.0,79.0,146.0,24.025847431622445,20.201607898365882,0,144,19.0,11.0,34.0,IMG20200717091236.jpg,fully_ripe
144.6997729271935,44.79673967045801,50,252,138.0,110.0,177.0,125.9284516089438,41.50087163432617,44,220,124.0,93.0,157.0,31.512724259967676,26.561698342212704,0,155,28.0,8.0,50.0,IMG20200717091236.jpg,fully_ripe
136.744226009042,55.84631919022741,0,252,135.0,106.0,174.0,119.02959106437821,50.315203854277264,0,220,122.0,88.0,155.0,28.47260806415318,24.81628880410513,0,144,25.0,4.0,47.0,IMG20200717091236.jpg,fully_ripe
125.02527717619678,55.42755196392871,0,240,126.0,95.0,167.0,106.67809850125523,49.09513012459029,0,209,107.0,78.0,142.0,26.838779886004893,21.47805924531391,0,109,24.0,8.0,43.0,IMG20200717091245.jpg,fully_ripe
112.25094008253332,65.32363946820057,0,240,115.0,74.0,166.0,96.41723502602062,57.37697762515364,0,210,100.0,61.0,141.0,26.45004363706888,23.337043296104607,0,127,23.0,3.0,44.0,IMG20200717091245.jpg,fully_ripe
118.44169333376432,36.50546458932345,45,211,112.0,90.0,147.0,101.8171552940923,32.99223356936504,40,185,97.0,76.0,125.0,28.410123799980607,19.237706571895647,1,115,25.0,14.0,42.0,IMG20200717091245.jpg,fully_ripe
182.82251026279212,45.4730451888018,87,255,176.0,146.0,222.0,162.389802932842,43.628639269911076,80,255,157.0,128.0,194.0,65.14397000355561,25.468045698521514,29,180,61.0,46.0,83.0,IMG20200717091245.jpg,fully_ripe
132.80690866384373,44.10286454172243,0,240,127.0,100.0,167.0,113.65319843553027,39.931519870792826,0,209,110.0,83.0,142.0,29.817607826658477,21.66173005109711,0,123,26.0,12.0,45.0,IMG20200717091245.jpg,fully_ripe
149.39929925147317,41.989154080545035,48,241,152.0,116.0,187.0,123.30175718001804,37.70745004809742,45,207,126.0,92.0,157.0,28.72961724266072,19.06569850005558,0,135,29.0,14.0,41.0,IMG20200717091251.jpg,fully_ripe
147.85557148165844,45.282557815911666,0,241,152.0,116.0,187.0,121.9533789881616,40.20387739477769,0,207,126.0,91.0,157.0,27.918299092212134,18.288558540333174,0,121,29.0,13.0,41.0,IMG20200717091251.jpg,fully_ripe
187.94544778892606,40.48792994602618,90,255,191.0,156.0,224.0,162.76809470722515,36.48426692454065,87,244,165.0,132.0,195.0,71.18993470297818,18.532963494053977,43,174,72.0,57.0,83.0,IMG20200717091251.jpg,fully_ripe
118.36986781334608,74.55516975649299,0,241,136.0,66.0,183.0,96.21295323034454,62.537196516175605,0,207,109.0,47.0,151.0,21.12276901842119,19.91244503149057,0,126,19.0,0.0,37.0,IMG20200717091251.jpg,fully_ripe
148.91792748314487,42.95107218562325,0,241,152.0,116.0,187.0,122.87350427350427,38.41153243444693,0,207,126.0,92.0,157.0,28.449073631682328,18.55531824668334,0,133,29.0,14.0,41.0,IMG20200717091251.jpg,fully_ripe
144.66158936263187,46.182658556490345,29,243,149.0,109.0,181.0,107.67222256903261,39.29440984498163,18,191,112.0,77.0,138.0,16.95329504546684,11.40426310034288,0,93,16.0,8.0,25.0,IMG20200717091256.jpg,fully_ripe
194.7501404582059,45.026526947133114,78,255,201.0,159.0,233.0,158.40027467382484,40.15108940186259,67,244,163.0,127.0,189.0,52.216003912021144,20.49133214814993,22,144,53.0,35.0,67.0,IMG20200717091256.jpg,fully_ripe
147.99169735938574,61.136708651934526,0,250,162.0,119.0,192.0,115.23819630855026,50.216209888244386,0,202,127.0,88.0,151.0,25.010435524481345,19.1755374197669,0,109,25.0,5.0,40.0,IMG20200717091256.jpg,fully_ripe
126.86030130886239,77.14791353313528,0,250,149.0,73.0,190.0,98.47922258984123,62.14702210608906,0,202,114.0,51.0,150.0,22.601681336745948,20.17782566910303,0,111,21.0,0.0,39.0,IMG20200717091256.jpg,fully_ripe
148.12735917764323,60.95792972991132,0,250,162.0,119.0,192.0,115.3496993153963,50.08680099608244,0,202,127.0,89.0,151.0,25.03160829847889,19.164148877021162,0,109,25.0,5.0,40.0,IMG20200717091256.jpg,fully_ripe
154.32599649372918,57.81381785876308,0,251,172.0,117.0,199.0,117.36202246325159,44.17003853971813,0,197,128.0,90.0,149.0,22.406351744466065,17.147999736491684,0,100,23.0,5.0,35.0,IMG20200717091304.jpg,fully_ripe
153.84105226655365,58.91594817619888,0,251,172.0,117.0,199.0,117.36606816036372,44.613860932206094,0,197,129.0,90.0,150.0,22.646646887703007,17.43377832087819,0,106,23.0,5.0,36.0,IMG20200717091304.jpg,fully_ripe
126.72538385959504,43.04810165483995,23,211,138.0,91.0,162.0,91.53569846070857,32.24063466982318,15,160,97.0,65.0,117.0,13.639220143718573,9.33319733828481,0,88,13.0,6.0,20.0,IMG20200717091304.jpg,fully_ripe
129.2456027125436,81.5519343976811,0,251,162.0,65.0,195.0,97.59361935769742,62.283552312322605,0,197,121.0,44.0,146.0,20.280819542643574,18.804907407990303,0,119,20.0,0.0,35.0,IMG20200717091304.jpg,fully_ripe
160.86448841196756,46.18973339938796,50,251,173.0,122.0,199.0,123.11428131080586,34.59043147833968,41,197,129.0,95.0,150.0,24.19822952588283,17.77885735479719,0,119,25.0,8.0,36.0,IMG20200717091304.jpg,fully_ripe
126.42995763149736,61.93994846294175,0,247,142.0,87.0,174.0,103.74397023871035,50.399625748284706,0,208,115.0,74.0,141.0,22.873834866177535,19.39737042044287,0,115,21.0,4.0,37.0,IMG20200717091309.jpg,fully_ripe
137.5795804484861,46.071649369121346,31,251,146.0,102.0,172.0,108.02973028831249,36.20931756860849,26,207,111.0,81.0,134.0,17.94467293582722,13.985883499534989,0,127,16.0,7.0,25.0,IMG20200717091309.jpg,fully_ripe
139.91409527746202,50.33300463437321,0,246,151.0,110.0,175.0,114.01847680066136,40.49653107712519,0,208,120.0,92.0,142.0,25.145137955978093,18.60751084723091,0,113,24.0,9.0,38.0,IMG20200717091309.jpg,fully_ripe
183.68883951637903,46.75768179152261,73,255,193.0,148.0,220.0,153.58415831352693,37.91468876581863,67,255,157.0,126.0,180.0,46.9341014777307,22.89430557379156,15,173,45.0,29.0,63.0,IMG20200717091309.jpg,fully_ripe
140.65523406014262,50.39063817789465,0,247,153.0,111.0,176.0,114.39101994419758,40.67549520106079,0,207,121.0,92.0,142.0,25.592208329027592,19.385111651380537,0,133,24.0,9.0,39.0,IMG20200717091309.jpg,fully_ripe
134.4502314928105,40.50542680865945,27,212,140.0,103.0,169.0,99.4855378170179,31.881817914594983,17,189,103.0,80.0,122.0,16.328876403394574,12.729038305203996,0,105,15.0,8.0,22.0,IMG20200717091335.jpg,fully_ripe
95.06066775642846,87.75853723965724,0,241,102.0,0.0,185.0,72.81657743018509,68.10665278835036,0,217,76.0,0.0,137.0,14.71284124389456,18.967485297294928,0,131,3.0,0.0,29.0,IMG20200717091335.jpg,fully_ripe
161.3662186897409,41.62074774501868,51,241,167.0,129.0,197.0,125.41359396258919,32.7783984023863,41,217,129.0,105.0,149.0,26.96310797451132,20.841379176762853,0,131,26.0,10.0,39.0,IMG20200717091335.jpg,fully_ripe
197.2652232217143,47.44177007692603,69,255,205.0,160.0,240.0,156.12831455615046,38.408094824331506,57,255,160.0,132.0,184.0,40.72522341747991,24.460219243067776,9,163,40.0,21.0,55.0,IMG20200717091335.jpg,fully_ripe
147.7678220099253,61.00607290296851,0,240,163.0,117.0,196.0,114.09962510889461,47.84618380452816,0,217,126.0,94.0,147.0,22.385031762967024,19.230489241782013,0,126,21.0,3.0,36.0,IMG20200717091335.jpg,fully_ripe
155.1879691176339,41.01672020196604,47,239,157.0,125.0,189.0,121.4591291745319,29.32306398609484,38,208,125.0,101.0,142.0,22.671315721199868,19.55650858565248,0,124,21.0,4.0,36.0,IMG20200717091351.jpg,fully_ripe
97.73189955179417,37.01866226327507,0,173,99.0,70.0,128.0,67.29500174451373,26.45177590456464,0,145,70.0,49.0,86.0,24.265908623265553,14.082061373173723,0,70,24.0,12.0,39.0,IMG20200717091351.jpg,fully_ripe
130.24436611528105,36.64793978556632,34,205,132.0,103.0,160.0,100.10891133397149,26.20523393238336,26,177,103.0,82.0,118.0,16.04925791069879,13.688803592496601,0,102,10.0,7.0,24.0,IMG20200717091351.jpg,fully_ripe
139.2763488669607,64.11329783152591,0,239,152.0,112.0,188.0,107.96376779180346,49.29460343921456,0,208,123.0,89.0,142.0,19.29978797448537,18.980069390468472,0,124,16.0,1.0,34.0,IMG20200717091351.jpg,fully_ripe
142.38816772381216,60.7322191593939,0,238,154.0,115.0,188.0,111.46001485073225,45.21926687974343,0,208,123.0,94.0,141.0,19.666484760106997,18.35736324568613,0,122,17.0,1.0,34.0,IMG20200717091351.jpg,fully_ripe
155.18327777399824,43.56032045963216,50,245,162.0,126.0,189.0,127.75689308310575,36.96418714127945,42,208,133.0,102.0,153.0,24.892072347001253,22.857172962544873,0,172,21.0,6.0,38.0,IMG20200717091402.jpg,fully_ripe
149.8641404177155,52.14915222064289,0,244,161.0,121.0,188.0,122.80278541786127,44.05288264748209,0,208,132.0,95.0,152.0,21.732732061461906,20.198627868528074,0,165,18.0,4.0,34.0,IMG20200717091402.jpg,fully_ripe
170.65296958976802,41.584688792607245,70,255,177.0,143.0,203.0,144.48057690999389,35.28629076192797,63,221,149.0,120.0,169.0,46.34658334386207,21.777598652981503,23,187,43.0,28.0,59.0,IMG20200717091402.jpg,fully_ripe
134.33327825993993,66.94941963207201,0,245,153.0,89.0,187.0,110.24784970794903,55.51007078299313,0,208,126.0,73.0,151.0,19.77802182850145,19.630003061423345,0,153,16.0,2.0,32.0,IMG20200717091402.jpg,fully_ripe
147.7038379675974,54.93434286961788,0,245,161.0,118.0,188.0,120.92925660637749,46.18105523757502,0,208,131.0,92.0,152.0,21.085010642123372,20.003165516817077,0,168,17.0,3.0,34.0,IMG20200717091402.jpg,fully_ripe
137.44706871780497,46.20562512966816,21,237,144.0,103.0,171.0,98.56803448155027,39.16597691026952,13,189,100.0,69.0,127.0,15.646096880073822,11.879872339458947,0,97,13.0,6.0,24.0,IMG20200717091414.jpg,fully_ripe
206.4531777458504,42.639729818623394,90,255,216.0,175.0,245.0,169.96399995327704,40.33517441486055,82,255,172.0,140.0,199.0,61.77181670579715,19.12930001993687,34,168,60.0,48.0,71.0,IMG20200717091414.jpg,fully_ripe
161.19558234339044,43.63512059024567,51,255,167.0,129.0,193.0,124.47672612164325,37.002838213067776,44,210,126.0,97.0,151.0,25.232423403534593,17.529338286211267,0,123,24.0,13.0,34.0,IMG20200717091414.jpg,fully_ripe
158.40827697375337,49.941389588453845,0,255,167.0,129.0,193.0,122.3278433846118,41.36726911415562,0,210,126.0,97.0,151.0,24.234292322248308,17.165035758455048,0,117,23.0,11.0,34.0,IMG20200717091414.jpg,fully_ripe
114.57645629650395,85.55337441022164,0,255,142.0,0.0,188.0,88.88292392332761,67.43196171011957,0,210,106.0,0.0,145.0,18.18240646645875,18.57091041091739,0,123,15.0,0.0,30.0,IMG20200717091414.jpg,fully_ripe
139.46102407817853,59.956115719155605,0,249,150.0,100.0,184.0,110.64548911948418,50.56657822036322,0,213,119.0,74.0,147.0,22.33392101551481,20.018409618006658,0,138,20.0,3.0,36.0,IMG20200717091422.jpg,fully_ripe
148.9671695547048,45.18724858468709,50,249,151.0,111.0,184.0,118.44625226677412,39.5334946193081,45,213,120.0,86.0,147.0,25.427324702800725,20.54341913366759,0,138,24.0,8.0,38.0,IMG20200717091422.jpg,fully_ripe
105.96842887366512,42.46494415523731,13,200,108.0,70.0,139.0,77.29163308482772,37.149013358970954,8,166,79.0,47.0,104.0,18.113137215393916,12.100955533111316,0,96,17.0,7.0,29.0,IMG20200717091422.jpg,fully_ripe
143.23769645375782,56.09146615170884,0,249,150.0,109.0,184.0,113.75399204110417,47.46887259070706,0,213,119.0,84.0,147.0,23.251133387064275,20.092505911385285,0,127,21.0,4.0,36.0,IMG20200717091422.jpg,fully_ripe
141.68858301430586,58.625729188869514,0,249,150.0,108.0,184.0,112.55036016522264,49.283241400653715,0,213,119.0,83.0,147.0,22.945370743501915,20.14052955150679,0,122,21.0,3.0,36.0,IMG20200717091422.jpg,fully_ripe
139.6300503790902,61.99636886062674,0,232,156.0,108.0,188.0,111.27242118914604,51.80995495217712,0,198,124.0,82.0,153.0,25.277446628092576,20.093019943343013,0,137,26.0,4.0,42.0,IMG20200717091428.jpg,fully_ripe
144.18697625698323,58.52646131415718,0,232,157.0,118.0,188.0,115.00192039106145,48.62787716170466,0,197,124.0,91.0,153.0,26.401673483639264,20.44960297083383,0,137,27.0,6.0,42.0,IMG20200717091428.jpg,fully_ripe
135.47180516759778,40.54542443582401,27,215,139.0,103.0,170.0,103.2393879688747,35.8482716705879,22,180,106.0,74.0,134.0,18.11204359537111,13.782064789429443,0,124,17.0,9.0,23.0,IMG20200717091428.jpg,fully_ripe
154.4163258180367,39.4770592260323,49,232,158.0,123.0,188.0,123.0378466679968,34.89709642761479,44,198,126.0,95.0,153.0,29.688223264166,20.978273305815453,0,143,29.0,13.0,43.0,IMG20200717091428.jpg,fully_ripe
145.34039555067838,56.78161564962104,0,232,157.0,119.0,188.0,115.87950169592978,47.31594225703517,0,197,124.0,92.0,153.0,26.669031823623303,20.327786016877237,0,138,27.0,7.0,42.0,IMG20200717091428.jpg,fully_ripe
153.23444829584597,57.184056488791335,0,242,169.0,128.0,196.0,115.37189594655177,44.40358269899179,0,193,126.0,96.0,147.0,25.725148436902014,20.078729096003595,0,142,26.0,9.0,37.0,IMG20200717091432.jpg,fully_ripe
162.20994390561273,46.24597238469153,32,255,171.0,127.0,201.0,115.73551441724165,37.1927747022454,21,200,121.0,89.0,145.0,18.221447082107748,16.871461215755932,0,143,15.0,7.0,24.0,IMG20200717091432.jpg,fully_ripe
117.17630914240101,81.27354649922096,0,236,143.0,0.0,190.0,87.82293637168819,61.83941261123769,0,189,108.0,0.0,140.0,19.382732113763353,19.151378568909212,0,146,18.0,0.0,33.0,IMG20200717091432.jpg,fully_ripe
162.25167025685326,39.92096764616804,50,242,170.0,132.0,196.0,122.13931746361519,32.11463268770043,40,195,127.0,99.0,147.0,28.000885700851804,20.631921182374285,0,146,27.0,13.0,38.0,IMG20200717091432.jpg,fully_ripe
211.6790810580298,39.13727521594997,98,255,221.0,182.0,248.0,171.98096289897543,32.919258186986866,88,247,177.0,148.0,197.0,75.59415218746241,21.166933793669802,47,196,75.0,60.0,86.0,IMG20200717091432.jpg,fully_ripe
158.34897114890626,46.181768084242414,0,244,167.0,123.0,197.0,122.47471811372793,38.985510788160695,0,204,126.0,92.0,155.0,28.6676175540113,20.743338593659722,0,139,28.0,13.0,41.0,IMG20200717091452.jpg,fully_ripe
139.2639320769002,71.75507161549169,0,245,164.0,90.0,197.0,107.80492388394669,57.828938862413,0,204,123.0,66.0,154.0,25.119189898061272,21.498976161996573,0,143,25.0,3.0,40.0,IMG20200717091452.jpg,fully_ripe
122.23595976529757,48.103282220721205,8,214,131.0,84.0,163.0,83.99392964334965,40.58592814177272,0,170,87.0,52.0,118.0,22.873996160398022,15.863092182542843,0,105,21.0,9.0,36.0,IMG20200717091452.jpg,fully_ripe
158.92945407349322,45.07766357451791,52,245,167.0,123.0,197.0,123.0968958710759,38.01544288977544,40,204,126.0,93.0,155.0,29.227253062217777,21.301410499647513,0,143,28.0,13.0,41.0,IMG20200717091452.jpg,fully_ripe
158.91985506854502,45.07748167365795,49,245,167.0,123.0,197.0,123.08647216288566,38.00898722844778,40,204,126.0,93.0,155.0,29.216464321444988,21.25399043024514,0,141,28.0,13.0,41.0,IMG20200717091452.jpg,fully_ripe
171.86287283229507,34.45791692065817,83,244,176.0,146.0,201.0,148.5619261005271,30.305067632220673,78,215,152.0,126.0,173.0,59.941318171810444,19.31022159861365,40,157,56.0,41.0,73.0,IMG20200717091524.jpg,fully_ripe
156.93245955991867,40.886331878039094,52,242,162.0,126.0,191.0,129.28583269656664,35.950803620255236,45,208,133.0,102.0,158.0,24.075725590250347,22.966707467639605,0,139,20.0,2.0,40.0,IMG20200717091524.jpg,fully_ripe
146.95648401175967,56.03472383063919,0,242,158.0,118.0,189.0,120.62262831388497,47.66790248210532,0,208,129.0,96.0,156.0,20.674070428554778,20.42010810064739,0,122,16.0,1.0,37.0,IMG20200717091524.jpg,fully_ripe
153.27785476538924,46.910417503240744,0,242,161.0,123.0,190.0,126.0197764625128,40.81178300279144,0,208,132.0,100.0,157.0,22.403546034994108,21.830780941240235,0,139,18.0,2.0,39.0,IMG20200717091524.jpg,fully_ripe
148.48010050121093,54.711222757482524,0,242,160.0,119.0,191.0,122.06470413013352,46.89125282635686,0,208,131.0,97.0,157.0,21.815134757100488,21.86003493699064,0,135,17.0,1.0,38.0,IMG20200717091524.jpg,fully_ripe
161.56525636573608,45.05966528825846,51,255,164.0,125.0,196.0,120.61875035331552,34.39638729010713,45,202,120.0,94.0,145.0,20.41323782373796,18.69841651600282,0,119,17.0,2.0,34.0,IMG20200717091549.jpg,fully_ripe
149.50304860813878,64.07209945033256,0,255,161.0,117.0,195.0,111.42497193665356,48.20939499182146,0,202,118.0,88.0,143.0,18.011516066770575,17.977939498864874,0,112,14.0,1.0,32.0,IMG20200717091549.jpg,fully_ripe
102.53552940796433,87.23490969589041,0,255,112.0,0.0,184.0,76.58622109879106,65.10396780165253,0,202,87.0,0.0,132.0,13.378382743666567,17.524554498668486,0,107,3.0,0.0,26.0,IMG20200717091549.jpg,fully_ripe
153.21241732417002,59.41193832002792,0,255,162.0,121.0,196.0,114.13992909462395,44.830622743243175,0,202,118.0,90.0,144.0,18.388743973446825,17.874825321532658,0,109,14.0,1.0,32.0,IMG20200717091549.jpg,fully_ripe
190.84165811979616,42.40104230325961,85,255,194.0,156.0,225.0,151.94346144217334,33.30108877523718,79,231,151.0,126.0,176.0,54.91246658644722,18.149436314448735,35,150,52.0,37.0,68.0,IMG20200717091549.jpg,fully_ripe
132.53400517352878,55.95556076548956,0,233,145.0,113.0,170.0,104.2887321775013,46.155934811562304,0,200,112.0,82.0,133.0,18.340967881008837,17.92825648793488,0,92,15.0,1.0,31.0,IMG20200717091600.jpg,fully_ripe
143.48888307209066,33.74839916743214,51,228,146.0,120.0,167.0,113.42516090290395,30.452455188129115,42,196,114.0,92.0,133.0,20.885173836725894,17.627549081421368,1,93,19.0,3.0,33.0,IMG20200717091600.jpg,fully_ripe
143.88952360422505,40.88427827213919,0,233,148.0,121.0,171.0,113.39599051519724,35.49468975624346,0,201,116.0,92.0,135.0,19.51134019031195,17.713210224635603,0,91,17.0,2.0,32.0,IMG20200717091600.jpg,fully_ripe
141.65486712037693,29.477782138431103,61,216,144.0,121.0,162.0,115.39462014596742,26.595386606318645,53,188,116.0,97.0,133.0,34.704377482831894,15.24335927825838,18,98,33.0,19.0,45.0,IMG20200717091600.jpg,fully_ripe
141.53143380654697,44.385588907806095,0,234,147.0,119.0,171.0,111.74163150925384,37.92101360895268,0,201,115.0,90.0,135.0,19.058271487081576,17.81388267184758,0,90,16.0,2.0,32.0,IMG20200717091600.jpg,fully_ripe
187.4065428413665,44.21702527110589,69,255,188.0,156.0,224.0,159.28457678795783,41.91305349152312,64,255,157.0,126.0,194.0,39.264130408687514,26.685959692553634,9,201,36.0,16.0,56.0,IMG20200717091605.jpg,fully_ripe
142.74560862989253,53.85786050330015,0,244,148.0,118.0,181.0,119.69320027848688,47.30079687804875,0,216,122.0,94.0,156.0,23.25523163226927,21.746077977733737,0,161,20.0,3.0,37.0,IMG20200717091605.jpg,fully_ripe
131.77490577060044,64.86217187247286,0,244,145.0,108.0,178.0,109.16802842486855,55.84291064787211,0,216,117.0,83.0,151.0,20.79660053936828,20.56089929327398,0,122,17.0,1.0,35.0,IMG20200717091605.jpg,fully_ripe
126.76871984059026,44.84654903803209,10,232,126.0,95.0,162.0,98.32887861012635,40.90335706280363,5,200,96.0,66.0,132.0,27.272388985363435,17.12243869595337,0,139,26.0,12.0,44.0,IMG20200717091605.jpg,fully_ripe
149.04955146005554,46.05978947771445,0,243,152.0,123.0,183.0,124.64118404942342,40.88501840184173,0,216,124.0,98.0,156.0,24.043509574987397,20.786259136771665,0,120,22.0,4.0,38.0,IMG20200717091605.jpg,fully_ripe
152.47822467066615,43.01604314348425,51,243,158.0,116.0,189.0,129.32644708482147,37.82069465777285,48,221,132.0,100.0,158.0,22.992296738952824,21.869646998436455,0,138,19.0,4.0,34.0,IMG20200717091613.jpg,fully_ripe
150.85715508454135,45.84689668311148,0,242,158.0,115.0,189.0,127.76187586078106,40.14210013210184,0,219,131.0,98.0,158.0,21.949368566026283,20.592587275002153,0,137,18.0,4.0,33.0,IMG20200717091613.jpg,fully_ripe
144.81673241672308,55.89308372553062,0,242,157.0,109.0,189.0,121.91138915474217,48.522823945150634,0,220,130.0,92.0,157.0,19.94333045433678,19.9379489566719,0,128,16.0,2.0,31.0,IMG20200717091613.jpg,fully_ripe
177.67067391862554,46.28564513180529,68,255,184.0,138.0,217.0,152.7708941229565,40.79837026455132,65,252,156.0,121.0,184.0,38.006987402444814,23.650972530539796,13,162,34.0,18.0,50.0,IMG20200717091613.jpg,fully_ripe
216.29834185360693,41.16817828316004,105,255,231.0,182.0,255.0,196.04308379436185,42.40562975698683,101,255,201.0,163.0,231.0,71.7970385240863,25.802286881230742,45,208,67.0,49.0,85.0,IMG20200717091613.jpg,fully_ripe
152.3291675164172,54.290238999946666,0,252,164.0,129.0,191.0,128.48851817106498,48.75792603987209,0,236,140.0,108.0,163.0,18.931908471672717,23.497444342026313,0,171,11.0,1.0,31.0,IMG20200717091626.jpg,fully_ripe
158.64023330750092,44.03734297767341,0,252,165.0,134.0,191.0,134.08841212220094,40.6176988672061,0,236,141.0,113.0,163.0,20.429987355712363,24.06210190877739,0,171,14.0,1.0,32.0,IMG20200717091626.jpg,fully_ripe
127.46398009544397,33.356342520746985,33,205,132.0,106.0,153.0,106.26867071827711,31.34589388850218,28,192,111.0,87.0,130.0,15.850201900721949,16.855402662380506,0,136,10.0,8.0,19.0,IMG20200717091626.jpg,fully_ripe
179.16776114532774,38.93453675385905,69,255,184.0,154.0,209.0,154.4307460129706,36.63312936807914,63,255,160.0,132.0,182.0,39.94494432434637,25.28274719609524,18,189,33.0,19.0,52.0,IMG20200717091626.jpg,fully_ripe
161.18417424644124,38.96798372696878,51,252,166.0,136.0,191.0,136.4307460129706,36.63312936807914,45,237,142.0,114.0,164.0,21.944944324346373,25.28274719609524,0,171,15.0,1.0,34.0,IMG20200717091626.jpg,fully_ripe
168.37230690957477,57.80552456563109,0,255,182.0,135.0,213.0,130.13714459033716,49.24280963320585,0,226,138.0,97.0,169.0,22.665596931686984,21.29939517220596,0,155,19.0,2.0,38.0,IMG20200717091647.jpg,fully_ripe
174.15228068802222,46.722405860931545,51,255,183.0,140.0,213.0,134.83814061796764,41.565786288153994,40,226,139.0,102.0,169.0,24.774925151165295,22.320906507767717,0,155,22.0,4.0,39.0,IMG20200717091647.jpg,fully_ripe
138.38176819364813,45.597991695159365,18,217,147.0,105.0,176.0,100.01573293153044,40.543712964092016,7,189,104.0,68.0,133.0,19.43202943075749,12.610863791545157,0,120,19.0,8.0,30.0,IMG20200717091647.jpg,fully_ripe
161.27173551454905,66.98619225582108,0,255,179.0,128.0,212.0,124.566219204352,55.28080987572863,0,226,135.0,91.0,167.0,21.177964111695985,21.04582793056853,0,154,17.0,1.0,36.0,IMG20200717091647.jpg,fully_ripe
186.15373852807076,39.50730645879847,82,255,194.0,157.0,219.0,152.90850830675302,35.140684860063054,73,230,156.0,125.0,182.0,59.84953916599808,18.84653104721649,39,170,57.0,42.0,72.0,IMG20200717091647.jpg,fully_ripe
178.19933315577126,46.520735965784475,51,255,182.0,150.0,218.0,141.33211999250292,41.162158388052184,44,229,141.0,115.0,176.0,26.78953962100362,22.575178605652546,0,138,24.0,7.0,41.0,IMG20200717091702.jpg,fully_ripe
195.99466327325817,49.7170497176803,57,255,201.0,166.0,241.0,156.56389768478786,45.451896888122995,49,253,156.0,127.0,195.0,30.16194647489963,24.841614688542883,1,153,27.0,8.0,46.0,IMG20200717091702.jpg,fully_ripe
176.30152012863385,50.34197277694495,0,255,182.0,149.0,218.0,139.6173142750042,43.977181626638654,0,227,140.0,114.0,176.0,25.590216329791957,21.280472143122925,0,132,23.0,6.0,39.0,IMG20200717091702.jpg,fully_ripe
213.11653990707586,41.46594116448919,91,255,221.0,189.0,255.0,180.56848470500034,40.664922194471416,84,255,180.0,155.0,215.0,67.55766328312272,22.24049859256104,41,177,65.0,48.0,82.0,IMG20200717091702.jpg,fully_ripe
144.67870142937468,83.23256567116331,0,255,171.0,93.0,212.0,113.12415534708452,67.72397539242844,0,229,128.0,68.0,166.0,20.36898385171594,22.151106777388684,0,133,14.0,0.0,34.0,IMG20200717091702.jpg,fully_ripe
158.93031114020562,67.18924475044068,0,255,179.0,124.0,208.0,127.74370403173015,56.517311953327294,0,226,141.0,97.0,169.0,24.549135507720745,22.277552536863165,0,131,21.0,3.0,40.0,IMG20200717091707.jpg,fully_ripe
162.1969559859833,63.46972338438586,0,255,180.0,129.0,208.0,130.1174669798606,53.800825544382796,0,227,142.0,101.0,168.0,24.9337286764989,21.837901208376447,0,128,22.0,4.0,40.0,IMG20200717091707.jpg,fully_ripe
160.47356463475683,48.90233189426866,36,247,171.0,122.0,199.0,126.33265624398321,42.11439220413882,22,218,131.0,94.0,157.0,20.32151796372598,16.41077120664888,0,123,17.0,9.0,27.0,IMG20200717091707.jpg,fully_ripe
166.31346027956408,57.76439633911332,0,255,181.0,132.0,209.0,134.09168624128768,49.07978523240411,0,226,144.0,105.0,169.0,25.750876044514612,21.901522400330816,0,132,23.0,5.0,40.0,IMG20200717091707.jpg,fully_ripe
172.0230659632639,47.118893433018876,52,255,182.0,135.0,209.0,139.13089645346375,40.571528391522634,39,227,144.0,108.0,169.0,28.37565944010166,22.641266944680016,0,136,26.0,9.0,43.0,IMG20200717091707.jpg,fully_ripe
169.5750833647195,41.99307140323206,51,254,176.0,142.0,202.0,139.4979560716156,34.868958400878675,43,229,144.0,117.0,166.0,26.76333605857118,21.851711024605024,0,156,25.0,6.0,43.0,IMG20200717091712.jpg,fully_ripe
197.2052655269661,40.67457602806435,81,255,204.0,170.0,229.0,168.02674101360475,34.261588264410065,73,255,172.0,146.0,194.0,57.27147043423144,21.395985570847536,31,184,56.0,37.0,73.0,IMG20200717091712.jpg,fully_ripe
119.35081160032703,40.08599413512432,6,200,125.0,93.0,150.0,90.6326899934778,33.28129264529453,0,176,95.0,69.0,116.0,22.68014587677638,14.77416817126272,0,106,21.0,9.0,38.0,IMG20200717091712.jpg,fully_ripe
162.67947528454238,54.78629919731165,0,254,175.0,138.0,202.0,133.46960747388823,45.70181642705511,0,228,143.0,113.0,166.0,24.506361440027927,21.50829109887241,0,155,22.0,3.0,41.0,IMG20200717091712.jpg,fully_ripe
166.12755950357803,48.94299759753135,0,254,175.0,140.0,202.0,136.40838148430538,40.70859440112045,0,228,143.0,115.0,166.0,25.16738165884309,20.65369465766598,0,153,24.0,4.0,41.0,IMG20200717091712.jpg,fully_ripe
120.1993753758414,36.462757074672616,23,190,124.0,92.0,150.0,92.5961960000776,28.63261652630974,21,160,95.0,72.0,116.0,14.503685670501056,9.620950392785993,0,80,15.0,7.0,20.0,IMG20200717091718.jpg,fully_ripe
163.31921786192314,47.163382277578805,0,247,170.0,131.0,201.0,131.067670850226,37.24872073211773,0,212,135.0,108.0,160.0,25.36332951834106,19.887011267808493,0,111,25.0,5.0,40.0,IMG20200717091718.jpg,fully_ripe
154.08313126806465,61.49350983224051,0,247,168.0,124.0,201.0,123.41375531027526,48.83493376345427,0,212,133.0,101.0,159.0,23.81836433822816,20.2378361807221,0,112,24.0,2.0,39.0,IMG20200717091718.jpg,fully_ripe
171.8388974025722,50.6351823343584,37,255,177.0,132.0,214.0,133.49472367170375,39.839166023900496,34,227,137.0,105.0,166.0,20.966266415782428,14.198084426809073,0,116,20.0,11.0,25.0,IMG20200717091718.jpg,fully_ripe
165.3674516498225,42.91734666746455,51,248,170.0,132.0,201.0,132.87908091016664,33.70941535149887,49,212,136.0,109.0,160.0,26.411117146127136,20.382662720783408,0,118,27.0,6.0,41.0,IMG20200717091718.jpg,fully_ripe
213.54074929887167,45.25269639277299,65,255,229.0,186.0,255.0,166.38530844987747,44.37945320300828,60,255,171.0,138.0,200.0,31.033281466918854,25.302245943147703,4,191,29.0,7.0,47.0,IMG20200717091725.jpg,fully_ripe
172.9582118199521,35.421514136985635,66,236,180.0,150.0,202.0,136.50726285091358,30.960133669156818,62,217,140.0,117.0,160.0,42.03262925452123,17.697470430694207,23,153,40.0,25.0,53.0,IMG20200717091725.jpg,fully_ripe
174.47058987952704,52.93982358483721,0,255,187.0,149.0,214.0,131.88051468875491,44.13179871641291,0,230,139.0,109.0,164.0,21.196474326124832,20.230733661759395,0,156,19.0,2.0,34.0,IMG20200717091725.jpg,fully_ripe
173.7351924492439,54.903481549293936,0,255,188.0,149.0,214.0,131.39040502389892,45.470808676019345,0,232,139.0,109.0,164.0,21.162121367409878,20.544313759881174,0,156,18.0,2.0,34.0,IMG20200717091725.jpg,fully_ripe
174.5389883253981,52.82164888311123,0,255,187.0,149.0,214.0,131.932971200164,44.05045821487949,0,230,139.0,109.0,164.0,21.20966765119681,20.232213111018652,0,155,19.0,2.0,34.0,IMG20200717091725.jpg,fully_ripe
166.34790721958484,62.28869296569924,0,255,186.0,129.0,212.0,128.41348003906137,53.07148702396675,0,225,142.0,91.0,168.0,23.194069246908448,22.270964251380803,0,164,20.0,2.0,37.0,IMG20200717091728.jpg,fully_ripe
167.38547961364054,59.58060762193704,0,255,184.0,131.0,211.0,129.36066984443133,50.79338202658493,0,224,140.0,94.0,167.0,22.932039022692333,21.573121913721728,0,162,20.0,2.0,37.0,IMG20200717091728.jpg,fully_ripe
155.42892088139462,41.82318755426444,47,227,165.0,122.0,189.0,120.3830914558094,37.82116823205708,38,200,126.0,88.0,149.0,22.836957467585833,20.27231857630074,0,146,21.0,4.0,35.0,IMG20200717091728.jpg,fully_ripe
205.25290301371982,43.70376266907274,89,255,218.0,170.0,243.0,168.5572722789987,41.1847388408464,79,255,175.0,133.0,200.0,62.249112900886615,22.04159360412145,38,196,60.0,41.0,75.0,IMG20200717091728.jpg,fully_ripe
174.73142409622247,47.05190811110252,53,255,186.0,137.0,212.0,135.30673808579965,42.54570963514249,43,225,142.0,99.0,168.0,25.49289837276533,22.809952694996767,0,164,23.0,4.0,39.0,IMG20200717091728.jpg,fully_ripe
108.80257914545052,88.47154089765347,0,239,139.0,0.0,190.0,81.2692937790569,67.62271379890892,0,191,101.0,0.0,142.0,14.557892406464468,17.089008355755055,0,106,6.0,0.0,28.0,IMG20200717091739.jpg,fully_ripe
170.0570290015497,39.48653396659952,51,239,175.0,145.0,204.0,128.22310161611688,34.13998977418345,45,192,129.0,107.0,158.0,24.17688731458933,17.773472302750026,0,122,25.0,9.0,35.0,IMG20200717091739.jpg,fully_ripe
145.4872038963914,41.564940774802544,20,218,151.0,119.0,181.0,101.43795660836838,35.94394222992864,14,169,102.0,79.0,133.0,16.09176444542838,12.513957349492307,0,95,14.0,5.0,26.0,IMG20200717091739.jpg,fully_ripe
156.97814921408013,60.87119879985352,0,238,172.0,137.0,202.0,117.63704892627851,48.97167251429202,0,191,127.0,98.0,156.0,21.077473987159618,16.421527917359665,0,111,22.0,5.0,33.0,IMG20200717091739.jpg,fully_ripe
139.34475315474873,41.7807927540769,13,212,145.0,113.0,175.0,95.06928270976312,36.134229278687414,7,163,96.0,73.0,127.0,19.7089329200797,13.950652057866135,0,88,17.0,7.0,32.0,IMG20200717091739.jpg,fully_ripe
156.50225750702094,36.752269014118305,31,221,167.0,134.0,183.0,116.40222510261395,31.853482205220217,26,175,123.0,97.0,139.0,15.82855908403543,11.511923285229717,0,100,15.0,7.0,21.0,IMG20200717091745.jpg,fully_ripe
173.40251674227696,36.973719627799596,0,237,184.0,152.0,200.0,134.07801901058545,31.955479039140364,0,192,141.0,115.0,157.0,25.14544178008209,18.13075174533755,0,115,25.0,10.0,38.0,IMG20200717091745.jpg,fully_ripe
173.71750918124866,36.06163248401484,51,237,184.0,152.0,200.0,134.40462302873192,31.201369475275953,46,192,141.0,115.0,157.0,25.459796932382805,18.47144116564913,0,118,25.0,10.0,39.0,IMG20200717091745.jpg,fully_ripe
168.95474184489092,47.50761264830366,0,236,183.0,151.0,200.0,130.2949557139771,39.81464896004491,0,192,141.0,113.0,157.0,23.590257074962196,17.938446641734572,0,113,23.0,7.0,37.0,IMG20200717091745.jpg,fully_ripe
165.0648412184057,55.59425714498155,0,237,184.0,151.0,200.0,127.7302009073234,45.30664524852112,0,192,141.0,114.0,157.0,23.670101533808598,18.219000382893835,0,110,24.0,6.0,38.0,IMG20200717091745.jpg,fully_ripe
160.52637491975176,36.292602641339485,51,239,167.0,136.0,189.0,121.88329766745132,31.824964347853147,42,199,125.0,98.0,147.0,24.530612026535415,20.486304011042854,0,139,22.0,8.0,36.0,IMG20200717091748.jpg,fully_ripe
157.64869462871818,42.33033057122836,0,239,166.0,134.0,189.0,119.22766959126899,36.10023934292822,0,198,124.0,96.0,146.0,22.675240744703615,18.6380985396583,0,130,21.0,6.0,35.0,IMG20200717091748.jpg,fully_ripe
113.61272202011556,78.78638521145491,0,232,148.0,0.0,179.0,84.88870104857693,60.189959145898115,0,192,107.0,0.0,135.0,15.934356944147229,18.13369408354171,0,130,10.0,0.0,28.0,IMG20200717091748.jpg,fully_ripe
211.08477423496683,36.46269685101779,97,255,219.0,186.0,242.0,171.68289107639632,33.387490023652745,88,253,175.0,147.0,198.0,69.59126899208218,21.4809787201141,44,190,67.0,52.0,82.0,IMG20200717091748.jpg,fully_ripe
147.8448748127541,56.06182512749359,0,239,163.0,126.0,187.0,111.38634710036379,45.34285937153191,0,198,120.0,91.0,144.0,20.603980312433126,17.988130201734283,0,130,19.0,3.0,33.0,IMG20200717091748.jpg,fully_ripe
113.88067554473963,34.71078973757591,7,195,116.0,90.0,140.0,76.941841862142,31.521833574279736,3,157,78.0,54.0,100.0,23.399614682620157,14.456386928981468,0,92,23.0,11.0,37.0,IMG20200717091754.jpg,fully_ripe
171.30536965681966,41.552971259055155,43,255,174.0,143.0,202.0,127.06664188016855,37.752669779772674,38,223,128.0,99.0,155.0,21.40443678316321,19.06323877015819,0,145,16.0,9.0,30.0,IMG20200717091754.jpg,fully_ripe
147.60875639378986,54.616639043009066,0,241,157.0,129.0,184.0,112.41482457919287,44.557605383888706,0,203,118.0,92.0,142.0,22.210617634466754,19.47212768712054,0,114,19.0,4.0,36.0,IMG20200717091754.jpg,fully_ripe
146.56510962392122,55.875075250460405,0,240,157.0,129.0,184.0,111.5929493679443,45.40219685593554,0,203,118.0,92.0,142.0,22.02359223957277,19.488098588396753,0,115,19.0,4.0,36.0,IMG20200717091754.jpg,fully_ripe
131.84339439825143,69.99396818579514,0,241,152.0,106.0,182.0,100.13268663106425,55.74946334139409,0,203,114.0,73.0,140.0,19.78714031411253,19.726914832737354,0,135,15.0,1.0,33.0,IMG20200717091754.jpg,fully_ripe
164.57788508611864,42.205773484930596,52,234,174.0,136.0,199.0,127.2198918509947,36.95595597312847,46,198,133.0,101.0,157.0,27.9533579598558,17.66917316714138,0,108,29.0,14.0,40.0,IMG20200717091801.jpg,fully_ripe
157.0335462192354,55.31852865904688,0,234,172.0,127.0,198.0,120.9712270238996,46.213432400178164,0,198,131.0,93.0,156.0,25.22890426810272,17.113189373358214,0,89,26.0,10.0,38.0,IMG20200717091801.jpg,fully_ripe
105.26670078775201,90.41905085471286,0,234,137.0,0.0,193.0,81.8932751791357,71.23046874411173,0,197,102.0,0.0,151.0,18.071476256175174,19.784038867670883,0,108,11.0,0.0,34.0,IMG20200717091801.jpg,fully_ripe
150.95617294939694,62.19061681591174,0,234,170.0,119.0,198.0,116.19643731363212,50.88444851487973,0,198,128.0,86.0,156.0,24.528172148293205,17.357050056346356,0,92,26.0,8.0,38.0,IMG20200717091801.jpg,fully_ripe
198.1828741822066,47.001637011832244,71,255,209.0,166.0,238.0,156.49580533179048,41.837599666527545,65,237,163.0,127.0,190.0,44.105589923895145,20.01706956374659,12,135,45.0,28.0,58.0,IMG20200717091801.jpg,fully_ripe
119.68788652578536,36.367560951754285,10,195,126.0,97.0,146.0,77.83378436845186,33.84557899839428,2,155,80.0,56.0,102.0,24.96554883480238,12.824476253333229,0,76,25.0,14.0,38.0,IMG20200717092037.jpg,fully_ripe
161.06882597962283,36.73290947367602,51,237,167.0,138.0,188.0,118.86617406279427,33.905849641866936,43,197,121.0,97.0,143.0,18.101130839773663,16.229220898676726,0,117,16.0,3.0,28.0,IMG20200717092037.jpg,fully_ripe
139.15212467232794,67.83358523450727,0,237,163.0,110.0,187.0,102.21756576770701,53.590459291882226,0,197,117.0,71.0,140.0,14.747855815808004,14.534902227676595,0,101,12.0,0.0,26.0,IMG20200717092037.jpg,fully_ripe
151.53782332431263,53.94070090905535,0,237,166.0,129.0,188.0,111.00405507435717,44.93871430230185,0,195,119.0,88.0,143.0,16.335587095022778,15.464816710260004,0,114,14.0,2.0,27.0,IMG20200717092037.jpg,fully_ripe
154.84328579790798,49.24637302871992,0,237,166.0,133.0,188.0,113.64842165986579,41.970177721853105,0,195,120.0,91.0,143.0,16.56077097313301,15.534826268545402,0,110,15.0,2.0,27.0,IMG20200717092037.jpg,fully_ripe
157.32356155154423,52.2513706998342,0,254,173.0,136.0,191.0,116.5118354133973,43.815595392449424,0,230,126.0,94.0,143.0,17.82858574820682,17.993508679462675,0,162,14.0,2.0,29.0,IMG20200717092040.jpg,fully_ripe
180.1072047719598,36.39660893163091,64,255,188.0,155.0,206.0,136.84007197377395,33.7571946707161,55,246,141.0,113.0,157.0,30.695573941550066,18.849414093746187,11,176,27.0,14.0,41.0,IMG20200717092040.jpg,fully_ripe
159.88047095168062,48.80401172811414,0,255,173.0,139.0,191.0,118.65014665888867,41.493395458494476,0,230,127.0,97.0,143.0,17.984545357445096,17.951950597486555,0,162,15.0,2.0,28.0,IMG20200717092040.jpg,fully_ripe
203.37857712121337,35.718967547416355,86,255,212.0,178.0,230.0,160.28014723402157,34.08431105782773,77,255,165.0,136.0,180.0,52.987733236930104,19.110909090482814,33,200,49.0,36.0,64.0,IMG20200717092040.jpg,fully_ripe
165.87927138878163,35.64862818384673,52,255,174.0,141.0,191.0,123.4958631512353,33.03335288709807,43,230,128.0,100.0,143.0,19.52891686043168,18.54020722251061,0,162,16.0,3.0,30.0,IMG20200717092040.jpg,fully_ripe
149.75905185833412,55.84973874293484,0,236,167.0,132.0,186.0,113.54860614424072,46.06733245642036,0,203,121.0,95.0,145.0,22.544777563676448,18.19325357435371,0,107,21.0,6.0,35.0,IMG20200717092046.jpg,fully_ripe
95.12212751276894,82.7481769270089,0,230,125.0,0.0,173.0,69.56422338715785,62.07523573824167,0,200,85.0,0.0,126.0,13.269245979990407,17.07885950463862,0,110,4.0,0.0,25.0,IMG20200717092046.jpg,fully_ripe
199.1589492018882,32.61461888645013,96,255,206.0,177.0,225.0,162.6947317048543,30.73092841595035,89,241,164.0,142.0,185.0,70.25834083622931,17.311988388954667,47,160,69.0,56.0,81.0,IMG20200717092046.jpg,fully_ripe
204.16085928493897,34.37429783573361,95,255,211.0,181.0,232.0,165.6556549397104,32.43359442614234,88,249,167.0,144.0,189.0,67.79640365860841,18.623559938583416,43,163,66.0,52.0,80.0,IMG20200717092046.jpg,fully_ripe
156.08162870341542,44.73608265846093,0,237,167.0,136.0,186.0,118.47132771808184,38.79057022402679,0,204,123.0,98.0,145.0,23.241436180507055,17.86735592673407,0,107,22.0,8.0,35.0,IMG20200717092046.jpg,fully_ripe
130.7065003282994,69.49550014043173,0,247,151.0,96.0,183.0,102.48865639147112,57.00886537304017,0,212,118.0,68.0,144.0,21.999308843349347,21.769784634646882,0,94,18.0,0.0,38.0,IMG20200717092052.jpg,fully_ripe
143.28034177696375,57.79558458019529,0,247,157.0,116.0,183.0,112.39724228496388,47.80768836203606,0,212,122.0,89.0,144.0,23.629203096381794,20.953531405156287,0,94,22.0,2.0,38.0,IMG20200717092052.jpg,fully_ripe
153.17435290458582,44.441340904860084,0,247,160.0,124.0,184.0,120.24676020320005,38.539829182949326,0,212,126.0,95.0,146.0,25.632978539586,20.675855468720837,0,93,24.0,6.0,40.0,IMG20200717092052.jpg,fully_ripe
156.01240626187925,38.81809155747834,52,247,161.0,126.0,184.0,122.58388913847324,34.73537624818778,43,212,127.0,97.0,146.0,26.660071880291667,21.243536079797778,0,106,25.0,6.0,41.0,IMG20200717092052.jpg,fully_ripe
206.4156270518713,40.92646188750509,88,255,215.0,174.0,242.0,170.27360299961987,40.397561052963724,77,255,176.0,140.0,198.0,58.145574869544184,24.871192703351944,27,151,56.0,34.0,75.0,IMG20200717092052.jpg,fully_ripe
152.57116251126465,53.067687606786606,0,239,165.0,122.0,193.0,117.87641076256276,44.279006240431144,0,199,125.0,91.0,151.0,22.084152255074454,17.011831997265308,0,126,22.0,5.0,34.0,IMG20200717092106.jpg,fully_ripe
149.32314294296873,40.49723287924078,46,227,157.0,117.0,182.0,115.15780800755267,35.25325194357565,40,188,119.0,88.0,143.0,21.172836115521605,16.85248019468444,0,125,20.0,5.0,32.0,IMG20200717092106.jpg,fully_ripe
186.97155731021758,49.751215568574764,59,255,197.0,148.0,229.0,144.87885679955372,43.940247359990174,51,236,150.0,110.0,180.0,27.232682487233404,21.536953199820505,0,157,27.0,8.0,41.0,IMG20200717092106.jpg,fully_ripe
150.5817877526499,56.237055754852136,0,238,165.0,121.0,193.0,116.30838089516371,46.46328044114969,0,198,125.0,89.0,151.0,21.821945672231042,17.042880831080467,0,127,22.0,5.0,34.0,IMG20200717092106.jpg,fully_ripe
148.04779642106166,59.7942515598666,0,239,164.0,119.0,193.0,114.40171651718663,49.10031621804119,0,199,125.0,87.0,151.0,21.38562416856199,18.108417362894205,0,133,21.0,3.0,34.0,IMG20200717092106.jpg,fully_ripe
104.96762718317233,41.26941856616574,19,191,106.0,70.0,138.0,79.13466663494027,35.899809208389556,8,159,79.0,48.0,108.0,17.263455955836864,12.772495060792739,0,99,16.0,8.0,23.0,IMG20200717092152.jpg,fully_ripe
125.73587778993956,75.02973509812739,0,254,136.0,74.0,187.0,100.0235925379527,61.70761424363862,0,216,107.0,55.0,149.0,24.889556465045448,24.569552702680927,0,124,19.0,1.0,41.0,IMG20200717092152.jpg,fully_ripe
141.33633940893733,61.196485579613416,0,254,146.0,103.0,188.0,112.7387212677866,50.94379477681124,0,215,115.0,79.0,151.0,28.17240517774711,23.355934469044506,0,116,25.0,7.0,43.0,IMG20200717092152.jpg,fully_ripe
152.93893066197117,45.87338740024989,57,249,154.0,114.0,189.0,124.20927521058393,39.92000442818074,45,213,124.0,89.0,156.0,39.32646456955218,23.704872394845975,9,146,36.0,20.0,55.0,IMG20200717092152.jpg,fully_ripe
145.97276685861132,56.97558325980462,0,254,150.0,107.0,190.0,116.40260790938943,48.21567650034362,0,215,118.0,81.0,153.0,29.449555037357825,23.599901491707406,0,120,26.0,9.0,45.0,IMG20200717092152.jpg,fully_ripe
108.00245053072992,35.63754153904741,18,184,109.0,82.0,135.0,77.34273358668588,31.315332261871188,13,148,77.0,53.0,100.0,16.18322631372035,11.051532315795901,0,85,15.0,7.0,24.0,IMG20200717092159.jpg,fully_ripe
149.88542786004456,49.25580644512446,0,241,155.0,123.0,186.0,115.2008648931988,42.00322499535847,0,200,117.0,88.0,146.0,29.588219106277027,21.9643065928935,0,123,29.0,10.0,46.0,IMG20200717092159.jpg,fully_ripe
154.63235486830035,40.86268523841274,51,242,156.0,125.0,186.0,119.4774079412921,35.90658911407462,46,200,119.0,91.0,146.0,32.20798060542524,22.40982925823378,0,128,32.0,14.0,48.0,IMG20200717092159.jpg,fully_ripe
126.2517625475036,43.63391071821052,16,220,128.0,95.0,160.0,88.71276372690342,38.33813703761916,10,175,88.0,58.0,117.0,20.149207181234438,13.740228596719643,0,98,19.0,9.0,31.0,IMG20200717092159.jpg,fully_ripe
126.16894247149784,72.00761618973715,0,242,142.0,80.0,183.0,97.96878521818897,58.11968158534677,0,200,108.0,59.0,143.0,26.821176778928056,22.95874148309999,0,128,26.0,2.0,45.0,IMG20200717092159.jpg,fully_ripe
162.06952205715325,58.599468656013975,0,241,179.0,145.0,201.0,119.12918540729635,45.237488941861514,0,196,130.0,104.0,148.0,21.77816773431466,19.990912817346814,0,104,19.0,2.0,37.0,IMG20200717092206.jpg,fully_ripe
173.1815796647131,39.098584796994345,0,241,181.0,152.0,202.0,127.64675616737085,32.37155183451304,0,196,132.0,110.0,149.0,23.792172095770297,20.39501138855815,0,117,22.0,3.0,39.0,IMG20200717092206.jpg,fully_ripe
173.96925400935896,36.9799649360529,51,241,181.0,152.0,202.0,128.42348144109764,30.765068731822193,44,196,132.0,110.0,149.0,24.449672890827312,20.965939069588178,0,120,23.0,4.0,39.0,IMG20200717092206.jpg,fully_ripe
158.79655626732088,40.026658169024785,26,231,166.0,135.0,189.0,109.50454318295398,33.30622924381267,18,183,113.0,90.0,132.0,19.42317477624824,12.227645967533896,0,100,20.0,9.0,28.0,IMG20200717092206.jpg,fully_ripe
143.95370496569896,79.27533577173841,0,241,178.0,107.0,200.0,105.9856662577802,59.64374037272638,0,196,128.0,75.0,147.0,19.965096996956067,20.620814768477636,0,117,15.0,0.0,36.0,IMG20200717092206.jpg,fully_ripe
138.10373223535663,55.63901280276859,0,248,137.0,101.0,182.0,109.53841147562757,48.97165204887926,0,214,106.0,75.0,148.0,31.52354894408288,24.617781257470615,0,109,27.0,11.0,52.0,IMG20200717092228.jpg,fully_ripe
159.76658254748307,50.03158225853408,56,255,154.0,118.0,201.0,127.47387435250366,46.10421347999548,49,237,120.0,89.0,164.0,38.08071457032806,26.784897630975205,0,135,34.0,16.0,60.0,IMG20200717092228.jpg,fully_ripe
146.06481604462743,53.15093018910228,36,255,140.0,101.0,189.0,111.7973701686811,48.736891181976866,29,228,104.0,71.0,151.0,25.911874086864124,20.83791762768359,0,120,21.0,9.0,41.0,IMG20200717092228.jpg,fully_ripe
81.42332315048479,81.25092648159803,0,248,95.0,0.0,151.0,63.615938371629696,65.22464897792439,0,211,66.0,0.0,117.0,15.814782839686545,22.374809299820622,0,113,1.0,0.0,28.0,IMG20200717092228.jpg,fully_ripe
145.19422234028423,45.506044267825274,51,248,140.0,107.0,182.0,115.85980873954044,41.697107993224385,45,215,109.0,81.0,149.0,34.938770088989244,24.33839656219962,0,123,31.0,15.0,55.0,IMG20200717092228.jpg,fully_ripe
143.52981758652948,75.69337794360237,0,255,156.0,99.0,207.0,116.86976145930777,64.42248874186822,0,226,123.0,76.0,171.0,28.081536482694105,27.422378429042915,0,150,23.0,2.0,47.0,IMG20200717092238.jpg,fully_ripe
190.08735968194574,52.47765107808512,67,255,191.0,148.0,243.0,160.12446211412535,50.181864904658234,54,255,157.0,121.0,205.0,48.07042797006548,29.967919550783776,12,178,45.0,21.0,67.0,IMG20200717092238.jpg,fully_ripe
163.42438026192704,50.66745672788084,50,255,162.0,123.0,209.0,133.9651426566885,45.27838264675468,38,226,131.0,99.0,174.0,32.82570159027128,27.087601692174047,0,150,30.0,8.0,50.0,IMG20200717092238.jpg,fully_ripe
150.57323433115062,64.62025100327445,0,255,154.0,112.0,204.0,122.69389616463985,55.15502758148171,0,224,123.0,90.0,168.0,27.98532507015903,24.506800802672874,0,114,25.0,4.0,46.0,IMG20200717092238.jpg,fully_ripe
160.35387043966324,56.20418140349277,0,255,162.0,122.0,209.0,131.06674462114125,49.82094306970514,0,225,130.0,97.0,174.0,31.241195042095416,26.85448302489654,0,149,28.0,6.0,49.0,IMG20200717092238.jpg,fully_ripe
154.65466986142332,47.46558778920428,0,248,163.0,127.0,187.0,112.90525652743126,38.20652283007557,0,202,117.0,90.0,138.0,19.894622434108143,18.039016262860258,0,125,17.0,4.0,31.0,IMG20200717092255.jpg,fully_ripe
210.05762912827606,38.99723063266303,95,255,218.0,180.0,245.0,166.47379146802362,36.886048355268926,88,255,169.0,139.0,192.0,61.86598078205667,21.90062246831114,38,179,58.0,43.0,74.0,IMG20200717092255.jpg,fully_ripe
162.9537089642566,45.987751750158836,38,255,168.0,128.0,196.0,113.67310970036806,38.66721941264902,31,213,116.0,85.0,140.0,17.69296988859521,15.137388637851938,0,126,16.0,8.0,21.0,IMG20200717092255.jpg,fully_ripe
115.43630659783119,81.93245279828939,0,249,144.0,0.0,182.0,83.72647778079688,61.12592582614857,0,202,101.0,0.0,132.0,16.108218264456685,18.420640151544774,0,126,10.0,0.0,28.0,IMG20200717092255.jpg,fully_ripe
158.5290368796779,39.70527665590881,51,249,163.0,128.0,187.0,116.00098806906603,33.35208328410384,45,202,118.0,91.0,139.0,21.473013363634117,19.751594653830132,0,127,18.0,4.0,32.0,IMG20200717092255.jpg,fully_ripe
137.0372053755233,76.10169961912916,0,239,168.0,104.0,191.0,103.91068165521708,59.18987593115196,0,196,125.0,72.0,145.0,18.859262600328453,18.446108090636148,0,115,16.0,0.0,32.0,IMG20200717092258.jpg,fully_ripe
154.44920546804525,56.2232450664759,0,239,171.0,136.0,190.0,115.77245391252053,44.76176952794619,0,196,126.0,99.0,143.0,19.880924293942126,16.557726442913896,0,93,18.0,3.0,32.0,IMG20200717092258.jpg,fully_ripe
166.31728078088497,36.88675988524151,53,239,173.0,145.0,192.0,125.16385631346425,32.19792951199824,43,196,128.0,106.0,146.0,22.679214951541645,18.29593675139822,0,115,21.0,7.0,35.0,IMG20200717092258.jpg,fully_ripe
159.42211967709852,49.62419616828594,0,239,172.0,140.0,191.0,119.60278028357968,40.40163978766465,0,196,127.0,102.0,145.0,20.51404020077256,16.503509486033202,0,101,19.0,5.0,33.0,IMG20200717092258.jpg,fully_ripe
205.1359609557514,34.172258788152696,99,255,212.0,185.0,229.0,166.83898873545672,30.144233498879537,90,233,169.0,149.0,186.0,70.93196169592672,17.081320278241535,50,157,69.0,56.0,82.0,IMG20200717092258.jpg,fully_ripe
99.06460417453606,85.01185193094881,0,241,123.0,0.0,179.0,75.13815204279327,66.11159084415684,0,202,88.0,0.0,136.0,17.219339823806795,19.231152919439648,0,118,11.0,0.0,32.0,IMG20200717092304.jpg,fully_ripe
166.95813279070052,44.04821488355649,41,255,175.0,138.0,201.0,124.21882805931594,39.348017379677444,30,213,129.0,98.0,154.0,20.710402222520074,15.702044254922852,1,117,16.0,10.0,29.0,IMG20200717092304.jpg,fully_ripe
152.72971523961544,53.04681905334691,0,239,167.0,128.0,191.0,116.4973497910295,44.80755573766003,0,200,127.0,92.0,149.0,24.578586311518357,18.13348996751259,0,108,25.0,8.0,37.0,IMG20200717092304.jpg,fully_ripe
131.14939867672325,31.882854477618046,40,196,137.0,110.0,156.0,100.21869402575881,28.4669255315686,32,164,104.0,81.0,122.0,21.425617468227955,15.033772628203085,0,95,21.0,9.0,31.0,IMG20200717092304.jpg,fully_ripe
161.63701275755767,38.81587151025506,51,241,169.0,136.0,192.0,123.97508194324288,34.663649303744215,41,202,128.0,101.0,150.0,27.679074924758435,18.768804872765642,0,118,28.0,13.0,40.0,IMG20200717092304.jpg,fully_ripe
112.14257379961549,33.29513796852646,19,180,118.0,85.0,138.0,79.56047552992139,29.320470531204528,10,145,84.0,54.0,102.0,15.737886641843712,10.626991073815615,0,83,15.0,7.0,23.0,IMG20200717092310.jpg,fully_ripe
96.98244141052785,84.77753640568214,0,237,116.0,0.0,179.0,74.31540970042101,66.45628908957761,0,197,83.0,0.0,137.0,17.33768951838602,21.521374960860527,0,120,6.0,0.0,31.0,IMG20200717092310.jpg,fully_ripe
194.4906913922757,38.18188762409077,86,255,202.0,163.0,225.0,156.96653768465114,33.95648330576887,76,233,162.0,128.0,183.0,59.68351950548782,21.675254808947646,35,161,55.0,42.0,72.0,IMG20200717092310.jpg,fully_ripe
150.66375848726,53.52426842186283,0,237,165.0,122.0,189.0,114.72921077608235,44.10821897996912,0,197,125.0,88.0,147.0,22.193436518945756,20.4512572592185,0,119,18.0,4.0,34.0,IMG20200717092310.jpg,fully_ripe
155.01752208512812,45.41693325608569,0,237,166.0,125.0,189.0,117.74669635686647,38.8014783190631,0,197,125.0,89.0,147.0,22.518106154632402,20.103005099314014,0,119,19.0,5.0,34.0,IMG20200717092310.jpg,fully_ripe
165.24369898538427,52.60221310438802,24,255,175.0,122.0,210.0,111.35063398544403,45.30346075653955,6,207,117.0,74.0,148.0,23.041480932633817,18.678259712745074,0,178,21.0,9.0,34.0,IMG20200717092316.jpg,fully_ripe
165.77454975680294,57.22686798618194,0,251,180.0,132.0,210.0,121.08271090024738,46.30629040181675,0,206,130.0,90.0,156.0,24.319968450111737,23.05503012474817,0,166,21.0,4.0,37.0,IMG20200717092316.jpg,fully_ripe
171.80783249877504,44.844739739962506,51,251,180.0,135.0,210.0,125.86482545980377,38.61631316792018,36,207,131.0,94.0,157.0,26.563966203377273,24.937124674657394,0,183,23.0,6.0,38.0,IMG20200717092316.jpg,fully_ripe
170.00102776151152,48.45951929802496,0,251,180.0,134.0,210.0,124.15556246041325,41.001666514279385,0,206,130.0,92.0,156.0,25.170692065920147,23.195398653602673,0,166,22.0,5.0,37.0,IMG20200717092316.jpg,fully_ripe
209.582334452717,45.059671124662394,79,255,223.0,173.0,255.0,162.62928881293544,42.982034535838984,63,253,168.0,127.0,197.0,52.17171982743167,27.684722217854848,23,226,48.0,29.0,65.0,IMG20200717092316.jpg,fully_ripe
182.84943234923918,37.140810265353984,78,248,187.0,158.0,212.0,146.61326221601885,32.45671614427288,71,214,149.0,124.0,170.0,58.445870667846414,19.065157991307746,35,163,57.0,42.0,70.0,IMG20200717092323.jpg,fully_ripe
156.25553630846304,70.75901211539042,0,250,176.0,129.0,208.0,117.47414727764415,56.62168548892058,0,210,131.0,91.0,158.0,23.821467293097218,21.11202175215058,0,138,22.0,2.0,38.0,IMG20200717092323.jpg,fully_ripe
163.67792829281058,61.042404913079615,0,250,175.0,140.0,208.0,123.02796505614197,50.21221011834256,0,209,132.0,98.0,159.0,23.789950525279462,20.96078941313634,0,147,22.0,3.0,38.0,IMG20200717092323.jpg,fully_ripe
173.5942823673093,43.53769193416554,51,250,178.0,145.0,208.0,131.11567364131452,38.04437643966604,42,210,134.0,105.0,159.0,27.754994205102,22.38435384840551,0,150,26.0,9.0,41.0,IMG20200717092323.jpg,fully_ripe
208.92894084219185,39.52520525736984,92,255,215.0,183.0,244.0,169.85243572648082,36.80059692035401,84,246,173.0,145.0,197.0,69.95104868960533,21.65690349009393,43,188,68.0,52.0,83.0,IMG20200717092323.jpg,fully_ripe
162.37035248103294,50.72846816683206,0,243,174.0,142.0,196.0,122.96254889025022,41.993107107222514,0,205,130.0,104.0,150.0,20.98393101173366,19.618248305572447,0,128,18.0,3.0,33.0,IMG20200717092329.jpg,fully_ripe
167.1884454078507,39.21110269747696,51,243,175.0,143.0,196.0,126.52735497855898,34.74119435612145,45,205,130.0,106.0,150.0,22.396140615428113,20.803183857246193,0,131,19.0,4.0,34.0,IMG20200717092329.jpg,fully_ripe
195.4867583996984,35.442391207905295,90,255,203.0,174.0,222.0,158.72184392818434,31.418746637535502,85,230,162.0,140.0,180.0,64.50863531407568,18.86493086369766,44,163,61.0,48.0,75.0,IMG20200717092329.jpg,fully_ripe
79.68870458508081,85.74095813832594,0,239,2.0,0.0,173.0,58.593103529522644,64.12223656741179,0,192,2.0,0.0,127.0,8.33174685453089,15.118649387800918,0,126,0.0,0.0,12.0,IMG20200717092329.jpg,fully_ripe
169.6343127091089,42.811630448663266,43,252,178.0,143.0,201.0,125.2396446915791,37.933908002229536,36,211,129.0,103.0,151.0,18.445136892700628,17.585647584664724,0,130,13.0,8.0,24.0,IMG20200717092329.jpg,fully_ripe
164.6995364418075,41.5831877770391,0,235,177.0,136.0,198.0,126.1782516896873,37.56730526218961,0,197,135.0,99.0,156.0,25.612333242902135,19.03760181290053,0,112,25.0,8.0,39.0,IMG20200717092335.jpg,fully_ripe
214.8579954941672,42.968414159535214,84,255,232.0,183.0,255.0,173.01643095577916,42.43386244003828,72,255,182.0,141.0,207.0,54.77052100166315,23.201473237639096,24,160,54.0,34.0,71.0,IMG20200717092335.jpg,fully_ripe
160.76870451408956,48.33339015095622,0,235,176.0,132.0,198.0,122.7990776017646,42.37228968310456,0,197,134.0,95.0,156.0,23.977175951591786,18.615014015734864,0,112,24.0,6.0,38.0,IMG20200717092335.jpg,fully_ripe
165.58836504323006,39.67656970969833,51,236,177.0,136.0,198.0,127.08352304226283,36.10406035088869,41,197,135.0,100.0,156.0,26.44521638613336,19.78302321426186,0,116,26.0,9.0,40.0,IMG20200717092335.jpg,fully_ripe
130.45054789511553,32.20178849936125,37,188,140.0,106.0,157.0,99.19594475046887,29.301568230642836,29,156,106.0,77.0,123.0,18.621050024180516,14.771517973444643,0,90,17.0,4.0,29.0,IMG20200717092335.jpg,fully_ripe
191.98035368702034,42.91656377034651,89,255,196.0,159.0,229.0,155.80133466800135,38.60200936065967,81,238,157.0,125.0,188.0,66.27524858191525,22.795265109769915,37,171,65.0,45.0,82.0,IMG20200717092348.jpg,fully_ripe
114.57602936269603,35.95441895268736,29,186,117.0,87.0,145.0,84.25376042709377,31.91255533320008,22,153,85.0,59.0,111.0,16.88385719052386,13.011114227090221,0,97,14.0,8.0,23.0,IMG20200717092348.jpg,fully_ripe
156.578992325659,43.78441341364434,52,243,160.0,123.0,194.0,119.65765765765765,38.87089500810321,44,203,121.0,89.0,152.0,29.308548548548547,22.880958121837953,0,135,28.0,8.0,45.0,IMG20200717092348.jpg,fully_ripe
146.8868201534868,58.87283754669455,0,243,157.0,116.0,192.0,111.83459459459459,48.70774236104619,0,202,118.0,82.0,150.0,25.598718718718718,21.64093523328103,0,111,24.0,3.0,43.0,IMG20200717092348.jpg,fully_ripe
147.41317317317316,58.20915842688165,0,243,158.0,117.0,192.0,112.24585919252586,48.28313917472737,0,203,118.0,83.0,150.0,25.734574574574573,21.64926181184612,0,113,24.0,3.0,43.0,IMG20200717092348.jpg,fully_ripe
196.22380898974416,45.949412850009956,72,255,208.0,160.0,235.0,154.60206612085187,41.35639807167927,63,244,162.0,122.0,185.0,44.99904046257181,22.863208308181026,13,171,44.0,28.0,58.0,IMG20200717092355.jpg,fully_ripe
152.7984722170299,55.19536127473152,0,244,168.0,125.0,192.0,117.14710830311414,45.16503844983867,0,200,128.0,91.0,149.0,25.30482136403853,18.79007823484132,0,135,25.0,9.0,37.0,IMG20200717092355.jpg,fully_ripe
159.57602153351527,41.29919656336402,51,244,169.0,127.0,192.0,122.48867870449986,35.81417346429225,43,200,129.0,94.0,149.0,27.608047652871758,19.77575915175849,0,137,27.0,13.0,39.0,IMG20200717092355.jpg,fully_ripe
150.6411454633818,57.25119924634421,0,244,169.0,119.0,192.0,114.96504542225878,47.15743479416674,0,200,128.0,85.0,149.0,25.0245118197565,18.952845376528394,0,137,25.0,8.0,37.0,IMG20200717092355.jpg,fully_ripe
117.5529926352387,37.51042579804673,19,194,126.0,88.0,147.0,83.85863645992997,32.5267035909952,12,154,90.0,58.0,108.0,14.034443655214526,11.4546759155679,0,97,11.0,5.0,22.0,IMG20200717092355.jpg,fully_ripe
159.99233357821646,55.38448726816385,0,246,173.0,134.0,201.0,128.6707822831007,45.669789888396565,0,205,139.0,108.0,162.0,28.504976657108326,22.325461249202004,0,140,28.0,8.0,43.0,IMG20200717092414.jpg,fully_ripe
168.20597435836672,41.538680842780245,52,246,175.0,139.0,202.0,135.66869682678865,34.539966344884846,45,205,141.0,114.0,162.0,31.629013910941538,23.119844618073163,0,142,31.0,13.0,45.0,IMG20200717092414.jpg,fully_ripe
162.20115174064506,54.89379332176484,0,246,174.0,138.0,202.0,130.670367561675,44.89862597709813,0,205,140.0,112.0,162.0,29.554423300234614,22.734889723139148,0,136,29.0,9.0,44.0,IMG20200717092414.jpg,fully_ripe
197.81600587719507,43.84366190061434,73,255,206.0,167.0,235.0,163.3609261321895,37.47313375751001,65,239,169.0,140.0,192.0,50.46617058084698,25.119588351509922,16,170,50.0,30.0,65.0,IMG20200717092414.jpg,fully_ripe
98.80717823541958,91.7399954236515,0,246,110.0,0.0,194.0,78.1347607649833,73.09704202292728,0,205,85.0,0.0,152.0,17.54569045192786,22.73514400581418,0,134,2.0,0.0,35.0,IMG20200717092414.jpg,fully_ripe
133.97055586835236,59.17746813116347,0,245,141.0,110.0,176.0,108.17351691661975,49.31102852090867,0,206,115.0,85.0,143.0,26.41098940471925,22.19856744500122,0,145,25.0,6.0,41.0,IMG20200717092418.jpg,fully_ripe
49.79232993806623,71.19154981558675,0,226,0.0,0.0,113.0,38.67923683267646,56.281376959037175,0,191,0.0,0.0,84.0,9.320724778625173,18.37957744896756,0,147,0.0,0.0,10.0,IMG20200717092418.jpg,fully_ripe
204.09753288631828,41.95278988776066,96,255,207.0,174.0,247.0,175.7393407380867,41.92213012541679,89,255,175.0,146.0,208.0,73.81604135742437,27.072090485579125,38,218,71.0,54.0,89.0,IMG20200717092418.jpg,fully_ripe
145.11991349746634,41.96660124109917,49,246,143.0,115.0,177.0,116.98781798638481,36.275453652316486,43,208,116.0,91.0,144.0,29.473729334084044,23.122498444334955,0,153,27.0,12.0,43.0,IMG20200717092418.jpg,fully_ripe
136.94486103291192,53.59222325663463,0,244,141.0,108.0,177.0,109.49109382197881,45.674414972213384,0,206,114.0,82.0,143.0,25.435059118595486,20.95900821605989,0,149,23.0,7.0,40.0,IMG20200717092418.jpg,fully_ripe
156.22849250197316,58.460125680898074,0,250,171.0,126.0,197.0,122.09976576622451,48.727059605017985,0,210,131.0,94.0,157.0,28.54745779973012,22.713789997368064,0,132,29.0,6.0,43.0,IMG20200717092424.jpg,fully_ripe
160.57593502558748,50.135598591656425,0,251,172.0,127.0,197.0,125.30699900705247,43.13017047158563,0,210,132.0,95.0,158.0,29.737912773378824,22.871125894375634,0,135,30.0,9.0,44.0,IMG20200717092424.jpg,fully_ripe
167.7919902232859,51.063327997241196,36,255,178.0,126.0,207.0,126.30382921302544,45.23527076364554,31,222,132.0,89.0,162.0,24.033391043104107,18.782112359268766,0,141,21.0,12.0,31.0,IMG20200717092424.jpg,fully_ripe
133.28388115181914,79.68096484222679,0,251,161.0,89.0,196.0,103.57081752679686,64.3975898454027,0,210,123.0,62.0,155.0,24.764327723604143,22.851274404268267,0,134,24.0,0.0,41.0,IMG20200717092424.jpg,fully_ripe
163.2572879802429,44.08288699878919,50,251,172.0,127.0,197.0,127.46046032028923,38.95705760340858,45,210,132.0,95.0,158.0,30.980141049469154,23.192243786593306,0,140,31.0,11.0,45.0,IMG20200717092424.jpg,fully_ripe
112.2727250179816,78.75131721083832,0,227,140.0,0.0,183.0,93.36285622163248,66.07806149851109,0,201,115.0,0.0,150.0,23.418834792529577,23.893068983006057,0,160,20.0,0.0,38.0,IMG20200717092429.jpg,fully_ripe
155.04354026637566,44.99739075058719,0,226,165.0,134.0,188.0,126.98642079416652,38.36584316431728,0,200,131.0,109.0,155.0,29.81632728986334,23.95901828539637,0,155,27.0,12.0,42.0,IMG20200717092429.jpg,fully_ripe
153.9449143083906,47.11993308376794,0,226,165.0,134.0,188.0,126.12584637515812,39.98072511599093,0,200,131.0,109.0,154.0,29.452925419777277,23.85518659307094,0,157,27.0,11.0,41.0,IMG20200717092429.jpg,fully_ripe
137.50659738584787,33.79649105288402,42,198,144.0,117.0,164.0,112.45318584290285,29.347363162697448,40,175,114.0,95.0,135.0,26.42189786453037,21.387393271424784,0,139,24.0,11.0,37.0,IMG20200717092429.jpg,fully_ripe
157.93625833974056,38.57392444531157,49,227,165.0,135.0,188.0,129.33489173838637,33.49752889663902,47,201,131.0,109.0,155.0,30.962412262208883,24.626137061014365,0,160,28.0,13.0,43.0,IMG20200717092429.jpg,fully_ripe
122.1860641172574,38.44643651435226,26,194,126.0,96.0,152.0,94.82846688466674,32.35752277548594,20,167,96.0,72.0,120.0,15.736633475979685,14.49756132374009,0,112,13.0,7.0,19.0,IMG20200717092448.jpg,fully_ripe
165.65333781950855,50.14005079518753,0,255,172.0,135.0,204.0,132.58641319776672,42.0672843664377,0,222,136.0,106.0,165.0,29.78836468398751,22.338215460523557,0,149,28.0,13.0,41.0,IMG20200717092448.jpg,fully_ripe
167.29601396322036,46.6594782923707,51,255,172.0,135.0,204.0,134.09218038630175,39.26450530591386,43,222,136.0,106.0,165.0,30.72107205568465,23.153370606607126,0,155,29.0,14.0,42.0,IMG20200717092448.jpg,fully_ripe
159.9534629417393,59.59364959970771,0,255,171.0,131.0,203.0,127.68802506650404,49.560869587307906,0,222,135.0,103.0,164.0,27.48848139463972,21.642030680994246,0,150,27.0,9.0,40.0,IMG20200717092448.jpg,fully_ripe
65.92563113125217,81.93956945491813,0,237,0.0,0.0,152.0,52.00910553376723,65.24543369273222,0,195,0.0,0.0,119.0,11.106953221108856,19.543530216979008,0,155,0.0,0.0,18.0,IMG20200717092448.jpg,fully_ripe
165.4936611988843,49.67060408092209,0,255,179.0,131.0,204.0,127.65396892527365,40.874052467333584,0,215,137.0,100.0,159.0,30.323032152171503,19.4214161143424,0,127,31.0,16.0,42.0,IMG20200717092454.jpg,fully_ripe
127.91604990484247,84.34893290154073,0,255,156.0,53.0,203.0,98.26121499561974,66.70307589251509,0,216,118.0,35.0,158.0,23.25793231227784,21.32483607667493,0,128,24.0,0.0,39.0,IMG20200717092454.jpg,fully_ripe
167.46854766436073,45.51578965592703,48,255,179.0,132.0,204.0,129.4467973698255,37.60143492991677,40,216,137.0,101.0,159.0,31.460441651814033,20.282253420034756,0,140,32.0,17.0,43.0,IMG20200717092454.jpg,fully_ripe
158.04850517072975,59.55557218935474,0,255,177.0,123.0,204.0,121.60458770101401,48.34849101773233,0,216,135.0,92.0,159.0,27.541119133210483,19.710349406023077,0,133,29.0,10.0,40.0,IMG20200717092454.jpg,fully_ripe
175.92382362122265,46.39911804452902,54,255,188.0,140.0,213.0,137.11311160116404,38.392365158424724,46,226,145.0,108.0,167.0,37.142706099145094,20.743748701307428,5,148,38.0,22.0,49.0,IMG20200717092454.jpg,fully_ripe
169.52179814098872,40.24331685602739,52,252,177.0,142.0,200.0,128.70179731841736,32.986671578509714,45,209,133.0,107.0,152.0,28.635724274080776,21.879535614719575,0,128,28.0,9.0,43.0,IMG20200717092458.jpg,fully_ripe
159.09848235584437,57.452787439501286,0,252,175.0,134.0,199.0,120.46256272106605,45.577363018157804,0,209,131.0,100.0,151.0,25.633194867154725,21.96539735452004,0,126,24.0,4.0,40.0,IMG20200717092458.jpg,fully_ripe
154.85159784486305,42.61562629777164,30,242,163.0,126.0,187.0,111.62613103561733,34.935729122960986,23,197,116.0,89.0,136.0,19.272713251624577,14.11447233225578,0,111,18.0,9.0,25.0,IMG20200717092458.jpg,fully_ripe
126.7148762030106,36.49363261794118,20,202,133.0,102.0,154.0,89.69126840503414,29.915415020758267,14,163,94.0,70.0,111.0,16.21987332401086,11.431564179388305,0,89,15.0,7.0,25.0,IMG20200717092458.jpg,fully_ripe
149.0312577116065,69.37295216367396,0,252,174.0,124.0,198.0,113.15555852595213,54.03819603100798,0,209,130.0,91.0,150.0,24.43526363412026,22.080838868413707,0,128,23.0,2.0,39.0,IMG20200717092458.jpg,fully_ripe
161.42594594594595,51.1666643335297,0,255,164.0,131.0,202.0,124.81119119119118,41.36889305014913,0,222,127.0,100.0,156.0,30.67247247247247,25.295002077942513,0,159,29.0,7.0,47.0,IMG20200717092504.jpg,fully_ripe
151.95603603603604,65.84529909200214,0,255,164.0,125.0,202.0,116.84002002002002,52.41627378741603,0,224,125.0,92.0,156.0,28.607117117117117,25.774227790867233,0,160,26.0,2.0,47.0,IMG20200717092504.jpg,fully_ripe
134.83565565565564,39.872961904485884,31,216,135.0,105.0,168.0,101.22860860860861,32.33327529120771,16,188,101.0,77.0,127.0,21.501261261261263,17.555748138530422,0,130,15.0,10.0,29.0,IMG20200717092504.jpg,fully_ripe
165.35786786786787,43.92276605630155,51,255,165.0,133.0,202.0,128.3481081081081,35.61637415617087,34,224,128.0,102.0,157.0,32.8085985985986,26.110442496162015,0,160,31.0,10.0,49.0,IMG20200717092504.jpg,fully_ripe
101.44168168168169,35.2394445306052,10,173,101.0,75.0,131.0,71.75359359359359,28.57748304410546,0,148,71.0,51.0,95.0,17.587387387387388,12.332425949945613,0,97,16.0,7.0,28.0,IMG20200717092504.jpg,fully_ripe
140.97505802112443,72.39587153947072,0,248,163.0,103.0,196.0,111.20696253493108,59.48297965697925,0,225,127.0,76.0,155.0,19.80822242220433,20.84782403049749,0,133,15.0,0.0,33.0,IMG20200717092509.jpg,fully_ripe
114.73140718988302,44.44306195436924,3,201,120.0,84.0,150.0,81.75119594562592,37.611521809636386,0,178,85.0,55.0,109.0,28.290787666366693,15.642503156367711,0,124,28.0,15.0,43.0,IMG20200717092509.jpg,fully_ripe
161.77816511154265,44.346769437654665,51,248,167.0,131.0,197.0,128.86735186851703,37.41533653497625,38,225,132.0,102.0,156.0,25.05520769194335,22.706953207277277,0,171,22.0,6.0,37.0,IMG20200717092509.jpg,fully_ripe
150.680860133567,60.65611704836399,0,248,164.0,122.0,195.0,119.54271775683229,49.69406604426814,0,225,129.0,94.0,154.0,21.08587126415005,20.576393863746855,0,171,18.0,2.0,34.0,IMG20200717092509.jpg,fully_ripe
153.64215412305214,44.160727869753025,43,239,159.0,123.0,189.0,120.86692559086819,37.41435836439352,30,216,124.0,94.0,148.0,20.178629280538058,19.906847572726743,0,163,14.0,6.0,29.0,IMG20200717092509.jpg,fully_ripe
167.32068344762283,41.467595966668966,71,243,173.0,136.0,203.0,145.03715882248883,35.283000274698225,66,223,148.0,117.0,175.0,51.51774695372577,21.015876589849082,28,159,49.0,33.0,62.0,IMG20200717092518.jpg,fully_ripe
165.28026763509226,49.127284380133965,51,255,172.0,128.0,207.0,138.88565155409412,41.800813926534246,45,231,142.0,106.0,174.0,28.03323586643219,24.952387798503096,0,156,25.0,6.0,41.0,IMG20200717092518.jpg,fully_ripe
133.81696340308633,81.11710964793812,0,255,157.0,80.0,202.0,111.96372566362473,68.3900512408483,0,231,128.0,68.0,169.0,20.589619254742406,22.74145005901922,0,156,15.0,0.0,35.0,IMG20200717092518.jpg,fully_ripe
184.8284617225627,56.265242718098335,51,255,194.0,142.0,235.0,154.89551617569015,49.32677472697579,44,255,159.0,116.0,196.0,27.808191381983537,25.93246309223631,0,175,20.0,9.0,39.0,IMG20200717092518.jpg,fully_ripe
149.34153650846505,69.58782229451577,0,255,166.0,108.0,206.0,125.05848014068532,58.94147763753447,0,230,135.0,90.0,173.0,22.82991852322036,23.417278555728405,0,154,18.0,1.0,36.0,IMG20200717092518.jpg,fully_ripe
104.9091161491276,41.26012736574695,3,182,107.0,74.0,139.0,82.82746384167557,36.89763536944744,0,158,85.0,57.0,113.0,26.496273545207668,14.390571458253227,0,94,28.0,14.0,40.0,IMG20200717092542.jpg,fully_ripe
162.7518762417901,54.744444778213165,0,255,168.0,129.0,205.0,137.94118361574567,48.654988764751835,0,227,144.0,110.0,176.0,22.068325568078293,23.31755373475619,0,145,16.0,2.0,36.0,IMG20200717092542.jpg,fully_ripe
167.03272686257668,46.89754087035629,51,255,169.0,132.0,206.0,141.93072871929687,41.947522817234365,43,227,144.0,113.0,176.0,24.600596926867784,25.283813549287338,0,155,18.0,2.0,40.0,IMG20200717092542.jpg,fully_ripe
204.18175034921958,41.85014031381631,94,255,209.0,173.0,245.0,182.43691923267133,40.69326752581261,86,255,184.0,154.0,216.0,68.52874879616856,24.510813679953372,45,195,62.0,47.0,83.0,IMG20200717092542.jpg,fully_ripe
161.65872788637566,56.74507459992763,0,255,167.0,130.0,205.0,137.42899780490555,49.66790772387232,0,227,143.0,111.0,175.0,22.516367769419645,23.46729895783127,0,149,16.0,2.0,37.0,IMG20200717092542.jpg,fully_ripe
150.53377215947341,49.818458086411894,0,242,159.0,124.0,187.0,121.64812460002825,40.96124336586081,0,206,128.0,101.0,149.0,26.297030443563468,18.713895029632543,0,109,27.0,9.0,41.0,IMG20200717092548.jpg,fully_ripe
156.79443322445792,39.80590615186671,51,242,161.0,128.0,187.0,126.97462620822633,32.637739054201845,40,207,129.0,105.0,150.0,28.500635799237042,19.26839299225366,0,127,29.0,13.0,42.0,IMG20200717092548.jpg,fully_ripe
114.45665345201586,79.4293344752034,0,242,139.0,0.0,183.0,91.46441602047855,64.00436953544595,0,207,111.0,0.0,144.0,20.069696894141504,20.541959594220632,0,127,15.0,0.0,37.0,IMG20200717092548.jpg,fully_ripe
147.20687992952188,47.05238002739876,22,248,152.0,113.0,183.0,111.96080484703418,38.589660552327466,9,207,114.0,86.0,139.0,18.89159830785981,13.461025891975055,0,112,16.0,8.0,29.0,IMG20200717092548.jpg,fully_ripe
144.88952053257538,44.64182473671785,26,240,150.0,113.0,179.0,111.4454251543787,36.60965471879154,14,201,114.0,87.0,137.0,17.831450868925625,12.272936760101983,0,111,16.0,8.0,26.0,IMG20200717092548.jpg,fully_ripe
144.19239795161698,54.494597775993334,0,228,157.0,120.0,184.0,113.60703848133511,44.76074795400874,0,206,122.0,91.0,147.0,17.687935652158743,18.00114380562071,0,110,13.0,1.0,29.0,IMG20200717092555.jpg,fully_ripe
159.48410932851772,35.10059346393982,66,228,164.0,135.0,188.0,129.51753077372695,30.227284740917472,57,208,133.0,107.0,153.0,35.38650579706352,17.285377782720175,17,119,32.0,19.0,46.0,IMG20200717092555.jpg,fully_ripe
155.3278721418165,34.431515010748136,63,223,160.0,132.0,184.0,125.93002521221004,29.650268179237905,55,203,129.0,104.0,149.0,33.57940973767088,17.015202872701032,15,115,31.0,18.0,44.0,IMG20200717092555.jpg,fully_ripe
153.88500091601455,37.823731775023376,53,228,159.0,128.0,185.0,121.5926614148499,32.55881113132043,44,206,125.0,97.0,147.0,20.182356687342423,18.661633017258865,0,110,17.0,3.0,32.0,IMG20200717092555.jpg,fully_ripe
146.17684315213694,51.0981301678356,0,228,156.0,123.0,184.0,115.41909846720232,42.341192418388395,0,205,122.0,93.0,147.0,18.16720318947543,17.730925884251036,0,109,14.0,2.0,30.0,IMG20200717092555.jpg,fully_ripe
104.14280632164996,43.29454935743617,2,200,101.0,71.0,140.0,77.63170252314589,38.293056554499216,0,174,78.0,48.0,107.0,32.86369498127874,15.996143830574342,0,87,39.0,19.0,47.0,IMG20200717092609.jpg,fully_ripe
174.16830459182313,39.90476182054552,80,255,171.0,143.0,207.0,149.7261537366928,35.31381775627746,74,238,150.0,123.0,177.0,51.18250784870018,20.213971546614047,34,158,43.0,35.0,63.0,IMG20200717092609.jpg,fully_ripe
153.50229902435987,49.35062090493182,0,255,152.0,120.0,192.0,126.6752550271703,43.0600100422569,0,227,129.0,98.0,159.0,17.778911231867948,20.916302615463312,0,136,9.0,1.0,31.0,IMG20200717092609.jpg,fully_ripe
146.94197742776083,58.319929242732435,0,255,150.0,117.0,190.0,121.13785252447994,49.717757924642925,0,227,126.0,94.0,158.0,15.815064168126717,19.757940827048923,0,126,6.0,0.0,28.0,IMG20200717092609.jpg,fully_ripe
144.84345289445832,59.37076396883249,0,255,149.0,115.0,189.0,119.10692909044015,50.613789819724076,0,228,125.0,91.0,156.0,15.394960823201913,19.719452200934054,0,132,5.0,0.0,27.0,IMG20200717092609.jpg,fully_ripe
163.42695618429408,48.09540798602708,50,255,163.0,128.0,203.0,138.96140548931066,43.0932532935122,46,226,137.0,110.0,173.0,26.34833838989628,25.42875165370865,0,155,23.0,3.0,41.0,IMG20200717092613.jpg,fully_ripe
156.59230579270445,59.77357865841495,0,255,162.0,122.0,203.0,132.79261624215056,52.90648642809246,0,226,137.0,103.0,173.0,22.93813942002399,23.717044913157327,0,154,18.0,1.0,38.0,IMG20200717092613.jpg,fully_ripe
104.28991744867001,40.458206024416526,9,181,104.0,74.0,138.0,83.71224335003176,36.25371813043075,6,157,82.0,59.0,112.0,20.031971001199462,13.286853427721049,0,97,20.0,8.0,32.0,IMG20200717092613.jpg,fully_ripe
141.38145593734566,43.126662347464986,40,224,141.0,110.0,177.0,119.446897269456,38.642170189832655,36,197,118.0,93.0,150.0,20.941093981514147,20.530728408694877,0,134,15.0,5.0,32.0,IMG20200717092613.jpg,fully_ripe
149.166196288718,70.70357327915094,0,255,161.0,119.0,203.0,126.84746525082905,61.65112292925259,0,226,136.0,101.0,173.0,22.951236506032597,24.287972483830497,0,155,18.0,1.0,38.0,IMG20200717092613.jpg,fully_ripe
164.6401200664197,41.357094601140936,52,247,168.0,130.0,198.0,128.568314386682,36.602956939909404,46,214,132.0,99.0,158.0,19.030761697960575,18.11275054266856,0,110,16.0,2.0,31.0,IMG20200717092630.jpg,fully_ripe
147.34393494273428,67.87789537929751,0,247,164.0,119.0,198.0,114.52077745135607,55.201101288423914,0,214,127.0,87.0,157.0,16.062949716864647,16.994693895212432,0,105,11.0,0.0,29.0,IMG20200717092630.jpg,fully_ripe
150.86828884063524,33.23488221200149,60,217,154.0,123.0,178.0,121.87672968024864,29.42244670418013,56,191,125.0,98.0,146.0,33.89883765487291,14.490179634503015,19,107,31.0,20.0,43.0,IMG20200717092630.jpg,fully_ripe
162.2757695746583,46.81450885191085,0,246,168.0,130.0,198.0,126.52994209562736,40.44069813573125,0,214,132.0,98.0,158.0,17.97303827649338,17.30245407561388,0,108,15.0,1.0,30.0,IMG20200717092630.jpg,fully_ripe
189.99440115808744,40.02348017782645,81,255,193.0,156.0,223.0,155.03031464214246,35.57417674628851,75,238,158.0,126.0,184.0,48.567313833184315,17.589688093086345,30,137,46.0,32.0,60.0,IMG20200717092630.jpg,fully_ripe
163.87839080205137,37.027043914765294,52,242,168.0,136.0,190.0,132.2680852006513,34.14331467109835,45,210,136.0,107.0,157.0,26.65441233482128,22.59513710288375,0,120,24.0,4.0,43.0,IMG20200717092703.jpg,fully_ripe
171.57874857389706,34.18424430899601,68,244,175.0,146.0,196.0,142.40126937007787,31.522421103868986,62,214,146.0,119.0,165.0,44.86267320920238,20.918737911267712,20,131,42.0,24.0,60.0,IMG20200717092703.jpg,fully_ripe
153.0305933695905,55.43718161731644,0,241,165.0,130.0,190.0,123.23005948095391,48.08135549472322,0,210,133.0,100.0,156.0,24.057741939056946,22.424500695108094,0,113,20.0,2.0,40.0,IMG20200717092703.jpg,fully_ripe
153.52564769995902,56.57682598797529,0,242,167.0,130.0,190.0,123.79573775212947,48.20326720755466,0,210,134.0,100.0,156.0,24.42219293096,22.348369652022214,0,117,21.0,2.0,41.0,IMG20200717092703.jpg,fully_ripe
143.774991415691,68.51551111703253,0,242,167.0,120.0,190.0,115.79622511934959,57.846049865351766,0,210,134.0,90.0,157.0,23.243284855063635,22.550953958407018,0,120,19.0,1.0,40.0,IMG20200717092703.jpg,fully_ripe
200.54403771432263,40.14736347641087,85,255,209.0,168.0,234.0,160.17407355584496,33.59812424328869,77,236,166.0,134.0,186.0,55.416837981250474,16.95297303151336,30,154,57.0,42.0,67.0,IMG20200717092708.jpg,fully_ripe
162.3942244561883,38.63620712345193,52,233,170.0,131.0,194.0,123.65933332615785,31.992167547578294,44,196,129.0,99.0,148.0,23.93578662992821,16.095259812906864,0,118,25.0,11.0,35.0,IMG20200717092708.jpg,fully_ripe
161.56009643845053,40.75365726900935,0,233,170.0,131.0,194.0,122.92718681720824,33.500736255401094,0,196,129.0,98.0,148.0,23.45884682861725,15.517218757815638,0,111,24.0,11.0,34.0,IMG20200717092708.jpg,fully_ripe
160.2880668180693,43.729430325072286,0,233,170.0,130.0,194.0,121.84244798673971,35.61925483624383,0,196,128.0,97.0,148.0,22.960563562195265,15.315126346737785,0,111,24.0,10.0,34.0,IMG20200717092708.jpg,fully_ripe
207.42466284213586,41.72435453514789,84,255,218.0,173.0,245.0,165.1176635202187,36.41788340756616,74,247,171.0,137.0,193.0,51.55079701643544,18.3641752169928,24,159,53.0,37.0,64.0,IMG20200717092708.jpg,fully_ripe
152.67295917214577,60.084164845778595,0,251,164.0,120.0,200.0,127.03471610293951,51.56560892435947,0,215,138.0,98.0,166.0,19.479224564495357,19.670706211686177,0,132,15.0,1.0,33.0,IMG20200717092723.jpg,fully_ripe
134.6656951128584,46.82470366616734,16,227,140.0,101.0,174.0,105.88664452427754,41.160895358431524,10,189,111.0,75.0,140.0,22.104295171603514,14.205652864108462,0,102,22.0,9.0,35.0,IMG20200717092723.jpg,fully_ripe
169.4784676562959,50.6885117869732,41,255,175.0,133.0,213.0,138.32352741815225,44.59748719533821,34,229,144.0,105.0,175.0,20.141937233105132,16.069851893075278,0,134,17.0,11.0,24.0,IMG20200717092723.jpg,fully_ripe
161.46088931064867,48.19932589121158,0,250,167.0,130.0,201.0,134.31700896992703,42.192295062745444,0,214,141.0,106.0,167.0,21.583067850606657,20.119701747439294,0,126,19.0,2.0,35.0,IMG20200717092723.jpg,fully_ripe
163.31269346347636,44.3858467410716,51,251,168.0,131.0,201.0,136.03336044646286,39.022528455887546,45,215,141.0,107.0,168.0,22.68990487810389,21.200106384395237,0,132,20.0,2.0,36.0,IMG20200717092723.jpg,fully_ripe
134.56743102678098,66.26134600040825,0,243,158.0,96.0,183.0,106.29368658399098,54.092932683690854,0,205,125.0,71.0,144.0,18.654123503009934,19.563299388138123,0,107,12.0,1.0,33.0,IMG20200717092728.jpg,fully_ripe
166.299515007126,44.055190657271105,50,255,175.0,136.0,199.0,130.52717449107655,37.56723582821055,45,221,136.0,106.0,155.0,20.02642998447172,18.92048919047365,0,116,11.0,7.0,31.0,IMG20200717092728.jpg,fully_ripe
149.1869881517092,52.503466355044814,0,243,164.0,126.0,185.0,117.93042053987365,43.83977699776976,0,205,129.0,97.0,146.0,19.777009636042628,19.271394377534953,0,106,15.0,2.0,33.0,IMG20200717092728.jpg,fully_ripe
150.0742379443109,50.91990450304298,0,243,164.0,126.0,185.0,118.96031779796218,42.27750878538289,0,205,128.0,98.0,146.0,19.84510008295931,19.116065625646474,0,97,15.0,2.0,33.0,IMG20200717092728.jpg,fully_ripe
155.81536236200037,39.445022159261484,52,243,164.0,129.0,185.0,123.78773053115228,33.61576110506732,47,205,129.0,102.0,146.0,21.68046840101253,19.785658604223425,0,111,17.0,4.0,35.0,IMG20200717092728.jpg,fully_ripe
101.71780689321395,78.98371591001533,0,234,119.0,0.0,176.0,85.06352773072447,66.19282604544445,0,197,99.0,0.0,146.0,15.929880964727301,18.687993603259848,0,128,7.0,0.0,30.0,IMG20200717092746.jpg,fully_ripe
152.8175407059149,36.70570778487812,64,230,157.0,127.0,183.0,129.81970707873845,31.65256939410652,56,196,134.0,107.0,155.0,38.88885816019636,17.229305079941543,18,134,37.0,24.0,51.0,IMG20200717092746.jpg,fully_ripe
170.5253338864498,36.003436256648726,84,246,175.0,145.0,200.0,147.9759048639679,31.03774536255785,76,213,152.0,125.0,172.0,58.85478388126433,16.83238568505578,39,152,57.0,44.0,70.0,IMG20200717092746.jpg,fully_ripe
148.87259884076008,40.59632151417667,51,234,154.0,120.0,182.0,123.43511828626082,35.00554042765316,42,197,128.0,98.0,151.0,22.890033532685727,19.023630606447757,0,128,21.0,6.0,36.0,IMG20200717092746.jpg,fully_ripe
138.80630552770768,58.24241595284678,0,233,152.0,115.0,182.0,115.29784169345824,48.875290112099535,0,197,127.0,93.0,151.0,20.329668936748828,18.108404964042617,0,124,18.0,2.0,34.0,IMG20200717092746.jpg,fully_ripe
174.6894851258581,31.5807848511921,77,243,180.0,154.0,197.0,147.37678489702517,27.124036031243786,72,210,148.0,130.0,167.0,53.6733295194508,18.208468693542798,28,146,52.0,39.0,64.0,IMG20200717092801.jpg,fully_ripe
74.75767734553776,77.71110576593928,0,222,44.0,0.0,155.0,58.88141876430206,61.52194832849136,0,182,32.5,0.0,120.0,11.006933638443936,15.776263851867546,0,101,0.0,0.0,21.0,IMG20200717092801.jpg,fully_ripe
140.3950343249428,53.966492596500636,0,223,156.0,124.0,175.0,113.0833180778032,45.11033071056392,0,189,123.0,99.0,143.0,23.540766590389016,18.638844047351554,0,102,22.0,7.0,36.0,IMG20200717092801.jpg,fully_ripe
143.4653546910755,51.4577137601681,0,223,157.0,127.0,175.0,116.66771167048054,42.70690484881615,0,189,125.0,103.0,145.0,24.22883295194508,18.7876570261631,0,122,23.0,8.0,36.0,IMG20200717092801.jpg,fully_ripe
152.59647597254005,32.79468068761672,51,224,158.0,131.0,176.0,124.24021739130434,28.168231053529194,46,189,125.0,106.0,145.0,26.901887871853546,18.95329007518025,0,123,25.0,12.0,38.0,IMG20200717092801.jpg,fully_ripe
149.49159757534582,53.85651433328948,0,232,163.0,132.0,185.0,120.09309016019279,44.83468535693278,0,197,131.0,104.0,150.0,24.549761674752386,20.34434938390953,0,134,24.0,4.0,38.0,IMG20200717092805.jpg,fully_ripe
160.03023386660155,33.96798382032972,50,233,164.0,138.0,186.0,128.85408549984606,29.87990971199587,47,198,132.0,110.0,151.0,27.012282508306882,21.08581832930562,0,140,26.0,9.0,40.0,IMG20200717092805.jpg,fully_ripe
170.79944585398997,28.79497152548496,78,233,174.0,152.0,193.0,144.37149014320747,25.329534647714876,75,203,147.0,128.0,163.0,58.038450514336674,17.88861525023799,35,154,57.0,43.0,69.0,IMG20200717092805.jpg,fully_ripe
149.42643764795804,53.949334819801386,0,232,163.0,132.0,185.0,120.04062675824584,44.9062964126831,0,197,131.0,104.0,150.0,24.542818925890934,20.34845208158096,0,135,24.0,4.0,38.0,IMG20200717092805.jpg,fully_ripe
112.91853416702938,81.34699653115361,0,233,148.0,0.0,181.0,91.22239089586938,66.4464536478913,0,198,119.0,0.0,147.0,19.854467669508168,21.27067904508321,0,123,14.0,0.0,36.0,IMG20200717092805.jpg,fully_ripe
128.7093803161807,78.46323231359962,0,247,159.0,78.0,189.0,102.26776755626348,63.578275102118084,0,205,123.0,62.0,151.0,23.611752213156496,22.77253153375267,0,130,20.0,0.0,39.0,IMG20200717092809.jpg,fully_ripe
158.44868835939278,44.91096454977594,0,247,167.0,134.0,190.0,126.86438253746384,38.14196687700392,0,205,132.0,105.0,153.0,28.81310882120296,22.341840715516984,0,145,27.0,10.0,43.0,IMG20200717092809.jpg,fully_ripe
160.45231826111456,40.47393178906578,0,247,167.0,135.0,190.0,128.60538092297023,34.86457040680604,0,205,132.0,106.0,153.0,29.61243485139074,22.73941396703818,0,144,28.0,11.0,44.0,IMG20200717092809.jpg,fully_ripe
161.4799705273651,37.9618533727549,51,247,167.0,135.0,190.0,129.55139832482743,32.92653962358752,45,205,132.0,106.0,153.0,30.29718601350107,23.267354488772327,0,147,28.0,11.0,44.0,IMG20200717092809.jpg,fully_ripe
159.795100174452,36.265984824374556,54,241,165.0,135.0,187.0,129.30755561334504,31.450403395828967,49,201,132.0,107.0,152.0,34.52985729610246,22.205775077545304,6,146,32.0,16.0,48.0,IMG20200717092809.jpg,fully_ripe
170.5124597062173,37.31982981318781,51,243,181.0,147.0,198.0,131.38726426930722,31.93957264024282,45,199,138.0,111.0,155.0,31.46900997934642,19.439860057177263,0,125,32.0,17.0,43.0,IMG20200717092830.jpg,fully_ripe
127.70274287258479,34.14524985862264,18,194,137.0,106.0,153.0,91.90448201980428,29.226105203082614,13,154,98.0,73.0,114.0,13.989441581253498,10.956554165841018,0,86,12.0,5.0,21.0,IMG20200717092830.jpg,fully_ripe
161.0132704074739,56.56246763473216,0,243,180.0,143.0,198.0,124.09020016600073,45.27732653414818,0,198,136.0,107.0,155.0,28.88789159766055,18.99571838222446,0,110,31.0,13.0,42.0,IMG20200717092830.jpg,fully_ripe
162.55326500279884,54.191640963706156,0,243,180.0,144.0,198.0,125.26117127029165,43.57656318656584,0,198,137.0,108.0,155.0,29.23498754994499,18.887472664507992,0,110,31.0,14.0,42.0,IMG20200717092830.jpg,fully_ripe
135.9274808423572,79.87865113052449,0,243,174.0,78.0,196.0,104.0875074796842,62.77253860693116,0,199,131.0,52.0,152.0,24.272135039666455,20.493199270120904,0,115,26.0,1.0,40.0,IMG20200717092830.jpg,fully_ripe
146.45711438178267,57.94917167091331,0,233,160.0,120.0,190.0,117.79478325648822,47.171290065096755,0,192,128.0,95.0,154.0,26.41014154267421,19.954840952658298,0,109,27.0,7.0,41.0,IMG20200717092838.jpg,fully_ripe
213.49803692592667,42.37658685438732,94,255,226.0,181.0,255.0,183.15650230535365,40.68340495600278,87,255,187.0,153.0,217.0,67.15484124267623,23.542976953127127,33,165,69.0,47.0,84.0,IMG20200717092838.jpg,fully_ripe
153.84134334668894,48.794451938593966,29,246,160.0,116.0,194.0,117.85980631002477,40.39078414044859,22,197,122.0,88.0,152.0,19.6480963215012,12.860349002629375,0,99,19.0,10.0,28.0,IMG20200717092838.jpg,fully_ripe
135.41674552519783,70.71104891810992,0,233,159.0,104.0,190.0,108.21243481587372,57.67416415824996,0,192,126.0,78.0,153.0,23.85743048704371,20.215432959639557,0,103,24.0,2.0,40.0,IMG20200717092838.jpg,fully_ripe
155.7922866289488,41.052790906718485,51,233,161.0,124.0,190.0,125.51983208166388,33.98135107524684,45,192,129.0,100.0,154.0,28.63258300279864,19.6544522980453,0,110,30.0,12.0,43.0,IMG20200717092838.jpg,fully_ripe
148.08054780949584,57.44453964417706,0,243,158.0,122.0,191.0,125.82460372789315,48.11726853452597,0,207,135.0,105.0,160.0,23.91772767300213,20.946066017754298,0,140,22.0,3.0,39.0,IMG20200717092844.jpg,fully_ripe
194.10621376678654,41.35404095311339,86,255,196.0,163.0,229.0,170.71208813385192,34.70077253884773,82,245,174.0,147.0,197.0,62.2299937623835,23.126998527560268,35,188,60.0,41.0,77.0,IMG20200717092844.jpg,fully_ripe
141.32558523519484,44.08306136417227,28,232,143.0,108.0,177.0,116.39521721582153,36.51706213413798,24,194,120.0,91.0,144.0,19.357562192705657,14.877638142392572,0,135,19.0,9.0,26.0,IMG20200717092844.jpg,fully_ripe
158.17350664122696,41.66410845717933,51,244,160.0,127.0,192.0,134.60902069421002,34.51270797156998,47,208,138.0,111.0,161.0,27.12566045351141,22.926515952460388,0,152,25.0,6.0,42.0,IMG20200717092844.jpg,fully_ripe
146.98382806193587,57.78838749774032,0,244,157.0,120.0,190.0,125.04139759301387,48.75982195563866,0,207,135.0,104.0,160.0,24.124935789241945,21.703244986534518,0,147,22.0,3.0,40.0,IMG20200717092844.jpg,fully_ripe
163.02217096869174,45.29742116147978,51,255,171.0,129.0,199.0,125.58230444597115,38.07368564081693,44,215,132.0,97.0,155.0,29.930454411620374,19.521524845142718,0,144,29.0,15.0,42.0,IMG20200717092856.jpg,fully_ripe
157.8700853862008,52.812564578242316,27,255,167.0,118.0,200.0,114.17547354990677,44.51610557973236,19,219,122.0,81.0,149.0,18.297988026302875,13.827794316076304,0,136,16.0,7.0,27.0,IMG20200717092856.jpg,fully_ripe
195.2067621945235,46.73311432265473,76,255,205.0,160.0,235.0,156.2366277357935,41.08680608856962,68,253,163.0,125.0,188.0,53.031759740897044,21.039742741168894,21,176,52.0,37.0,66.0,IMG20200717092856.jpg,fully_ripe
160.7935911276867,49.80445282895874,0,255,171.0,127.0,199.0,123.6771910884287,41.36019811065193,0,215,131.0,96.0,155.0,28.802247521837277,18.914293547359794,0,140,29.0,14.0,41.0,IMG20200717092856.jpg,fully_ripe
127.30439689861616,81.1207440282135,0,255,151.0,65.0,196.0,97.99651585042693,63.91317564196878,0,215,115.0,45.0,151.0,22.791942290705663,20.868065188492334,0,111,22.0,0.0,39.0,IMG20200717092856.jpg,fully_ripe
164.2144088610643,53.158140244493616,0,242,182.0,142.0,200.0,124.70117986997352,43.733814726114474,0,198,137.0,105.0,154.0,26.933426438719,20.428895048129682,0,131,27.0,8.0,40.0,IMG20200717092859.jpg,fully_ripe
170.22237418733445,40.6683453766333,0,242,182.0,145.0,200.0,129.20523958584155,35.022869285370696,0,198,138.0,107.0,154.0,27.577731760173368,20.00426559756806,0,127,28.0,11.0,40.0,IMG20200717092859.jpg,fully_ripe
170.86636166626536,38.94652204954307,51,242,182.0,145.0,200.0,129.8578377076812,33.609446186379216,45,198,138.0,107.0,154.0,28.11563688899591,20.27737293754685,0,131,28.0,11.0,41.0,IMG20200717092859.jpg,fully_ripe
156.18462797977367,31.350361267668777,60,213,165.0,135.0,180.0,123.18342403082109,27.04945535743199,55,178,130.0,105.0,143.0,41.29624849506381,16.302807614974853,19,124,41.0,28.0,52.0,IMG20200717092859.jpg,fully_ripe
185.58057307970142,33.62486040612069,82,247,195.0,163.0,211.0,150.17735612810017,29.023785120376182,77,209,157.0,130.0,171.0,62.35555983626294,17.49800199198139,38,151,62.0,48.0,73.0,IMG20200717092859.jpg,fully_ripe
92.86972969477496,87.66068526363968,0,252,100.0,0.0,181.0,74.05500948439386,70.20032163219834,0,215,83.0,0.0,141.0,15.343744611139853,19.297523324618062,0,113,2.0,0.0,30.0,IMG20200717092916.jpg,fully_ripe
161.9867110708743,40.74415231867332,51,252,167.0,133.0,193.0,128.6615149163649,33.97208272851648,44,215,131.0,106.0,153.0,27.76506725297465,20.564410286359383,0,133,27.0,11.0,40.0,IMG20200717092916.jpg,fully_ripe
144.36431927918608,39.99487215948786,35,233,149.0,116.0,175.0,111.60681798585964,33.38730025115358,28,196,114.0,89.0,136.0,18.779078289360235,14.60844408217596,0,116,15.0,9.0,25.0,IMG20200717092916.jpg,fully_ripe
160.1557596137265,44.57569632742128,0,251,167.0,132.0,193.0,126.78800224176582,37.42346705482881,0,215,131.0,106.0,153.0,26.18635756164856,19.828945145044912,0,128,26.0,8.0,39.0,IMG20200717092916.jpg,fully_ripe
170.76160760475943,44.92723370810152,48,255,176.0,139.0,205.0,133.98679729263665,37.51564409365751,41,229,137.0,109.0,161.0,25.115450939817208,19.873945664127664,0,139,22.0,8.0,36.0,IMG20200717092916.jpg,fully_ripe
217.29626256913625,36.548610768375866,99,255,228.0,193.0,251.0,180.49063006240235,34.681199164400645,90,255,182.0,157.0,203.0,75.7650182605945,19.952041667361478,47,184,77.0,60.0,89.0,IMG20200717092923.jpg,fully_ripe
157.487447638584,54.47247614360307,0,251,170.0,134.0,193.0,120.06504797599763,43.62645887446465,0,208,127.0,99.0,147.0,24.720972364675095,17.868642129266426,0,113,26.0,8.0,38.0,IMG20200717092923.jpg,fully_ripe
165.11473979851039,39.56464390791475,49,252,171.0,138.0,193.0,126.4645667781793,32.93246600527935,41,209,128.0,104.0,148.0,27.264601286389386,18.865196296858013,0,130,28.0,12.0,40.0,IMG20200717092923.jpg,fully_ripe
125.81459505574034,81.4998156471223,0,252,157.0,1.0,188.0,96.02484591125639,63.41133780888039,0,209,118.0,1.0,143.0,20.7417827324751,20.194925446420555,0,127,19.0,0.0,36.0,IMG20200717092923.jpg,fully_ripe
163.1460847559982,44.42545399290114,0,251,171.0,138.0,193.0,124.70390038630023,36.6693607837947,0,208,128.0,104.0,148.0,26.294067463550704,18.621144749957423,0,126,27.0,10.0,39.0,IMG20200717092923.jpg,fully_ripe
152.0806624679263,42.08902709440802,32,239,160.0,120.0,186.0,123.08698857009564,33.68868964072349,31,195,128.0,98.0,150.0,27.8474177746676,17.745452526055953,0,88,28.0,13.0,40.0,IMG20200717092937.jpg,fully_ripe
130.49436902262656,68.82870631288544,0,241,154.0,90.0,184.0,105.05023559598787,55.67642442144523,0,195,124.0,71.0,148.0,23.819846046186143,19.259329158144055,0,88,24.0,3.0,38.0,IMG20200717092937.jpg,fully_ripe
172.60147422439934,41.19903796620185,74,255,180.0,141.0,206.0,144.14008864007465,32.997273068287896,69,215,149.0,119.0,170.0,50.71442967109867,17.62281422988526,23,126,51.0,36.0,63.0,IMG20200717092937.jpg,fully_ripe
152.14794494984838,42.01422867436901,52,241,160.0,120.0,186.0,123.14617214835549,33.64420987484164,47,195,128.0,98.0,150.0,27.890459528808023,17.884257377747538,0,105,28.0,13.0,40.0,IMG20200717092937.jpg,fully_ripe
157.1280055983205,34.027263166363,76,229,163.0,131.0,185.0,133.64439468159551,27.239899105723445,72,192,138.0,113.0,155.0,56.53686027525076,14.466785920769498,34,119,57.0,44.0,66.0,IMG20200717092937.jpg,fully_ripe
175.82646446276144,44.01196435157773,81,255,175.0,137.0,210.0,145.5450118799683,36.534249029422725,75,243,146.0,115.0,171.0,53.92611930812629,22.17783493617649,27,165,51.0,34.0,70.0,IMG20200717092941.jpg,fully_ripe
159.64515561291836,35.83717106713943,85,253,159.0,129.0,186.0,135.2262767299287,28.685665734196625,80,212,135.0,111.0,155.0,63.240210026106595,17.459014377465767,42,150,61.0,47.0,76.0,IMG20200717092941.jpg,fully_ripe
132.5265417069999,55.678501336323635,0,253,138.0,97.0,172.0,104.71438209498108,44.29573842187746,0,204,109.0,78.0,135.0,22.9797893872283,20.851837991438646,0,123,20.0,3.0,38.0,IMG20200717092941.jpg,fully_ripe
141.11277658815132,43.167959158668815,51,253,140.0,104.0,173.0,111.70611011703969,34.545370295010784,45,204,112.0,83.0,136.0,25.096662853343503,20.933084196379628,0,130,22.0,6.0,40.0,IMG20200717092941.jpg,fully_ripe
127.431179294633,60.33916827743675,0,253,134.0,93.0,171.0,100.7571890919402,47.92547675520081,0,204,106.0,74.0,134.0,21.646084499330225,20.41235648494473,0,98,18.0,2.0,37.0,IMG20200717092941.jpg,fully_ripe
149.2856477841685,45.00613919857911,50,242,155.0,109.0,186.0,120.81870939711176,36.342177104011434,45,205,124.0,92.0,148.0,27.19250424132081,18.95164967850062,0,124,27.0,12.0,39.0,IMG20200717092951.jpg,fully_ripe
142.0736231224397,55.37431272445531,0,241,152.0,101.0,186.0,114.36453635122274,45.041807485508684,0,205,122.0,85.0,147.0,24.067437000868953,17.69470110871737,0,105,25.0,7.0,37.0,IMG20200717092951.jpg,fully_ripe
69.15317374932759,75.87331800845085,0,238,51.0,0.0,135.0,55.448555881987836,60.287085177697215,0,198,36.0,0.0,112.0,13.19194562833616,19.459322177453455,0,124,0.0,0.0,27.0,IMG20200717092951.jpg,fully_ripe
141.1105329581661,58.384654537799754,0,242,154.0,102.0,186.0,113.89383249886208,47.19938679760762,0,205,123.0,86.0,148.0,24.80021310050896,18.98211229339093,0,120,26.0,6.0,38.0,IMG20200717092951.jpg,fully_ripe
112.09757106798527,41.86656125544647,20,198,117.0,75.0,146.0,85.62145694542144,33.80849642569918,15,164,89.0,59.0,111.0,14.191500806885422,10.59894618388008,0,89,12.0,6.0,22.0,IMG20200717092951.jpg,fully_ripe
152.69090556882858,41.32267587763734,52,244,155.0,121.0,183.0,114.38811146881659,38.0824938066844,41,206,114.0,87.0,139.0,28.599195623898826,21.809666307767188,0,143,26.0,10.0,42.0,IMG20200717093009.jpg,fully_ripe
146.01530343981477,52.561659672071485,0,242,154.0,116.0,183.0,108.91233960906584,45.54518248690427,0,205,113.0,80.0,138.0,26.418266348114052,21.767919761523302,0,126,24.0,7.0,40.0,IMG20200717093009.jpg,fully_ripe
137.5917975776472,34.928283975970636,52,215,140.0,111.0,163.0,105.21307664634203,32.19386244094022,43,183,105.0,82.0,126.0,32.74368813821986,18.401673918972136,9,129,31.0,17.0,44.0,IMG20200717093009.jpg,fully_ripe
206.70959439888568,42.44478555025384,91,255,215.0,174.0,248.0,165.77304048631547,45.30221436041558,78,255,165.0,133.0,195.0,63.19044895624821,26.104022687491277,29,200,60.0,41.0,79.0,IMG20200717093009.jpg,fully_ripe
144.12720580774305,55.303602040418895,0,242,153.0,116.0,182.0,107.80242973239736,46.70305921396446,0,206,113.0,81.0,137.0,26.226581309325045,21.381690974161625,0,101,24.0,6.0,40.0,IMG20200717093009.jpg,fully_ripe
126.94761066864234,71.70670416911081,0,255,138.0,90.0,183.0,97.68246897573624,59.04233115372428,0,238,101.0,61.0,145.0,30.41368771994814,24.965360437938106,0,163,27.0,8.0,49.0,IMG20200717093015.jpg,fully_ripe
208.49125764030376,40.39798453561569,99,255,208.0,179.0,255.0,174.35939062789404,44.89453448881123,87,255,167.0,139.0,212.0,82.12065197258751,26.437974490270356,41,229,78.0,61.0,101.0,IMG20200717093015.jpg,fully_ripe
151.1106223374699,43.02085341594922,50,255,145.0,120.0,186.0,116.07367105019448,39.656875577607536,40,238,109.0,85.0,148.0,35.70825152806075,22.920537262717826,0,163,32.0,17.0,52.0,IMG20200717093015.jpg,fully_ripe
112.04396184478607,37.36986734890037,24,202,107.0,85.0,142.0,81.61405815891831,34.449010218783506,16,188,75.0,55.0,109.0,17.903167253195036,14.663795822237681,0,122,14.0,6.0,26.0,IMG20200717093015.jpg,fully_ripe
140.4441007593999,59.227010883779194,0,255,143.0,114.0,184.0,107.65225967771809,50.22366050240072,0,238,106.0,81.0,146.0,32.38884978699759,23.461528367657408,0,160,29.0,13.0,50.0,IMG20200717093015.jpg,fully_ripe
152.89125085784107,45.57282601357879,0,255,158.0,126.0,185.0,123.40247393000017,37.99719875694577,0,214,127.0,102.0,149.0,25.263160537636207,20.74420455203853,0,131,24.0,5.0,40.0,IMG20200717093036.jpg,fully_ripe
179.23918283313526,40.85304728850395,72,255,183.0,149.0,210.0,148.88258875516797,34.60856865142333,66,240,150.0,126.0,173.0,46.58663776509382,21.84677883254375,19,156,45.0,27.0,62.0,IMG20200717093036.jpg,fully_ripe
155.42098655909479,40.20421997921267,51,255,159.0,126.0,185.0,125.6881643037678,33.58016222808295,45,214,127.0,103.0,149.0,26.465652879835293,21.132082818644385,0,133,25.0,7.0,41.0,IMG20200717093036.jpg,fully_ripe
150.66910767788696,49.335911111363856,0,255,158.0,124.0,184.0,121.52766014428468,40.906462218697335,0,214,127.0,100.0,149.0,24.68837353330097,20.708215015512685,0,128,23.0,4.0,40.0,IMG20200717093036.jpg,fully_ripe
131.96970356359742,69.89818159311997,0,255,152.0,101.0,182.0,106.700492107862,56.770026581886476,0,214,122.0,82.0,146.0,22.537443717255577,20.68781214477024,0,105,20.0,1.0,38.0,IMG20200717093036.jpg,fully_ripe
158.16268459698045,46.24384002283997,0,255,168.0,135.0,187.0,119.21432225063938,39.29891502140178,0,219,123.0,98.0,144.0,30.67729560267305,19.478888492892995,0,112,29.0,17.0,41.0,IMG20200717093050.jpg,fully_ripe
106.217985314743,32.736351765840304,15,184,112.0,85.0,128.0,73.51344773533536,28.67994595922965,7,154,75.0,56.0,92.0,12.6573055028463,9.78236449910133,0,67,10.0,5.0,19.0,IMG20200717093050.jpg,fully_ripe
161.12569094959161,39.49090349197123,51,255,168.0,136.0,187.0,121.6760250804389,34.599171783950744,42,219,124.0,100.0,144.0,31.671107994389903,19.257857482867337,0,114,30.0,18.0,42.0,IMG20200717093050.jpg,fully_ripe
152.1905618348321,55.31920573884589,0,255,167.0,129.0,187.0,114.45154690207079,45.236188455001816,0,219,122.0,93.0,142.0,29.13459285537497,19.560083090958045,0,102,28.0,15.0,40.0,IMG20200717093050.jpg,fully_ripe
150.03633363583862,56.1978996667912,0,255,165.0,122.0,187.0,112.61354673706789,46.06755080667714,0,219,120.0,87.0,141.0,28.376973847042322,19.350374068804175,0,103,27.0,14.0,40.0,IMG20200717093050.jpg,fully_ripe
134.8195038409757,63.50596291456536,0,239,153.0,115.0,178.0,112.50123742773422,54.66804416400503,0,211,128.0,92.0,149.0,24.985249861408093,22.316823422011005,0,112,22.0,3.0,40.0,IMG20200717093116.jpg,fully_ripe
155.05737704918033,40.83584651022348,42,250,158.0,130.0,184.0,127.43678229191416,36.37439268298119,37,219,130.0,105.0,152.0,22.920369050447455,19.00323564976208,0,114,16.0,9.0,33.0,IMG20200717093116.jpg,fully_ripe
152.9392967450701,36.88323719666666,51,239,156.0,130.0,179.0,127.99149639661044,32.84891228646488,46,211,130.0,108.0,150.0,29.02973786330878,21.515742758737172,0,116,27.0,11.0,43.0,IMG20200717093116.jpg,fully_ripe
139.10125128692485,58.94004115163692,0,238,154.0,120.0,179.0,116.81971172883503,50.07074315414908,0,208,128.0,99.0,149.0,25.50710778490536,22.01406053718717,0,111,23.0,4.0,41.0,IMG20200717093116.jpg,fully_ripe
155.709145085927,39.76297818905856,46,249,159.0,131.0,184.0,128.8148214144294,35.41319977292796,40,218,131.0,107.0,153.0,24.7893897996357,20.31195937453021,1,116,20.0,8.0,37.0,IMG20200717093116.jpg,fully_ripe
80.11716887167363,22.835526602825176,33,150,79.0,63.0,96.0,91.90157452588159,26.081253484542938,35,168,91.0,72.0,111.0,22.729765078726295,15.586546264909952,0,108,21.0,11.0,31.0,IMG20200713141604.jpg,unripe
72.04244680315911,47.79048059903236,0,172,83.0,12.0,110.0,81.46819256501836,54.55493948776915,0,192,95.0,12.0,125.0,24.082428693596256,20.513748574912675,0,118,24.0,0.0,39.0,IMG20200713141604.jpg,unripe
95.88470244982142,24.859843491101913,45,172,95.0,77.0,113.0,108.70831530761104,28.386804138572074,47,192,108.0,87.0,129.0,32.679259520096586,17.984798538061458,0,126,31.0,21.0,42.0,IMG20200713141604.jpg,unripe
88.43565571708838,35.385572934906286,0,171,93.0,73.0,112.0,100.59059308818351,40.412476265190385,0,190,107.0,83.0,127.0,28.296594396096385,18.292047120224524,0,119,28.0,15.0,40.0,IMG20200713141604.jpg,unripe
85.55030937169877,24.42256260599083,36,160,85.0,67.0,102.0,98.12711907037577,27.87620345303744,38,180,97.0,77.0,118.0,24.333718999949696,16.68410559948082,0,115,22.0,12.0,33.0,IMG20200713141604.jpg,unripe
101.01251665186501,42.61034807976206,0,217,109.0,78.0,131.0,116.88921884251036,46.764214593399444,0,208,126.0,94.0,150.0,34.71783414742451,25.1332742479754,0,158,34.0,15.0,49.0,IMG20200713141623.jpg,unripe
110.55622779751332,31.597888071203506,45,248,112.0,85.0,133.0,126.70336552693902,32.64949696297806,48,230,129.0,101.0,152.0,40.690802619893425,25.563776103743475,0,213,38.0,23.0,52.0,IMG20200713141623.jpg,unripe
70.43531675547662,30.129927863378946,8,202,72.0,46.0,92.0,85.8428248963884,31.14634609195179,11,184,88.0,61.0,110.0,17.921884251036115,16.97146555384115,0,168,14.0,6.0,25.0,IMG20200713141623.jpg,unripe
93.27844693605684,47.02778682187372,0,248,103.0,69.0,128.0,108.04413669330965,52.182798017107906,0,230,121.0,85.0,147.0,31.335276050917702,25.06426592604225,0,213,31.0,11.0,46.0,IMG20200713141623.jpg,unripe
103.0437574008289,40.581827726155694,0,234,109.0,80.0,132.0,118.81264801657785,44.391953076671065,0,210,126.0,97.0,151.0,35.38231756956779,23.22887037510843,0,170,35.0,18.0,49.0,IMG20200713141623.jpg,unripe
95.71486092989899,27.095606002498638,0,175,91.0,78.0,111.0,115.49627159064399,29.577246737795218,0,194,112.0,97.0,133.0,35.206276515773375,22.7790179653103,0,144,32.0,20.0,47.0,IMG20200713141640.jpg,unripe
96.02598221769072,26.74115641014187,41,176,91.0,78.0,111.0,115.79832027165976,29.106318198907083,47,194,112.0,97.0,133.0,35.49490637933865,22.940100885965965,0,146,33.0,20.0,47.0,IMG20200713141640.jpg,unripe
93.53898196711395,25.479914119641865,41,170,89.0,76.0,108.0,112.37971019501784,27.74231572222633,47,187,109.0,94.0,129.0,35.85825131984827,21.851078250368033,2,141,33.0,21.0,47.0,IMG20200713141640.jpg,unripe
89.16802467749044,35.28590847083355,0,176,89.0,73.0,109.0,108.1933156489506,40.23622538150897,0,194,111.0,92.0,131.0,31.29735684722594,22.850364048839662,0,144,29.0,15.0,44.0,IMG20200713141640.jpg,unripe
131.18540087961082,29.560548090585986,70,220,126.0,111.0,148.0,153.03991946981415,32.17030026315881,77,239,149.0,132.0,172.0,64.27501231282348,25.370544851281544,25,186,62.0,47.0,77.0,IMG20200713141640.jpg,unripe
88.09125031886593,25.347018845471116,39,167,85.0,68.0,105.0,103.59017528515724,27.074573937341892,37,182,103.0,83.0,123.0,33.34726868554353,19.667586033203342,3,129,31.0,19.0,45.0,IMG20200713141737.jpg,unripe
91.59072191246675,46.93547547253708,0,199,97.0,73.0,124.0,108.71809336394446,53.180302832943916,0,217,119.0,91.0,145.0,30.63076418497868,25.504436640701808,0,153,28.0,8.0,47.0,IMG20200713141737.jpg,unripe
98.69884479428592,32.52592401685761,36,200,94.0,73.0,121.0,118.59480339637769,34.75353507343875,33,219,118.0,92.0,144.0,30.13283772457272,23.224328448188416,0,151,25.0,11.0,43.0,IMG20200713141737.jpg,unripe
103.21649356801866,30.721135251234372,44,199,99.0,79.0,124.0,122.00611493750228,32.81845333222345,41,217,121.0,97.0,146.0,36.8760759447542,23.840826021378653,0,153,34.0,20.0,51.0,IMG20200713141737.jpg,unripe
101.60080172005394,33.120350196101924,0,199,99.0,78.0,124.0,120.3585219197551,35.795096585010505,0,217,120.0,96.0,146.0,35.62879632666448,23.675708499601015,0,149,33.0,19.0,50.0,IMG20200713141737.jpg,unripe
122.63108859104283,25.815357858546577,78,218,120.0,101.0,141.0,139.59834913370383,28.72082519400328,79,229,136.0,116.0,160.0,70.82685518143184,20.678209396685425,32,187,67.0,57.0,82.0,IMG20200713141824.jpg,unripe
81.06420398823145,28.04543399921315,0,170,80.0,63.0,100.0,96.67729650212488,32.200628336475596,0,183,95.0,76.0,119.0,33.65378391631252,19.14746123440826,0,139,31.0,21.0,45.0,IMG20200713141824.jpg,unripe
82.0976381170317,26.961599361364275,0,173,80.0,63.0,100.0,97.94393592677345,30.60190605402021,0,184,96.0,77.0,119.0,34.1423831317424,18.88161605859781,0,135,31.0,21.0,45.0,IMG20200713141824.jpg,unripe
96.49534978751225,21.01017074841727,60,174,94.0,79.0,111.0,110.31078783916313,23.368871313213155,61,183,107.0,91.0,127.0,54.336417129780976,16.825003995291155,23,149,51.0,43.0,64.0,IMG20200713141824.jpg,unripe
71.12277705132396,35.95454711608308,0,172,74.0,53.0,96.0,85.5151438378555,42.49066700770454,0,185,90.0,65.0,116.0,29.920031055900623,20.76051085396591,0,145,28.0,16.0,42.0,IMG20200713141824.jpg,unripe
63.87718926226086,54.013763465911474,0,198,72.0,0.0,105.0,75.17973321317102,62.360125713365804,0,217,86.0,0.0,125.0,21.19195265958504,23.24935664390157,0,135,16.0,0.0,35.0,IMG20200713141846.jpg,unripe
95.85881370645497,35.86992915948664,0,205,93.0,72.0,119.0,113.49505324471363,38.96835807751351,0,216,112.0,87.0,141.0,30.463543771992022,22.666095564889204,0,151,27.0,14.0,41.0,IMG20200713141846.jpg,unripe
145.86462523275924,33.2057622198544,88,255,141.0,120.0,168.0,164.5414659359738,35.088839129857455,93,255,160.0,135.0,191.0,76.52456148488804,24.511676658747387,42,200,72.0,59.0,88.0,IMG20200713141846.jpg,unripe
91.47577647160172,37.8993050165814,0,199,90.0,69.0,116.0,108.82145957443988,42.22979948845042,0,216,109.0,84.0,138.0,28.463437746426607,21.595646423013118,0,136,25.0,13.0,40.0,IMG20200713141846.jpg,unripe
65.83678689524011,27.678903121244776,18,159,61.0,44.0,84.0,81.40947073363064,29.252902396126977,21,169,78.0,57.0,103.0,15.647093905517968,15.387105764338958,0,111,12.0,6.0,20.0,IMG20200713141846.jpg,unripe
109.15668004262169,30.124207841967024,48,200,107.0,88.0,129.0,120.99350094840811,33.00194501067418,49,204,122.0,97.0,145.0,32.956962675795566,20.802539558365073,0,126,31.0,18.0,45.0,IMG20200713142056.jpg,unripe
125.07050715273527,33.25596773146396,58,225,123.0,102.0,147.0,138.13840712779705,36.431959309902695,59,230,139.0,112.0,165.0,40.971449515216094,22.930546696144294,5,144,39.0,24.0,54.0,IMG20200713142056.jpg,unripe
104.09343520218852,36.60647438801698,0,198,106.0,84.0,128.0,115.8057463707331,40.63689693800734,0,202,121.0,94.0,144.0,30.071701164539363,20.424296477707994,0,117,29.0,14.0,44.0,IMG20200713142056.jpg,unripe
88.66731657182585,25.335822152565054,37,165,87.0,71.0,105.0,98.6213395603316,27.757511498115218,38,168,99.0,78.0,119.0,24.953259727795537,16.93822744181707,0,103,23.0,12.0,35.0,IMG20200713142056.jpg,unripe
96.55557822666576,45.802733711098455,0,200,104.0,75.0,127.0,107.74171559847953,50.929938698894375,0,204,119.0,82.0,143.0,28.184217884483136,21.68635705184202,0,126,27.0,10.0,42.0,IMG20200713142056.jpg,unripe
75.37992865189636,55.293576551248314,0,191,96.0,0.0,118.0,84.72123689303561,61.7048633292893,0,199,110.0,0.0,134.0,26.162887431757127,22.74845680106964,0,106,28.0,0.0,43.0,IMG20200713142139.jpg,unripe
106.07394061064733,35.823866992173116,0,189,112.0,93.0,128.0,119.18796036858373,39.51122319647679,0,197,127.0,106.0,144.0,35.5360567896242,18.584955404292515,0,103,36.0,24.0,48.0,IMG20200713142139.jpg,unripe
111.33076489788844,26.15539420683084,47,191,112.0,95.0,128.0,124.91887402871255,28.326789554958996,44,199,128.0,109.0,145.0,38.24694531904446,17.210235404455723,0,114,38.0,27.0,49.0,IMG20200713142139.jpg,unripe
105.12332100869465,36.238243166902485,0,190,111.0,91.0,127.0,118.46767670932147,39.96618565546757,0,198,127.0,104.0,144.0,35.20000577717438,18.54616752530355,0,110,36.0,23.0,47.0,IMG20200713142139.jpg,unripe
64.51765648921112,24.117478644089168,5,138,65.0,49.0,80.0,77.03841820965366,26.11753171732198,2,145,80.0,62.0,96.0,12.801575724313238,9.782441946054279,0,67,11.0,5.0,19.0,IMG20200713142139.jpg,unripe
96.04616232603004,27.118836315064094,45,182,94.0,75.0,113.0,110.23146124923719,29.115075162147587,50,188,110.0,87.0,130.0,35.11855548337566,18.74606043357366,0,121,33.0,23.0,46.0,IMG20200713142211.jpg,unripe
84.93027421799641,22.72773098072481,42,157,83.0,67.0,99.0,96.82243744955609,24.407611887633404,46,162,97.0,77.0,113.0,33.850312014016026,15.728500610748746,4,106,32.0,24.0,43.0,IMG20200713142211.jpg,unripe
89.89611015964881,34.62486706611592,0,181,92.0,70.0,111.0,103.78080277170811,38.28503824222956,0,188,108.0,83.0,128.0,31.164511112423472,19.183767435594152,0,119,31.0,18.0,43.0,IMG20200713142211.jpg,unripe
95.65389082462254,27.629546371290484,0,181,94.0,75.0,113.0,109.82656154648714,29.764434843234348,0,188,110.0,87.0,130.0,34.760930333274274,18.5599208296434,0,115,33.0,22.0,45.0,IMG20200713142211.jpg,unripe
131.59383058721627,25.93429542168807,83,214,130.0,111.0,148.0,145.15382192562845,27.822542667755716,88,219,145.0,123.0,164.0,73.38434811708892,17.89968695783823,40,155,71.0,62.0,84.0,IMG20200713142211.jpg,unripe
151.94097967743545,28.17104118932515,94,229,154.0,130.0,173.0,169.06824786538172,31.141562422464105,98,245,172.0,145.0,194.0,87.45519548609377,19.82423912105833,46,167,87.0,73.0,100.0,IMG20200713142220.jpg,unripe
92.65599440754981,35.259818439952355,0,170,98.0,74.0,117.0,108.09352374294703,39.813164689458894,0,186,116.0,88.0,136.0,35.28015179507665,19.980811162639498,0,108,35.0,21.0,48.0,IMG20200713142220.jpg,unripe
84.57372547061468,42.14972083078225,0,171,93.0,61.0,116.0,98.4929445248914,48.312924362549666,0,186,110.0,72.0,136.0,32.373435861586856,21.36508289846121,0,108,32.0,17.0,47.0,IMG20200713142220.jpg,unripe
92.60966694961802,34.60395092049262,0,168,98.0,73.0,118.0,108.41362161082539,38.927289470021236,0,186,116.0,87.0,137.0,34.794387576771356,19.76231856313787,0,110,35.0,21.0,48.0,IMG20200713142220.jpg,unripe
98.94022070205223,26.32469004657149,45,171,101.0,78.0,119.0,114.94795026713936,29.082865050825223,49,186,118.0,92.0,138.0,38.726668996854244,18.501039427113174,0,113,38.0,25.0,50.0,IMG20200713142220.jpg,unripe
98.94337097845687,24.051549912427316,43,181,99.0,83.0,116.0,113.53434563917624,27.311639887990623,46,199,114.0,95.0,133.0,35.59107905475942,18.23096794525334,0,118,34.0,24.0,45.0,IMG20200713142228.jpg,unripe
103.0284900825662,25.150693683032017,45,189,103.0,86.0,121.0,118.28382841415963,28.562501630940165,48,208,119.0,99.0,139.0,36.81247983296954,19.034204909184254,0,123,35.0,25.0,47.0,IMG20200713142228.jpg,unripe
94.53080573218183,36.53940223866475,0,188,99.0,79.0,119.0,109.22122995159913,41.765770157887054,0,207,116.0,91.0,138.0,32.40721267913068,19.79474713226254,0,119,32.0,19.0,44.0,IMG20200713142228.jpg,unripe
94.73670874062826,37.01652320944316,0,187,100.0,82.0,118.0,108.92154313371927,42.68831603684279,0,206,116.0,94.0,136.0,33.00830407136756,20.19830409741543,0,119,33.0,20.0,45.0,IMG20200713142228.jpg,unripe
67.60342602258707,51.64850371013595,0,189,84.0,0.0,108.0,78.47679605200722,59.920645521924556,0,208,99.0,0.0,126.0,25.08684635095378,22.835221074571525,0,121,26.0,0.0,41.0,IMG20200713142228.jpg,unripe
104.70636642280635,30.37117669276762,44,191,103.0,81.0,127.0,118.1101323520371,32.12558528824886,49,203,117.0,93.0,143.0,34.57787867876308,22.281828191764365,0,134,32.0,19.0,48.0,IMG20200713142241.jpg,unripe
90.08699050613457,26.23109762455715,38,165,89.0,70.0,109.0,101.66127714885432,27.742854996002805,42,175,101.0,80.0,123.0,29.53487085356964,19.223966478462916,0,115,27.0,16.0,41.0,IMG20200713142241.jpg,unripe
74.34328096045247,51.552938796078706,0,191,83.0,1.0,114.0,83.38209954067608,58.00416691158667,0,203,95.0,1.0,129.0,24.355541308414498,23.48900247983714,0,131,22.0,0.0,40.0,IMG20200713142241.jpg,unripe
103.67729640005972,31.70835285792363,0,191,102.0,80.0,127.0,117.04672281601574,33.75955529091247,0,203,116.0,92.0,143.0,33.65809788956904,21.724870872128548,0,128,31.0,18.0,47.0,IMG20200713142241.jpg,unripe
93.48868376909093,42.74748312597207,0,191,98.0,71.0,124.0,105.73766719654321,47.31118519029682,0,203,112.0,83.0,140.0,30.04763619437394,23.051839307205903,0,128,28.0,11.0,45.0,IMG20200713142241.jpg,unripe
147.5516865130505,35.012998692532996,77,246,148.0,120.0,171.0,163.89831090949704,35.161347824617415,80,255,166.0,137.0,189.0,60.028102823169576,23.8101152024757,26,156,59.0,42.0,75.0,IMG20200713142258.jpg,unripe
107.30255855112806,30.928292307622723,45,194,108.0,83.0,128.0,121.74605220200354,31.061726429217817,48,205,124.0,98.0,144.0,29.9911249720776,21.007349737519277,0,115,29.0,14.0,43.0,IMG20200713142258.jpg,unripe
100.07114627901782,39.73946154652356,0,194,104.0,74.0,127.0,113.61885492379332,42.24290776404811,0,205,121.0,89.0,143.0,26.32057494372562,20.830260416455292,0,113,25.0,7.0,40.0,IMG20200713142258.jpg,unripe
98.9902572297541,40.56413123249868,0,191,104.0,75.0,126.0,113.03090365482757,43.51114692655453,0,202,121.0,91.0,142.0,26.772187569806004,20.66751401982308,0,109,26.0,8.0,41.0,IMG20200713142258.jpg,unripe
129.89613725793427,32.45466984608775,65,221,131.0,104.0,152.0,145.05832774885303,32.59434856067891,68,232,147.0,120.0,168.0,48.75186865302335,22.081366294873842,17,138,48.0,32.0,62.0,IMG20200713142258.jpg,unripe
73.05171573321263,19.97879012472987,33,147,70.0,58.0,85.0,82.5395288915197,21.892276413468068,29,153,81.0,67.0,97.0,20.141114921917165,14.8596190471224,0,111,18.0,9.0,27.0,IMG20200713142856.jpg,unripe
91.68658054631871,29.839168043888872,0,182,91.0,75.0,110.0,102.9913038179634,33.45816766319013,0,192,104.0,85.0,124.0,28.19070666272045,18.297123017648648,0,136,27.0,16.0,38.0,IMG20200713142856.jpg,unripe
96.21838820313724,24.244034570367326,48,186,93.0,78.0,111.0,107.72958268772089,26.571623099611863,43,193,106.0,89.0,125.0,31.16220686293285,19.147814353703556,0,142,29.0,19.0,40.0,IMG20200713142856.jpg,unripe
92.45323734744686,29.85071410364163,0,184,92.0,77.0,110.0,103.62833614791344,33.38518534417012,0,192,105.0,87.0,124.0,28.829923919288287,18.337015328121943,0,138,28.0,17.0,39.0,IMG20200713142856.jpg,unripe
82.17465485123348,39.99427348555362,0,186,87.0,68.0,108.0,91.8537666045718,45.179775034372,0,193,100.0,74.0,122.0,25.524182175873534,18.627962721654416,0,142,25.0,12.0,36.0,IMG20200713142856.jpg,unripe
132.40285557280168,27.961991061343266,82,212,127.0,111.0,152.0,145.0325566149604,30.32811448947039,77,232,141.0,123.0,166.0,61.86622576571192,22.997290543875266,27,179,59.0,46.0,73.0,IMG20200713142909.jpg,unripe
67.89773154530643,43.93374037570458,0,163,75.0,43.0,97.0,76.01838479855775,49.08775254327416,0,180,87.0,45.0,108.0,21.73488098566429,21.193918749870402,0,134,18.0,1.0,35.0,IMG20200713142909.jpg,unripe
90.19002766878441,27.500353305341363,0,163,87.0,72.0,108.0,101.3547388818726,30.129410200499755,0,180,99.0,83.0,121.0,28.536427352569728,18.880378005390313,0,130,26.0,15.0,39.0,IMG20200713142909.jpg,unripe
92.66953637914911,24.59116131702562,48,163,88.0,74.0,110.0,103.77231579048849,26.674062020608037,44,180,100.0,84.0,122.0,30.644624832492987,20.214842424275595,0,134,28.0,17.0,40.0,IMG20200713142909.jpg,unripe
151.7769240409922,27.40266420668308,102,230,147.0,131.0,171.0,164.14441755762724,29.728077689482166,98,249,160.0,142.0,184.0,82.63246792059927,22.536122701665608,48,198,80.0,67.0,93.0,IMG20200713142909.jpg,unripe
84.4410086214191,30.715504517576967,0,164,88.0,69.0,105.0,95.64999106832263,34.48571632215259,0,181,101.0,78.0,118.0,30.289555578537648,17.34192292436865,0,112,30.0,18.0,42.0,IMG20200713142917.jpg,unripe
33.21898592555682,18.17800653503019,0,94,32.0,19.0,46.0,42.88335229356073,19.95963268035354,0,107,43.0,28.0,57.0,16.392392091234733,10.461450212997772,0,50,16.0,8.0,24.0,IMG20200713142917.jpg,unripe
92.14411966567322,22.239502005397252,48,166,91.0,75.0,108.0,103.96919981572539,24.409668304974872,51,182,104.0,86.0,121.0,35.35781239716819,17.507603470232002,0,113,34.0,23.0,46.0,IMG20200713142917.jpg,unripe
74.18686949409098,20.909867669310543,33,144,73.0,58.0,89.0,85.30516250951929,22.93625804791538,36,159,85.0,68.0,101.0,21.736562526442466,15.26175762947054,0,94,20.0,10.0,31.0,IMG20200713142917.jpg,unripe
65.641454265111,42.916735129858026,0,166,75.0,39.0,97.0,73.96797758619068,48.49988099304669,0,182,85.0,43.0,111.0,23.482432800880005,19.818805381083088,0,113,23.0,2.0,38.0,IMG20200713142917.jpg,unripe
76.79964609685668,36.57095526655701,0,159,85.0,56.0,103.0,91.99269831701555,43.630878505051825,0,175,104.0,66.0,124.0,31.27114425442136,21.566458092582163,0,137,32.0,15.0,46.0,IMG20200713142946.jpg,unripe
89.21970190466006,21.727892970374565,45,159,89.0,73.0,105.0,106.43026455232224,25.22948277491871,45,175,108.0,88.0,125.0,37.71012026873304,20.018195916033708,0,137,36.0,24.0,49.0,IMG20200713142946.jpg,unripe
83.16847345240295,29.915572313936373,0,156,87.0,68.0,104.0,99.9075476651143,35.31398692735212,0,173,106.0,82.0,125.0,33.000106948752105,20.32613514641702,0,134,33.0,18.0,46.0,IMG20200713142946.jpg,unripe
85.02945951989733,27.748701593406594,0,158,88.0,70.0,104.0,102.08661876658921,32.56366773498183,0,173,107.0,85.0,125.0,34.19252719901218,19.918274287514055,0,129,34.0,20.0,47.0,IMG20200713142946.jpg,unripe
116.44736663004483,19.42352779936313,77,179,116.0,102.0,131.0,131.8281041875298,22.55578782330646,77,193,133.0,115.0,148.0,70.42726026464955,17.88396117955223,37,159,69.0,58.0,81.0,IMG20200713142946.jpg,unripe
110.63345460826757,22.999923031717948,69,188,108.0,94.0,123.0,127.50763816165913,24.97288528094188,71,208,126.0,110.0,142.0,64.7894998218662,20.425385828232596,27,171,63.0,51.0,76.0,IMG20200713143028.jpg,unripe
83.81212821315599,28.217139581593987,0,168,83.0,67.0,100.0,101.35556587172206,31.81268088341267,0,190,102.0,84.0,120.0,36.24784350135489,20.8431174569483,0,149,36.0,22.0,49.0,IMG20200713143028.jpg,unripe
82.49503924341714,30.595080858979095,0,168,83.0,67.0,100.0,99.58065142992864,35.15583267235154,0,190,102.0,85.0,120.0,35.971833266758075,21.23491018921652,0,134,36.0,21.0,49.0,IMG20200713143028.jpg,unripe
87.7217010159025,24.078421240306252,44,169,85.0,70.0,101.0,105.39179720815744,26.13478945372104,46,190,104.0,87.0,121.0,39.72473468858972,21.383136893568796,0,151,38.0,25.0,51.0,IMG20200713143028.jpg,unripe
64.61553326783768,23.864110429200366,21,145,62.0,47.0,78.0,82.13434527729495,25.797170694928816,23,166,81.0,64.0,97.0,20.792134042989623,17.39319261336037,0,127,17.0,9.0,28.0,IMG20200713143028.jpg,unripe
53.547612379894744,41.780831875312664,0,162,61.0,0.0,88.0,66.11689440393994,50.910234929727736,0,174,77.0,0.0,109.0,25.517386895852447,23.578870724790978,0,138,25.0,0.0,41.0,IMG20200713143043.jpg,unripe
76.21537347303365,28.27003053216799,0,161,79.0,61.0,96.0,93.89226980831442,33.480584601899295,0,173,98.0,78.0,117.0,34.11771522379412,18.23501560285133,0,135,34.0,23.0,45.0,IMG20200713143043.jpg,unripe
34.903548838781326,20.674465055789746,0,113,33.0,19.0,49.0,53.26671816908889,23.242859495833176,0,124,52.0,36.0,71.0,16.878180676934964,11.734848544444862,0,89,16.0,8.0,23.0,IMG20200713143043.jpg,unripe
83.80588093283762,20.838471138099237,41,162,82.0,68.0,98.0,102.26702718362223,23.250936676622032,44,174,101.0,85.0,120.0,39.47285017623485,18.743395126776658,0,138,37.0,27.0,48.0,IMG20200713143043.jpg,unripe
120.6225290908213,21.3897384737537,77,201,119.0,104.0,135.0,139.53831297378204,23.861880810885495,80,213,138.0,122.0,158.0,75.15151368837816,19.254516064489692,35,176,73.0,62.0,84.0,IMG20200713143043.jpg,unripe
76.72254700887466,31.323898457169847,0,153,80.0,63.0,96.0,91.25807440915452,36.40250676039774,0,175,95.0,77.0,114.0,31.342584960993655,19.065729489356116,0,123,30.0,19.0,43.0,IMG20200713143050.jpg,unripe
105.15784631308581,21.432199506891536,65,176,103.0,88.0,120.0,120.73994173007993,23.98210869846079,67,198,118.0,103.0,137.0,56.30067470433766,18.04779198524159,20,146,53.0,44.0,66.0,IMG20200713143050.jpg,unripe
82.02089283318318,24.745135191447567,0,153,81.0,67.0,98.0,97.35804374077553,28.18425848053698,0,174,97.0,81.0,115.0,34.10265281478216,17.80017181039189,0,123,32.0,22.0,44.0,IMG20200713143050.jpg,unripe
52.97539820973338,42.28302778588439,0,154,59.0,0.0,85.0,63.04700887466217,50.019452276110414,0,176,71.0,0.0,102.0,21.877546913035978,21.173906311643535,0,124,20.0,0.0,36.0,IMG20200713143050.jpg,unripe
84.15593912326771,21.42661035162291,44,154,82.0,67.0,99.0,99.6936803971555,23.882657651480166,46,176,97.0,82.0,116.0,35.44622491422438,17.85947527946449,0,125,32.0,23.0,45.0,IMG20200713143050.jpg,unripe
122.10407640613867,19.11798327042792,85,178,122.0,106.0,137.0,130.55020892303546,20.568689838677756,86,186,131.0,113.0,147.0,88.76033543219148,15.740010645711804,49,170,87.0,77.0,97.0,IMG20200713143109.jpg,unripe
91.73249186451774,23.788703121995578,46,162,91.0,72.0,110.0,102.2552712148345,25.624241898086545,47,171,103.0,81.0,123.0,50.188483238018215,19.63904122474683,0,151,48.0,36.0,61.0,IMG20200713143109.jpg,unripe
60.993674542198605,23.038018616519874,17,129,60.0,42.0,79.0,71.16982458167254,24.82352971986667,18,138,72.0,51.0,91.0,22.294350413032177,17.22867261960691,0,118,20.0,9.0,31.0,IMG20200713143109.jpg,unripe
68.2060154429746,45.36024411644433,0,162,76.0,35.0,106.0,75.81597442859068,50.189355742760604,0,170,84.0,40.0,119.0,36.498430670286716,26.92422606440506,0,149,38.0,11.0,57.0,IMG20200713143109.jpg,unripe
84.0514220245316,32.00785717035447,0,155,87.0,66.0,107.0,94.42606820326189,34.98748779567141,0,165,98.0,75.0,121.0,43.98260258409874,20.76173398740304,0,138,44.0,31.0,58.0,IMG20200713143109.jpg,unripe
88.6654773784196,23.88239983904896,1,191,87.0,70.0,105.0,102.35396230677989,25.59486333502268,1,190,102.0,83.0,120.0,30.94728220962853,19.17424164737682,0,133,29.0,18.0,41.0,IMG20200713143206.jpg,unripe
140.00051776401259,26.37043595418099,89,255,138.0,118.0,158.0,155.49568843785892,28.099922388106634,97,255,156.0,133.0,176.0,74.63125788413383,21.93598619965558,39,193,72.0,61.0,86.0,IMG20200713143206.jpg,unripe
85.40279216011146,27.748232100900534,0,191,86.0,67.0,104.0,99.00026358895185,30.405722400043913,0,190,101.0,80.0,120.0,28.107468981228703,17.97906889171828,0,124,27.0,16.0,39.0,IMG20200713143206.jpg,unripe
89.07734452958786,23.324645582184317,44,192,87.0,70.0,105.0,102.78303805094798,24.85984372898415,51,191,103.0,83.0,121.0,31.26032233163256,19.388167144795602,0,136,29.0,19.0,41.0,IMG20200713143206.jpg,unripe
81.04306855195526,32.606680897049486,0,192,83.0,62.0,104.0,93.64971852465499,36.471939283991,0,191,98.0,74.0,120.0,26.6870916724719,19.58347984326713,0,136,25.0,12.0,38.0,IMG20200713143206.jpg,unripe
92.49235236807007,26.219993760225233,0,173,92.0,75.0,109.0,103.68916656419375,29.314207773466382,0,184,104.0,85.0,121.0,33.53857868500459,18.510132879565905,0,113,34.0,21.0,46.0,IMG20200713143223.jpg,unripe
94.74628969248668,23.096298679351566,46,173,93.0,77.0,110.0,106.04054143531437,25.677120278703008,51,184,104.0,87.0,122.0,35.17638267482666,19.08598746192367,0,124,35.0,22.0,47.0,IMG20200713143223.jpg,unripe
85.22091582402406,35.434599624737686,0,173,89.0,70.0,107.0,95.64726302745959,39.85815701046498,0,184,101.0,79.0,120.0,30.935602871763827,19.861128263477042,0,96,33.0,15.0,45.0,IMG20200713143223.jpg,unripe
118.48309197022294,27.694204455488695,60,212,116.0,97.0,137.0,132.02288141204514,30.764546821915424,66,225,130.0,109.0,151.0,47.06745239739309,22.842260786654958,5,154,47.0,31.0,61.0,IMG20200713143223.jpg,unripe
60.943737644132085,45.21463482096354,0,158,74.0,0.0,97.0,67.79157010565746,50.308710167385385,0,177,83.0,0.0,108.0,23.264805758662114,21.932278646963702,0,117,23.0,0.0,40.0,IMG20200713143223.jpg,unripe
152.2722090085421,29.212456759511834,84,238,153.0,131.0,173.0,164.47702516357714,30.559978497638607,92,251,166.0,143.0,186.0,76.74941926647108,22.527197373216467,32,180,76.0,62.0,91.0,IMG20200713143259.jpg,unripe
98.19996668301667,20.880431367478355,49,160,99.0,83.0,113.0,106.91893792860911,21.849152781909567,55,169,108.0,92.0,122.0,44.20780542881734,16.126090903117884,12,118,43.0,33.0,54.0,IMG20200713143259.jpg,unripe
97.38717111047356,32.05782353549427,0,175,101.0,80.0,119.0,107.6193719748642,34.35975441266405,0,186,112.0,91.0,130.0,34.51343322258521,18.967965005299796,0,113,35.0,21.0,47.0,IMG20200713143259.jpg,unripe
94.362396231479,37.733940320133556,0,176,101.0,80.0,119.0,104.11246332818153,40.71027000547171,0,186,112.0,90.0,130.0,34.289376509675805,20.783435436420064,0,125,35.0,20.0,48.0,IMG20200713143259.jpg,unripe
102.52338204399693,24.96115983285706,44,176,103.0,84.0,120.0,112.95124614772381,26.11635250815883,51,187,114.0,95.0,131.0,37.98515543298196,19.255650648521502,0,126,37.0,25.0,50.0,IMG20200713143259.jpg,unripe
92.58417720869627,28.510224455446075,0,172,93.0,74.0,112.0,104.39043984117701,32.5595635551212,0,187,106.0,84.0,127.0,38.41772086962767,21.691437048794036,0,120,37.0,23.0,52.0,IMG20200713143317.jpg,unripe
30.77479557183457,19.6161066439245,0,94,30.0,15.0,45.0,40.299814296120736,22.894031320860485,0,106,40.0,22.0,57.0,19.58371551396883,12.022928458468458,0,61,19.0,10.0,28.0,IMG20200713143317.jpg,unripe
70.70855776827028,21.624148471100614,26,139,70.0,54.0,86.0,81.20763950875681,24.661343110734677,26,152,81.0,62.0,99.0,23.697743851765214,17.532778877535343,0,103,21.0,10.0,33.0,IMG20200713143317.jpg,unripe
95.80654990920004,24.571148176043675,45,173,95.0,77.0,113.0,107.73777791457621,28.02287315103253,45,188,107.0,86.0,128.0,41.14664450531975,21.49004805844664,0,133,39.0,26.0,53.0,IMG20200713143317.jpg,unripe
90.53064114007817,30.766691060873747,0,172,92.0,72.0,111.0,102.20623390480881,35.066469364119364,0,187,105.0,81.0,126.0,36.853478613274234,22.099459854225042,0,120,36.0,21.0,50.0,IMG20200713143317.jpg,unripe
87.29968655259236,25.122301911687245,0,158,88.0,69.0,105.0,102.46650223523972,29.617727708333085,0,177,102.0,82.0,124.0,46.78428652176147,24.02446044978559,0,149,45.0,28.0,64.0,IMG20200713143325.jpg,unripe
88.86257643492112,23.08464336265129,42,160,88.0,70.0,106.0,104.1581419248754,27.02039045907204,51,178,103.0,83.0,125.0,47.954082524022404,23.784747777093862,0,150,46.0,29.0,65.0,IMG20200713143325.jpg,unripe
81.38682493191511,32.447932134028996,0,159,85.0,64.0,104.0,95.7486871178254,38.3364692065841,0,178,100.0,75.0,123.0,43.04620523097477,26.265118580532775,0,149,42.0,23.0,63.0,IMG20200713143325.jpg,unripe
71.7312676635322,38.153898252794924,0,160,76.0,51.0,100.0,84.2598838703047,45.26159717448266,0,178,89.0,59.0,119.0,37.62149940907456,27.336046910593677,0,150,35.0,17.0,57.0,IMG20200713143325.jpg,unripe
138.8663891886337,26.551249495257863,85,221,138.0,117.0,159.0,156.45846564924722,31.070597178564885,95,241,155.0,132.0,180.0,91.81251734237706,27.366098605745922,37,209,90.0,70.0,111.0,IMG20200713143325.jpg,unripe
96.59868894601543,29.02995061237719,48,188,91.0,74.0,116.0,103.41479005998286,28.514010998842817,44,193,100.0,82.0,123.0,41.9379263067695,21.87733825684718,0,136,40.0,26.0,56.0,IMG20200713143333.jpg,unripe
80.23696658097687,34.55981178517889,22,189,74.0,53.0,103.0,88.34943444730077,33.9486155151526,18,195,84.0,63.0,112.0,23.227789203084832,19.206983716234618,0,127,19.0,9.0,32.0,IMG20200713143333.jpg,unripe
96.51433590402742,29.044766000331098,20,188,91.0,74.0,116.0,103.33083976006856,28.542992063778122,19,193,100.0,82.0,123.0,41.869948586118255,21.73624617278089,0,131,40.0,26.0,55.0,IMG20200713143333.jpg,unripe
126.95166238217652,29.426673326480383,78,219,121.0,104.0,147.0,133.85973436161098,28.92365730579635,74,224,130.0,112.0,154.0,71.94413024850043,21.897299769211102,30,167,70.0,56.0,86.0,IMG20200713143333.jpg,unripe
90.92029991431019,37.01740618729926,0,188,89.0,71.0,115.0,97.67209083119108,37.54173603205149,0,193,98.0,79.0,122.0,38.50630676949443,23.536842413518006,0,135,37.0,21.0,53.0,IMG20200713143333.jpg,unripe
75.75382112264919,38.237949272651264,0,174,78.0,52.0,102.0,82.77441738048523,41.51414543978379,0,194,87.0,58.0,112.0,32.36580370388094,24.11890390828393,0,134,29.0,15.0,46.0,IMG20200713143359.jpg,unripe
146.4514427908312,28.492682916947413,96,240,144.0,124.0,166.0,156.1565009331483,30.541907990849264,93,255,153.0,132.0,178.0,89.44126908168637,25.01160047606147,43,194,85.0,72.0,103.0,IMG20200713143359.jpg,unripe
90.34659520505336,26.549028251485744,0,174,88.0,71.0,108.0,98.93621093936929,28.58114965454584,0,193,97.0,79.0,118.0,40.042867397234055,21.90792440453605,0,129,36.0,25.0,52.0,IMG20200713143359.jpg,unripe
55.492893716801454,23.918847574818688,13,134,53.0,37.0,72.0,63.64404459970331,25.65679916356746,10,153,61.0,44.0,82.0,16.430052160597214,15.145005842009372,0,96,12.0,6.0,22.0,IMG20200713143359.jpg,unripe
91.5415227066086,25.19051152949743,47,174,89.0,72.0,109.0,100.12277360386658,27.007999973984052,44,194,97.0,79.0,119.0,41.13127243144949,22.11474023862137,0,134,37.0,26.0,53.0,IMG20200713143359.jpg,unripe
37.30838688517869,16.858369853746677,10,96,35.0,23.0,49.0,48.21385891010464,18.629580116485805,7,107,46.0,32.0,62.0,11.873853375559861,11.396619141196432,0,83,8.0,4.0,16.0,IMG20200713143438.jpg,unripe
71.82260759052568,27.305977210065564,0,150,73.0,57.0,90.0,84.76424889052875,31.35945048064835,0,162,86.0,69.0,107.0,32.13207063719009,18.545546003586306,0,132,31.0,20.0,43.0,IMG20200713143438.jpg,unripe
62.224743514845905,21.542837788418986,27,137,59.0,44.0,77.0,76.16558538060245,23.81152028793127,24,151,74.0,56.0,93.0,21.53911590771659,18.233828904482262,0,121,17.0,9.0,29.0,IMG20200713143438.jpg,unripe
74.39768779017926,26.35098267860323,0,150,75.0,59.0,92.0,87.49153932089085,30.02027473864748,0,164,89.0,71.0,108.0,34.569484159927846,20.054792060854272,0,132,33.0,22.0,45.0,IMG20200713143438.jpg,unripe
79.0596705920938,20.63802206010352,45,151,76.0,62.0,93.0,92.41817585503593,22.816531571545465,42,164,90.0,73.0,109.0,38.025417909376955,19.60198905221906,0,135,35.0,25.0,47.0,IMG20200713143438.jpg,unripe
93.3630230688096,24.05817601398964,43,181,92.0,75.0,109.0,115.05981808118466,28.691659231937333,45,206,114.0,95.0,135.0,40.745000365508524,19.844015986866516,0,146,38.0,28.0,51.0,IMG20200713143447.jpg,unripe
79.21952442119114,31.582554290116956,0,163,83.0,65.0,100.0,97.908758628612,37.85805413868471,0,184,104.0,82.0,123.0,35.0287080840043,18.906415094785785,0,128,35.0,23.0,46.0,IMG20200713143447.jpg,unripe
86.83683699364015,21.2509628145559,42,164,86.0,71.0,101.0,106.00292406821434,25.342285030414843,44,186,105.0,88.0,124.0,40.30456259072444,17.622707822442216,0,133,38.0,29.0,49.0,IMG20200713143447.jpg,unripe
57.97866474513613,42.99881607754881,0,162,68.0,0.0,93.0,70.95587789926584,52.80048375307831,0,186,83.0,0.0,116.0,25.569096776214792,21.40948363816299,0,122,27.0,0.0,41.0,IMG20200713143447.jpg,unripe
78.17323015549778,31.992832041362064,0,163,83.0,66.0,99.0,96.02176342199526,39.199134993352075,0,185,102.0,83.0,121.0,34.5772319517111,19.02238591173141,0,122,35.0,23.0,46.0,IMG20200713143447.jpg,unripe
30.344585077663446,16.342332452991474,0,93,29.0,17.0,42.0,42.96772174185219,17.899816045700955,5,104,42.0,29.0,56.0,12.213016941194882,8.932566710877483,0,65,11.0,5.0,17.0,IMG20200713143503.jpg,unripe
74.72020618960053,26.440000171737395,0,158,76.0,59.0,92.0,90.00754137485818,30.387740577947003,0,173,93.0,73.0,111.0,32.02235024844477,17.514276238412698,0,121,31.0,20.0,42.0,IMG20200713143503.jpg,unripe
53.007825032278255,38.48792376873246,0,159,59.0,0.0,83.0,63.61558550804022,45.93769299221714,0,173,72.0,0.0,100.0,22.17096717398959,19.884822965398794,0,123,21.0,0.0,35.0,IMG20200713143503.jpg,unripe
74.5630795414531,28.41333731528699,0,158,78.0,61.0,93.0,89.50219100903792,32.908548413445004,0,172,94.0,75.0,111.0,32.51358621229313,18.459761779839344,0,120,32.0,21.0,43.0,IMG20200713143503.jpg,unripe
108.91518643139403,23.17678795597958,65,198,107.0,91.0,125.0,126.81263938338746,25.364044549938498,72,214,126.0,107.0,145.0,58.26500449939356,20.098597205274768,16,158,55.0,45.0,69.0,IMG20200713143503.jpg,unripe
62.629140842060266,32.170370837846946,0,139,66.0,49.0,83.0,74.64350466623922,37.67132994835072,0,161,78.0,60.0,99.0,29.137431431217497,19.179400825211502,0,112,30.0,16.0,41.0,IMG20200713143508.jpg,unripe
69.47819156514925,26.30307939660887,0,139,70.0,57.0,85.0,83.01295682838213,30.36205122559092,0,161,84.0,69.0,101.0,31.299886015530383,17.099067205434825,0,108,31.0,20.0,42.0,IMG20200713143508.jpg,unripe
76.52366068248202,19.06721423454629,43,140,73.0,62.0,88.0,90.54937842843913,21.273677913954206,42,161,87.0,74.0,104.0,36.74401581534516,16.106187346587568,0,115,34.0,26.0,46.0,IMG20200713143508.jpg,unripe
70.3301898553822,26.48103386734786,0,138,71.0,58.0,86.0,83.82418786065399,30.594227388378602,0,160,85.0,70.0,102.0,32.29402650138918,17.664818312719273,0,112,32.0,21.0,43.0,IMG20200713143508.jpg,unripe
52.46816449383771,21.280116171424,15,123,49.0,36.0,65.0,68.11758210443827,23.750203773716468,14,147,64.0,50.0,83.0,14.576912801880743,13.252638721058657,1,95,11.0,5.0,21.0,IMG20200713143508.jpg,unripe
81.17422697702337,29.692464471307463,0,173,81.0,65.0,100.0,95.89723627183575,34.08328903378937,0,192,97.0,79.0,118.0,25.36292137806848,18.734155916411616,0,134,23.0,11.0,36.0,IMG20200713143524.jpg,unripe
79.80939014379155,31.075246539569644,0,173,80.0,64.0,100.0,94.3664521709963,35.808169670086315,0,192,96.0,77.0,117.0,24.736055574680684,18.80851924731787,0,134,22.0,11.0,35.0,IMG20200713143524.jpg,unripe
77.77717165832517,19.157866064829786,42,150,75.0,63.0,90.0,90.28625020964083,21.364065822274316,42,166,88.0,74.0,104.0,29.587859368517684,17.221981044862403,5,122,26.0,17.0,38.0,IMG20200713143524.jpg,unripe
103.7698276090353,24.248665080057716,58,195,100.0,85.0,119.0,119.60558394901535,27.02915944259984,59,215,116.0,99.0,137.0,42.79281307099542,21.80348041760251,11,160,39.0,27.0,54.0,IMG20200713143524.jpg,unripe
71.84226182594956,39.13945218588892,0,173,77.0,54.0,98.0,84.3144524181518,45.522917581099776,0,192,92.0,62.0,116.0,23.102772555146572,19.712761477379154,0,126,21.0,6.0,35.0,IMG20200713143524.jpg,unripe
77.36618807511819,28.275355274099407,0,148,81.0,67.0,95.0,89.32474897975234,32.78863326956068,0,168,94.0,78.0,110.0,27.69149633409943,18.370216078506196,0,125,27.0,15.0,37.0,IMG20200713143542.jpg,unripe
112.39923798205064,18.388799117124673,71,179,111.0,99.0,124.0,125.47069464227977,20.89255302695988,73,199,124.0,111.0,140.0,58.629503727071736,18.324346188603034,26,157,57.0,47.0,67.0,IMG20200713143542.jpg,unripe
64.56374472398696,36.37812612646555,0,149,74.0,42.0,91.0,74.55991715676421,41.953917765694406,0,169,86.0,49.0,105.0,22.85702550837608,20.06136709881017,0,128,22.0,4.0,34.0,IMG20200713143542.jpg,unripe
63.49566995534505,17.645539427594617,24,127,62.0,50.0,75.0,76.03637936609195,20.058277530796598,26,146,75.0,62.0,90.0,15.329537808149746,14.678590599539527,0,106,11.0,6.0,20.0,IMG20200713143542.jpg,unripe
84.40040897293613,17.963774798453958,44,149,83.0,71.0,96.0,97.16932178654758,20.419258956952532,46,169,96.0,83.0,111.0,31.864645687869757,17.8579947556915,0,128,30.0,21.0,40.0,IMG20200713143542.jpg,unripe
61.26120200392376,19.748385099193264,21,138,60.0,45.0,74.0,75.02650294282512,23.21286705638555,23,156,74.0,57.0,91.0,17.047339195627803,14.455399774522059,0,96,13.0,6.0,25.0,IMG20200713143556.jpg,unripe
73.59297926008969,17.10007600134608,39,140,72.0,60.0,85.0,85.50992327634529,20.09397344183208,41,156,85.0,70.0,99.0,32.85352438340807,14.896050722412491,3,103,31.0,21.0,42.0,IMG20200713143556.jpg,unripe
74.18966332679372,30.671431958332164,0,163,77.0,59.0,94.0,87.06080962724215,36.60870547305503,0,183,91.0,69.0,111.0,29.03130255044843,18.159076740747157,0,100,28.0,16.0,42.0,IMG20200713143556.jpg,unripe
50.12246882006726,40.682167705952736,0,164,59.0,0.0,82.0,58.05194611827354,47.539026821650054,0,183,68.0,0.0,96.0,20.099118904147982,20.611983185060183,0,118,18.0,0.0,34.0,IMG20200713143556.jpg,unripe
84.4113999439462,20.515976314541106,43,164,83.0,68.0,98.0,98.70660208800449,24.098010905855116,45,183,98.0,80.0,115.0,35.68034438060538,17.809809835617042,0,120,33.0,22.0,47.0,IMG20200713143556.jpg,unripe
82.94148417867584,24.51227854042626,0,195,83.0,68.0,98.0,95.44960425320957,28.944679940688115,0,203,96.0,79.0,114.0,30.683966699146964,18.081733399441188,0,149,29.0,18.0,42.0,IMG20200713143602.jpg,unripe
101.1993435560798,23.884198123285422,53,232,99.0,83.0,116.0,116.26255192573979,27.826669574431108,50,240,114.0,96.0,134.0,38.73549925637212,21.935707742286002,0,176,36.0,23.0,51.0,IMG20200713143602.jpg,unripe
33.96445971588287,18.840664796597945,0,137,32.0,20.0,46.0,45.85535155649008,21.963310789243916,0,143,44.0,30.0,60.0,19.678333931654613,12.227652853516814,0,93,18.0,10.0,29.0,IMG20200713143602.jpg,unripe
79.40028548472571,28.608472521065984,0,195,81.0,65.0,97.0,91.3474024308939,33.90216193533624,0,202,95.0,74.0,113.0,28.550541053387352,18.078811016989405,0,149,27.0,16.0,40.0,IMG20200713143602.jpg,unripe
86.27317640220866,20.26605590348178,45,197,84.0,71.0,99.0,99.05790895259587,23.608469222370015,43,204,97.0,82.0,114.0,33.26643246662222,18.624750401940943,0,150,31.0,20.0,44.0,IMG20200713143602.jpg,unripe
91.18050672078118,34.9785358075832,0,176,95.0,71.0,114.0,99.84323200257178,36.925131789774724,0,181,107.0,79.0,125.0,29.310924032066865,18.7453296377326,0,126,29.0,16.0,41.0,IMG20200713143616.jpg,unripe
92.37301842438367,33.64744588141173,0,176,96.0,72.0,114.0,101.08366317735228,35.48802140141193,0,182,108.0,80.0,125.0,29.934349319885072,18.624556454325177,0,130,30.0,17.0,41.0,IMG20200713143616.jpg,unripe
85.31360631693154,39.304749657504125,0,178,90.0,62.0,112.0,92.50881035140945,42.28032597617148,0,182,101.0,66.0,124.0,27.257117598601596,20.083360195337416,0,143,27.0,12.0,39.0,IMG20200713143616.jpg,unripe
96.84343292278636,24.134229645607174,50,170,97.0,77.0,113.0,105.12284261919592,24.70094827242826,47,174,108.0,85.0,122.0,37.82954933595869,18.541086941184204,6,138,37.0,26.0,47.0,IMG20200713143616.jpg,unripe
144.67195756565067,27.526863538258958,92,228,145.0,122.0,163.0,154.11662413855458,28.180540545337536,88,232,158.0,132.0,174.0,77.37455546402524,21.146982366624187,41,191,76.0,63.0,88.0,IMG20200713143616.jpg,unripe
90.04905702950191,22.483041349889113,20,163,89.0,73.0,106.0,104.44614820525356,25.635003136871724,22,184,105.0,85.0,123.0,34.77119568283098,18.1208705515292,0,117,33.0,23.0,45.0,IMG20200713143625.jpg,unripe
69.38193595697874,39.17990449155047,0,164,76.0,51.0,97.0,80.96900325291917,45.945711783589225,0,185,90.0,58.0,114.0,27.049141643006223,19.859426472503774,0,118,27.0,12.0,41.0,IMG20200713143625.jpg,unripe
79.05494236880206,24.843800797023807,28,161,78.0,60.0,97.0,95.00942030348044,28.301179784130596,36,184,95.0,73.0,115.0,20.847197412707068,17.18005070705173,0,112,17.0,8.0,29.0,IMG20200713143625.jpg,unripe
90.1947332794314,22.411085011136993,44,164,89.0,73.0,106.0,104.58794163548502,25.522977495091244,51,185,105.0,85.0,123.0,34.9278528853205,18.317681845815528,0,120,33.0,23.0,45.0,IMG20200713143625.jpg,unripe
87.56643100238799,25.471317513893652,0,164,88.0,71.0,105.0,101.81261869394355,29.428935114621535,0,185,104.0,83.0,122.0,32.70426640091759,17.5428034273055,0,118,32.0,21.0,44.0,IMG20200713143625.jpg,unripe
102.35392256304432,25.00003870043608,46,178,104.0,84.0,121.0,112.49134342975061,27.652029427718364,44,186,115.0,92.0,134.0,37.737341587679104,19.358493149595663,0,141,36.0,26.0,48.0,IMG20200713143701.jpg,unripe
94.79882946848076,33.96264663802605,0,178,100.0,75.0,119.0,104.21609364252154,37.674355870765446,0,185,112.0,83.0,132.0,32.190945868746574,18.206448339947073,0,137,33.0,20.0,44.0,IMG20200713143701.jpg,unripe
85.94340876499598,26.8413719964473,25,167,88.0,66.0,106.0,96.829013792219,29.693629191583323,23,176,100.0,75.0,120.0,20.458699124433096,17.001504568996268,0,127,17.0,8.0,28.0,IMG20200713143701.jpg,unripe
70.26945542303523,51.44300880500625,0,178,83.0,0.0,114.0,77.05163629580404,57.095627661305016,0,186,90.0,0.0,127.0,25.537640049899153,23.689522915445558,0,139,27.0,0.0,43.0,IMG20200713143701.jpg,unripe
105.34581978011728,24.97961074836951,49,180,107.0,87.0,124.0,115.46419036293473,27.59869022192268,47,188,118.0,95.0,137.0,40.737341587679104,19.358493149595663,3,144,39.0,29.0,51.0,IMG20200713143701.jpg,unripe
110.30538263435267,29.13886168506254,55,198,106.0,87.0,130.0,122.82301775450685,30.121051931070607,57,208,119.0,100.0,143.0,46.288796411577096,24.202858941705024,10,171,43.0,29.0,60.0,IMG20200713143721.jpg,unripe
85.77826479968618,40.19264306594111,0,182,88.0,64.0,113.0,96.56078488223355,43.42653148404717,0,192,100.0,75.0,126.0,28.5428086572408,22.856918177691664,0,137,26.0,8.0,44.0,IMG20200713143721.jpg,unripe
88.52418433305476,38.5037408316703,0,180,90.0,70.0,113.0,99.46107993791892,41.76456955291709,0,191,102.0,82.0,126.0,30.183386488837343,22.732762267771275,0,133,29.0,12.0,45.0,IMG20200713143721.jpg,unripe
111.9331349240189,31.436320421826288,53,207,107.0,87.0,133.0,125.42403595244998,32.48516292314542,55,218,122.0,101.0,147.0,42.83568127163884,26.147398776235622,3,178,39.0,25.0,58.0,IMG20200713143721.jpg,unripe
97.14890931727867,28.161761851899243,44,182,93.0,75.0,116.0,109.23373356301059,29.101354297814186,46,192,106.0,87.0,129.0,35.26260808759572,23.403585157020007,0,156,32.0,19.0,49.0,IMG20200713143721.jpg,unripe
65.55393763420295,40.20116513019903,0,158,73.0,47.0,95.0,75.83669619493875,45.99351332683011,0,173,84.0,55.0,111.0,22.306213107770947,18.555259121506513,0,111,22.0,3.0,34.0,IMG20200713143750.jpg,unripe
83.69576027331763,33.58593689295501,0,168,86.0,67.0,106.0,95.39845780702593,36.345926853673895,0,173,100.0,78.0,121.0,26.67931253314324,17.18282115582584,0,107,26.0,15.0,37.0,IMG20200713143750.jpg,unripe
153.3967191452739,29.80006176936701,99,250,150.0,129.0,174.0,167.60170736584053,29.96742265768965,97,251,166.0,142.0,192.0,80.53623805756709,19.59459958727193,44,183,79.0,67.0,92.0,IMG20200713143750.jpg,unripe
91.10303309542645,24.900171167126764,46,172,88.0,71.0,108.0,102.96934739331137,25.027330544897357,44,173,102.0,82.0,123.0,30.273813146021507,16.34741312654588,0,116,29.0,19.0,40.0,IMG20200713143750.jpg,unripe
90.50423798802062,25.767853622090733,0,171,88.0,71.0,108.0,102.35413062565743,26.138434533523277,0,172,102.0,82.0,123.0,29.74438194921369,16.031371596559314,0,114,29.0,19.0,39.0,IMG20200713143750.jpg,unripe
85.3970148967947,35.822114996846395,0,177,89.0,66.0,110.0,102.85563703902271,41.1104817415631,0,196,109.0,82.0,131.0,30.63248190556428,18.907806028698595,0,111,30.0,17.0,42.0,IMG20200713143812.jpg,unripe
120.0258491938881,30.180047323594682,65,216,119.0,96.0,142.0,140.78321142725846,33.29669627399962,65,238,142.0,115.0,165.0,54.87906406770574,19.786864159652463,16,176,52.0,41.0,66.0,IMG20200713143812.jpg,unripe
91.86919350515069,26.689124111370926,43,177,91.0,71.0,111.0,110.22484011794892,29.439945965780915,43,196,111.0,87.0,132.0,34.241862290813,17.49618042165049,0,141,32.0,22.0,44.0,IMG20200713143812.jpg,unripe
53.73397349978938,47.28696449427657,0,177,54.0,0.0,96.0,64.62061999770229,56.03446364688032,0,196,68.0,0.0,116.0,20.63462643127944,21.280895571485427,0,112,18.0,0.0,35.0,IMG20200713143812.jpg,unripe
105.3768620993375,21.64760988010572,66,174,105.0,88.0,121.0,120.26358518745452,23.872378327779835,66,190,121.0,101.0,138.0,58.65720139394171,14.18663845634846,31,145,57.0,49.0,67.0,IMG20200713143812.jpg,unripe
107.4958548102224,21.115348824962044,68,174,105.0,92.0,121.0,123.94461666005839,23.666594587425124,71,196,121.0,107.0,140.0,62.876058825649714,17.942951111369954,31,138,60.0,51.0,73.0,IMG20200713143821.jpg,unripe
81.62205781638612,32.04928104301158,0,164,82.0,66.0,102.0,99.45298814115273,37.58718082601535,0,190,101.0,82.0,123.0,32.6062249936921,20.88254132533416,0,121,31.0,19.0,45.0,IMG20200713143821.jpg,unripe
82.47329055978085,31.63702573011687,0,165,83.0,65.0,103.0,100.6283386800274,36.71345529652628,0,190,103.0,82.0,124.0,32.749459323072486,21.261291734060702,0,123,31.0,18.0,45.0,IMG20200713143821.jpg,unripe
71.8337508560718,26.45009321968295,23,156,68.0,52.0,89.0,92.44103918105468,29.653232814874567,26,183,89.0,71.0,112.0,20.563962080524817,18.340175742240987,0,110,16.0,7.0,28.0,IMG20200713143821.jpg,unripe
84.71557690228165,28.021186802042553,0,164,83.0,67.0,103.0,103.46703672998595,32.045597045246126,0,190,103.0,84.0,124.0,34.07806473705079,20.015385965606242,0,118,32.0,21.0,46.0,IMG20200713143821.jpg,unripe
49.73249165855693,39.81999798916691,0,143,59.0,0.0,82.0,59.943981996385375,47.74630014751303,0,163,71.0,0.0,99.0,22.470718059224247,21.796006319748304,0,128,22.0,0.0,38.0,IMG20200713143830.jpg,unripe
69.92890657583762,31.995754911408593,0,142,76.0,58.0,92.0,85.55796434033088,38.391843467878275,0,161,93.0,72.0,111.0,32.139276032253576,20.020798597490877,0,125,33.0,19.0,46.0,IMG20200713143830.jpg,unripe
92.65634123453357,19.838090407539664,52,157,91.0,77.0,107.0,111.05918080077853,22.520783363361044,61,178,109.0,94.0,128.0,48.41360524120673,17.845826039403455,8,142,47.0,36.0,59.0,IMG20200713143830.jpg,unripe
88.69857847907689,18.06061661296646,52,148,87.0,74.0,102.0,105.46128180175171,20.527199616370865,60,167,104.0,90.0,121.0,48.37669435562352,16.276306965695444,12,133,47.0,37.0,58.0,IMG20200713143830.jpg,unripe
81.00936674544697,18.98999081085034,42,143,79.0,66.0,95.0,98.64138746003059,21.57512427821323,51,163,97.0,82.0,115.0,38.65495968302516,17.095666730075884,0,128,37.0,27.0,49.0,IMG20200713143830.jpg,unripe
94.16610346629507,27.727962225372192,45,191,90.0,72.0,113.0,106.09925971085177,29.151821018134733,42,203,102.0,83.0,126.0,30.89703884340707,17.58037872226233,0,133,29.0,19.0,41.0,IMG20200713143842.jpg,unripe
93.56234976484933,28.568935359353475,0,190,89.0,72.0,113.0,105.4759797944609,30.171145500875276,0,202,102.0,83.0,126.0,30.296202752133773,17.250965288431985,0,133,28.0,18.0,40.0,IMG20200713143842.jpg,unripe
85.76287232189514,36.8641312974674,0,191,85.0,63.0,111.0,96.71567671137433,40.05898216068233,0,203,97.0,73.0,124.0,27.541351680891832,18.351702197428533,0,133,27.0,14.0,39.0,IMG20200713143842.jpg,unripe
101.24127329733496,29.498321865985588,49,204,97.0,78.0,121.0,113.9317540498171,31.017960255765907,46,217,110.0,89.0,135.0,33.91626894269291,18.726508481921808,1,143,32.0,21.0,45.0,IMG20200713143842.jpg,unripe
66.03993206758405,26.72158835793504,19,159,62.0,45.0,84.0,77.53577773906984,28.06141987427063,16,171,74.0,55.0,97.0,13.202743424490507,11.783613890172848,0,103,10.0,4.0,19.0,IMG20200713143842.jpg,unripe
97.05013980263158,26.425328836029596,47,185,96.0,76.0,115.0,107.50823190789474,28.984216122044366,45,198,107.0,85.0,128.0,30.552047697368423,16.19147014668164,0,137,29.0,20.0,39.0,IMG20200713143852.jpg,unripe
93.05427631578948,32.26715600596252,0,181,94.0,74.0,114.0,102.99761513157895,35.803355623707475,0,198,106.0,82.0,127.0,28.24167763157895,16.236502384613267,0,132,27.0,18.0,37.0,IMG20200713143852.jpg,unripe
43.97365953947369,21.806413272213298,3,117,43.0,27.0,59.0,52.60582236842105,23.91591978974465,1,127,52.0,34.0,70.0,14.65890625,9.06890175637981,0,77,14.0,8.0,20.0,IMG20200713143852.jpg,unripe
96.49063322368421,27.145384853459877,0,181,96.0,76.0,115.0,106.94170230263158,29.82840890867661,0,198,107.0,84.0,128.0,30.0759375,15.803998076645671,0,119,28.0,20.0,38.0,IMG20200713143852.jpg,unripe
71.24772203947369,46.24273688249068,0,182,79.0,44.0,107.0,78.43976973684211,51.28863794432272,0,198,87.0,46.0,119.0,22.212565789473683,18.543961281119838,0,108,23.0,2.0,34.0,IMG20200713143852.jpg,unripe
81.41933231594801,41.44343246159711,0,168,88.0,54.0,114.0,91.85809469662966,47.37184844007243,0,188,100.0,61.0,129.0,28.428728168606682,22.629355366863326,0,151,27.0,9.0,43.0,IMG20200713143859.jpg,unripe
89.8818935336186,24.807189997199078,40,157,91.0,71.0,109.0,102.45634718772754,28.27191976705988,37,177,105.0,81.0,124.0,30.350708678695753,20.24972408244534,0,141,29.0,16.0,41.0,IMG20200713143859.jpg,unripe
90.47505909811784,34.65915561850153,0,167,96.0,70.0,116.0,102.87170970605544,39.711344886025515,0,188,111.0,78.0,132.0,30.93128659345482,20.61140323653242,0,130,31.0,15.0,44.0,IMG20200713143859.jpg,unripe
95.97141346738881,29.475510343931028,0,168,99.0,77.0,117.0,108.63248451479697,33.932917014332425,0,188,114.0,87.0,133.0,34.900286264300746,20.981866649244044,0,147,34.0,20.0,47.0,IMG20200713143859.jpg,unripe
137.78766569915317,26.84507194073342,84,211,139.0,117.0,158.0,151.424389319449,30.582124131577505,80,232,154.0,128.0,175.0,72.8974635187568,22.56602600456175,34,193,72.0,57.0,85.0,IMG20200713143859.jpg,unripe
63.58646790167804,18.698481061453236,22,133,63.0,50.0,77.0,76.18195891277946,20.544879164163746,27,142,76.0,62.0,91.0,18.204298592223875,14.1255973187362,0,81,15.0,7.0,26.0,IMG20200713143908.jpg,unripe
93.14253947075828,21.900884937149513,45,175,92.0,77.0,109.0,107.89999315783172,24.065500218101846,50,185,108.0,91.0,125.0,38.15163955457484,18.666965878709192,0,113,36.0,25.0,49.0,IMG20200713143908.jpg,unripe
89.18529446981748,28.52399931819381,0,175,91.0,75.0,108.0,103.4230256068148,32.15719328637552,0,185,106.0,89.0,125.0,35.663177160842274,19.302958980587384,0,112,35.0,23.0,47.0,IMG20200713143908.jpg,unripe
47.78752501667778,21.500742279700628,1,128,47.0,32.0,63.0,62.290304647542804,23.62711718208743,5,138,62.0,46.0,79.0,15.627016301465934,11.34345277736419,0,67,14.0,6.0,23.0,IMG20200713143908.jpg,unripe
89.72029216058569,26.902112979332564,0,174,91.0,74.0,108.0,104.27701373565283,30.185515247406435,0,185,107.0,88.0,125.0,35.524546278715725,19.01404602270847,0,113,34.0,23.0,47.0,IMG20200713143908.jpg,unripe
78.53885636032305,18.29141965710825,44,135,77.0,64.0,91.0,93.24069700988797,20.7073740814423,43,151,92.0,77.0,108.0,37.879964200606004,16.762960943389842,9,115,35.0,26.0,48.0,IMG20200713143919.jpg,unripe
79.60110633066995,29.194983607845938,0,153,81.0,64.0,99.0,97.19165615329042,34.092195051633006,0,174,100.0,81.0,120.0,31.4619523609269,20.818000136811985,0,123,29.0,17.0,44.0,IMG20200713143919.jpg,unripe
84.26875424578657,23.009432342913122,0,152,83.0,67.0,100.0,102.26274814263687,26.221084829596776,0,174,101.0,83.0,121.0,34.56307486602184,20.290572897557706,0,123,31.0,21.0,46.0,IMG20200713143919.jpg,unripe
112.22635568638869,26.217647059224607,63,193,110.0,91.0,130.0,133.3060848186847,29.703718063600228,61,217,131.0,110.0,155.0,53.92172656595391,24.0388018136674,13,164,50.0,38.0,68.0,IMG20200713143919.jpg,unripe
75.85287743020736,30.696655443665883,0,154,77.0,53.0,99.0,92.8461380864577,35.58973662092034,0,174,95.0,68.0,120.0,29.840487820657977,21.680482437823844,0,129,27.0,13.0,44.0,IMG20200713143919.jpg,unripe
88.97932444171904,28.386915065572257,0,164,88.0,70.0,110.0,102.1047064234248,30.5577207751121,0,173,102.0,83.0,125.0,32.34880678624355,23.226177646169663,0,140,30.0,15.0,46.0,IMG20200713143938.jpg,unripe
57.31612243855077,20.447736278651618,19,119,55.0,40.0,74.0,68.25637487863457,21.10025027010777,17,123,66.0,51.0,85.0,16.680596862384384,15.21892835237181,0,105,13.0,6.0,22.0,IMG20200713143938.jpg,unripe
87.97455158669324,21.047985112116795,49,152,86.0,71.0,105.0,99.23594460626501,21.695952718896667,46,156,97.0,82.0,117.0,40.07190965302264,20.430397325891,11,137,38.0,26.0,51.0,IMG20200713143938.jpg,unripe
91.7317491951556,25.18572764708295,45,168,89.0,71.0,112.0,105.21221319433798,25.991905799756317,42,173,103.0,84.0,126.0,34.39438908477695,24.44940983261439,0,150,32.0,17.0,48.0,IMG20200713143938.jpg,unripe
85.79171138024427,32.05385260446219,0,163,86.0,68.0,109.0,98.40905513822884,35.214197352816406,0,173,101.0,81.0,123.0,30.48759773110532,23.114382565455962,0,140,29.0,12.0,45.0,IMG20200713143938.jpg,unripe
42.487677634428096,37.51112885374072,0,168,50.0,0.0,67.0,51.53220332154979,44.68345725530316,0,192,62.0,0.0,82.0,16.96789235680978,20.87590434902106,0,142,12.0,0.0,25.0,IMG20200713143943.jpg,unripe
71.04180640742867,27.79234160088529,0,168,68.0,56.0,87.0,87.41125580364786,32.130102131140305,0,192,84.0,71.0,106.0,29.669929802298295,21.040227578040728,0,139,26.0,15.0,40.0,IMG20200713143943.jpg,unripe
119.70642857862244,25.985068278146393,80,224,112.0,101.0,135.0,139.04429404477747,28.419447864408948,81,251,131.0,118.0,156.0,71.30718796265522,24.565393458274748,34,197,65.0,54.0,82.0,IMG20200713143943.jpg,unripe
75.90915591544048,22.91096449362691,41,168,69.0,59.0,89.0,92.96089272945181,25.05021719144115,42,192,86.0,74.0,108.0,33.24756523753412,21.655119728161015,0,144,28.0,18.0,43.0,IMG20200713143943.jpg,unripe
26.23327391203634,22.539121414440952,0,118,19.0,9.0,39.0,42.968849140405474,25.03656703701438,0,142,36.0,24.0,58.0,23.933226576426865,13.296200455509027,0,94,24.0,14.0,33.0,IMG20200713143943.jpg,unripe
77.5671394085697,21.467341231129993,43,155,73.0,60.0,92.0,95.19241601287467,24.737051903788032,47,171,91.0,74.0,113.0,38.06557030778515,19.363107422626786,0,127,35.0,25.0,49.0,IMG20200713143947.jpg,unripe
68.2435324884329,31.18875661905534,0,154,70.0,54.0,89.0,84.49941661637497,37.4781232997713,0,170,87.0,68.0,110.0,32.10969623818145,20.69377306198173,0,126,31.0,18.0,45.0,IMG20200713143947.jpg,unripe
109.71326694830015,18.1640120220957,80,175,106.0,95.0,122.0,124.62443170388252,20.929510124208374,84,189,121.0,107.0,140.0,76.28657211828606,16.385291386666573,44,152,74.0,65.0,86.0,IMG20200713143947.jpg,unripe
54.5329410581372,35.937846041371024,0,138,60.0,34.0,78.0,67.27773083886542,43.86882057668924,0,162,74.0,42.0,97.0,26.7007242003621,21.620627008706837,0,126,26.0,4.0,41.0,IMG20200713143947.jpg,unripe
20.74256688795011,16.584657596748567,0,82,17.0,6.0,32.0,34.354757594045466,19.792759949176705,0,95,31.0,17.0,49.0,16.577318446992557,9.939405356876227,0,60,16.0,8.0,24.0,IMG20200713143947.jpg,unripe
93.79992930661572,27.460670481254763,0,168,96.0,77.0,112.0,106.58298477567475,30.737763551247962,0,184,111.0,89.0,127.0,29.651060821558115,16.77287465381507,0,127,30.0,18.0,40.0,IMG20200713143957.jpg,unripe
128.91330802959024,20.845912422300398,85,194,129.0,113.0,144.0,140.5818822955152,23.090818682113248,83,208,143.0,124.0,156.0,70.71614923036786,16.213259495545074,42,161,70.0,59.0,80.0,IMG20200713143957.jpg,unripe
96.73267801688225,23.17716926700636,48,169,97.0,79.0,113.0,109.70576403558233,25.669573100821957,46,185,112.0,91.0,127.0,31.965048854178065,18.033237247928657,0,132,31.0,19.0,42.0,IMG20200713143957.jpg,unripe
86.41896770827196,34.94350002201991,0,169,91.0,68.0,110.0,98.13332435639565,39.520137168406094,0,185,105.0,77.0,126.0,27.323270747245903,19.02617429621288,0,131,27.0,13.0,39.0,IMG20200713143957.jpg,unripe
78.61745621638909,18.872967174375102,39,137,79.0,64.0,92.0,89.17972951364635,20.900369060522976,37,150,91.0,74.0,103.0,25.904782744081533,14.676795836589754,0,107,25.0,15.0,34.0,IMG20200713143957.jpg,unripe
74.64906142992697,42.278127228178015,0,167,85.0,50.0,107.0,84.51526878171542,47.15343116192258,0,178,98.0,59.0,121.0,24.624935022071867,20.53673594762992,0,132,24.0,5.0,38.0,IMG20200713144008.jpg,unripe
111.09236354635092,20.500133493855877,66,179,113.0,97.0,126.0,122.62568587813028,21.94605078586125,70,189,125.0,107.0,139.0,50.82266595156566,17.66877400358172,21,146,50.0,39.0,60.0,IMG20200713144008.jpg,unripe
90.81769874994843,27.414240707291825,0,166,95.0,76.0,110.0,102.76161557820042,30.1164240947205,0,176,108.0,87.0,123.0,28.116217665745285,17.12098323553368,0,105,28.0,16.0,39.0,IMG20200713144008.jpg,unripe
95.1037006477165,21.710032379578628,47,167,97.0,80.0,111.0,107.31988118321713,23.271386528718242,52,178,110.0,91.0,125.0,31.223045505177605,18.706848776028668,0,132,30.0,19.0,41.0,IMG20200713144008.jpg,unripe
86.36204463880523,23.88368340475514,33,165,88.0,70.0,104.0,99.80222781467883,25.60049722434125,39,178,103.0,82.0,119.0,19.995173068195882,16.811783093895645,0,127,16.0,8.0,27.0,IMG20200713144008.jpg,unripe
95.8744950245711,24.10615104358556,50,166,96.0,77.0,112.0,105.6094856683164,25.070298607063126,46,180,107.0,86.0,123.0,29.88517164792501,17.937411728830025,0,133,28.0,18.0,40.0,IMG20200713144013.jpg,unripe
90.54976303317535,31.823342256118632,0,165,94.0,72.0,111.0,99.90492471275424,34.167242478723686,0,180,106.0,81.0,122.0,26.395594690544062,16.96288729797154,0,132,25.0,15.0,37.0,IMG20200713144013.jpg,unripe
84.74976827967332,35.94692778681462,0,166,91.0,67.0,109.0,94.08146936919606,38.896280285493,0,180,102.0,75.0,120.0,25.523617984995017,18.23557555355523,0,117,24.0,12.0,37.0,IMG20200713144013.jpg,unripe
122.27294031234152,22.393754727426547,80,187,122.0,105.0,137.0,131.31611899057378,23.27507058060043,76,200,133.0,113.0,147.0,60.99957153599972,16.663711775595722,33,157,59.0,50.0,70.0,IMG20200713144013.jpg,unripe
89.20434235148039,32.97701123508122,0,165,94.0,72.0,111.0,98.64283590703205,35.442825603228414,0,180,105.0,81.0,122.0,26.343147199244505,17.392072603777393,0,116,25.0,14.0,37.0,IMG20200713144013.jpg,unripe
82.58588829619289,32.65700368880144,0,159,82.0,62.0,107.0,95.9811306645396,35.25269396171112,0,176,96.0,75.0,123.0,33.406982734267245,19.9405461699355,0,124,33.0,20.0,46.0,IMG20200713144109.jpg,unripe
88.69126908951925,25.85219535164702,44,161,86.0,67.0,109.0,102.35479502135367,27.100605181767005,49,178,99.0,80.0,124.0,37.83349120095718,19.282748621511715,0,139,36.0,25.0,49.0,IMG20200713144109.jpg,unripe
83.52166109975572,27.50902787086682,36,160,81.0,60.0,105.0,98.05418183026738,28.836107748117236,41,179,94.0,74.0,121.0,30.064193961147947,19.559912898000462,0,137,27.0,16.0,41.0,IMG20200713144109.jpg,unripe
74.20776210179969,36.84601170094468,0,161,75.0,50.0,102.0,86.36993369559798,40.59649714840922,0,178,88.0,62.0,117.0,29.0119231600113,20.74350664349366,0,139,29.0,12.0,43.0,IMG20200713144109.jpg,unripe
53.32911245160111,29.90375378418176,2,137,50.0,28.0,77.0,69.12726623128438,31.354134326989694,7,157,65.0,43.0,94.0,18.270377386709207,13.900029382552642,0,112,16.0,8.0,26.0,IMG20200713144109.jpg,unripe
94.7486228913023,19.41610601196203,54,155,94.0,80.0,109.0,106.54301899784045,21.525007325394387,60,170,106.0,91.0,123.0,47.34852586773497,14.568657170321952,17,113,47.0,37.0,57.0,IMG20200713144113.jpg,unripe
84.2913132609308,36.51325999234891,0,166,89.0,69.0,109.0,97.42583956683671,41.52659538436642,0,184,104.0,81.0,126.0,31.435033332290068,19.742208019507572,0,116,32.0,17.0,45.0,IMG20200713144113.jpg,unripe
115.14404869957121,22.73865809164459,68,186,114.0,98.0,132.0,128.95272448436668,25.245119315887102,75,203,128.0,110.0,148.0,59.61144408625708,17.057094110649146,25,136,59.0,48.0,71.0,IMG20200713144113.jpg,unripe
74.58251697912428,42.37251643580814,0,167,83.0,52.0,105.0,85.95619072955463,48.41488697663817,0,185,96.0,61.0,122.0,28.353666551907608,21.226068377795798,0,116,29.0,9.0,44.0,IMG20200713144113.jpg,unripe
86.03606303402084,34.654579084649036,0,165,90.0,71.0,109.0,99.41917310882289,39.32364433285127,0,183,105.0,83.0,126.0,32.13621639385309,19.420791929172285,0,116,33.0,18.0,45.0,IMG20200713144113.jpg,unripe
112.92490194202621,26.276773526100527,62,204,110.0,95.0,126.0,127.16650722280686,27.766077938876922,62,219,126.0,109.0,141.0,46.33495647182627,20.59936942139706,12,153,43.0,32.0,56.0,IMG20200713144123.jpg,unripe
84.04709652731273,31.93983317293403,0,173,87.0,71.0,100.0,96.56581842533244,35.67016268228225,0,187,101.0,83.0,116.0,26.68783124461877,17.699647307031157,0,120,25.0,14.0,36.0,IMG20200713144123.jpg,unripe
82.1575719889027,34.76883627349875,0,174,85.0,66.0,101.0,93.91788960107147,38.49157221029281,0,188,100.0,75.0,116.0,26.824012245288433,19.1139069304182,0,128,25.0,13.0,37.0,IMG20200713144123.jpg,unripe
90.51978379412608,24.897703957713844,0,173,88.0,75.0,102.0,103.45870085143021,26.549191037375813,0,187,103.0,87.0,117.0,30.065866258490384,18.117002175459465,0,126,28.0,18.0,39.0,IMG20200713144123.jpg,unripe
127.89925380273606,22.57131814856434,84,206,126.0,112.0,139.0,140.1263082368698,23.84265029606049,84,219,139.0,125.0,152.0,70.6861475174591,17.681287273715448,42,163,68.0,59.0,79.0,IMG20200713144123.jpg,unripe
83.72139961686229,27.372277813325024,0,165,83.0,69.0,100.0,99.20937099795731,31.485439799882787,0,186,100.0,84.0,118.0,33.1120307356879,18.131625737801727,0,141,32.0,21.0,43.0,IMG20200713144137.jpg,unripe
71.151593408338,36.24938226494428,0,166,77.0,56.0,93.0,84.76548162103235,42.80114181379433,0,186,93.0,66.0,111.0,28.11591503233386,19.8982431172328,0,148,28.0,14.0,39.0,IMG20200713144137.jpg,unripe
81.75650646147984,29.758058337243757,0,165,82.0,68.0,99.0,97.16701417186161,34.16751894335086,0,185,99.0,82.0,118.0,31.506895420340168,18.262885809215202,0,127,31.0,20.0,41.0,IMG20200713144137.jpg,unripe
87.56776351301292,22.558197919295026,45,166,84.0,71.0,102.0,103.43786712953653,25.129589093169276,49,186,101.0,86.0,119.0,35.88007366404538,18.88196729459813,0,148,34.0,23.0,45.0,IMG20200713144137.jpg,unripe
43.25128329964121,19.95053736500287,6,113,40.0,29.0,56.0,57.28448503963676,22.21718806118207,9,130,55.0,42.0,71.0,12.816464337499868,10.991171063536916,0,97,10.0,5.0,18.0,IMG20200713144137.jpg,unripe
84.57048279497941,33.561779663120696,0,164,86.0,64.0,109.0,99.47032463450736,36.49340343172323,0,179,103.0,79.0,127.0,31.66774134679725,19.24015118650778,0,129,32.0,18.0,43.0,IMG20200713144142.jpg,unripe
85.60021899142284,31.411579831645184,0,164,86.0,66.0,108.0,100.4368270576069,34.42156327042048,0,179,103.0,81.0,126.0,32.432295151773225,18.272007463255548,0,134,33.0,20.0,44.0,IMG20200713144142.jpg,unripe
107.09679218119513,24.737615509065073,62,178,105.0,86.0,126.0,121.69268203662023,25.47572247552399,69,192,121.0,100.0,143.0,54.6232536447878,18.276585560597486,20,155,54.0,42.0,64.0,IMG20200713144142.jpg,unripe
39.291765516961696,23.528209292671395,0,107,38.0,19.0,58.0,53.17978587505323,24.226623843360347,3,120,52.0,33.0,73.0,16.44593142324148,12.037107865899182,0,85,14.0,7.0,24.0,IMG20200713144142.jpg,unripe
80.82526309386216,34.48039406631389,0,165,83.0,61.0,106.0,95.31745645517773,38.538016546534315,0,180,100.0,75.0,124.0,29.55542713465945,18.74558176137695,0,141,30.0,16.0,42.0,IMG20200713144142.jpg,unripe
92.44423815218076,30.41387215713006,44,176,87.0,67.0,114.0,105.61760756917784,29.830723760858596,51,181,102.0,81.0,128.0,35.19945664715631,20.457711282250173,0,118,33.0,20.0,47.0,IMG20200713144151.jpg,unripe
81.160404472696,40.76064117034642,0,176,82.0,60.0,108.0,93.25755763945706,43.847545344963834,0,181,96.0,73.0,124.0,30.21843203893679,22.022516777468738,0,115,29.0,13.0,44.0,IMG20200713144151.jpg,unripe
89.6294816120167,33.190441075148264,0,175,85.0,65.0,112.0,102.74569408605534,33.383858629385976,0,181,100.0,79.0,127.0,32.84450458388403,19.850122575683436,0,114,31.0,18.0,44.0,IMG20200713144151.jpg,unripe
75.91179432311662,43.80971725608968,0,176,75.0,50.0,106.0,86.76987223865568,47.205183282664095,0,181,89.0,61.0,122.0,26.204963601653134,20.31469202569326,0,116,25.0,9.0,41.0,IMG20200713144151.jpg,unripe
137.87381207124426,34.8189823015057,82,233,132.0,109.0,163.0,152.95333249417837,34.140232455131354,90,239,149.0,125.0,179.0,72.37218620848805,23.39886205867967,32,167,70.0,55.0,86.0,IMG20200713144151.jpg,unripe
81.66000882807327,21.111079950284974,43,175,79.0,66.0,95.0,101.43620613551093,23.63110991120145,45,177,101.0,84.0,117.0,41.757691458839105,18.81881967171121,0,141,39.0,29.0,52.0,IMG20200713144202.jpg,unripe
69.64220922533657,18.528240611925227,36,152,67.0,56.0,81.0,86.99518870006621,20.732344359754325,37,153,87.0,72.0,101.0,34.65124696534981,16.448582301644603,0,122,32.0,23.0,44.0,IMG20200713144202.jpg,unripe
57.98494813506952,37.64783637392442,0,155,66.0,34.0,84.0,72.85686382696976,46.35987903618397,0,173,84.0,45.0,106.0,28.752836018538954,22.997231469817283,0,137,29.0,5.0,44.0,IMG20200713144202.jpg,unripe
81.51998455087177,21.15630233088491,6,173,79.0,66.0,95.0,101.28033546678438,23.789688198823438,6,173,101.0,84.0,117.0,41.63751931141029,18.638936860070203,0,137,39.0,29.0,52.0,IMG20200713144202.jpg,unripe
108.41845067314058,18.9277011781099,74,192,106.0,94.0,120.0,126.14629220922534,21.188406028654374,76,194,126.0,111.0,140.0,72.64564113882145,16.876609866481175,35,162,70.0,61.0,82.0,IMG20200713144202.jpg,unripe
67.61688049070932,41.56631021042844,0,168,71.0,44.0,98.0,80.59542319185746,47.88612895691378,0,187,88.0,55.0,116.0,30.405812568809402,22.656171023172597,0,143,30.0,13.0,45.0,IMG20200713144211.jpg,unripe
87.8469341901274,25.65165333521559,0,166,85.0,68.0,105.0,103.86145999505696,27.39909036104323,1,186,103.0,82.0,123.0,38.77721482014065,19.400707598216716,0,143,36.0,26.0,49.0,IMG20200713144211.jpg,unripe
126.89756667490506,27.367908702163792,79,213,124.0,105.0,145.0,144.0827397937403,29.144977327721193,80,233,143.0,120.0,164.0,74.23995101894084,21.06252358184698,32,187,72.0,60.0,86.0,IMG20200713144211.jpg,unripe
88.02429954838564,25.428099604368935,32,166,85.0,68.0,105.0,104.0258273979374,27.117959605254686,32,187,103.0,82.0,123.0,38.97265598669872,19.420803480920007,0,143,37.0,26.0,50.0,IMG20200713144211.jpg,unripe
52.360830880535644,28.635042559787415,2,142,49.0,30.0,71.0,70.34111488080526,30.495187131341876,3,164,69.0,46.0,92.0,17.418540903678075,13.833760048167129,1,115,14.0,7.0,24.0,IMG20200713144211.jpg,unripe
95.44626455404831,29.458161939813667,43,183,92.0,74.0,113.0,104.23818356537869,27.066774978196023,43,182,102.0,85.0,121.0,38.339050662614255,20.77233229804306,2,136,37.0,25.0,49.0,IMG20200713144221.jpg,unripe
68.59850939727804,32.99709888929957,10,167,65.0,44.0,88.0,78.45541600554228,30.304896433169496,10,165,76.0,57.0,97.0,17.53706393724719,15.877543657482395,0,114,13.0,6.0,25.0,IMG20200713144221.jpg,unripe
100.39744563881378,31.813299417083826,25,195,97.0,77.0,119.0,109.90450756475295,29.232988048571624,24,194,108.0,89.0,128.0,38.68931995441035,22.195812121089688,0,135,36.0,24.0,50.0,IMG20200713144221.jpg,unripe
100.48093726953762,31.838936720113338,44,195,97.0,77.0,119.0,109.9833508391624,29.253603098046778,44,194,108.0,89.0,128.0,38.786756654077365,22.413269361793866,0,144,37.0,24.0,50.0,IMG20200713144221.jpg,unripe
71.82292667664872,49.78143268162914,0,190,76.0,36.0,108.0,79.49617851476077,52.04407497255089,0,194,89.0,43.0,119.0,25.0702728674548,22.766651828764225,0,144,23.0,2.0,39.0,IMG20200713144221.jpg,unripe
41.41380588876772,20.642313353020388,1,118,40.0,26.0,55.0,53.98199563794984,21.440315899115205,2,124,53.0,39.0,68.0,13.824820065430753,11.661199590717896,0,91,11.0,5.0,20.0,IMG20200713144228.jpg,unripe
89.07176663031625,23.332049254127057,28,176,87.0,72.0,104.0,103.31004362050163,24.271217016490233,28,182,102.0,86.0,119.0,41.603653217011995,20.311080659559472,0,133,40.0,28.0,52.0,IMG20200713144228.jpg,unripe
68.76202835332606,25.19714437930628,19,162,66.0,50.0,85.0,84.11,26.158543422793652,21,170,83.0,65.0,101.0,21.852551799345694,17.892297847896764,0,129,18.0,9.0,30.0,IMG20200713144228.jpg,unripe
89.13534351145039,23.39461375148174,43,176,87.0,72.0,104.0,103.38191930207198,24.29559254342272,45,183,102.0,86.0,119.0,41.64936750272628,20.4958370412888,0,145,40.0,28.0,53.0,IMG20200713144228.jpg,unripe
82.9813413304253,29.154638485186595,0,173,85.0,67.0,102.0,97.03966194111233,31.947476447411432,0,181,100.0,81.0,117.0,37.04925845147219,21.147702644711185,0,143,37.0,23.0,50.0,IMG20200713144228.jpg,unripe
53.67264643255111,17.884370423954763,20,116,51.0,40.0,65.0,69.08138880614305,19.890431394949893,21,131,67.0,55.0,82.0,21.685201734352763,15.433711804611704,0,99,19.0,10.0,29.0,IMG20200713144234.jpg,unripe
106.81740751773519,20.221062863719663,68,178,104.0,92.0,119.0,124.23671929301956,22.463556236855116,70,194,122.0,109.0,139.0,69.3347896600801,19.117212106251188,29,158,67.0,57.0,79.0,IMG20200713144234.jpg,unripe
75.58924966074207,28.830794027227935,0,155,77.0,62.0,93.0,93.50169353148203,33.7539361926564,0,174,96.0,80.0,114.0,37.434934189476934,21.3440281442348,0,133,37.0,24.0,49.0,IMG20200713144234.jpg,unripe
77.05021017442823,27.523300733156756,0,156,78.0,63.0,94.0,95.25280508390428,31.82886829293434,0,174,97.0,81.0,115.0,38.034389170224735,20.71718020678891,0,130,38.0,25.0,50.0,IMG20200713144234.jpg,unripe
75.96134114454043,28.707394973950297,0,157,77.0,60.0,94.0,93.68056796743124,33.111382752536336,0,174,96.0,77.0,116.0,37.403865885545954,22.411319884507428,0,136,37.0,23.0,50.0,IMG20200713144234.jpg,unripe
48.65640228778196,20.85761371734895,2,116,47.0,33.0,62.0,70.51531996848463,23.652998072328618,14,142,71.0,52.0,87.0,15.898983045901543,12.516878277317812,0,95,13.0,6.0,22.0,IMG20200713144248.jpg,unripe
79.15055151886544,26.227199100546937,0,148,81.0,66.0,95.0,99.54574104876127,31.21608518331806,0,173,104.0,84.0,120.0,35.76569202486212,19.916865299605263,0,123,36.0,22.0,49.0,IMG20200713144248.jpg,unripe
79.51822346727363,25.718503369148127,0,146,81.0,66.0,95.0,100.005558959993,30.516741023753667,0,171,104.0,85.0,120.0,35.96311535206747,19.81284472424759,0,127,36.0,23.0,49.0,IMG20200713144248.jpg,unripe
83.40487758615659,20.080503940356827,38,148,82.0,68.0,96.0,104.4624296010972,22.790474812098285,50,173,105.0,87.0,120.0,38.89985117744901,19.33894402183551,0,128,38.0,26.0,51.0,IMG20200713144248.jpg,unripe
148.1536009221162,23.505243583410063,95,224,147.0,130.0,163.0,172.7950480025679,26.672052926172864,109,253,173.0,152.0,191.0,96.08505500598208,22.620954946037834,51,200,95.0,81.0,110.0,IMG20200713144248.jpg,unripe
82.74064485197171,21.652770898757378,42,156,80.0,65.0,99.0,99.97295936713412,24.072085746645268,51,169,97.0,80.0,118.0,38.149690359183346,21.93359831016349,0,134,36.0,22.0,52.0,IMG20200713144253.jpg,unripe
65.74394502377243,21.655387944698038,25,139,63.0,48.0,82.0,82.97630748331935,24.072600970340343,34,152,80.0,63.0,101.0,23.900435494826002,18.90840741785706,0,117,19.0,9.0,35.0,IMG20200713144253.jpg,unripe
77.84971033601023,27.52416426448922,0,154,78.0,62.0,97.0,94.60833433217468,31.798853348072157,0,168,95.0,77.0,117.0,34.31631307683087,22.064071496522686,0,131,33.0,17.0,50.0,IMG20200713144253.jpg,unripe
82.74394502377243,21.655387944698038,42,156,80.0,65.0,99.0,99.97630748331935,24.072600970340343,51,169,97.0,80.0,118.0,38.1522953374086,21.939441421354662,0,134,36.0,22.0,52.0,IMG20200713144253.jpg,unripe
73.93986975108874,34.220766174757316,0,151,78.0,59.0,98.0,89.9697950377562,39.964148884900226,0,169,96.0,74.0,118.0,32.85952295337409,24.55325174370154,0,133,32.0,12.0,50.0,IMG20200713144253.jpg,unripe
81.13411615772262,27.923599728729442,0,160,82.0,63.0,101.0,99.66138652427594,31.529731907410024,0,177,101.0,81.0,122.0,37.54039227779175,21.088093996186476,0,137,36.0,23.0,51.0,IMG20200713144302.jpg,unripe
84.96362057632538,23.40922890474623,39,161,83.0,66.0,102.0,103.78003554358146,25.400288815267828,49,178,103.0,84.0,123.0,40.87899763854288,21.107897283663622,0,138,39.0,26.0,54.0,IMG20200713144302.jpg,unripe
77.96231406568259,31.395721275917275,0,160,80.0,59.0,100.0,95.9466278229962,36.09369549587271,0,177,100.0,77.0,122.0,35.35199506609646,22.052768115766238,0,133,35.0,20.0,50.0,IMG20200713144302.jpg,unripe
78.73575213626663,27.803220689517346,24,169,76.0,56.0,99.0,101.08098742990693,30.165776882764288,36,189,100.0,78.0,124.0,28.951983705134342,22.056296948290175,0,142,24.0,11.0,42.0,IMG20200713144302.jpg,unripe
96.21803309285964,26.186117724852185,45,181,94.0,75.0,115.0,117.26144008309733,28.412328074915127,56,200,116.0,95.0,139.0,46.91951569841515,23.59885182661917,1,156,45.0,30.0,62.0,IMG20200713144302.jpg,unripe
80.64064527325769,27.121073280246023,29,186,79.0,59.0,100.0,93.19089609348528,29.09036260048452,25,195,93.0,70.0,115.0,19.950943365040537,16.8840463567862,0,118,16.0,8.0,28.0,IMG20200713144324.jpg,unripe
95.19397866168607,25.135701375856105,47,193,94.0,75.0,113.0,106.81926067948729,26.96405842398179,44,201,107.0,85.0,127.0,35.55574655173839,18.916490512575475,0,130,34.0,23.0,46.0,IMG20200713144324.jpg,unripe
88.77974926241498,34.151339670441295,0,192,92.0,72.0,111.0,100.13279009611333,37.50345072853721,0,200,105.0,81.0,126.0,31.819599514061636,19.44246800328419,0,128,32.0,19.0,44.0,IMG20200713144324.jpg,unripe
90.89697776088197,31.393334174350475,0,192,93.0,73.0,112.0,102.35106567605762,34.374880295256055,0,200,106.0,83.0,126.0,32.76296455459782,18.889626103827805,0,128,32.0,20.0,44.0,IMG20200713144324.jpg,unripe
84.507053544127,36.59045986675576,0,193,88.0,63.0,110.0,95.29433154549888,40.407191708982445,0,201,101.0,72.0,125.0,30.027313372395724,20.055768945555858,0,130,30.0,15.0,43.0,IMG20200713144324.jpg,unripe
95.32525665967643,28.827043672308136,41,201,91.0,74.0,113.0,108.39035852345941,31.291612332006366,40,216,104.0,86.0,128.0,29.745361597480144,20.445621291609463,0,141,27.0,14.0,41.0,IMG20200713144332.jpg,unripe
88.14799935992993,35.97974602816812,0,191,89.0,73.0,109.0,98.95194421284015,40.10475765285359,0,206,101.0,83.0,122.0,31.37748132427129,20.319365780757163,0,124,31.0,17.0,44.0,IMG20200713144332.jpg,unripe
96.31797165163344,26.232257472550646,47,192,92.0,77.0,112.0,108.20655734943615,28.461756265646848,46,206,104.0,88.0,126.0,35.75924943362221,19.81125043853527,0,138,34.0,22.0,47.0,IMG20200713144332.jpg,unripe
94.62771503406688,28.424783419578027,0,191,92.0,76.0,112.0,106.43605615772674,31.12591250124903,0,205,104.0,87.0,125.0,34.32027085070366,19.520279177679747,0,133,33.0,21.0,46.0,IMG20200713144332.jpg,unripe
140.54958437555268,30.159248471088635,84,251,136.0,118.0,159.0,154.20169787008263,32.68092314528121,83,255,149.0,131.0,175.0,70.945408760538,22.773341065545278,30,188,69.0,55.0,84.0,IMG20200713144332.jpg,unripe
30.584595266117432,21.23006779454467,0,95,27.0,13.0,45.0,44.15142321607602,24.272989541326655,0,118,41.0,26.0,61.0,17.609877511878295,11.48006438888892,0,61,16.0,8.0,26.0,IMG20200713144338.jpg,unripe
78.82517762957151,34.278523807615144,0,165,80.0,61.0,101.0,93.15131859988666,40.010067884606066,0,191,96.0,73.0,119.0,36.13789285558607,22.380749656302697,0,125,36.0,20.0,51.0,IMG20200713144338.jpg,unripe
87.68887145285733,27.766996242506465,0,165,85.0,69.0,106.0,103.46818360141232,31.63155082361086,0,191,102.0,83.0,125.0,40.94553855542478,20.61368167898768,0,125,40.0,26.0,55.0,IMG20200713144338.jpg,unripe
90.8534850268079,22.882416476904396,48,160,88.0,73.0,106.0,105.50677825726865,25.63118166109082,52,184,103.0,86.0,123.0,47.426990976853666,18.970579116824176,8,123,45.0,34.0,60.0,IMG20200713144338.jpg,unripe
83.65696351510397,32.072428250049974,0,165,83.0,65.0,105.0,99.03667669238482,36.94795497751753,0,191,100.0,79.0,124.0,38.48239396713308,21.632736344783748,0,124,38.0,22.0,53.0,IMG20200713144338.jpg,unripe
67.46634412397822,31.93367044970375,0,156,70.0,52.0,89.0,86.29028841961004,39.68812968707184,0,184,91.0,67.0,113.0,31.444402915342927,21.61633301825235,0,137,31.0,16.0,46.0,IMG20200713144423.jpg,unripe
78.37853083881863,20.638044603619413,41,156,75.0,63.0,91.0,99.85093129010154,24.14292803667548,52,184,97.0,81.0,116.0,38.19002332551202,20.16997805742762,0,146,37.0,25.0,49.0,IMG20200713144423.jpg,unripe
102.17839517708701,20.328507052186843,65,179,99.0,87.0,115.0,123.3183482492023,23.74251018622962,76,206,120.0,105.0,139.0,62.272472435058866,19.970705001557874,25,169,61.0,49.0,73.0,IMG20200713144423.jpg,unripe
76.37810170476962,19.10889335946793,42,148,73.0,62.0,88.0,96.24505630654014,22.338744753569596,52,174,94.0,79.0,111.0,39.19337333970113,18.654561000863144,4,139,38.0,27.0,49.0,IMG20200713144423.jpg,unripe
77.87956560559812,21.147156850484272,0,155,75.0,62.0,91.0,99.3423382268458,24.84932980412658,1,183,97.0,81.0,116.0,37.68312603390159,19.94609876272045,0,144,36.0,24.0,49.0,IMG20200713144423.jpg,unripe
126.41693566055649,23.03950384670635,88,226,121.0,109.0,138.0,140.51337909880962,25.58076265516903,90,246,135.0,121.0,155.0,77.41118089534798,23.458266499440267,47,203,73.0,62.0,86.0,IMG20200713144429.jpg,unripe
81.16340465931498,23.598620747743936,42,183,76.0,63.0,93.0,95.61765865770832,26.12754486657481,44,203,90.0,76.0,110.0,31.100189878039874,24.024900738828787,0,159,27.0,15.0,40.0,IMG20200713144429.jpg,unripe
74.86607755787628,27.841382069523753,0,183,73.0,60.0,90.0,89.01312349375593,32.250607478562344,0,203,87.0,72.0,107.0,25.871985686116993,19.67231762156913,0,140,24.0,12.0,36.0,IMG20200713144429.jpg,unripe
59.876995545169066,39.77535024460189,0,183,64.0,39.0,84.0,70.39299642152925,46.1529940352829,0,203,77.0,44.0,99.0,23.972474987219748,24.564032616268182,0,159,20.0,1.0,35.0,IMG20200713144429.jpg,unripe
109.52531950631709,24.88072514186104,68,217,104.0,90.0,122.0,124.75959979551595,27.559019543748786,70,238,119.0,104.0,140.0,56.726626743591616,25.34087247043669,24,192,52.0,40.0,66.0,IMG20200713144429.jpg,unripe
83.86604903309329,20.97240864663963,44,165,82.0,68.0,98.0,99.96002912857027,23.34688660612651,45,171,99.0,82.0,117.0,35.72747795129056,23.336642190301504,0,167,33.0,20.0,47.0,IMG20200713144442.jpg,unripe
96.86604903309329,20.97240864663963,57,178,95.0,81.0,111.0,112.96002912857027,23.34688660612651,58,184,112.0,95.0,130.0,48.72747795129056,23.336642190301504,13,180,46.0,33.0,60.0,IMG20200713144442.jpg,unripe
60.93217897888179,38.71450641441229,0,165,68.0,36.0,90.0,72.74775467270815,46.03467888385332,0,171,82.0,42.0,108.0,24.29102678210211,23.878669215522457,0,167,21.0,1.0,38.0,IMG20200713144442.jpg,unripe
131.832664455053,20.32798909919959,93,211,130.0,116.0,146.0,147.43448499069504,22.657963097561904,94,216,147.0,130.0,164.0,85.10546969819565,22.673205845446933,50,212,82.0,70.0,96.0,IMG20200713144442.jpg,unripe
82.08008738571081,22.41879905653464,0,159,81.0,66.0,97.0,98.09270976616232,25.529025146709632,0,168,99.0,80.0,116.0,33.989109151225826,21.718121769158834,0,153,32.0,19.0,45.0,IMG20200713144442.jpg,unripe
69.05536121422634,31.086801662009826,0,153,70.0,52.0,90.0,83.9718502300544,36.84591395423294,0,175,85.0,65.0,108.0,33.32810943840386,22.30068312019634,0,133,32.0,16.0,49.0,IMG20200713144457.jpg,unripe
78.06015161367321,25.481933843100446,0,155,77.0,62.0,95.0,94.49399553883762,29.56988145076148,0,175,93.0,77.0,113.0,38.966985752265565,20.478794863736358,0,135,39.0,24.0,53.0,IMG20200713144457.jpg,unripe
108.85269110154495,25.87740614743357,61,203,105.0,88.0,126.0,128.64716485723457,29.22866880328808,73,219,124.0,106.0,148.0,62.08317351616966,24.26295680655916,13,191,60.0,44.0,76.0,IMG20200713144457.jpg,unripe
80.76248014288889,22.628191589429928,0,158,78.0,64.0,96.0,97.51077839875548,25.685817685229154,0,174,94.0,79.0,115.0,41.210991579761796,20.38573181497048,0,145,40.0,27.0,54.0,IMG20200713144457.jpg,unripe
63.09216168832772,25.47638208900044,16,156,59.0,43.0,80.0,82.58400072432157,28.794710866665383,28,172,78.0,60.0,102.0,22.35264583144708,19.027064424857286,0,144,18.0,8.0,32.0,IMG20200713144457.jpg,unripe
88.15868173574663,28.643044286226296,0,159,90.0,68.0,108.0,102.81458305809443,31.900725760881116,0,178,106.0,82.0,124.0,33.61815255641897,18.95829066292563,0,124,32.0,21.0,44.0,IMG20200713144509.jpg,unripe
81.72621035058431,35.71864136859072,0,159,88.0,64.0,105.0,95.55172289547328,40.67108069391301,0,179,104.0,76.0,122.0,29.829908360456876,20.024151342499252,0,127,30.0,15.0,42.0,IMG20200713144509.jpg,unripe
97.88037616651253,28.76726188932409,44,176,98.0,74.0,118.0,114.94482410732516,31.32355870219137,48,199,116.0,89.0,137.0,34.7564165695824,21.720117433672616,1,143,32.0,20.0,45.0,IMG20200713144509.jpg,unripe
70.74853773075029,43.01629633444648,0,159,73.0,42.0,106.0,81.78667083028068,48.98556769783213,0,179,85.0,51.0,123.0,26.41750639555134,21.896204714835115,0,130,24.0,7.0,41.0,IMG20200713144509.jpg,unripe
90.82027599956763,25.090511406239816,44,159,91.0,70.0,108.0,105.70403910594396,27.315925718971112,47,179,107.0,83.0,125.0,35.59248627808938,19.22907012594971,0,130,33.0,23.0,45.0,IMG20200713144509.jpg,unripe
40.90709870548313,18.62334711399999,6,101,39.0,26.0,54.0,54.67306879334575,20.60405260270866,8,118,54.0,38.0,70.0,11.191332564011745,9.577331727051467,0,72,9.0,4.0,16.0,IMG20200713144515.jpg,unripe
113.25620693989009,26.784959496448685,64,200,111.0,91.0,132.0,133.0474960867429,29.60118303966118,66,224,132.0,110.0,155.0,54.22326702695292,21.186905331899926,13,158,53.0,40.0,66.0,IMG20200713144515.jpg,unripe
72.99787484432663,37.97731311485218,0,162,80.0,52.0,101.0,87.76197113901489,44.896897547580906,0,183,97.0,63.0,121.0,28.19012145378929,20.12262670061776,0,122,29.0,11.0,42.0,IMG20200713144515.jpg,unripe
82.37946596894531,29.32334816685784,0,161,84.0,66.0,102.0,99.11674645521748,33.90655512378054,0,182,102.0,82.0,122.0,32.7164631011277,18.324545475424664,0,117,33.0,21.0,44.0,IMG20200713144515.jpg,unripe
81.37222215874684,30.65312636041867,0,161,83.0,63.0,103.0,98.2985843721079,34.924997469155386,0,182,102.0,79.0,123.0,31.65932383487769,18.720895645334917,0,121,32.0,19.0,43.0,IMG20200713144515.jpg,unripe
84.22839309107322,26.10786194204501,36,163,82.0,63.0,102.0,101.3834256211539,28.701567492101397,39,182,101.0,78.0,122.0,28.23911535794097,20.126467785639203,0,133,25.0,13.0,39.0,IMG20200713144534.jpg,unripe
85.28102467002059,29.451694810634354,0,163,86.0,66.0,105.0,101.268463985733,32.99553341568145,0,181,104.0,80.0,124.0,32.68927443058598,19.131554999599818,0,134,31.0,20.0,43.0,IMG20200713144534.jpg,unripe
81.95512940477109,32.343208348467044,0,163,85.0,65.0,103.0,97.39376259095762,37.05172389623192,0,181,103.0,79.0,121.0,31.12736820088288,19.39758374467759,0,127,30.0,18.0,43.0,IMG20200713144534.jpg,unripe
127.06361804951618,26.026721090384644,79,206,125.0,106.0,145.0,144.15953500148615,28.609417553668248,82,225,144.0,121.0,164.0,70.73969330353702,20.783161266906237,33,176,68.0,56.0,82.0,IMG20200713144534.jpg,unripe
78.66971234822047,37.11290400424976,0,163,84.0,57.0,105.0,93.66671803960854,42.33028963712094,0,181,102.0,70.0,123.0,29.357049284998734,20.725024756231964,0,135,28.0,14.0,42.0,IMG20200713144534.jpg,unripe
87.64738304559741,18.39528244082708,49,149,87.0,74.0,101.0,103.45249396437845,20.698284071655074,47,161,104.0,87.0,119.0,44.189723500204984,17.87378577677295,11,135,42.0,32.0,54.0,IMG20200713144550.jpg,unripe
87.8293627294675,20.994042482129885,44,158,87.0,72.0,103.0,105.87314717806223,23.645537516863854,42,171,107.0,87.0,124.0,38.2737029107639,20.393821370861538,0,142,36.0,24.0,49.0,IMG20200713144550.jpg,unripe
82.61105088142851,28.325839246171718,0,148,86.0,69.0,102.0,100.116876964424,33.30656275204866,0,171,105.0,84.0,122.0,34.66771739625564,20.018096321936696,0,136,34.0,21.0,47.0,IMG20200713144550.jpg,unripe
86.83674213091605,22.11050921541832,0,154,87.0,71.0,103.0,104.90151687696442,25.165411039568095,0,170,106.0,86.0,124.0,37.32759076208263,19.77815846426946,0,137,36.0,24.0,48.0,IMG20200713144550.jpg,unripe
74.65084498701772,34.875811800598456,0,151,81.0,58.0,100.0,90.51540108413428,41.474653566777285,0,171,99.0,72.0,120.0,30.664146130369424,21.45348689407684,0,138,30.0,14.0,45.0,IMG20200713144550.jpg,unripe
89.39441451950458,21.673428351481512,42,159,90.0,73.0,105.0,108.93759220502967,23.409626974054106,51,177,110.0,93.0,126.0,37.74848183346485,20.48182404344078,0,132,36.0,23.0,50.0,IMG20200713144556.jpg,unripe
72.31385734380896,38.34157132012839,0,159,82.0,52.0,101.0,88.44381068377534,45.92840519935813,0,177,102.0,65.0,122.0,29.921415583078875,22.360690133615147,0,130,30.0,10.0,46.0,IMG20200713144556.jpg,unripe
86.09341441657804,26.379131443225134,0,157,89.0,72.0,104.0,105.2691872233849,30.151584053980667,0,175,109.0,91.0,125.0,35.45159879232854,20.092834828839546,0,129,35.0,21.0,49.0,IMG20200713144556.jpg,unripe
64.60882766665523,19.804729177358084,21,128,65.0,50.0,79.0,82.46301506158439,21.393471713985434,30,145,83.0,68.0,98.0,20.16841355885683,15.705889331239614,0,104,17.0,9.0,29.0,IMG20200713144556.jpg,unripe
62.13896798984458,23.479135235514825,11,138,63.0,44.0,79.0,83.30964593268604,25.362953261711517,21,157,84.0,66.0,102.0,17.806669640100182,14.618023419318835,0,108,15.0,7.0,25.0,IMG20200713144556.jpg,unripe
123.48749845571955,27.834128181616375,76,226,122.0,101.0,142.0,141.45201326655706,29.683833012678612,82,238,140.0,117.0,161.0,68.0916589848613,23.06491690242822,26,174,65.0,52.0,81.0,IMG20200713144605.jpg,unripe
75.4507113193382,35.343023661076124,0,176,80.0,58.0,98.0,90.05752325923955,40.34878663795946,0,186,96.0,73.0,116.0,31.739429994203007,22.27396964294152,0,127,30.0,15.0,45.0,IMG20200713144605.jpg,unripe
78.77778516920563,32.630474972537655,0,176,81.0,61.0,99.0,93.84019310633202,36.80039719909291,0,186,98.0,76.0,118.0,33.08720195387115,21.74912134480855,0,128,31.0,18.0,46.0,IMG20200713144605.jpg,unripe
73.73142824560236,35.733147498566694,0,176,76.0,53.0,98.0,87.78091174318378,40.834949806658166,0,186,91.0,66.0,116.0,30.591150560217436,21.702720839421513,0,125,29.0,14.0,44.0,IMG20200713144605.jpg,unripe
85.6460509184905,24.49790403646118,44,176,84.0,66.0,102.0,101.45847548632955,26.11914053708754,49,186,100.0,80.0,119.0,36.90120406359585,20.294148443235915,0,130,34.0,23.0,48.0,IMG20200713144605.jpg,unripe
53.26828790308213,24.051893557245545,14,153,47.0,35.0,69.0,67.79274006769998,25.10895493048973,18,173,62.0,47.0,84.0,14.844860146089434,15.414017328408121,0,121,10.0,5.0,19.0,IMG20200713144630.jpg,unripe
92.95368786745055,24.436066485803686,53,194,87.0,74.0,109.0,107.71652414038839,25.521537689718905,57,215,102.0,87.0,124.0,43.42687511134866,21.26559932311885,7,161,39.0,31.0,52.0,IMG20200713144630.jpg,unripe
75.08304828077677,28.92405426638334,0,175,73.0,59.0,93.0,88.47646534829859,32.03326799625595,0,193,87.0,73.0,109.0,30.210867628719043,19.453669909585752,0,131,28.0,18.0,39.0,IMG20200713144630.jpg,unripe
73.47525387493319,30.514076662004577,0,175,72.0,58.0,92.0,86.66945483698557,34.08157225334907,0,194,86.0,72.0,108.0,29.579387137003383,19.836560385653584,0,144,27.0,17.0,39.0,IMG20200713144630.jpg,unripe
80.63629966150009,22.96445162576526,43,176,75.0,63.0,96.0,94.50881881346874,23.98736236199112,47,195,89.0,75.0,110.0,34.09882415820417,19.969706178075533,0,145,30.0,22.0,42.0,IMG20200713144630.jpg,unripe
82.39381642512078,30.112831303389537,0,165,84.0,64.0,103.0,98.63023188405798,35.67114743687309,0,184,101.0,77.0,124.0,31.40214492753623,20.637452920167647,0,141,30.0,17.0,43.0,IMG20200713144639.jpg,unripe
88.32738164251208,22.88683206845612,44,165,87.0,70.0,105.0,105.17297584541063,26.878034099205692,47,184,105.0,83.0,125.0,35.752531400966184,20.617956290848344,0,141,33.0,22.0,46.0,IMG20200713144639.jpg,unripe
132.5427149758454,23.196678538911595,88,210,131.0,114.0,149.0,149.64383574879227,27.305567324806553,91,230,149.0,127.0,170.0,79.04939130434782,21.00622440803433,43,186,76.0,65.0,90.0,IMG20200713144639.jpg,unripe
66.72147826086956,23.29411736687401,22,144,65.0,48.0,84.0,83.79028985507246,27.27677769395167,25,163,84.0,61.0,104.0,18.18938164251208,16.917128766566464,0,120,14.0,6.0,24.0,IMG20200713144639.jpg,unripe
84.034038647343,28.717553264947146,0,163,85.0,67.0,104.0,100.60221256038648,33.97285300056939,0,184,103.0,80.0,125.0,32.27063768115942,20.197733208038997,0,140,31.0,18.0,43.0,IMG20200713144639.jpg,unripe
77.12137548465228,43.52121992999486,0,179,87.0,52.0,109.0,92.06540486166047,51.25331651814908,0,193,107.0,61.0,130.0,29.02545095856162,24.6715277573678,0,162,28.0,8.0,43.0,IMG20200713144657.jpg,unripe
95.75841121951696,24.95094379663596,44,180,94.0,78.0,113.0,113.36206576621449,27.182056600410018,47,193,113.0,95.0,132.0,39.35116658365318,23.981661276382475,0,162,36.0,24.0,49.0,IMG20200713144657.jpg,unripe
90.22542556620081,32.29435255684385,0,178,92.0,75.0,111.0,107.36820876427099,37.00597316221782,0,193,112.0,92.0,131.0,35.52915726661002,23.428823304191944,0,157,34.0,20.0,47.0,IMG20200713144657.jpg,unripe
156.64108874630102,29.12977358570103,96,255,155.0,136.0,177.0,177.18477825632613,31.705344241781855,100,255,177.0,156.0,199.0,90.82731241393455,27.984037770632245,45,234,87.0,73.0,102.0,IMG20200713144657.jpg,unripe
114.42101510845468,20.118897767111598,73,182,113.0,100.0,128.0,128.61566708661724,21.923819390751355,75,193,128.0,114.0,144.0,68.9251218345004,19.34559681054629,37,168,66.0,57.0,77.0,IMG20200713144657.jpg,unripe
76.44983443851747,29.991505689979775,0,171,75.0,62.0,94.0,91.38603058780811,33.425806686194136,0,191,92.0,77.0,112.0,31.20411180371238,19.93086951096633,0,136,29.0,19.0,41.0,IMG20200713144704.jpg,unripe
127.38122368523433,23.56802927603793,84,219,122.0,110.0,142.0,143.22563911919562,24.40963977289641,92,239,138.0,125.0,160.0,79.22220685242982,20.19637330305554,44,191,76.0,67.0,87.0,IMG20200713144704.jpg,unripe
79.9080377289979,26.093174410765027,0,171,76.0,64.0,96.0,95.3243881141553,28.160437834846963,0,191,93.0,79.0,113.0,33.23034227567067,19.44996104477873,0,143,31.0,21.0,42.0,IMG20200713144704.jpg,unripe
82.2687629142279,23.19786607999362,40,172,77.0,65.0,97.0,97.9113057311074,23.999268558234117,48,192,93.0,80.0,114.0,35.06989028850061,19.894010310918773,0,145,32.0,23.0,43.0,IMG20200713144704.jpg,unripe
74.19590721640571,31.470489897629708,0,172,74.0,59.0,93.0,89.25502520165648,35.25789173952501,0,192,91.0,75.0,111.0,29.982881893712122,19.411944055950315,0,145,29.0,18.0,40.0,IMG20200713144704.jpg,unripe
129.3019975008602,25.21630285318566,86,211,125.0,109.0,146.0,145.9673119759503,28.315207777313564,92,236,143.0,122.0,167.0,77.39834115069088,20.271007946378134,40,170,74.0,64.0,89.0,IMG20200713144717.jpg,unripe
77.78735580144516,33.497035115377955,0,164,78.0,60.0,100.0,92.69561201760264,38.658212271472415,0,188,94.0,72.0,120.0,31.363208315978195,20.823720785743067,0,124,30.0,17.0,44.0,IMG20200713144717.jpg,unripe
83.50634745286948,26.87185191981018,0,164,81.0,65.0,102.0,99.4240750466325,30.526216544085006,0,188,98.0,78.0,121.0,33.95883663231859,18.998701983122537,0,120,32.0,21.0,45.0,IMG20200713144717.jpg,unripe
114.3092051648889,21.37539150888748,77,183,111.0,97.0,129.0,128.43318423006573,24.021213781832255,83,205,126.0,108.0,146.0,70.26048099386081,17.211844573181107,38,149,68.0,59.0,80.0,IMG20200713144717.jpg,unripe
79.38264908817617,32.146944436749905,0,163,80.0,61.0,101.0,94.74421847552473,36.96298269745065,0,187,96.0,75.0,121.0,31.375885112008547,20.191796684222734,0,121,30.0,17.0,43.0,IMG20200713144717.jpg,unripe
22.093498317389496,15.818258579791042,0,78,20.0,8.0,33.0,34.74140734298786,19.371429902640035,0,102,34.0,20.0,48.0,20.287849283472607,11.413204485948624,0,52,20.0,11.0,28.0,IMG20200713144725.jpg,unripe
83.04290656785268,20.65839848534817,44,153,82.0,67.0,97.0,99.47203841645555,23.806835977746683,47,182,99.0,81.0,116.0,36.62653609105003,20.067391090066824,0,121,34.0,23.0,48.0,IMG20200713144725.jpg,unripe
65.06909101221311,36.15148410691603,0,153,70.0,49.0,90.0,78.7125099255114,43.541661391655815,0,182,86.0,58.0,110.0,27.379787877642077,21.343783143992898,0,121,26.0,10.0,40.0,IMG20200713144725.jpg,unripe
79.25431996067607,25.399922906120743,0,152,80.0,64.0,96.0,95.49123719136387,29.7734902584428,0,180,97.0,79.0,115.0,33.455968540855295,19.548616551974924,0,114,31.0,20.0,45.0,IMG20200713144725.jpg,unripe
119.18612697092298,21.323048852623547,79,191,118.0,103.0,134.0,136.14066812871025,24.532734194385576,82,221,136.0,117.0,153.0,71.37115740915795,20.68773475333085,34,158,69.0,57.0,83.0,IMG20200713144725.jpg,unripe
58.71901871522509,23.281650235356835,10,142,57.0,40.0,74.0,72.19728665365994,25.473731963900434,15,151,71.0,52.0,88.0,16.553752077462246,15.419678801458641,0,125,13.0,6.0,23.0,IMG20200713144739.jpg,unripe
81.17774044367367,30.084193468502896,0,162,84.0,66.0,100.0,92.88051882361442,33.67341566364262,0,170,96.0,77.0,114.0,32.638386082809454,19.785549500232978,0,143,31.0,20.0,45.0,IMG20200713144739.jpg,unripe
82.10362923621649,28.542307636562025,0,162,84.0,67.0,100.0,94.07080533275526,31.911312849110114,0,171,97.0,78.0,114.0,33.37223607197052,19.956080013829673,0,143,32.0,20.0,45.0,IMG20200713144739.jpg,unripe
80.89243261796372,30.124932553431396,0,155,84.0,68.0,99.0,92.58123780619987,33.97202874111404,0,170,96.0,79.0,113.0,33.18772129489125,19.976434376056268,0,135,32.0,20.0,46.0,IMG20200713144739.jpg,unripe
150.46415926006213,24.51108007981629,99,238,148.0,131.0,167.0,164.65353349230435,26.80894220516727,105,247,163.0,144.0,182.0,93.0123112219091,23.43143755464594,50,221,90.0,78.0,106.0,IMG20200713144739.jpg,unripe
91.07792877398445,26.945479314257113,0,162,92.0,72.0,111.0,105.52455529775716,30.424674908474955,0,175,107.0,85.0,128.0,32.96034508157478,21.372036651523374,0,137,32.0,17.0,46.0,IMG20200713144806.jpg,unripe
77.67855301439988,38.19055812856816,0,164,84.0,53.0,106.0,89.84845136817295,44.02253291571881,0,177,97.0,62.0,124.0,25.545943358008323,21.2495917414695,0,135,23.0,7.0,40.0,IMG20200713144806.jpg,unripe
92.71363201119581,24.421781596527897,44,164,93.0,73.0,111.0,107.3044046698339,27.25260920083225,43,177,108.0,85.0,128.0,34.192179501344235,21.688145281693554,0,138,33.0,18.0,46.0,IMG20200713144806.jpg,unripe
88.20557581114426,30.733224703003643,0,163,91.0,70.0,110.0,102.27865245092623,35.143076822582266,0,176,106.0,83.0,127.0,31.07650167568961,21.479369301673955,0,137,30.0,15.0,45.0,IMG20200713144806.jpg,unripe
118.71100799175045,22.97217759663886,73,186,119.0,100.0,136.0,132.44345007918093,25.6144678232402,72,198,133.0,111.0,152.0,63.62988435900269,20.450378363005996,31,161,63.0,48.0,75.0,IMG20200713144806.jpg,unripe
112.99252824910744,24.477614131135137,64,181,112.0,95.0,131.0,127.06686848982297,26.684026962893462,72,205,127.0,107.0,147.0,59.51154808789429,19.788839946239435,18,141,58.0,46.0,73.0,IMG20200713144816.jpg,unripe
124.22477823990577,24.367986578612285,76,192,123.0,106.0,142.0,138.2596433435165,26.48362633538329,83,216,138.0,118.0,158.0,71.10415363097648,19.653441840766817,30,152,70.0,57.0,84.0,IMG20200713144816.jpg,unripe
67.95353159851301,43.05087728521685,0,156,78.0,42.0,99.0,78.90482719275646,49.08553449063687,0,179,92.0,51.0,115.0,29.524421215355737,23.616731588304976,0,108,30.0,3.0,47.0,IMG20200713144816.jpg,unripe
90.72450218999595,23.524609316816644,44,156,90.0,73.0,108.0,104.25290772571681,25.597161070248745,51,179,104.0,85.0,123.0,39.38337811476315,18.99395134891227,0,118,38.0,26.0,52.0,IMG20200713144816.jpg,unripe
80.48119179947734,34.04813562785978,0,156,85.0,65.0,104.0,93.02239684935036,38.74350429635478,0,179,99.0,76.0,119.0,34.2339246935846,21.319954963600786,0,115,34.0,18.0,49.0,IMG20200713144816.jpg,unripe
87.10053442926528,30.287481534473905,0,174,86.0,69.0,107.0,107.6909488149965,33.023989808987444,0,185,109.0,91.0,129.0,34.07162814119329,17.223035267908767,0,104,33.0,23.0,45.0,IMG20200713144823.jpg,unripe
87.00963272201557,30.423593217255767,0,174,86.0,69.0,107.0,107.5754861032147,33.21775846877795,0,186,109.0,91.0,129.0,34.01898929517064,17.25892191001262,0,105,33.0,22.0,45.0,IMG20200713144823.jpg,unripe
77.20216533194717,41.00122966636624,0,174,82.0,58.0,106.0,95.53587498578645,47.5882104542891,0,186,105.0,77.0,128.0,28.896395445168206,19.54855547565259,0,106,29.0,14.0,42.0,IMG20200713144823.jpg,unripe
54.663317684897905,23.758479826958308,8,132,52.0,36.0,71.0,74.20388720131253,24.457932622161092,16,143,72.0,57.0,91.0,12.47658420103637,10.108287407473005,0,70,11.0,5.0,18.0,IMG20200713144823.jpg,unripe
89.81352642094832,25.77333427742049,39,174,87.0,70.0,107.0,111.01212618378518,26.539682455739936,48,186,109.0,92.0,129.0,36.009835772648266,16.518177070155748,0,106,35.0,24.0,47.0,IMG20200713144823.jpg,unripe
154.0994681347392,28.496079605043754,99,252,153.0,132.0,173.0,169.02999906690306,30.632919601325895,97,255,170.0,145.0,191.0,78.6590090510404,20.381353238387984,43,190,76.0,66.0,88.0,IMG20200713144832.jpg,unripe
93.6203041896053,24.073243928274955,47,176,93.0,75.0,110.0,106.23395539796584,25.88374448157901,45,189,107.0,86.0,125.0,29.9071475226276,17.195796813704316,0,124,28.0,19.0,38.0,IMG20200713144832.jpg,unripe
65.85759074367827,46.49360714913281,0,176,73.0,0.0,102.0,74.79696743491648,52.14998460250392,0,189,85.0,0.0,118.0,19.897937855743212,18.835381419274135,0,120,19.0,0.0,32.0,IMG20200713144832.jpg,unripe
89.173005505272,29.270950999372054,0,176,92.0,71.0,109.0,101.72255295325185,32.098365249479876,0,189,106.0,82.0,124.0,26.440757674722402,15.342107388669648,0,118,26.0,16.0,35.0,IMG20200713144832.jpg,unripe
92.1812167584212,26.523592816959976,0,175,93.0,74.0,110.0,104.67994774657087,28.9257524157953,0,188,107.0,85.0,125.0,28.883297564616964,16.710131952465627,0,120,27.0,18.0,37.0,IMG20200713144832.jpg,unripe
49.48135313250345,22.22006073544582,11,132,47.0,33.0,62.0,69.44306319500025,25.340319210668184,17,159,67.0,51.0,84.0,14.054510157859783,13.511020750068445,0,84,10.0,4.0,19.0,IMG20200713144845.jpg,unripe
79.71895168843554,25.911519023195762,0,168,78.0,63.0,94.0,100.40614410026735,30.15747442479525,0,196,99.0,82.0,118.0,36.41438618599186,19.00263857778092,0,115,34.0,24.0,47.0,IMG20200713144845.jpg,unripe
78.99430376513462,26.19001315197439,0,167,78.0,62.0,94.0,99.67666842634061,30.43111294894969,0,195,99.0,80.0,117.0,35.591182330603,18.499025064719632,0,112,33.0,24.0,45.0,IMG20200713144845.jpg,unripe
61.56478722136131,21.09075199254386,25,140,59.0,46.0,74.0,80.49274560223422,24.047876278744727,30,165,78.0,63.0,95.0,22.611855661325205,16.139997897891433,0,95,19.0,11.0,31.0,IMG20200713144845.jpg,unripe
55.202382371472844,42.1213976075716,0,168,58.0,0.0,86.0,69.26200977470496,51.51377155614937,0,196,75.0,0.0,107.0,25.237768846959455,23.27847096212561,0,118,23.0,0.0,38.0,IMG20200713144845.jpg,unripe
153.02115520824415,29.139711238061928,102,233,151.0,128.0,176.0,172.95063784743033,33.88618403405152,103,255,171.0,144.0,199.0,92.16914826547529,21.292096502429597,50,192,90.0,78.0,104.0,IMG20200713144855.jpg,unripe
86.95419484896364,24.495979905286877,44,154,85.0,66.0,106.0,103.70843484149161,28.49628097351003,45,179,102.0,79.0,126.0,35.79320355855821,17.90988959515097,0,120,34.0,24.0,46.0,IMG20200713144855.jpg,unripe
82.2379532841943,30.579007560115564,0,154,83.0,62.0,105.0,98.50282147276987,35.87186180659433,0,179,100.0,74.0,126.0,32.638314432708846,18.486754285402668,0,114,32.0,20.0,44.0,IMG20200713144855.jpg,unripe
86.927949314674,24.473759200668862,43,154,85.0,66.0,106.0,103.68209590672406,28.486618984746045,39,178,102.0,79.0,126.0,35.76992348944185,17.83439738557096,0,118,34.0,24.0,46.0,IMG20200713144855.jpg,unripe
83.06935763821325,29.36602427951855,0,153,84.0,63.0,105.0,99.63982440710154,34.317434995220395,0,177,100.0,76.0,125.0,33.02313218502635,18.216571743989714,0,118,32.0,21.0,44.0,IMG20200713144855.jpg,unripe
78.58328805019019,31.09108661070609,0,165,79.0,63.0,98.0,95.96714090467486,36.44867015843856,0,186,98.0,79.0,120.0,27.282146914982956,17.3276335539633,0,122,26.0,16.0,36.0,IMG20200713144905.jpg,unripe
81.66499530701971,28.308066955581868,0,165,81.0,65.0,100.0,99.69428938398458,32.48009099910621,0,187,101.0,81.0,121.0,28.478478157058408,17.634559995039048,0,140,27.0,17.0,37.0,IMG20200713144905.jpg,unripe
85.28422993956758,23.11989221526062,43,165,83.0,67.0,100.0,103.4997859342324,26.002083019428,45,187,101.0,83.0,121.0,31.42942416308518,17.78377967258785,0,140,29.0,20.0,39.0,IMG20200713144905.jpg,unripe
81.8906617925538,27.525286081693658,0,165,81.0,65.0,99.0,99.80742314215614,31.87023787183588,0,187,100.0,82.0,121.0,28.962069192642723,16.992510468352815,0,129,27.0,18.0,37.0,IMG20200713144905.jpg,unripe
119.65491774934546,25.6350583196275,73,208,117.0,99.0,136.0,139.83982940604983,28.823368588169252,75,232,137.0,117.0,159.0,59.933754878229514,19.722162225559238,25,180,57.0,47.0,68.0,IMG20200713144905.jpg,unripe
78.02436951754386,28.266662077452366,0,166,77.0,61.0,97.0,96.6173154239766,31.843481405112254,0,182,97.0,79.0,119.0,26.87422331871345,17.591030909456066,0,119,26.0,15.0,37.0,IMG20200713144909.jpg,unripe
52.37700109649123,23.33234300681919,11,138,49.0,34.0,68.0,71.8170413011696,25.010283633836135,15,154,69.0,52.0,90.0,14.258863304093568,12.566476888849193,0,99,11.0,5.0,20.0,IMG20200713144909.jpg,unripe
24.87266995614035,18.075177706493903,0,93,22.0,10.0,37.0,39.9687317251462,19.836664682250397,0,106,38.0,24.0,54.0,20.76262792397661,11.020781119586236,0,61,21.0,13.0,28.0,IMG20200713144909.jpg,unripe
77.1985471491228,29.19190054561792,0,166,77.0,60.0,97.0,95.65686220760234,33.09833627657236,0,182,97.0,79.0,119.0,26.420111476608188,17.68669460553453,0,125,25.0,14.0,37.0,IMG20200713144909.jpg,unripe
82.70988669590643,22.700439820468628,42,166,79.0,65.0,98.0,101.62075109649123,24.319462948240137,46,182,99.0,82.0,119.0,30.48389985380117,18.432496875835625,0,128,28.0,18.0,40.0,IMG20200713144909.jpg,unripe
66.5161879870837,41.00554548513725,0,158,73.0,47.0,97.0,78.05947747696561,46.94522778239582,0,167,87.0,56.0,115.0,22.31403463916745,17.430137943039952,0,125,23.0,6.0,33.0,IMG20200713144918.jpg,unripe
63.99048322490838,18.5609596361121,29,122,63.0,50.0,76.0,76.20124428283287,19.727416519509593,30,129,76.0,60.0,91.0,18.000018938855902,12.585915643175307,0,95,16.0,9.0,24.0,IMG20200713144918.jpg,unripe
86.75982689885704,22.807322257525495,44,158,85.0,69.0,102.0,101.77247805460073,24.242111199337767,45,167,102.0,82.0,120.0,29.584850809162617,16.338232962956884,0,125,28.0,19.0,37.0,IMG20200713144918.jpg,unripe
84.00981032735812,26.72945338874043,0,158,84.0,67.0,102.0,98.89232313475942,29.220059976411708,0,167,101.0,81.0,120.0,27.658144181509996,15.755391383040951,0,123,27.0,18.0,36.0,IMG20200713144918.jpg,unripe
81.56199161008684,29.72270243127684,0,158,83.0,65.0,101.0,96.12189994602426,33.04996259136828,0,167,100.0,78.0,119.0,26.284253288258856,15.619062938530062,0,113,26.0,16.0,35.0,IMG20200713144918.jpg,unripe
89.96890402535358,21.99766679396974,43,168,90.0,73.0,105.0,107.6619649023225,25.505197265536786,43,184,109.0,88.0,127.0,31.00311243555177,17.87523573443036,0,143,30.0,20.0,39.0,IMG20200713144926.jpg,unripe
47.017454235845044,23.167190287198665,0,129,47.0,29.0,63.0,65.63426517194078,26.844133596608206,0,146,67.0,45.0,86.0,20.09636251832931,13.298838752495525,0,103,18.0,10.0,28.0,IMG20200713144926.jpg,unripe
114.97960361383095,20.842588839559866,70,189,115.0,99.0,129.0,131.76419280071897,24.188188577770113,70,204,133.0,113.0,150.0,59.10080885483185,16.94322212393485,30,165,58.0,49.0,67.0,IMG20200713144926.jpg,unripe
87.59548744146446,25.575407997318703,0,159,89.0,72.0,104.0,105.07109408258833,30.20198041365751,0,183,109.0,87.0,126.0,29.243441653658767,16.945543799781763,0,139,29.0,19.0,38.0,IMG20200713144926.jpg,unripe
69.91342888226669,41.065476356100525,0,160,78.0,47.0,101.0,84.16896078709617,48.97581617091569,0,184,96.0,57.0,122.0,23.57676552670167,18.72374338004569,0,125,24.0,6.0,35.0,IMG20200713144926.jpg,unripe
127.75538953407138,20.169045007991024,82,195,128.0,112.0,142.0,144.53636445825217,23.70859270279016,79,220,146.0,127.0,163.0,67.65549720146954,18.06951893927961,35,156,66.0,56.0,76.0,IMG20200713144933.jpg,unripe
82.6713103368921,28.96582473219595,0,155,87.0,69.0,103.0,98.23939969261369,34.529867010163905,0,180,105.0,83.0,122.0,26.645429066909944,16.437028951876094,0,113,26.0,15.0,36.0,IMG20200713144933.jpg,unripe
59.13225008424357,44.80466517837516,0,155,73.0,0.0,97.0,69.96439578864315,53.11959056890458,0,180,87.0,0.0,115.0,21.319172193867068,20.13024044630602,0,117,21.0,0.0,35.0,IMG20200713144933.jpg,unripe
129.56868111546711,17.754303020787606,90,188,130.0,116.0,142.0,144.3321744704983,20.851510000753105,87,211,146.0,129.0,160.0,76.74337352368272,15.871298866067276,48,154,75.0,66.0,84.0,IMG20200713144933.jpg,unripe
83.65770808162996,27.920804943743263,0,155,87.0,70.0,103.0,99.44028568845494,33.21936627129139,0,180,105.0,84.0,122.0,27.070904323955585,16.390583452573207,0,113,26.0,16.0,37.0,IMG20200713144933.jpg,unripe
85.19044634462999,26.96210735601731,0,162,85.0,66.0,106.0,100.50564534180955,30.290466747716668,0,181,100.0,80.0,125.0,33.60272194117384,20.117750423487056,0,123,33.0,18.0,47.0,IMG20200713144941.jpg,unripe
148.6563459730492,25.983065900934722,99,234,147.0,127.0,169.0,165.87694856068407,28.49659841578051,108,255,165.0,142.0,190.0,90.66872006088552,23.317864598864535,50,195,89.0,73.0,105.0,IMG20200713144941.jpg,unripe
80.95633254241841,31.986355492165913,0,165,83.0,62.0,105.0,95.4670367551596,36.73028854709148,0,184,98.0,75.0,124.0,31.90533196042441,21.445414595649044,0,130,31.0,15.0,46.0,IMG20200713144941.jpg,unripe
85.7455969915387,27.47027267432097,0,162,86.0,67.0,107.0,100.94416439092089,30.851382126303644,0,181,101.0,81.0,125.0,34.640390383668354,20.88210478400651,0,129,34.0,19.0,48.0,IMG20200713144941.jpg,unripe
88.6216591305905,23.328529360034914,44,165,87.0,69.0,107.0,104.08241930429332,25.581581296118515,52,184,103.0,83.0,126.0,36.574195281371715,20.923532036227282,0,130,35.0,21.0,49.0,IMG20200713144941.jpg,unripe
85.27667239676676,31.667107233537838,0,165,89.0,67.0,107.0,97.45693281152847,35.447638524047726,0,177,104.0,77.0,122.0,31.81311949087451,17.76329478246615,0,116,31.0,20.0,43.0,IMG20200713144956.jpg,unripe
111.26452946124867,20.52941921166284,72,176,111.0,95.0,126.0,122.41059215098204,22.6188675760346,69,188,123.0,104.0,138.0,62.0244321714641,15.06649086692879,31,137,61.0,52.0,70.0,IMG20200713144956.jpg,unripe
85.77455104056179,31.133788758843743,0,165,89.0,68.0,107.0,98.01142057715519,34.81485365104384,0,177,104.0,78.0,122.0,32.01608390329542,17.64174950909601,0,114,31.0,20.0,43.0,IMG20200713144956.jpg,unripe
91.33212025895176,23.218791791018916,47,165,91.0,73.0,108.0,103.9353352108555,25.58845260075973,44,178,105.0,83.0,122.0,35.627519110493395,17.049686912194527,0,121,34.0,24.0,45.0,IMG20200713144956.jpg,unripe
81.05587761969204,34.349811432960166,0,165,84.0,61.0,105.0,92.51800409641199,38.56947591914872,0,178,98.0,70.0,120.0,29.956393328700486,18.559805459559318,0,121,29.0,17.0,42.0,IMG20200713144956.jpg,unripe
148.3610922978515,26.227732050073378,93,227,149.0,129.0,167.0,161.4551491891485,29.95079953422514,89,243,163.0,139.0,183.0,82.02796591037364,20.060237731358622,41,177,80.0,68.0,94.0,IMG20200713145006.jpg,unripe
95.94570493283666,28.692854019372636,0,169,98.0,79.0,116.0,107.84595703051511,32.76111418594771,0,184,112.0,88.0,130.0,35.87134552432555,18.515288454211337,0,124,35.0,24.0,47.0,IMG20200713145006.jpg,unripe
98.7729803965835,24.13757061991726,48,171,99.0,81.0,116.0,110.82931670241186,27.561887378161497,44,186,112.0,90.0,131.0,37.71346464988524,18.462539919496507,0,125,36.0,25.0,49.0,IMG20200713145006.jpg,unripe
89.89095834744327,37.86086853457313,0,171,98.0,74.0,115.0,101.30287466606464,42.771561356393526,0,186,111.0,83.0,130.0,32.58294766151183,20.166413051648227,0,120,33.0,19.0,46.0,IMG20200713145006.jpg,unripe
94.23723520337134,31.29646711648277,0,169,98.0,78.0,115.0,106.07882755766263,35.58710748391374,0,184,111.0,87.0,130.0,35.06558302291455,19.075613201969603,0,121,35.0,23.0,47.0,IMG20200713145006.jpg,unripe
94.76593262621368,27.08565781750968,0,175,96.0,75.0,113.0,107.64371219871138,30.571796155859467,0,196,109.0,85.0,128.0,35.771568046806294,19.0477586447847,0,138,35.0,23.0,46.0,IMG20200713145011.jpg,unripe
96.13951255406594,25.5864989398457,47,175,96.0,77.0,113.0,109.00747500852492,28.7530369580453,47,196,110.0,86.0,128.0,37.06249214810029,19.939806222382252,0,143,36.0,24.0,47.0,IMG20200713145011.jpg,unripe
61.413386815987366,21.592843247206858,20,128,61.0,45.0,76.0,72.26952206608159,24.25600565288938,20,146,73.0,53.0,88.0,15.40416195552684,13.402549421560472,0,101,12.0,6.0,20.0,IMG20200713145011.jpg,unripe
46.34846282237657,22.987812669411984,2,117,46.0,29.0,61.0,57.9027800211777,25.832881271630164,2,136,59.0,37.0,75.0,14.814811823614924,12.09695366961822,0,88,12.0,6.0,21.0,IMG20200713145011.jpg,unripe
64.20669789479352,48.93055289702123,0,175,74.0,0.0,104.0,72.65849171736751,55.40891425760988,0,196,84.0,0.0,119.0,24.81182361492489,22.906204729069586,0,141,24.0,0.0,41.0,IMG20200713145011.jpg,unripe
81.17725009912331,33.677497700347935,0,160,84.0,65.0,105.0,91.83010705317415,37.654786397862594,0,174,95.0,75.0,118.0,32.21670558174369,21.461067303573497,0,131,31.0,17.0,45.0,IMG20200713145018.jpg,unripe
89.43325256619234,23.49086638679073,45,160,87.0,70.0,107.0,100.69027710471826,25.465990658387778,47,175,98.0,80.0,120.0,36.53361822106701,20.26451874871416,0,140,33.0,22.0,47.0,IMG20200713145018.jpg,unripe
84.92370589012732,29.39162692179274,0,160,85.0,68.0,105.0,95.87218820212344,32.624030709379056,0,175,96.0,78.0,118.0,33.76612185558835,20.431500937766042,0,132,32.0,20.0,45.0,IMG20200713145018.jpg,unripe
76.07431164368474,36.232782796086695,0,160,80.0,58.0,102.0,85.79696021851183,40.79031352576333,0,175,90.0,66.0,115.0,29.69404819595577,21.329323124072886,0,140,28.0,14.0,43.0,IMG20200713145018.jpg,unripe
110.17280937486233,20.50359669256669,71,172,108.0,93.0,126.0,119.99784131459536,22.234102521974698,73,185,118.0,102.0,137.0,64.0096391911538,17.69739557328465,32,154,61.0,51.0,73.0,IMG20200713145018.jpg,unripe
84.61566890380313,31.526528066615867,0,164,89.0,69.0,106.0,96.84221029082774,35.14204002513282,0,176,103.0,80.0,121.0,32.35191051454139,17.391179015110406,0,108,33.0,22.0,43.0,IMG20200713145026.jpg,unripe
52.2753288590604,18.33954387749546,15,112,53.0,38.0,66.0,62.58724832214765,20.039706184769607,13,122,63.0,47.0,78.0,11.369333333333334,10.055163956663094,0,68,9.0,4.0,16.0,IMG20200713145026.jpg,unripe
90.69728859060403,22.448572273588628,45,164,91.0,73.0,108.0,103.32536017897091,24.537949648833845,42,176,104.0,84.0,122.0,36.118389261744966,16.00363373448467,0,110,35.0,25.0,45.0,IMG20200713145026.jpg,unripe
99.69728859060403,22.448572273588628,54,173,100.0,82.0,117.0,112.32536017897091,24.537949648833845,51,185,113.0,93.0,131.0,44.464026845637584,16.375017499294085,8,119,43.0,33.0,54.0,IMG20200713145026.jpg,unripe
73.18692617449665,38.93789999946262,0,164,80.0,54.0,102.0,83.99811185682327,43.986157940818686,0,176,93.0,63.0,118.0,28.153628635346756,19.132914704457317,0,110,29.0,15.0,41.0,IMG20200713145026.jpg,unripe
86.22742682280469,31.32622764662408,0,163,90.0,65.0,110.0,104.2825584767543,37.164535637939416,0,186,110.0,81.0,132.0,39.00254007620229,21.048558734577306,0,127,39.0,25.0,54.0,IMG20200713145036.jpg,unripe
125.97864935948078,28.819258676342535,71,210,127.0,100.0,148.0,147.25260757822736,33.67514204545384,79,236,150.0,118.0,175.0,70.66697000910027,22.935223022375062,23,172,69.0,55.0,85.0,IMG20200713145036.jpg,unripe
48.451883556506694,46.402839935546446,0,159,53.0,0.0,88.0,58.51113533406002,55.905330431785984,0,184,63.0,0.0,109.0,22.604318129543888,24.76294058974249,0,128,18.0,0.0,41.0,IMG20200713145036.jpg,unripe
91.37325119753592,29.37043898894982,35,177,92.0,65.0,114.0,113.07231216936508,34.34753781143045,43,204,115.0,83.0,141.0,36.0215606468194,21.821200244162956,0,139,34.0,19.0,50.0,IMG20200713145036.jpg,unripe
88.47453423602708,28.151444352446543,0,162,90.0,66.0,110.0,106.83809514285429,33.25295085200468,0,186,111.0,82.0,133.0,40.59976799303979,20.30625591947118,0,127,39.0,27.0,54.0,IMG20200713145036.jpg,unripe
90.63151604938271,27.234296684042235,0,169,91.0,72.0,110.0,109.62414814814815,31.33850295537783,0,191,112.0,88.0,132.0,39.18577777777778,19.514418732545835,0,119,38.0,26.0,52.0,IMG20200713145100.jpg,unripe
56.67517037037037,26.623598865966866,3,141,56.0,35.0,76.0,77.61411358024691,30.038795003316913,12,165,79.0,53.0,101.0,17.101422222222222,13.367333499649966,0,91,15.0,7.0,24.0,IMG20200713145100.jpg,unripe
61.129116049382716,25.163877121020942,10,141,60.0,40.0,80.0,80.92328888888889,28.41038189387903,19,164,82.0,58.0,103.0,16.654597530864198,14.003527804145476,0,93,13.0,6.0,24.0,IMG20200713145100.jpg,unripe
90.6280098765432,28.24397610661455,0,168,92.0,72.0,111.0,109.52587654320988,32.40294556088683,0,190,112.0,89.0,132.0,39.31143703703704,20.271633030848644,0,122,38.0,25.0,52.0,IMG20200713145100.jpg,unripe
65.42173827160494,46.34978768356706,0,170,72.0,0.0,103.0,78.53254320987654,54.976376634451555,0,192,88.0,0.0,125.0,28.00240987654321,24.28336003191092,0,124,27.0,0.0,44.0,IMG20200713145100.jpg,unripe
98.43806320131608,28.8069034761349,47,170,97.0,76.0,119.75,112.54111523068235,31.510922239879697,44,188,112.0,88.0,136.0,33.99997544626415,17.587407157232953,0,122,32.0,22.0,44.0,IMG20200713145109.jpg,unripe
94.33253124462887,34.78202225076804,0,170,96.0,73.0,119.0,108.16761607778623,38.540085433286514,0,188,110.0,85.0,136.0,31.270901367643088,17.93566072334115,0,117,30.0,19.0,42.0,IMG20200713145109.jpg,unripe
94.76836005598251,33.673103683422454,0,170,95.0,72.0,119.0,108.81469295553319,37.098615903829895,0,188,110.0,85.0,136.0,31.072752719326246,16.956129732185342,0,107,30.0,20.0,41.0,IMG20200713145109.jpg,unripe
91.47903110958332,32.463822823851764,34,172,90.0,66.0,115.75,107.36695558229185,35.50246120150709,30,192,107.0,80.0,134.0,21.170316988729834,17.37657391986458,0,118,17.0,8.0,30.0,IMG20200713145109.jpg,unripe
162.51836619441647,33.75991591530924,102,246,161.0,136.0,187.75,179.02157045694503,36.869237142782,99,255,178.0,150.0,207.0,87.02572003830383,20.61124387638102,47,190,85.0,73.0,99.0,IMG20200713145109.jpg,unripe
53.53562688458681,23.08789979135986,13,132,50.0,35.0,71.0,66.57821308394878,25.24133894987326,15,146,63.0,46.0,85.0,13.372405279028099,12.746173514820596,0,91,10.0,4.0,18.0,IMG20200713145136.jpg,unripe
120.4059891622602,31.707739458418736,64,228,115.0,94.0,144.0,138.31514661539134,34.66627142514512,68,247,134.0,111.0,164.0,53.86569724249443,24.379779326256475,13,171,49.0,36.0,66.0,IMG20200713145136.jpg,unripe
89.7566861862518,29.659124402752663,0,185,86.0,68.0,111.0,105.09231744089499,32.9298532336627,0,200,103.0,82.0,129.0,32.79426867106586,19.393694874364808,0,118,30.0,19.0,43.0,IMG20200713145136.jpg,unripe
60.6683127212341,46.77540196483052,0,185,67.0,0.0,95.0,70.95407070751213,54.24544449451685,0,201,80.0,0.0,111.0,21.312000174802254,21.98274539057364,0,136,18.0,0.0,32.0,IMG20200713145136.jpg,unripe
92.35885810426954,27.25093309887805,44,185,88.0,70.0,113.0,107.75163877114015,29.796203404425963,47,201,104.0,84.0,130.0,35.174889656076566,20.964916173460438,0,136,31.0,20.0,46.0,IMG20200713145136.jpg,unripe
57.21590698536224,49.964971544016215,0,176,63.0,0.0,94.0,67.1922920140819,57.754686920488425,0,194,75.0,0.0,113.0,21.8568093385214,21.829465810932323,0,131,20.0,0.0,37.0,IMG20200713145141.jpg,unripe
94.1225495645729,26.454290536912442,44,176,91.0,75.0,110.0,109.89557161385954,29.030592644240222,44,194,107.0,88.0,129.0,34.72460626273856,18.748723542682935,0,134,31.0,22.0,44.0,IMG20200713145141.jpg,unripe
37.012747822864554,23.62502772388987,0,111,34.0,20.0,51.0,51.09353344450621,26.225890785138386,0,127,48.0,31.0,68.0,20.918186029275525,11.59672508959476,0,73,21.0,11.0,29.0,IMG20200713145141.jpg,unripe
90.17173429683157,31.519625098723616,0,176,89.0,72.0,109.0,105.93501019084677,34.96064929640636,0,194,106.0,86.0,128.0,31.698184176394292,18.266138108782133,0,132,29.0,20.0,42.0,IMG20200713145141.jpg,unripe
88.40697609783213,34.36330853910784,0,176,89.0,72.0,108.0,103.72191032054845,38.753637134630445,0,194,106.0,87.0,127.0,31.157652399481194,18.578447726568307,0,123,29.0,19.0,42.0,IMG20200713145141.jpg,unripe
86.61977213794599,30.552410585138627,0,172,92.0,72.0,107.0,102.9237177112603,35.54562030227627,0,189,111.0,86.0,127.0,34.83078396472746,20.76599111818219,0,136,34.0,21.0,47.0,IMG20200713145148.jpg,unripe
88.58856533641728,26.718809469847233,0,166,92.0,73.0,107.0,105.55484681200929,30.90059847974191,0,189,111.0,88.0,127.0,35.37000027104923,18.991836038035558,0,125,35.0,22.0,47.0,IMG20200713145148.jpg,unripe
92.11379550238975,22.19382477509716,43,174,93.0,76.0,108.0,109.08750372692694,25.251799499515673,44,190,112.0,91.0,127.0,38.349084305346,19.963752588229,0,137,36.0,25.0,49.0,IMG20200713145148.jpg,unripe
64.05665832437366,44.4166484520453,0,174,74.0,1.0,100.0,76.05370388774948,52.38667742844934,0,190,88.0,1.0,120.0,25.716690308182976,22.890649466484703,0,137,25.0,0.0,41.0,IMG20200713145148.jpg,unripe
64.40339353637933,20.642392717323958,19,140,65.0,49.0,79.0,80.17835039437664,23.472786107999898,20,155,83.0,63.0,97.0,17.89127311824071,15.233060981327505,0,106,14.0,7.0,24.0,IMG20200713145148.jpg,unripe
93.94411627758352,29.65280969892015,0,172,96.0,77.0,113.0,107.55322237540057,31.849797859164976,0,183,110.0,93.0,127.0,34.52023628013987,18.702666626555946,0,113,33.0,22.0,46.0,IMG20200713145208.jpg,unripe
97.31906035734175,24.518357143401072,44,172,97.0,79.0,114.0,111.16839068391597,25.174367987208615,51,184,111.0,94.0,128.0,36.41565401575809,18.541771625412267,0,114,34.0,23.0,47.0,IMG20200713145208.jpg,unripe
44.74742310396144,46.85172451452795,0,156,43.0,0.0,87.0,52.3800750472469,54.81132825807774,0,174,50.0,0.0,103.0,18.9109749751212,22.585281903486276,0,114,6.0,0.0,36.0,IMG20200713145208.jpg,unripe
135.39915640321004,28.870586705050314,73,223,135.0,114.0,155.0,151.7079456957391,29.642233530884006,81,237,152.0,131.0,172.0,63.72384986898686,21.815764174242656,21,155,61.0,48.0,76.0,IMG20200713145208.jpg,unripe
96.8502524399485,25.308871354652158,0,172,97.0,79.0,114.0,110.66513589759977,26.23400785940689,0,183,111.0,94.0,127.0,36.13173439482886,18.34718522177315,0,111,34.0,23.0,47.0,IMG20200713145208.jpg,unripe
142.26803693027531,23.07960306557522,95,219,139.0,125.0,159.0,156.37974683544303,26.584393989947394,95,238,155.0,135.0,175.0,89.5210970464135,21.358987272380965,50,187,86.0,75.0,102.0,IMG20200713145224.jpg,unripe
82.48364456698835,30.87699645920318,0,161,83.0,68.0,103.0,96.16401386974141,35.769285832676516,0,183,98.0,78.0,120.0,33.33460751138405,20.691722122116694,0,125,32.0,19.0,46.0,IMG20200713145224.jpg,unripe
75.15938714124577,21.30077188530253,32,146,72.0,59.0,90.0,88.17697497597861,24.53999444221371,32,163,86.0,68.0,105.0,27.144462547520575,18.82626481814686,0,117,23.0,13.0,38.0,IMG20200713145224.jpg,unripe
90.05325437607051,22.516985984128087,44,165,87.0,73.0,106.0,103.81524418264611,25.942352577240037,44,183,102.0,83.0,122.0,38.60523457409032,20.835827479000514,0,134,35.0,24.0,51.0,IMG20200713145224.jpg,unripe
82.63309938588796,30.76056462999541,0,161,83.0,68.0,103.0,96.33220537243598,35.629023001808974,0,183,98.0,78.0,120.0,33.41726197936249,20.694748793363637,0,127,32.0,19.0,46.0,IMG20200713145224.jpg,unripe
76.10943106777285,21.398945831739926,37,142,74.0,59.0,91.0,90.36362113504316,23.08259642580542,43,160,89.0,72.0,107.0,25.817082954956227,17.034571124213205,0,94,24.0,13.0,37.0,IMG20200713145237.jpg,unripe
129.8375814429172,22.13989111778795,89,198,127.0,112.0,145.0,144.58918385159976,23.886995139851923,95,216,143.0,125.0,162.0,77.71108152667449,17.76208182003755,50,148,76.0,64.0,89.0,IMG20200713145237.jpg,unripe
82.79405411600821,34.25513591693088,0,167,85.0,65.0,105.0,98.69202895356321,38.82673632090257,0,188,103.0,80.0,124.0,27.547261137511793,20.429569933631885,0,109,26.0,11.0,41.0,IMG20200713145237.jpg,unripe
86.25830739797043,29.7326644450395,0,167,86.0,68.0,106.0,102.6839706232422,33.05280523499039,0,188,103.0,83.0,125.0,28.368778819110762,19.261824813136915,0,109,27.0,13.0,41.0,IMG20200713145237.jpg,unripe
49.8276363700484,43.512937589251635,0,167,59.0,0.0,84.0,59.501247542385585,51.28022207509198,0,183,72.0,0.0,101.0,18.6960845683856,21.8003171127919,0,111,10.0,0.0,34.0,IMG20200713145237.jpg,unripe
89.83307047713151,32.5648886535843,0,181,89.0,69.0,113.0,101.87686928762803,34.18210093515041,0,185,103.0,81.0,126.0,27.407737473160164,18.374527717498125,0,139,25.0,15.0,36.0,IMG20200713145248.jpg,unripe
86.67641134778725,35.362694060907096,0,181,88.0,67.0,111.0,98.52854998384859,37.886486308284546,0,185,102.0,79.0,125.0,26.39991829289148,18.927074526835547,0,135,24.0,14.0,36.0,IMG20200713145248.jpg,unripe
85.76817983164536,35.68860612225953,0,182,87.0,63.0,112.0,97.53623615254527,38.201152061726155,0,186,100.0,75.0,125.0,26.233967355159898,19.269163116115564,0,138,24.0,14.0,35.0,IMG20200713145248.jpg,unripe
93.75199042316682,27.579843816786777,44,182,91.0,72.0,114.0,105.99567712390979,28.089748072343706,49,186,105.0,84.0,127.0,30.471858551693998,19.820661191717665,0,141,27.0,18.0,39.0,IMG20200713145248.jpg,unripe
96.098229045927,30.234833983754214,42,193,93.0,72.0,118.0,109.52257396393486,30.795109046421135,47,197,108.0,85.0,133.0,27.344110437608073,20.968197387706454,0,148,23.0,13.0,36.0,IMG20200713145248.jpg,unripe
96.36965284217678,38.9158742774851,0,194,98.0,74.0,123.0,105.9994399199361,39.946792466073155,0,202,110.0,85.0,133.0,33.85101870300148,22.48709351848524,0,136,31.0,18.0,49.0,IMG20200713145253.jpg,unripe
102.38551871677394,30.706059205473984,47,194,100.0,78.0,124.0,112.57827807516091,30.089007746277208,48,202,111.0,89.0,134.0,37.90593409418527,21.93221756199329,0,136,35.0,23.0,51.0,IMG20200713145253.jpg,unripe
157.5195431215741,33.21104261670579,98,255,155.0,131.0,181.0,168.5364924297375,32.52352995371827,99,255,167.0,143.0,192.0,87.7794937243488,23.718244171201324,47,194,85.0,72.0,102.0,IMG20200713145253.jpg,unripe
138.88902151258344,32.15645595279405,81,235,136.0,113.0,162.0,149.5608788666183,31.504809404954827,82,243,148.0,125.0,172.0,71.3880436678817,22.948659266901846,32,174,68.0,56.0,85.0,IMG20200713145253.jpg,unripe
97.02148503851699,37.9444021546184,0,193,98.0,73.0,123.0,106.87665384297559,38.65427855313636,0,201,110.0,84.0,133.0,34.326609312019684,22.030489016294453,0,131,32.0,19.0,49.0,IMG20200713145253.jpg,unripe
86.47987944761819,24.49250738493001,0,152,86.0,69.0,105.0,103.02092573433494,27.939537611147344,0,176,101.0,84.0,124.0,36.222149251045835,19.667915817046392,0,108,35.0,21.0,50.0,IMG20200713145258.jpg,unripe
88.02856371733165,22.176797327558205,44,152,86.0,70.0,106.0,104.75949799829067,24.87374039565005,51,177,102.0,84.0,125.0,37.24694345733435,19.75926791450767,0,113,35.0,22.0,51.0,IMG20200713145258.jpg,unripe
85.21877558364446,26.33103069921547,0,151,85.0,69.0,105.0,101.57667221447528,30.25682450299456,0,176,101.0,83.0,124.0,35.50066123881067,19.95989021542235,0,108,34.0,20.0,50.0,IMG20200713145258.jpg,unripe
78.30290135396518,32.59654485229958,0,152,80.0,61.0,103.0,93.56290765147767,38.02257991987967,0,177,95.0,75.0,123.0,31.739004093383112,21.3044912658641,0,111,30.0,15.0,47.0,IMG20200713145258.jpg,unripe
123.84231928388287,21.217805514209434,82,185,122.0,107.0,141.0,139.85477036570555,23.781910335688604,88,209,137.0,120.0,159.0,75.2794116324052,18.89587415146511,40,148,73.0,61.0,88.0,IMG20200713145258.jpg,unripe
101.11247243555623,21.995632052352168,59,171,99.0,84.0,117.0,118.96456543228652,24.594986697609198,62,194,118.0,100.0,136.0,51.322218842673564,19.254983243739492,13,142,50.0,39.0,62.0,IMG20200713145308.jpg,unripe
81.60353775378299,20.31271336539683,43,146,80.0,66.0,96.0,98.08313056041365,22.711170548859904,45,167,97.0,81.0,114.0,35.57725648239678,17.796618292409423,0,119,34.0,24.0,45.0,IMG20200713145308.jpg,unripe
65.54386548551442,35.27856997437901,0,146,71.0,43.0,92.0,79.56895863432439,41.55762472944355,0,167,87.0,54.0,111.0,27.109497376625352,19.782984598953586,0,110,26.0,12.0,40.0,IMG20200713145308.jpg,unripe
75.64859136187363,27.34494050022347,0,145,78.0,63.0,93.0,91.448036271006,31.802754530832093,0,166,95.0,77.0,112.0,31.562466732567867,18.06460965357163,0,117,31.0,20.0,42.0,IMG20200713145308.jpg,unripe
72.97293932020379,29.49520683823006,0,145,77.0,60.0,92.0,88.34759714090183,34.59463436477041,0,166,94.0,75.0,111.0,30.069148733936583,18.329454933828433,0,118,30.0,18.0,41.0,IMG20200713145308.jpg,unripe
76.21428368026882,31.81316504275351,0,164,80.0,61.0,98.0,93.41319968486299,37.58477983521943,0,188,99.0,78.0,119.0,32.36011048779793,19.760549416250807,0,120,32.0,20.0,44.0,IMG20200713145312.jpg,unripe
50.92308568499587,42.40256390349229,0,165,56.0,0.0,85.0,62.14163130867291,50.92863726733168,0,189,70.0,0.0,103.0,22.476454898387296,21.90927951798321,0,120,22.0,0.0,37.0,IMG20200713145312.jpg,unripe
104.12407096278156,19.56190873550175,68,177,103.0,88.0,118.0,120.54055490693017,21.805985118274016,69,198,120.0,104.0,137.0,63.00187943161432,16.536262429265676,30,142,61.0,52.0,71.0,IMG20200713145312.jpg,unripe
83.2644303328872,22.009642162685356,43,165,82.0,65.0,99.0,101.74874467257074,24.544163358417208,44,189,101.0,83.0,120.0,36.911182618105194,18.63430213163351,0,126,35.0,25.0,46.0,IMG20200713145312.jpg,unripe
95.8216248540593,17.726664772175106,63,162,95.0,81.0,108.0,110.70960883143017,19.756003998877492,64,181,110.0,96.0,125.0,58.506383423033476,15.001757341900797,29,130,57.0,49.0,66.0,IMG20200713145312.jpg,unripe
72.58242501828822,24.035895230217026,0,149,74.0,59.0,88.0,92.20936356986101,28.227209736867707,0,165,94.0,78.0,111.0,33.08611009509875,20.080271907329777,0,131,32.0,19.0,45.0,IMG20200713145316.jpg,unripe
57.0109455010973,35.89033017532148,0,147,65.0,36.0,83.0,72.63489392831016,44.507094241970655,0,166,85.0,47.0,105.0,27.12675566934894,23.76671646581604,0,135,26.0,2.0,43.0,IMG20200713145316.jpg,unripe
89.56400877834675,19.840437917564042,50,163,88.0,74.0,102.0,110.26512435991222,21.62969485600538,54,181,108.0,94.0,126.0,47.56650512070227,21.744333971818758,9,150,45.0,33.0,58.0,IMG20200713145316.jpg,unripe
52.47205559619605,16.376565132320017,20,113,51.0,40.0,63.0,69.56056144842721,17.830861976404044,23,128,68.0,56.0,83.0,19.529681784930506,16.10914153095556,0,102,16.0,8.0,27.0,IMG20200713145316.jpg,unripe
77.88491221653256,19.10075255633496,40,149,76.0,63.0,90.0,97.81991587417703,20.803384149998546,44,166,96.0,82.0,113.0,37.48034016093636,20.938042971667926,0,136,35.0,23.0,48.0,IMG20200713145316.jpg,unripe
67.35576174583717,27.32299544637629,0,141,67.0,53.0,84.0,87.24386424845432,33.39521089303587,0,167,88.0,72.0,108.0,33.017188157082394,19.755968962600353,0,130,32.0,20.0,44.0,IMG20200713145330.jpg,unripe
33.43372135679966,17.58854674883755,2,96,31.0,20.0,44.0,52.171156822919926,20.459473177228894,11,119,49.0,36.0,65.0,12.269794117910221,10.402784459870048,0,86,10.0,5.0,17.0,IMG20200713145330.jpg,unripe
73.1147517514741,19.69577892310537,38,143,70.0,58.0,85.0,94.10113364888201,22.932327112677594,48,169,90.0,76.0,109.0,37.072591107969544,17.954756267479127,0,132,34.0,25.0,47.0,IMG20200713145330.jpg,unripe
65.49001905818562,26.0502549268674,0,142,65.0,52.0,82.0,85.42922076179057,32.053513181846434,0,168,86.0,70.0,105.0,31.054195037713733,17.554843560060895,0,100,30.0,19.0,42.0,IMG20200713145330.jpg,unripe
75.9876792856312,16.777028862745063,46,135,73.0,63.0,86.0,93.85898732138543,19.52965354877457,55,158,90.0,78.0,107.0,45.29919561930156,15.281371863362883,14,126,43.0,35.0,54.0,IMG20200713145330.jpg,unripe
94.62287883155568,23.799340150050465,39,156,96.0,77.0,114.0,104.78163735946958,25.359285996825683,37,173,107.0,87.0,124.0,23.39404247141347,17.165897079550263,0,110,21.0,10.0,32.0,IMG20200713145338.jpg,unripe
100.48692226386086,23.05664243686055,0,160,102.0,84.0,118.0,110.22360910925339,24.660331770454935,0,176,113.0,93.0,129.0,31.34423945421351,17.432196372557634,0,114,30.0,20.0,40.0,IMG20200713145338.jpg,unripe
100.6766311136735,22.811014272128883,47,160,102.0,84.0,119.0,110.43885846065149,24.3111936206106,45,176,113.0,93.0,129.0,31.440761026232344,17.706291905816155,0,115,30.0,20.0,41.0,IMG20200713145338.jpg,unripe
56.24337465167675,51.92156236557222,0,160,56.0,0.0,106.0,62.204650715864325,57.08583313789086,0,176,64.0,0.0,117.0,18.52700105698088,20.049626051973227,0,114,13.0,0.0,34.0,IMG20200713145338.jpg,unripe
75.7034303833958,22.86237598251755,22,136,77.0,59.0,94.0,85.54971653694629,24.481481278604758,20,152,88.0,68.0,104.0,14.16198712405112,12.701354603881594,0,90,11.0,5.0,19.0,IMG20200713145338.jpg,unripe
129.88492393787521,22.392330379036622,80,199,130.0,113.0,145.0,139.86556749960153,25.02642148637695,84,209,141.0,121.0,157.0,71.1565870331344,16.426654904934452,40,142,70.0,59.0,81.0,IMG20200713145343.jpg,unripe
56.99175624701153,50.83526719290299,0,179,64.0,0.0,102.0,62.24393893778667,55.97940080088315,0,190,69.0,0.0,113.0,19.088405617440277,21.20667975703958,0,111,13.0,0.0,35.0,IMG20200713145343.jpg,unripe
100.98647882834221,25.203714670476838,45,179,101.0,82.0,118.0,112.21764924646254,28.1608069182737,49,190,113.0,91.0,132.0,34.812616218322205,18.488850470751025,0,115,34.0,21.0,46.0,IMG20200713145343.jpg,unripe
93.00634884091593,37.34849732492018,0,178,99.0,76.0,117.0,103.31689305257939,41.78699750557861,0,189,111.0,84.0,131.0,31.137797297536615,19.838436544903367,0,107,31.0,16.0,45.0,IMG20200713145343.jpg,unripe
90.78872615864132,22.60503001690433,41,161,91.0,74.0,106.0,100.86679830697575,25.26058030209961,44,171,102.0,82.0,119.0,31.44782793490003,16.584432664036733,0,103,31.0,19.0,41.0,IMG20200713145343.jpg,unripe
85.70363021214338,28.70652359128844,0,171,86.0,68.0,103.0,99.89334308705193,30.28198369525109,0,179,102.0,83.0,119.0,32.244815288953916,18.89964849522687,0,111,32.0,18.0,45.0,IMG20200713145350.jpg,unripe
55.16158558888076,20.00627818913735,18,123,54.0,40.0,67.0,66.86945866861741,20.219293459889457,20,129,67.0,51.0,80.0,14.715096927578639,11.770711747305445,0,76,12.0,6.0,21.0,IMG20200713145350.jpg,unripe
88.92221104608632,24.55143356284054,43,172,87.0,70.0,104.0,103.29491587417704,24.810101811826293,46,179,103.0,84.0,120.0,34.67165325530358,18.816276603668996,0,114,33.0,21.0,47.0,IMG20200713145350.jpg,unripe
74.99685442574982,38.61164553334913,0,172,79.0,51.0,101.0,86.637737746891,42.51164426484746,0,179,94.0,62.0,117.0,26.422649963423556,20.502024026269787,0,114,25.0,8.0,41.0,IMG20200713145350.jpg,unripe
82.12645391367958,32.42544629143133,0,171,85.0,65.0,102.0,96.05608997805413,35.12981463930258,0,179,101.0,79.0,118.0,30.287618873445503,19.786053744663445,0,111,30.0,15.0,44.0,IMG20200713145350.jpg,unripe
80.10234679352712,21.846222552256464,40,152,78.0,64.0,95.0,92.79845295175308,23.24204776995809,41,167,92.0,75.0,107.0,31.932714638897213,16.66170095064438,2,116,30.0,21.0,40.0,IMG20200713145355.jpg,unripe
48.132032888822295,45.121048802812034,0,172,51.0,0.0,85.0,55.10669201378484,50.98503810821077,0,189,60.0,0.0,100.0,19.603826415942464,21.72140291138105,0,131,14.0,0.0,35.0,IMG20200713145355.jpg,unripe
81.83387960743183,35.084566778370814,0,173,84.0,65.0,105.0,95.72798359304765,39.21798684297695,0,190,101.0,79.0,119.0,29.29909911597243,19.98597192923485,0,124,29.0,14.0,41.0,IMG20200713145355.jpg,unripe
89.66505281690141,25.181653299015103,43,173,87.0,71.0,107.0,104.30218010188793,26.787985174835896,45,190,103.0,84.0,121.0,34.16176580761163,19.185294692883808,0,131,32.0,21.0,44.0,IMG20200713145355.jpg,unripe
70.76327914294276,25.67922857655731,23,156,68.0,52.0,88.0,85.70710967935271,27.294126398868165,25,173,84.0,65.0,103.0,18.482272625112376,15.5291060816529,0,113,15.0,7.0,24.0,IMG20200713145355.jpg,unripe
89.36844880214596,26.039963555268447,0,193,86.0,69.0,110.0,105.83302192211636,29.41578091417357,0,203,104.0,82.0,129.0,32.77066876329664,16.947980717997513,0,140,30.0,22.0,41.0,IMG20200713145423.jpg,unripe
113.0969753029322,25.196175876483096,68,217,109.0,93.0,133.0,129.32648228655998,28.39935134463429,69,227,127.0,105.0,152.0,57.221700120247895,17.27368327960759,24,165,54.0,46.0,66.0,IMG20200713145423.jpg,unripe
81.73515863472389,36.032578741411,0,189,84.0,64.0,109.0,96.97113125520303,41.8648201504029,0,202,101.0,77.0,128.0,28.473813708260106,18.416360357040443,0,136,27.0,17.0,39.0,IMG20200713145423.jpg,unripe
140.45586902229212,26.044416951503706,94,248,137.0,120.0,161.0,157.28623624086578,29.37340063201718,95,255,155.0,132.0,180.0,82.64687817963186,17.832933467640313,49,194,79.0,71.0,92.0,IMG20200713145423.jpg,unripe
51.87435944870965,46.02133045203751,0,195,55.0,0.0,85.0,61.31758394228101,53.78521608033994,0,205,67.0,0.0,103.0,20.596781056331515,21.24486800643698,0,142,18.0,0.0,34.0,IMG20200713145423.jpg,unripe
74.12555066079295,26.41433787193653,0,150,74.0,60.0,92.0,91.28293148206419,31.671495136754697,0,172,92.0,76.0,113.0,33.74983283511643,19.342096723051046,0,117,32.0,21.0,46.0,IMG20200713145428.jpg,unripe
35.586335745752045,18.575898741200863,0,100,33.0,21.0,49.0,51.769656623662684,21.571883123737297,7,120,49.0,35.0,68.0,13.974305774071743,10.278920629139327,0,71,12.0,6.0,20.0,IMG20200713145428.jpg,unripe
79.36076148521083,20.30343255829455,41,150,76.0,63.0,94.0,97.04923497482693,23.580670273466595,48,172,94.0,79.0,115.0,37.53692377281309,18.738577218886693,0,118,34.0,24.0,48.0,IMG20200713145428.jpg,unripe
40.62604232221523,40.600293764156184,0,150,41.0,0.0,74.0,48.6204472152297,48.7051332402813,0,172,50.0,0.0,88.0,20.57252005978603,23.37958155456605,0,118,15.0,0.0,36.0,IMG20200713145428.jpg,unripe
67.46184707363122,21.8601376658996,26,143,64.0,50.0,83.0,86.49824968533669,25.368609958537462,34,167,83.0,67.0,106.0,23.763333857772185,18.61443332211977,0,109,19.0,9.0,34.0,IMG20200713145428.jpg,unripe
83.94770211698965,35.98091489284009,0,159,88.0,66.0,109.0,88.30699036429415,37.60795699214635,0,178,92.0,72.0,113.0,25.200218504853673,20.889969669153,0,134,23.0,8.0,35.0,IMG20200713145435.jpg,unripe
93.46146613174768,23.768303981161342,47,160,92.0,74.0,111.0,98.66914424902389,24.389842585613557,46,179,96.0,80.0,115.0,30.81310670917362,22.01227069266629,0,146,27.0,16.0,40.0,IMG20200713145435.jpg,unripe
92.6393147544507,24.90251072284269,0,160,91.0,74.0,110.0,97.81104703227425,25.677098107746673,0,179,96.0,80.0,114.0,30.12896263925207,21.33618428139681,0,137,27.0,16.0,40.0,IMG20200713145435.jpg,unripe
85.7206361715084,35.34137615032338,0,160,90.0,69.0,110.0,90.34176308342587,37.002360802547294,0,179,94.0,75.0,114.0,25.58975713722821,21.379113103557952,0,146,24.0,8.0,36.0,IMG20200713145435.jpg,unripe
114.18124261202851,27.396845452125493,61,191,112.0,92.0,134.0,120.18053515778917,28.11638992495872,59,213,117.0,99.0,139.0,41.92740086685532,25.404262764301208,6,175,38.0,25.0,53.0,IMG20200713145435.jpg,unripe
70.98478540061313,25.815586635145337,0,137,72.0,56.0,89.0,84.35591184025189,29.951124229802563,0,159,86.0,67.0,106.0,28.329666915237386,17.142961480606107,0,97,28.0,16.0,39.0,IMG20200713145443.jpg,unripe
77.80036664180959,18.40442936942318,43,137,76.0,63.0,91.0,91.4739932885906,21.07417848974435,51,160,89.0,74.0,107.0,33.083333333333336,16.352713363865917,0,98,31.0,21.0,43.0,IMG20200713145443.jpg,unripe
124.81193553732703,20.316956503737604,86,190,123.0,108.0,139.0,139.90898168862375,23.28145135075724,95,216,137.0,121.0,157.0,75.4080081199768,18.07572811277947,39,147,73.0,62.0,86.0,IMG20200713145443.jpg,unripe
71.24194216587952,26.490385727486508,0,137,74.0,58.0,89.0,84.19363658960974,30.94547995125265,0,160,87.0,68.0,105.0,28.984122545364155,17.645923650146386,0,96,28.0,16.0,40.0,IMG20200713145443.jpg,unripe
60.29247452150137,21.72565199182751,19,130,58.0,43.0,76.0,76.42830806197696,24.871019869394683,29,157,74.0,56.0,95.0,15.791822023365647,13.386263795411333,0,84,13.0,6.0,22.0,IMG20200713145443.jpg,unripe
85.02435513639053,27.446357483008242,28,192,83.0,64.0,103.0,121.39473335629322,31.06665704842083,49,223,121.0,99.0,143.0,45.302434630566665,24.697438336730563,0,153,41.0,27.0,59.0,IMG20200713145452.jpg,unripe
84.14126508949938,28.552905327325824,0,192,82.0,63.0,103.0,120.37922660520483,32.940866732596916,0,222,121.0,98.0,143.0,44.425738027746135,24.615188138134226,0,150,40.0,26.0,59.0,IMG20200713145452.jpg,unripe
77.93106736959228,24.33738404451492,27,173,76.0,59.0,94.0,110.17756819526497,27.559953577962197,46,200,110.0,90.0,129.0,42.69765367667188,21.908912430568154,3,138,39.0,26.0,55.0,IMG20200713145452.jpg,unripe
26.58173276463472,20.738289860415307,0,117,22.0,10.0,39.0,55.47791877500199,27.105803253915493,0,144,55.0,36.0,74.0,20.503934087477152,12.839742464818091,0,83,20.0,10.0,30.0,IMG20200713145452.jpg,unripe
83.77364205543928,29.012549666277053,0,192,82.0,63.0,103.0,119.93526196342314,33.73128778667923,0,222,121.0,98.0,143.0,44.06658365786244,24.609175492813172,0,151,40.0,26.0,58.0,IMG20200713145452.jpg,unripe
98.46204153119497,24.065945170720894,45,183,99.0,81.0,118.0,113.83775071966909,26.336204805113706,44,192,115.0,95.0,134.0,39.64438564947224,21.497582928368097,0,141,39.0,25.0,52.0,IMG20200713145505.jpg,unripe
124.97014188427535,22.34487756287026,75,204,125.0,109.0,143.0,139.24912195712727,24.46638610535334,74,212,140.0,122.0,158.0,70.35226055281765,19.96177403664537,34,164,70.0,57.0,82.0,IMG20200713145505.jpg,unripe
153.45213851184542,28.37680858546263,90,253,154.0,133.0,176.0,171.58461352139443,31.054490052123292,89,255,173.0,149.0,195.0,84.09033826776349,25.36052946151391,37,204,83.0,67.0,99.0,IMG20200713145505.jpg,unripe
93.00938131748353,32.78565433798285,0,182,98.0,78.0,117.0,107.98823375970039,36.73135581447567,0,191,114.0,92.0,133.0,35.65856476090217,22.287031074489683,0,139,36.0,19.0,50.0,IMG20200713145505.jpg,unripe
87.24073746285204,38.2640322646302,0,183,95.0,70.0,115.0,101.20642624905675,43.483168727223536,0,192,111.0,84.0,132.0,33.59700394071231,22.318726136180363,0,141,34.0,17.0,48.0,IMG20200713145505.jpg,unripe
141.02202411179448,28.997509204514852,88,221,139.0,118.0,162.0,153.7658880174538,30.308821129329335,89,231,153.0,131.0,177.0,82.30573266377024,19.615016917876932,44,173,81.0,68.0,96.0,IMG20200713145512.jpg,unripe
132.732212379394,28.23535102468897,81,211,131.0,111.0,153.0,145.13545487031917,29.514169250977307,82,220,145.0,123.0,168.0,75.53944027534841,19.101890378266113,38,164,75.0,62.0,89.0,IMG20200713145512.jpg,unripe
103.11131486392446,30.73505799953036,47,188,101.0,79.0,125.0,116.61710771314111,32.112496590897194,48,198,116.0,92.0,141.0,40.879394007786495,20.79124520526567,0,137,40.0,26.0,55.0,IMG20200713145512.jpg,unripe
102.91002275762192,30.966609900269408,0,187,101.0,79.0,125.0,116.39754368146852,32.432589771623476,0,198,116.0,92.0,141.0,40.726222046681336,20.619219157683496,0,134,40.0,25.0,55.0,IMG20200713145512.jpg,unripe
94.04901352291749,43.22336402316424,0,188,99.0,69.0,125.0,106.04703868795727,47.31558086505934,0,198,114.0,80.0,140.0,35.852037841599426,23.04639657134562,0,133,36.0,19.0,53.0,IMG20200713145512.jpg,unripe
92.31988094035074,26.05209184131136,39,161,92.0,71.0,113.0,104.8438260773704,28.946552895378723,41,170,105.0,84.0,128.0,37.5741504597944,19.74837596446466,0,154,38.0,24.0,50.0,IMG20200713145518.jpg,unripe
97.90397141098546,33.13202332200292,0,175,99.0,77.0,123.0,111.1243236291145,36.97542008207358,0,184,114.0,89.0,139.0,40.002278301930126,21.50863465945658,0,167,41.0,25.0,54.0,IMG20200713145518.jpg,unripe
93.22896015727633,38.13467972281728,0,170,97.0,71.0,122.0,105.55088973202392,42.99583056795938,0,184,111.0,81.0,139.0,37.22126170156082,22.077402085335336,0,129,39.0,21.0,53.0,IMG20200713145518.jpg,unripe
96.03253010941361,35.330026317065965,0,174,98.0,76.0,123.0,108.96276629950484,39.60614691220266,0,184,113.0,88.0,139.0,38.78082367964135,21.99005959985541,0,167,40.0,24.0,53.0,IMG20200713145518.jpg,unripe
101.39228133354156,27.81592109578205,45,175,101.0,79.0,124.0,114.76732841538589,30.903780170219942,47,184,115.0,92.0,140.0,42.869291613460355,21.27349102225381,0,167,43.0,28.0,56.0,IMG20200713145518.jpg,unripe
51.18745275191297,22.628659127608106,1,118,52.0,33.0,68.0,69.10796533603761,25.17015508671041,4,137,71.0,50.0,88.0,15.515082511293445,12.014743418710891,0,90,13.0,6.0,22.0,IMG20200713145532.jpg,unripe
77.92951968286162,40.224474108483975,0,164,87.0,56.0,107.0,93.7797824283212,47.11706131710874,0,184,107.0,70.0,128.0,31.41023324421499,22.476377577578077,0,134,31.0,14.0,46.0,IMG20200713145532.jpg,unripe
112.40468332257767,26.001161589258054,54,189,113.0,92.0,132.0,132.99864478657693,28.947508436533386,58,211,135.0,111.0,155.0,51.48075965704803,22.43790553767281,8,157,50.0,36.0,64.0,IMG20200713145532.jpg,unripe
93.81370885959251,24.58414273247522,0,163,95.0,76.0,112.0,112.39098368212409,27.607418269136602,0,184,115.0,93.0,133.0,38.780132755600626,20.19133776257696,0,132,37.0,24.0,51.0,IMG20200713145532.jpg,unripe
94.46316953996497,23.52242101144799,42,164,95.0,76.0,112.0,113.09330690513507,26.190927401819053,45,184,115.0,93.0,133.0,39.31125656863649,20.317294880052653,0,135,38.0,25.0,51.0,IMG20200713145532.jpg,unripe
88.59285818318897,27.969061155574376,0,185,83.0,68.0,110.0,103.54426367149013,30.756734940771977,0,204,98.0,81.0,126.0,31.087704868875353,16.536308037593187,0,125,29.0,20.0,40.0,IMG20200713145541.jpg,unripe
96.40731316558289,25.807540415393103,53,189,90.0,76.0,116.0,110.69565031142639,28.178663296055834,55,208,106.0,88.0,131.0,41.4493193170038,16.360514113338738,11,132,39.0,31.0,50.0,IMG20200713145541.jpg,unripe
43.184028580975145,22.602208681249767,5,124,38.0,25.0,60.0,55.711988416823026,24.690499072805736,7,141,51.0,36.0,74.0,12.098885376239066,9.1880636000332,0,75,11.0,5.0,17.0,IMG20200713145541.jpg,unripe
76.14347032667644,40.75574281547573,0,186,76.0,55.0,107.0,88.37982025513833,46.378117430293635,0,206,89.0,66.0,124.0,25.064178682499293,18.070053430154253,0,123,24.0,12.0,36.0,IMG20200713145541.jpg,unripe
89.44555821146152,27.031463402948493,44,186,83.0,68.0,110.0,104.42167219266456,29.510656243100915,46,206,99.0,81.0,126.0,31.86951791023038,17.132911669596375,0,127,29.0,21.0,41.0,IMG20200713145541.jpg,unripe
90.04388706591286,32.405173607729175,0,176,90.0,73.0,107.0,101.6475441771067,33.65090769471264,0,183,104.0,86.0,120.0,30.590557657509457,18.539095081549313,0,112,29.0,18.0,42.0,IMG20200713145548.jpg,unripe
62.12939281910979,27.49518104008716,10,148,59.0,43.0,77.0,74.71348300014718,27.198477410871742,17,156,74.0,55.0,91.0,15.340629085462464,12.13198714456972,0,109,13.0,6.0,21.0,IMG20200713145548.jpg,unripe
94.61533666375183,26.3125408256181,45,177,92.0,76.0,109.0,106.66331893230361,26.011436027823958,51,184,106.0,88.0,122.0,33.74259097323833,18.64844415309816,0,139,31.0,20.0,44.0,IMG20200713145548.jpg,unripe
96.98871005445841,27.28181751513975,46,182,94.0,78.0,112.0,109.46591804399962,26.964157710634602,52,190,109.0,90.0,125.0,33.899065808954035,19.298338282396777,0,143,31.0,20.0,45.0,IMG20200713145548.jpg,unripe
80.69589007887377,42.4326814550777,0,177,88.0,60.0,106.0,90.13872607163574,45.745927692554375,0,184,100.0,69.0,119.0,27.689725630081124,20.0983102723517,0,113,27.0,13.0,40.0,IMG20200713145548.jpg,unripe
70.49019784352558,24.657374269823634,24,160,69.0,52.0,85.0,86.73344135709856,27.90889466693375,26,174,87.0,65.0,105.0,21.67020744563804,14.439557160016744,0,88,19.0,11.0,30.0,IMG20200713145553.jpg,unripe
92.52073456160355,25.880718570456214,44,186,91.0,73.0,108.0,109.57943747624478,29.26889958884563,46,201,110.0,87.0,129.0,40.47323411150453,16.318524856144002,0,111,39.0,29.0,50.0,IMG20200713145553.jpg,unripe
90.68599091800196,28.292017185079004,0,182,91.0,71.0,108.0,107.65516413610995,32.42140815700453,0,201,110.0,86.0,129.0,38.98845746064134,16.525667559603143,0,110,38.0,28.0,49.0,IMG20200713145553.jpg,unripe
90.94036688071375,28.062553985683344,0,183,91.0,71.0,108.0,107.91595150933205,32.09769220693649,0,200,110.0,86.0,129.0,39.25933705415191,16.427082695314247,0,102,38.0,28.0,50.0,IMG20200713145553.jpg,unripe
65.0235351777391,30.789659577646965,7,176,63.0,42.0,83.0,85.31887015143332,34.81785269694753,10,194,86.0,58.0,108.0,15.380993818640102,12.253801038262234,0,87,13.0,6.0,22.0,IMG20200713145553.jpg,unripe
69.63047346311367,50.828346758938935,0,200,77.0,0.0,110.0,74.2949642560091,52.96379979204102,0,194,85.0,0.0,118.0,24.52954801486613,21.32289971849933,0,121,24.0,0.0,41.0,IMG20200713145601.jpg,unripe
96.82631263094724,28.885514994274963,45,200,93.0,73.0,118.0,105.16398016445395,27.63726118559005,45,194,103.0,83.0,127.0,36.78228277234394,19.12452986161887,0,121,36.0,24.0,49.0,IMG20200713145601.jpg,unripe
91.86768932733915,35.00560296570845,0,199,91.0,69.0,118.0,100.0812794137775,34.690325282209244,0,194,101.0,78.0,126.0,32.97137322201282,18.615235179940207,0,119,32.0,20.0,46.0,IMG20200713145601.jpg,unripe
65.57141954706731,30.45242682079165,11,174,62.0,40.0,88.0,74.36634695360125,29.13028691388515,11,168,72.0,51.0,97.0,15.8104357713648,12.72372746925868,0,91,13.0,7.0,22.0,IMG20200713145601.jpg,unripe
92.42858045293269,34.33235673133993,0,198,91.0,69.0,118.0,100.67932533875197,33.915791420332646,0,194,101.0,79.0,126.0,33.289963255809056,18.504821352349207,0,119,33.0,20.0,46.0,IMG20200713145601.jpg,unripe
87.64394160143887,28.368144677306432,0,172,85.0,70.0,104.0,102.85282798950996,31.34354008748057,0,189,102.0,85.0,122.0,36.76513971644746,19.69107503661259,0,121,35.0,23.0,50.0,IMG20200713145605.jpg,unripe
90.62497111220522,24.835633304373196,45,172,87.0,72.0,106.0,105.84141354259819,26.90876791010369,46,189,103.0,87.0,123.0,39.081317886317734,19.950633106875888,0,134,37.0,25.0,52.0,IMG20200713145605.jpg,unripe
43.33522904253288,20.619319173924865,5,111,40.0,28.0,56.0,55.965716467550216,22.34600907782892,6,125,54.0,40.0,70.0,13.173608110687981,10.067599254878264,0,79,11.0,5.0,19.0,IMG20200713145605.jpg,unripe
86.5122032093084,30.6526697907459,0,171,85.0,70.0,104.0,101.19892889080916,34.36354735345025,0,188,102.0,84.0,122.0,36.21183043115662,20.385742846605307,0,132,35.0,22.0,50.0,IMG20200713145605.jpg,unripe
61.41873737728967,27.69064711283205,11,152,57.0,41.0,79.0,78.38544858977322,30.00345809787818,12,171,75.0,57.0,98.0,17.77496659063734,13.974119223627744,1,110,15.0,7.0,25.0,IMG20200713145605.jpg,unripe
77.13392921650996,17.122894483171198,43,144,76.0,65.0,88.0,96.53614003942738,19.56293920856738,47,158,96.0,83.0,110.0,40.47820657054094,16.625648521729538,0,125,38.0,30.0,48.0,IMG20200713145615.jpg,unripe
69.57518552540589,24.853159239797012,0,137,73.0,60.0,85.0,88.30946360192802,30.43997426957007,0,154,93.0,78.0,108.0,34.47266403129419,16.780474164219523,0,104,35.0,25.0,45.0,IMG20200713145615.jpg,unripe
51.84218729034855,36.80900005145684,0,144,62.0,0.0,79.0,65.11822019465976,45.43334567804081,0,158,79.0,0.0,100.0,27.127622900905177,22.81423326461922,0,125,29.0,0.0,42.0,IMG20200713145615.jpg,unripe
69.35341170642089,25.03740919657811,0,138,73.0,60.0,85.0,88.04898489993498,30.686216940150832,0,154,93.0,77.0,108.0,34.330519058284395,16.812530151866174,0,103,35.0,25.0,44.0,IMG20200713145615.jpg,unripe
68.83274329889458,17.546699927581173,34,137,68.0,56.0,80.0,88.6471353225923,19.98546497295351,38,151,88.0,75.0,102.0,31.567816115681154,16.717237793672854,0,118,29.0,21.0,39.0,IMG20200713145615.jpg,unripe
64.7132420935824,42.19243518898869,0,164,71.0,41.0,95.0,74.44510819308304,48.08729723892497,0,188,82.0,48.0,110.0,28.867828740521546,23.23117191591738,0,127,28.0,5.0,45.0,IMG20200713145630.jpg,unripe
79.22441279822452,29.585357814083576,0,164,78.0,64.0,99.0,92.1290364342519,33.66187677049799,0,187,93.0,75.0,114.0,33.610985759201036,19.50274789384168,0,115,32.0,20.0,47.0,IMG20200713145630.jpg,unripe
83.25453116330682,19.808459313691955,47,151,79.0,68.0,98.0,94.89835398557426,21.891162069695902,46,172,92.0,78.0,111.0,41.969872387645644,16.973921686636537,9,119,39.0,30.0,52.0,IMG20200713145630.jpg,unripe
138.5104401701498,23.411497148880958,96,219,134.0,120.0,155.0,152.24983354910302,25.806569681349824,95,244,149.0,132.0,171.0,89.79083595339375,20.043282165436043,51,181,87.0,75.0,102.0,IMG20200713145630.jpg,unripe
85.59471056038468,22.775266633924453,44,164,81.0,68.0,102.0,98.98280007397818,25.16775637332055,43,188,96.0,79.0,117.0,38.122646569262066,19.506286026540593,0,127,35.0,24.0,50.0,IMG20200713145630.jpg,unripe
86.99118064830715,25.144934384985923,44,182,81.0,67.0,104.0,101.45685725794483,27.443938124025607,45,186,95.0,80.0,121.0,38.208007377726894,22.99319950105347,0,144,36.0,23.0,52.0,IMG20200713145642.jpg,unripe
83.12757319425894,28.90635916705458,0,179,79.0,65.0,102.0,97.56190506476712,32.4039287152025,0,186,94.0,78.0,119.0,35.05479234242829,22.094090255329036,0,136,33.0,19.0,49.0,IMG20200713145642.jpg,unripe
78.18390256312408,34.19011439010466,0,180,78.0,62.0,100.0,91.3687803430219,39.26606024497188,0,186,92.0,76.0,116.0,32.23938391740338,23.162593663589288,0,138,31.0,14.0,48.0,IMG20200713145642.jpg,unripe
117.4128559011215,23.52589248848315,77,206,112.0,99.0,133.0,130.94219720579193,25.682733263077765,78,210,125.0,111.0,149.0,71.7937310521741,21.49429849370977,36,171,70.0,58.0,85.0,IMG20200713145642.jpg,unripe
75.32188513642434,35.80335597234123,0,168,74.0,54.0,101.0,88.4458436685111,41.157612855541764,0,186,89.0,65.0,118.0,29.478460429519387,23.05417243508407,0,135,27.0,10.0,45.0,IMG20200713145642.jpg,unripe
78.85563680145655,31.25541829812251,0,167,78.0,57.0,101.0,94.36594915768556,35.04819290388276,0,189,94.0,72.0,120.0,35.67942129425699,22.66627217596114,0,139,33.0,20.0,49.0,IMG20200713145648.jpg,unripe
78.8424906273554,31.947824042380898,0,167,79.0,60.0,101.0,94.42443641774098,36.17124106881288,0,189,96.0,76.0,119.0,36.05937802836755,22.01427654015121,0,130,34.0,21.0,50.0,IMG20200713145648.jpg,unripe
74.94115055942208,34.23812411588588,0,167,75.0,55.0,99.0,90.16537945751232,38.99152886402076,0,189,92.0,69.0,118.0,33.25291946867139,22.579297073588474,0,137,31.0,18.0,46.0,IMG20200713145648.jpg,unripe
85.38104327567811,25.083524785364997,43,167,82.0,65.0,103.0,101.64698166583463,26.909076954173624,51,189,99.0,80.0,122.0,40.57856870172966,21.61388503293954,0,139,37.0,25.0,53.0,IMG20200713145648.jpg,unripe
28.02212237786196,20.52538902210662,0,96,25.0,11.0,42.0,41.28224630233264,22.514019949262092,0,114,39.0,23.0,58.0,17.197848451922983,11.254249064978072,0,73,16.0,8.0,24.0,IMG20200713145648.jpg,unripe
133.12327200702427,28.846438242936806,72,255,134.0,111.0,154.0,145.38566148694179,31.998703344558823,65,255,147.0,123.0,168.0,54.01792824617647,24.855303907581263,17,221,52.0,37.0,65.0,IMG20200713145702.jpg,unripe
98.69803769423969,28.98989822820519,0,220,101.0,81.0,119.0,109.0912747840647,32.394225177912254,0,216,112.0,90.0,131.0,30.493098237804503,20.66147905909465,0,172,29.0,16.0,41.0,IMG20200713145702.jpg,unripe
94.14792845037061,33.83039486337748,0,224,99.0,74.0,118.0,103.82710881506137,37.83970485130083,0,221,110.0,81.0,130.0,28.238069956915034,21.213240178401925,0,178,28.0,12.0,40.0,IMG20200713145702.jpg,unripe
96.19989586098463,32.50251537648246,0,219,100.0,79.0,118.0,106.30765932248381,36.25284302712868,0,216,111.0,88.0,130.0,28.980785330692424,20.744668916243885,0,172,28.0,14.0,40.0,IMG20200713145702.jpg,unripe
100.43288138361955,27.2521772290779,43,234,101.0,80.0,120.0,112.01472239805607,30.224617155344482,36,230,113.0,90.0,134.0,27.386886651828558,21.52895631921232,0,184,24.0,10.0,36.0,IMG20200713145702.jpg,unripe
97.35396367829345,34.21671925567001,0,211,99.0,81.0,119.0,108.99080426635918,37.9108392226144,0,205,111.0,92.0,134.0,32.56968386662823,21.563652817343723,0,173,33.0,17.0,46.0,IMG20200713145706.jpg,unripe
101.44313442874989,27.752723361475102,0,210,100.0,83.0,120.0,113.35495339675218,30.391219978281082,0,205,112.0,94.0,135.0,34.57238397232632,21.326531139550195,0,172,34.0,20.0,46.0,IMG20200713145706.jpg,unripe
102.41176131449986,26.483194967435562,48,211,101.0,83.0,120.0,114.30341116556164,28.853775193776457,48,206,113.0,94.0,135.0,35.50154703564908,21.889417224794244,0,175,34.0,20.0,47.0,IMG20200713145706.jpg,unripe
153.98541366388008,30.292328950008862,92,255,152.0,132.0,174.0,167.67992697223022,33.133094980210736,92,255,166.0,144.0,191.0,77.14542135101374,25.163759838274647,36,237,75.0,59.0,90.0,IMG20200713145706.jpg,unripe
68.25915249351398,52.21459944947179,0,211,81.0,0.0,111.0,75.57219179398481,57.619119899777225,0,199,91.0,0.0,124.0,22.72666474488325,24.067344639148736,0,175,18.0,0.0,39.0,IMG20200713145706.jpg,unripe
97.59580052493439,25.770919184562008,54,196,93.0,77.0,116.0,119.39041501391273,28.268033091787306,66,206,115.0,96.0,140.0,51.03405166459456,23.610387805521782,11,157,47.0,34.0,66.0,IMG20200713145721.jpg,unripe
79.85645215400706,23.68359208296677,40,170,76.0,61.0,97.0,99.88072543563634,25.962872145893225,51,179,96.0,78.0,119.0,37.065291180707675,21.70127883810939,0,134,33.0,21.0,51.0,IMG20200713145721.jpg,unripe
40.86220472440945,25.95144352065447,0,140,37.0,20.0,60.0,62.8017089969017,28.47697706848445,9,150,59.0,39.0,84.0,20.337467684960433,13.763817576575228,0,100,18.0,9.0,28.0,IMG20200713145721.jpg,unripe
71.40878771732481,30.200516143218895,0,157,71.0,52.0,93.0,90.29922246561286,35.41060559884592,0,178,90.0,70.0,116.0,30.926696662917134,21.864599857094753,0,119,28.0,14.0,46.0,IMG20200713145721.jpg,unripe
75.43965228030707,28.224296470732426,0,170,74.0,57.0,95.0,94.98136088252126,32.31731845002977,0,178,94.0,75.0,118.0,33.500947250014804,21.98973761705122,0,133,30.0,17.0,48.0,IMG20200713145721.jpg,unripe
75.96295297993412,32.38499707464389,0,176,77.0,62.0,95.0,87.6193371268843,36.3807519019966,0,192,90.0,73.0,110.0,29.568523510032943,23.123984514450996,0,144,27.0,14.0,39.0,IMG20200713145729.jpg,unripe
65.86207447339523,37.34779813544277,0,177,71.0,46.0,89.0,77.0245482679445,43.05921739666559,0,192,85.0,55.0,105.0,25.76932215234102,22.534931283503454,0,145,24.0,6.0,37.0,IMG20200713145729.jpg,unripe
84.9157931516422,24.387562950549345,45,181,80.0,67.0,100.0,97.55135270040931,25.132400990193652,45,192,93.0,78.0,114.0,35.37464310671858,23.785124747710732,0,149,30.0,20.0,44.0,IMG20200713145729.jpg,unripe
77.79889188379754,29.1846762824172,0,180,76.0,62.0,94.0,90.10494159928122,31.87626240888839,0,192,90.0,73.0,109.0,30.012418887890586,21.147723304587423,0,144,27.0,16.0,39.0,IMG20200713145729.jpg,unripe
99.26290306478985,25.71792981994677,57,201,94.0,80.0,115.0,112.58228012378956,26.515948805434217,57,212,108.0,92.0,130.0,47.0219826295298,25.079166177586934,10,167,41.0,31.0,56.0,IMG20200713145729.jpg,unripe
71.01830960424711,46.35112206660893,0,194,73.0,43.0,101.0,77.57379142535393,49.45393154609737,0,190,82.0,46.0,113.0,26.941169964607464,21.486400528528897,0,114,26.0,8.0,41.0,IMG20200713145734.jpg,unripe
63.61201938545688,34.06045099277206,10,185,57.0,37.0,80.0,75.95013875482626,33.348826696866645,13,180,70.0,50.0,94.0,16.109153796653796,13.514425262600176,0,92,13.0,6.0,22.0,IMG20200713145734.jpg,unripe
137.3588219916345,34.10613168780071,83,255,131.0,111.0,154.0,149.70625201093952,33.39574722323684,87,254,144.0,124.0,168.0,75.44223576254826,20.977350866138522,33,166,72.0,61.0,87.0,IMG20200713145734.jpg,unripe
82.20800152831403,37.79087931987004,0,193,81.0,62.0,103.0,92.08610842985843,39.253402127478715,0,189,93.0,73.0,115.0,31.884944095881597,19.78760146270006,0,112,31.0,19.0,44.0,IMG20200713145734.jpg,unripe
86.7315999034749,32.26558044519586,0,194,82.0,65.0,103.0,97.30037403474904,32.44462393008039,0,189,94.0,76.0,116.0,34.06805019305019,18.13133444437131,0,111,32.0,22.0,44.0,IMG20200713145734.jpg,unripe
67.42171094321229,23.82389223215314,26,137,65.0,48.0,84.0,86.88329514989033,27.406245905995604,37,161,85.0,63.0,107.0,21.7694857421399,17.314576939896156,0,102,17.0,8.0,32.0,IMG20200713145845.jpg,unripe
64.79560321715817,40.480995997734155,0,154,66.0,40.0,97.0,80.72035096271021,48.85996037335423,0,178,83.0,55.0,119.0,25.206570801852305,23.526257797604412,0,118,20.0,2.0,43.0,IMG20200713145845.jpg,unripe
95.17299536924202,21.9709779541332,57,159,93.0,77.0,110.0,113.14381671947356,25.267098908671397,67,181,111.0,91.0,131.0,50.34216914452839,18.922209121149727,20,127,49.0,35.0,62.0,IMG20200713145845.jpg,unripe
83.10077504265172,24.228342472716307,41,154,81.0,63.0,100.0,102.92288569339507,27.866701966456304,52,178,101.0,79.0,123.0,33.62751157689495,20.89311213428747,0,118,32.0,17.0,47.0,IMG20200713145845.jpg,unripe
77.60595661710943,30.671454402101784,0,153,78.0,57.0,99.0,96.90876919327322,36.14078063597859,0,177,99.0,73.0,122.0,29.748418230563004,21.370616010548652,0,105,28.0,12.0,45.0,IMG20200713145845.jpg,unripe
73.53612083140099,32.80165991895712,0,171,74.0,54.0,96.0,91.32484506092162,39.084769824200066,0,199,94.0,71.0,118.0,28.00222395547873,22.727598793065116,0,106,25.0,8.0,45.0,IMG20200713145901.jpg,unripe
82.00123318858299,24.094007440996002,41,172,78.0,62.0,99.0,100.87771406888992,27.011732307750272,50,199,98.0,78.0,120.0,33.09619924954678,22.33769426682148,0,125,30.0,16.0,49.0,IMG20200713145901.jpg,unripe
96.58650238205658,26.335545848042806,52,195,92.0,75.0,115.0,117.21264598001602,29.523415728217376,62,224,114.0,92.0,138.0,43.14062565875459,24.42103876775503,7,144,40.0,24.0,61.0,IMG20200713145901.jpg,unripe
48.13560858383574,25.781476856154743,4,144,44.0,27.0,66.0,68.33010455752772,28.9143102587524,14,173,65.0,44.0,89.0,20.234485012015682,13.441185305375475,0,94,18.0,10.0,30.0,IMG20200713145901.jpg,unripe
70.503436063915,35.23114573782141,0,172,71.0,50.0,95.0,86.10585395674354,42.06398295113427,0,199,89.0,62.0,116.0,27.03794426409208,23.072786255304404,0,125,23.0,6.0,43.0,IMG20200713145901.jpg,unripe
69.29618953126676,28.92463351480523,29,175,60.0,48.0,83.0,81.36529282419822,27.686264890896357,39,186,74.0,60.0,97.0,24.721857234795667,18.255026434832534,0,111,21.0,12.0,34.0,IMG20200713145921.jpg,unripe
52.41681862061568,39.84712250628009,0,179,56.0,0.0,76.0,61.584870749758664,45.098894212010535,0,179,68.0,0.0,90.0,22.624973184597234,21.194483203621996,0,119,21.0,0.0,36.0,IMG20200713145921.jpg,unripe
79.60254210018235,27.600650926029182,41,181,71.0,59.0,93.0,91.12482569988201,26.4487704706915,51,191,84.0,71.0,106.0,35.57919929207337,19.247614559361768,0,119,33.0,23.0,46.0,IMG20200713145921.jpg,unripe
69.51854285101362,34.86633937188404,0,180,66.0,53.0,86.0,80.6615493939719,36.925626563049626,0,189,79.0,65.0,99.0,29.39834280810898,20.00948210383654,0,117,28.0,16.0,41.0,IMG20200713145921.jpg,unripe
49.6080794808538,27.619053474263634,11,152,41.0,29.0,63.0,61.13232060495549,26.471548035781243,21,162,54.0,41.0,76.0,14.633446851871716,13.691616566347193,0,89,11.0,5.0,20.0,IMG20200713145921.jpg,unripe
49.577820345304396,48.99576601586773,0,209,55.0,0.0,90.0,54.763411942305495,53.22571004390843,0,180,59.0,0.0,102.0,17.25710081315252,22.396651435702456,0,147,5.0,0.0,32.0,IMG20200713145929.jpg,unripe
90.60468862981898,25.809338453400535,45,209,87.0,71.0,107.0,103.16644889571097,26.303698850947026,43,180,102.0,82.0,123.0,33.04919509317637,21.74294602517659,0,147,30.0,19.0,43.0,IMG20200713145929.jpg,unripe
88.29232896522853,28.916161716586988,0,208,86.0,70.0,107.0,100.66675969503609,30.568899012022865,0,179,101.0,81.0,122.0,31.160296337642237,21.087429431052282,0,141,29.0,17.0,41.0,IMG20200713145929.jpg,unripe
83.58355427571071,30.406112359180092,0,208,84.0,67.0,104.0,96.5657308858415,33.75354971067416,0,179,99.0,78.0,120.0,28.141546892641035,19.515195230620034,0,143,27.0,14.0,39.0,IMG20200713145929.jpg,unripe
126.16056273706377,29.989797864710045,73,255,122.0,103.0,145.0,140.76413502644965,30.570769808664007,71,230,139.0,116.0,164.0,59.27706808408073,25.270115064959803,21,192,56.0,43.0,71.0,IMG20200713145929.jpg,unripe
81.62433028042295,32.065821553944474,0,166,83.0,65.0,102.0,98.85346030205616,37.007386977921726,0,192,101.0,80.0,122.0,35.70689027718809,24.696236740287315,0,133,34.0,17.0,52.0,IMG20200713145941.jpg,unripe
86.6147570813368,21.75455649808993,44,157,84.0,70.0,101.0,102.38578880329958,24.53459523233364,46,181,100.0,84.0,119.0,43.13245789612017,21.984592525853216,5,131,41.0,27.0,56.0,IMG20200713145941.jpg,unripe
89.06660803461313,23.877732222987472,42,166,86.0,71.0,105.0,106.37136329633448,26.932004835772798,44,193,104.0,86.0,125.0,41.35868664200077,24.097791918512698,0,138,39.0,24.0,56.0,IMG20200713145941.jpg,unripe
83.99760417298478,30.215676148305203,0,166,84.0,68.0,103.0,101.2574149329775,34.864237901782325,0,193,102.0,84.0,123.0,37.61863892763996,24.4097859764836,0,130,37.0,19.0,54.0,IMG20200713145941.jpg,unripe
78.8721720143143,35.987127375230486,0,166,82.0,63.0,102.0,95.69827743070297,42.030844572744584,0,193,101.0,79.0,123.0,34.44538120943774,25.697451313505262,0,138,33.0,13.0,51.0,IMG20200713145941.jpg,unripe
77.50812595509252,32.96338387469241,0,162,80.0,62.0,99.0,95.58454451149457,38.579145237198844,0,188,100.0,80.0,121.0,35.929984049257676,24.786672905352543,0,139,35.0,17.0,51.0,IMG20200713145947.jpg,unripe
85.4184560127606,23.287612305497987,42,165,83.0,67.0,101.0,104.17015984205419,25.77096232926851,43,188,102.0,84.0,122.0,41.33276817882678,23.60712083832218,0,154,39.0,25.0,54.0,IMG20200713145947.jpg,unripe
41.42553903470123,23.304596364885235,0,122,39.0,23.0,57.0,60.232044260521356,25.90186311536338,0,145,58.0,40.0,78.0,18.649228675642213,14.71854010602444,0,111,15.0,7.0,27.0,IMG20200713145947.jpg,unripe
78.1656534784888,31.19374460553283,0,162,80.0,61.0,99.0,96.21751012258648,36.5713343974597,0,188,100.0,78.0,121.0,36.14096886816656,24.052211734246665,0,140,35.0,18.0,51.0,IMG20200713145947.jpg,unripe
78.0008254230293,30.559205712972172,0,163,79.0,61.0,98.0,96.34371061114767,35.59412930268652,0,188,99.0,79.0,121.0,35.48386521065019,23.431629337873243,0,150,34.0,18.0,50.0,IMG20200713145947.jpg,unripe
89.60603409051136,22.233879366959485,47,178,88.0,73.0,104.0,105.15465565316813,23.834429575473724,47,182,105.0,87.0,122.0,46.77925168877533,20.73979157718383,11,146,44.0,33.0,58.0,IMG20200713145951.jpg,unripe
92.89959516059407,26.276327604271362,42,197,91.0,73.0,110.0,111.2731674308448,28.166988740299985,43,202,111.0,90.0,131.0,42.282874243113646,24.512709080320914,0,160,39.0,26.0,55.0,IMG20200713145951.jpg,unripe
89.80718210773162,30.559089068343848,0,197,90.0,71.0,109.0,108.0403089379674,34.08729518020777,0,200,111.0,89.0,131.0,40.235576866986335,24.54958413639778,0,155,38.0,24.0,54.0,IMG20200713145951.jpg,unripe
117.26063724289197,31.018827644324137,57,240,115.0,94.0,137.0,138.95355430331455,33.2570434889675,58,246,139.0,114.0,162.0,57.51514939390758,28.938254003207327,8,196,54.0,38.0,73.0,IMG20200713145951.jpg,unripe
86.15109726645899,35.00133551777005,0,197,89.0,69.0,109.0,103.90597692298718,39.92189667957229,0,201,110.0,86.0,130.0,37.89491675708469,25.299585972503937,0,159,36.0,21.0,53.0,IMG20200713145951.jpg,unripe
96.3407805819887,25.16398784810066,44,171,95.0,79.0,113.0,114.55578540890912,28.12993365294491,43,194,114.0,96.0,133.0,39.25775755068266,24.49312173152409,0,144,36.0,22.0,54.0,IMG20200713145957.jpg,unripe
87.95594696298048,35.69829622100353,0,170,92.0,74.0,110.0,105.19596311838761,41.9439413107177,0,193,112.0,90.0,130.0,34.35942825620111,24.460961116126825,0,139,32.0,16.0,49.0,IMG20200713145957.jpg,unripe
92.43230490375711,29.754588436458295,0,170,93.0,75.0,111.0,110.63120357783163,34.00836857770523,0,194,113.0,92.0,132.0,36.105098804105836,23.486415974677975,0,136,33.0,19.0,50.0,IMG20200713145957.jpg,unripe
77.07923045097228,42.56757869933504,0,171,84.0,50.0,106.0,92.30912977520342,50.487694652185084,0,194,104.0,60.0,128.0,29.481027247473254,24.728737756971004,0,131,27.0,8.0,45.0,IMG20200713145957.jpg,unripe
152.38520795161259,28.4198666350591,93,237,151.0,133.0,171.0,172.95833087061882,31.762497288671625,92,255,172.0,152.0,194.0,87.92494631282385,27.648543905261008,44,206,84.0,68.0,105.0,IMG20200713145957.jpg,unripe
89.69240324892499,29.532990041948025,0,163,90.0,72.0,109.0,98.8434174521131,31.558417910881868,0,175,100.0,81.0,120.0,23.806819267688834,15.187728836578481,0,113,23.0,13.0,32.0,IMG20200713150008.jpg,unripe
81.41199669895322,38.20896660559005,0,164,86.0,60.0,108.0,89.09315032793293,41.57092084421643,0,176,95.0,66.0,119.0,21.96654649698128,16.267433935900254,0,118,22.0,9.0,32.0,IMG20200713150008.jpg,unripe
93.82507926855753,24.31945627636801,48,164,92.0,75.0,111.0,103.05100985970552,25.433533331627316,51,176,102.0,84.0,121.0,27.007653216348867,17.288125389455345,0,118,25.0,16.0,35.0,IMG20200713150008.jpg,unripe
89.42392390218477,30.77987081676302,0,164,90.0,73.0,109.0,98.41335186552578,32.93492858234769,0,175,100.0,82.0,120.0,24.391260913000043,16.74161729428926,0,115,23.0,13.0,33.0,IMG20200713150008.jpg,unripe
87.73808799895757,21.57767682973413,47,150,86.0,71.0,103.0,95.92381531511967,22.564236845851504,50,161,95.0,79.0,112.0,28.46081744342614,15.335405731763746,5,109,27.0,19.0,36.0,IMG20200713150008.jpg,unripe
90.51118064081746,30.06613612084996,0,169,90.0,74.0,110.0,100.97250584181552,31.63715450967961,0,177,102.0,84.0,123.0,27.44076201037665,16.58134438854434,0,110,28.0,16.0,38.0,IMG20200713150018.jpg,unripe
92.34028278347657,27.167967638704315,0,169,90.0,75.0,110.0,102.97488217355142,28.23298637542645,0,177,102.0,86.0,123.0,28.24734444928512,16.205071799642802,0,107,28.0,17.0,38.0,IMG20200713150018.jpg,unripe
44.030211097469206,21.712385645123945,2,111,41.0,28.0,59.0,53.628444690878844,22.117372652226738,6,118,52.0,37.0,70.0,17.144132440888747,11.011177613937834,0,58,16.0,8.0,25.0,IMG20200713150018.jpg,unripe
99.15604578399144,27.17154850983209,46,183,96.0,79.0,118.0,111.17062061863837,27.681819354088386,52,192,109.0,90.0,131.0,27.42342270981029,17.813952396604506,0,117,26.0,14.0,37.0,IMG20200713150018.jpg,unripe
94.14726127767436,24.24317495843569,47,169,91.0,76.0,111.0,104.86771753336765,24.700427612994492,52,177,103.0,86.0,123.0,29.568632421085983,16.733493213186154,0,110,29.0,18.0,39.0,IMG20200713150018.jpg,unripe
91.96233696835355,34.739093623599295,0,193,93.0,68.0,115.0,102.69204583687929,37.13236513457898,0,190,106.0,78.0,129.0,25.256803293288737,17.169160290803287,0,117,24.0,13.0,35.0,IMG20200713150024.jpg,unripe
65.35732380707344,49.62312937106743,0,176,68.0,0.0,106.0,73.26836147010509,55.30557552903023,0,191,77.0,0.0,119.0,18.907405941377878,19.907657016803427,0,128,16.0,0.0,30.0,IMG20200713150024.jpg,unripe
94.8558097650761,32.44314202364572,0,192,95.0,72.0,117.0,105.5875472519643,34.287095154163936,0,190,107.0,82.0,130.0,27.230629168563343,18.695913660706186,0,122,25.0,15.0,37.0,IMG20200713150024.jpg,unripe
97.35358323272706,29.038642402204328,47,193,96.0,74.0,117.0,108.13507629584183,30.13633139931947,48,191,108.0,84.0,130.0,29.13280028499614,19.73169021726432,0,128,26.0,17.0,38.0,IMG20200713150024.jpg,unripe
132.69829991885527,26.61988432384238,87,220,131.0,111.0,151.0,142.5816197280662,27.63034505581011,87,219,142.0,120.0,163.0,70.13595701308212,18.126888715657714,43,161,67.0,59.0,78.0,IMG20200713150024.jpg,unripe
90.20344652812975,27.479916055151623,0,153,94.0,77.0,109.0,106.59545531339754,32.17377507052737,0,175,112.0,93.0,128.0,31.80550768710931,18.289290815902078,0,106,31.0,19.0,44.0,IMG20200713150048.jpg,unripe
63.87232640648758,46.48409581300022,0,153,79.0,0.0,102.0,75.569758405136,55.304922990361774,0,175,95.0,0.0,122.0,23.26539956073661,21.312837224329737,0,109,22.0,0.0,40.0,IMG20200713150048.jpg,unripe
69.88680520358169,24.539349395943898,12,140,71.0,52.0,89.0,89.78692346680182,28.32850301553641,19,166,92.0,72.0,110.0,17.309883426254434,12.526679835072605,0,87,15.0,7.0,25.0,IMG20200713150048.jpg,unripe
94.21550092921102,20.703898310932367,45,153,95.0,79.0,110.0,111.01496874472039,23.91186325982107,51,175,113.0,96.0,128.0,34.17108464267613,18.002243581603356,0,109,33.0,21.0,46.0,IMG20200713150048.jpg,unripe
146.1038182125359,23.454499572845354,90,213,147.0,129.0,164.0,165.12197161682715,27.078457502565296,97,238,167.0,148.0,184.0,78.11553471870248,20.391509043841864,39,163,77.0,63.0,92.0,IMG20200713150048.jpg,unripe
82.04682064442544,35.440493031985454,16,219,78.0,56.0,101.0,95.74132551224082,36.93896923542676,17,221,93.0,69.0,117.0,16.728909527883008,14.468331630994983,0,138,13.0,6.0,23.0,IMG20200713150059.jpg,unripe
51.359973929691634,26.282556676722365,2,153,48.0,32.0,66.0,61.511320216709436,27.40069639672412,3,154,60.0,42.0,77.0,15.55803495050715,10.613011273614184,0,93,14.0,7.0,22.0,IMG20200713150059.jpg,unripe
93.23322334921993,38.05140997295943,0,215,94.0,73.0,114.0,104.02344698358385,41.08037152555753,0,217,107.0,84.0,128.0,26.959330318953928,18.693363163519027,0,146,25.0,13.0,38.0,IMG20200713150059.jpg,unripe
94.78278544950915,36.31051744804161,0,214,95.0,75.0,115.0,105.79683082813963,39.05318918527258,0,216,108.0,85.0,129.0,27.610061509633795,18.55153666410363,0,146,26.0,14.0,38.0,IMG20200713150059.jpg,unripe
81.09500183306855,46.861988071074826,0,215,88.0,59.0,110.0,90.77314758238624,51.27719335561884,0,217,101.0,66.0,124.0,24.418314391624914,19.84126490781945,0,147,23.0,7.0,37.0,IMG20200713150059.jpg,unripe
116.13253378680749,28.71375899467793,63,194,112.0,94.0,137.0,124.53106596258839,28.788087542204572,64,202,121.0,103.0,147.0,47.05417524389152,18.49514126468105,13,137,46.0,34.0,58.0,IMG20200713150105.jpg,unripe
75.78193860198694,47.41051906599455,0,176,81.0,47.0,111.0,82.62716369820102,50.36115621484069,0,184,90.0,54.0,120.0,25.900545959008323,21.18554304487606,0,121,26.0,4.0,41.0,IMG20200713150105.jpg,unripe
49.0910767027656,25.506728342904502,1,118,45.0,30.0,68.0,56.53280229123781,25.57642604306423,2,125,53.0,37.0,76.0,17.002532891792715,11.461432486724194,0,68,16.0,8.0,25.0,IMG20200713150105.jpg,unripe
93.80121722008413,36.74955686266486,0,176,93.0,73.0,121.0,101.54903785912468,37.99268888925604,0,183,102.0,82.0,129.0,28.802201736328648,17.54839586984228,0,110,29.0,16.0,41.0,IMG20200713150105.jpg,unripe
100.28142844356933,28.01271219976248,48,176,96.0,79.0,121.0,108.45481070437663,28.079107021670026,49,184,105.0,87.0,130.0,32.92015573256959,18.065270124991077,0,121,32.0,20.0,44.0,IMG20200713150105.jpg,unripe
85.65279968454259,22.702309466989313,42,172,84.0,68.0,101.0,104.09197555205047,25.46832234948956,44,185,103.0,84.0,122.0,34.54915467271293,21.67458834656911,0,157,32.0,20.0,45.0,IMG20200713150120.jpg,unripe
99.06411425473186,19.994744175071002,61,175,98.0,84.0,113.0,115.30917291009463,22.440349549423402,62,187,114.0,98.0,131.0,54.07536474763407,19.081921787956553,24,162,52.0,41.0,63.0,IMG20200713150120.jpg,unripe
57.63929416403786,42.99617717553501,0,167,67.0,0.0,92.0,70.17109867902208,51.85817960345152,0,185,82.0,0.0,113.0,22.29287016955836,21.593762298920957,0,140,21.0,0.0,36.0,IMG20200713150120.jpg,unripe
80.96748077681389,27.334450972149806,0,171,82.0,63.0,99.0,99.46980973974763,31.471803160091653,0,184,102.0,80.0,121.0,30.42194893533123,19.91778795741328,0,155,29.0,17.0,41.0,IMG20200713150120.jpg,unripe
79.07429268533123,28.71240407368834,0,166,81.0,62.0,98.0,97.4008773659306,33.314490721218306,0,184,100.0,79.0,120.0,29.14386583201893,19.649453863790924,0,150,28.0,15.0,40.0,IMG20200713150120.jpg,unripe
80.71305280486892,29.016300118753207,0,167,83.0,66.0,98.0,99.53066773091217,34.564271061361374,0,191,104.0,84.0,121.0,33.72950288094585,20.47721130997601,0,156,32.0,21.0,45.0,IMG20200713150129.jpg,unripe
85.03835025317403,22.87672353552359,0,167,84.0,69.0,99.0,104.36771345189693,26.60346895298707,0,191,105.0,86.0,122.0,37.12179790975531,20.06438046559814,0,157,34.0,24.0,47.0,IMG20200713150129.jpg,unripe
108.96926991095258,21.204135294414957,68,189,107.0,94.0,122.0,127.51741039135966,24.44665134033037,68,211,128.0,110.0,144.0,63.01875732708089,19.4102087057995,27,177,60.0,51.0,72.0,IMG20200713150129.jpg,unripe
60.729515352572896,22.963203050369,17,147,59.0,45.0,75.0,80.80256167219575,26.454593521137646,17,171,81.0,62.0,98.0,16.738145718490433,16.79519566823879,0,135,12.0,5.0,23.0,IMG20200713150129.jpg,unripe
58.10205532413759,44.27134803833128,0,169,66.0,0.0,94.0,71.00974034072485,53.83477547987889,0,192,82.0,0.0,117.0,25.099136963408245,23.27367186015681,0,138,25.0,0.0,41.0,IMG20200713150129.jpg,unripe
85.51237832792569,25.59901223099818,0,163,86.0,68.0,103.0,104.8336037157207,29.894134291362807,0,181,105.0,84.0,126.0,38.997133205920264,21.320161417332073,0,150,37.0,24.0,52.0,IMG20200713150134.jpg,unripe
59.06090270678697,27.04570721192356,3,149,58.0,38.0,78.0,81.93633050357793,31.19647238842228,12,171,81.0,56.0,105.0,19.34528201253389,16.554975410427016,0,136,15.0,7.0,27.0,IMG20200713150134.jpg,unripe
63.614249522200986,44.680715421475,0,156,76.0,0.0,98.0,77.04534645984266,54.04489649504855,0,182,90.0,0.0,121.0,29.314136183830392,24.68308982000952,0,137,30.0,0.0,47.0,IMG20200713150134.jpg,unripe
86.15957375883373,24.334485367697567,0,162,86.0,69.0,103.0,105.54969109738211,28.325462849762566,0,182,105.0,85.0,126.0,39.412662785012664,20.970903558309974,0,150,37.0,25.0,52.0,IMG20200713150134.jpg,unripe
87.24602204542424,22.976310860762496,40,164,86.0,69.0,103.0,106.67701897862128,26.494554735386266,47,182,106.0,85.0,126.0,40.46305391350727,21.35036859094222,0,153,38.0,26.0,53.0,IMG20200713150134.jpg,unripe
103.0091743119266,27.717928101398314,41,166,106.0,82.0,125.0,124.50165182258533,30.191813938059465,47,190,129.0,103.0,148.0,44.771110962298266,21.25543090534997,0,114,43.0,29.0,60.0,IMG20200713150138.jpg,unripe
113.18396615995893,28.226459485511594,50,177,116.0,92.0,136.0,135.06779169177884,30.648517736920766,56,202,140.0,113.0,159.0,53.98326971584187,21.584952012135485,8,124,52.0,38.0,69.0,IMG20200713150138.jpg,unripe
122.68983682671488,26.76807500672725,63,184,126.0,102.0,144.0,143.46134958369606,29.151117433882597,69,207,148.0,123.0,166.0,66.45436282059867,20.544806507157546,23,133,65.0,51.0,81.0,IMG20200713150138.jpg,unripe
96.18017143239804,37.55878395825236,0,166,105.0,74.0,124.0,116.48061340654925,43.0174817600358,0,190,128.0,95.0,147.0,40.09925444764392,23.329956338728834,0,113,40.0,24.0,58.0,IMG20200713150138.jpg,unripe
100.81494006562646,31.369427614718532,0,166,106.0,80.0,125.0,122.16317328511798,34.76367078089952,0,190,129.0,102.0,148.0,42.79276323132213,21.906163462146793,0,113,42.0,27.0,59.0,IMG20200713150138.jpg,unripe
131.78204264358234,27.131705255187935,72,219,131.0,112.0,151.0,157.04891335381382,29.905042455948124,87,241,158.0,136.0,177.0,73.60465036602218,26.895692476172414,29,190,72.0,54.0,92.0,IMG20200713150142.jpg,unripe
140.64964654020534,27.89637984747308,79,230,140.0,120.0,161.0,166.63441179493623,30.74616690688416,95,253,168.0,145.0,187.0,80.82297317360072,27.66215973740295,35,200,79.0,60.0,100.0,IMG20200713150142.jpg,unripe
60.44683256626657,45.892492708581536,0,169,68.0,0.0,97.0,76.08015942806894,56.0755031060203,0,189,87.0,0.0,122.0,25.00672658542992,26.464015322007675,0,143,19.0,0.0,42.0,IMG20200713150142.jpg,unripe
90.20858125007138,26.43374978102633,0,169,91.0,73.0,108.0,112.58139853591129,29.6987267983775,0,189,115.0,95.0,132.0,38.72946335781095,23.96944878930954,0,141,37.0,21.0,56.0,IMG20200713150142.jpg,unripe
91.56297751333325,24.176659175334088,38,169,91.0,74.0,109.0,114.08213514840743,26.6421915620694,52,189,115.0,95.0,132.0,39.717323527060515,23.965614200375796,0,143,38.0,22.0,56.0,IMG20200713150142.jpg,unripe
86.5238700202802,27.29310398170708,41,225,83.0,66.0,101.0,103.29701158535164,28.6925411994996,43,235,101.0,81.0,120.0,34.174164898948696,26.75966866932312,0,177,30.0,15.0,49.0,IMG20200713150150.jpg,unripe
72.77544931117275,28.41882462100311,25,217,69.0,51.0,88.0,90.24577495978927,29.892023518683487,27,227,88.0,67.0,108.0,24.091307489685075,22.9915100161504,0,167,17.0,9.0,34.0,IMG20200713150150.jpg,unripe
79.46052355532763,33.76242266334698,0,224,79.0,60.0,99.0,95.98132823608942,37.091088592522105,0,234,97.0,76.0,118.0,28.47165435091727,25.930338660223605,0,176,24.0,7.0,42.0,IMG20200713150150.jpg,unripe
69.92197953332246,25.900789161136224,27,201,67.0,50.0,84.0,85.84759551504698,27.215253611275163,29,211,84.0,65.0,102.0,23.7786428588079,22.11949074835114,0,156,16.0,9.0,34.0,IMG20200713150150.jpg,unripe
77.46054686589432,36.1999254368806,0,225,77.0,56.0,99.0,93.20777873610108,40.57273695407441,0,235,96.0,71.0,118.0,28.117322082099815,26.77325594109758,0,177,23.0,6.0,43.0,IMG20200713150150.jpg,unripe
105.87718817094768,26.47302515880666,45,197,105.0,88.0,123.0,121.51630647714272,28.249122428416882,46,213,123.0,103.0,140.0,34.56221692864643,23.15996802658659,0,135,34.0,18.0,49.0,IMG20200713150224.jpg,unripe
86.51635349245404,29.716181411007515,18,189,86.0,66.0,106.0,104.07071102822486,31.71554237396937,19,207,106.0,83.0,125.0,21.150174740240406,16.403364217088114,0,119,18.0,9.0,31.0,IMG20200713150224.jpg,unripe
152.13159585638388,31.499099417443407,80,255,151.0,131.0,173.0,170.6870582519707,33.47167715455215,81,255,173.0,149.0,193.0,67.22440408092902,27.597283686742987,26,187,67.0,48.0,84.0,IMG20200713150224.jpg,unripe
99.27461643341849,35.907574167884924,0,197,104.0,83.0,122.0,114.40415145198953,39.864422760713076,0,213,122.0,98.0,139.0,30.58377344888652,22.971951700978888,0,135,30.0,10.0,46.0,IMG20200713150224.jpg,unripe
102.71266592486953,31.48246764452706,0,197,105.0,85.0,122.0,118.17912833612813,34.356747496839894,0,213,123.0,101.0,140.0,32.298155432619225,22.84332085735165,0,133,32.0,14.0,47.0,IMG20200713150224.jpg,unripe
81.59458332992817,36.43357732003671,0,197,78.0,60.0,103.0,94.34278335771434,37.91592092846249,0,208,93.0,74.0,117.0,31.385206312365668,21.249616588247548,0,120,30.0,15.0,45.0,IMG20200713150231.jpg,unripe
88.44367169814404,29.328212542812974,44,198,82.0,66.0,105.0,101.991410802285,28.905588471732873,50,209,96.0,80.0,119.0,36.05619345717251,20.735263647976648,0,138,34.0,22.0,48.0,IMG20200713150231.jpg,unripe
68.05586656097023,28.773036229632634,25,175,62.0,46.0,84.0,81.37212229186927,28.293957942626538,30,186,75.0,60.0,98.0,20.752237195884376,16.305367359877163,0,117,17.0,9.0,28.0,IMG20200713150231.jpg,unripe
79.91611843449408,38.76424550594909,0,198,78.0,59.0,102.0,92.52057402973121,40.83375956199304,0,209,93.0,74.0,117.0,30.7810449237106,21.980774886946453,0,122,30.0,14.0,45.0,IMG20200713150231.jpg,unripe
114.82572346215768,33.567569827083034,64,240,107.0,89.0,134.0,130.33051657772367,33.092092005072864,71,253,123.0,105.0,150.0,54.927617008409406,23.689699226597938,14,172,53.0,39.0,69.0,IMG20200713150231.jpg,unripe
104.6707020525559,32.68135184473482,47,194,104.0,76.0,131.0,112.38798099969495,35.2132978534621,42,210,112.0,82.0,138.0,42.94978864339565,21.92166964968394,0,142,41.0,27.0,58.0,IMG20200713150242.jpg,unripe
92.01736174663354,36.36287379731798,28,191,91.0,60.0,121.0,100.6034688630322,39.186388305782714,22,209,100.0,67.0,129.0,26.69477491611104,20.6763084537014,0,134,22.0,10.0,40.0,IMG20200713150242.jpg,unripe
96.03629232579422,41.01200617540804,0,194,98.0,67.0,128.0,103.48863903778272,44.810042840272615,0,208,106.0,73.0,135.0,37.30736915500937,22.70442581285682,0,130,36.0,20.0,54.0,IMG20200713150242.jpg,unripe
83.33715082581601,53.266874065437975,0,194,87.0,48.0,129.0,88.37881204514751,57.21880235193811,0,210,91.0,51.0,135.0,32.30991414999782,26.369785402819232,0,142,30.0,7.0,53.0,IMG20200713150242.jpg,unripe
103.3632457401839,34.076752837564605,0,194,103.0,75.0,130.0,111.12178498278642,36.763428657507525,0,209,111.0,81.0,137.0,41.79522377652852,21.465574475106457,0,137,41.0,26.0,57.0,IMG20200713150242.jpg,unripe
103.24853218794922,28.99286940678437,45,197,102.0,80.0,125.0,109.97762344342645,30.96290527606549,44,210,109.0,85.0,132.0,43.23751710282478,21.03205984580905,0,156,42.0,28.0,56.0,IMG20200713150301.jpg,unripe
152.10175964252932,28.759972215859015,94,245,151.0,129.0,174.0,158.76288124144858,30.658800757568542,93,255,158.0,134.0,181.0,92.2368503091498,21.028959558751637,49,204,91.0,77.0,105.0,IMG20200713150301.jpg,unripe
169.6284140702125,34.223662980107264,101,255,168.0,142.0,195.0,177.4713278719756,36.287586505573614,100,255,176.0,148.0,204.0,98.6600997592615,24.87513868154048,48,232,97.0,81.0,114.0,IMG20200713150301.jpg,unripe
98.48279325932212,35.51699615878839,0,195,100.0,76.0,124.0,104.78644417118412,38.61729498375335,0,208,107.0,82.0,131.0,40.168508287292816,22.018587975455933,0,152,40.0,25.0,55.0,IMG20200713150301.jpg,unripe
79.05131713399955,49.91092135091299,0,197,87.0,43.0,119.0,82.50122101179446,53.742102935641064,0,210,90.0,43.0,125.0,31.632510088501707,24.915636215564327,0,156,31.0,8.0,50.0,IMG20200713150301.jpg,unripe
41.75598779787973,42.84892663909584,0,155,40.0,0.0,81.0,48.94089220453653,50.71644766295263,0,180,43.0,0.0,97.0,19.39447481550837,22.363085227607257,0,134,12.0,0.0,36.0,IMG20200713150319.jpg,unripe
71.21584262083825,17.28364634331003,35,127,70.0,58.0,82.0,85.42679231226153,20.550271656831626,36,147,85.0,70.0,99.0,33.71158899392914,14.59469469744669,2,110,32.0,24.0,41.0,IMG20200713150319.jpg,unripe
86.3188659679644,21.500709209515698,41,156,85.0,70.0,100.0,104.01346058976915,25.572921955108935,43,181,104.0,85.0,121.0,39.63109728472621,18.193392578837816,0,134,37.0,27.0,49.0,IMG20200713150319.jpg,unripe
141.74963504384507,25.629117246853113,88,225,140.0,122.0,158.0,162.83737553736648,30.479850302250224,90,255,163.0,140.0,183.0,86.10914454277287,21.686267952909972,39,199,83.0,71.0,97.0,IMG20200713150319.jpg,unripe
80.1447944667613,28.527206661161916,0,155,82.0,65.0,98.0,97.67530480131283,34.151903975921115,0,181,102.0,79.0,120.0,34.95216809125414,18.302820602979278,0,118,34.0,23.0,46.0,IMG20200713150319.jpg,unripe
94.19269294087312,20.775300393827376,49,167,93.0,79.0,108.0,112.56959953983775,24.452206196363196,58,196,112.0,95.0,129.0,45.4748993395085,19.014831252139427,6,121,43.0,33.0,57.0,IMG20200713150330.jpg,unripe
79.0182478132376,30.060013695098366,0,157,82.0,68.0,97.0,95.89051312057441,35.99301248994513,0,185,101.0,82.0,118.0,34.329442449967274,20.194454858055668,0,111,33.0,21.0,47.0,IMG20200713150330.jpg,unripe
98.66370470277883,21.11690457782762,53,173,98.0,83.0,112.0,117.31097645635401,24.852106276494695,62,202,116.0,100.0,134.0,49.11984052997997,19.353509808273024,9,126,47.0,36.0,61.0,IMG20200713150330.jpg,unripe
83.13933792173275,24.9976205905387,0,154,84.0,70.0,98.0,100.70612095126644,29.727013068414752,0,183,102.0,85.0,119.0,36.58324573060674,19.03447612275161,0,110,35.0,24.0,48.0,IMG20200713150330.jpg,unripe
86.02910724557194,20.246011496502092,42,157,85.0,71.0,99.0,103.91885673483151,23.850876971852447,51,185,103.0,87.0,120.0,38.51297181506238,18.55979976971135,0,112,36.0,26.0,50.0,IMG20200713150330.jpg,unripe
81.72276286413212,26.257729585596692,0,152,82.0,66.0,100.0,99.18572206851613,30.96694209714731,0,178,101.0,81.0,121.0,35.44225695149178,17.779427188438873,0,110,34.0,23.0,46.0,IMG20200713150335.jpg,unripe
66.22101631183703,21.69505004666452,24,134,64.0,50.0,82.0,83.69477529830259,25.36898284639075,24,160,83.0,65.0,102.0,20.625746424107763,16.221582716417192,0,103,17.0,8.0,29.0,IMG20200713150335.jpg,unripe
79.94887462211445,28.339683399351372,0,151,81.0,64.0,99.0,97.33535940521081,33.45914973869315,0,178,100.0,80.0,120.0,34.32333116127034,18.19334445592294,0,110,33.0,22.0,46.0,IMG20200713150335.jpg,unripe
85.22101631183703,21.69505004666452,43,153,83.0,69.0,101.0,102.69477529830259,25.36898284639075,43,179,102.0,84.0,121.0,38.21239571427046,17.873024710312507,0,122,36.0,26.0,48.0,IMG20200713150335.jpg,unripe
96.6987811521904,23.411147530801095,51,170,94.0,79.0,114.0,115.55363037185006,27.375234018050993,51,198,115.0,95.0,135.0,45.978656810485724,19.28607951133724,5,136,44.0,33.0,57.0,IMG20200713150335.jpg,unripe
98.43591840951946,31.917680245401975,0,178,102.0,84.0,119.0,110.11202762159789,35.90542417494602,0,192,114.0,96.0,132.0,32.64958111261312,21.027463344940195,0,120,33.0,16.0,47.0,IMG20200713150343.jpg,unripe
116.03288244461474,24.30823613146322,59,194,116.0,99.0,133.0,128.4374338089047,27.328371355506647,59,208,128.0,111.0,147.0,46.421875134534744,21.72178857936752,10,147,46.0,31.0,61.0,IMG20200713150343.jpg,unripe
88.5467319895644,42.49563392247592,0,179,99.0,71.0,118.0,98.62808138383517,47.89463638999761,0,193,110.0,78.0,131.0,28.178808517233364,21.898496240319005,0,125,27.0,8.0,44.0,IMG20200713150343.jpg,unripe
102.99865680509036,23.69074265566275,47,179,103.0,86.0,120.0,115.09001988961693,26.616988742188262,47,193,115.0,98.0,133.0,35.17737060986215,21.140667489899716,0,133,35.0,20.0,49.0,IMG20200713150343.jpg,unripe
125.42017892045014,25.978006357146725,64,209,125.0,107.0,144.0,138.6780292919813,29.186570563399677,64,224,139.0,120.0,158.0,51.05367613504275,23.199561606123883,12,158,51.0,34.0,66.0,IMG20200713150343.jpg,unripe
88.17892427847407,21.792801623678365,43,151,88.0,72.0,103.0,100.95248498571543,23.749917799989728,40,168,102.0,83.0,116.0,35.05543123501889,18.146352785845227,5,117,33.0,22.0,46.0,IMG20200713150353.jpg,unripe
93.09342909454355,36.384035449822235,0,175,98.0,75.0,117.0,107.73466950884051,40.903467634306956,0,196,115.0,89.0,134.0,33.05276890826914,22.80327833130998,0,129,32.0,16.0,48.0,IMG20200713150353.jpg,unripe
99.89286124943614,26.25223052158107,45,176,100.0,80.0,118.0,115.27634244067256,28.6061814487211,42,196,117.0,94.0,134.0,35.91303655613441,21.850224775251554,0,135,34.0,20.0,49.0,IMG20200713150353.jpg,unripe
87.3527273370541,40.16062075711161,0,176,94.0,63.0,116.0,101.16014647219593,45.48394133046953,0,196,111.0,74.0,133.0,30.716537383136238,23.886371984327997,0,135,29.0,10.0,47.0,IMG20200713150353.jpg,unripe
125.16216311837182,21.125555518637185,81,186,125.0,109.0,140.0,137.5461307812735,23.016713392294577,79,202,139.0,120.0,153.0,73.70886882070424,17.57115456850271,45,153,72.0,61.0,84.0,IMG20200713150353.jpg,unripe
85.55822442112911,34.35294969849314,0,166,91.0,71.0,108.0,103.51989828133514,40.7035212016781,0,186,110.0,88.0,131.0,35.47714357381955,22.332543556985755,0,107,34.0,19.0,51.0,IMG20200713150357.jpg,unripe
56.93217025766999,47.75380494836996,0,166,67.0,0.0,98.0,69.60229385968707,58.031573395685136,0,187,84.0,0.0,120.0,25.366230441213357,24.94327236407697,0,109,23.0,0.0,44.0,IMG20200713150357.jpg,unripe
93.67533927845484,22.966185852484035,43,166,94.0,76.0,110.0,112.78496362865768,26.15262024932675,52,187,113.0,93.0,132.0,39.42177782775293,20.51633746125145,0,109,37.0,24.0,54.0,IMG20200713150357.jpg,unripe
103.85557852490636,19.267503954279732,61,165,104.0,89.0,118.0,119.88388849004869,21.937710437930345,69,182,120.0,103.0,136.0,58.35475249323173,17.20506936085566,25,117,56.0,45.0,71.0,IMG20200713150357.jpg,unripe
69.6550387932153,19.904848833302783,26,132,70.0,54.0,84.0,86.21494987587901,22.668837292010124,34,151,86.0,69.0,103.0,23.676126387170992,16.363610013185916,0,83,21.0,10.0,35.0,IMG20200713150357.jpg,unripe
66.04698944270409,47.33519839289911,0,204,74.0,0.0,105.0,75.0864873301301,53.644210386831,0,204,85.0,0.0,120.0,21.117735588232016,19.737605376874605,0,182,20.0,0.0,32.0,IMG20200713150406.jpg,unripe
92.94419237243731,25.639503480305258,0,203,94.0,74.0,112.0,106.05302059062886,28.02396738422879,0,203,108.0,86.0,126.0,29.90818385525245,16.41774886554782,0,181,28.0,20.0,37.0,IMG20200713150406.jpg,unripe
92.04720125751106,26.898099679266082,0,202,94.0,73.0,112.0,105.17046632701977,29.451124038694115,0,201,108.0,85.0,126.0,29.12982018037703,16.067709669087712,0,181,27.0,19.0,37.0,IMG20200713150406.jpg,unripe
94.01733536972831,24.142636153759984,45,204,94.0,75.0,112.0,107.06976510852722,26.34271458526274,43,204,108.0,86.0,126.0,30.958796445970503,17.167024924529446,0,182,28.0,20.0,38.0,IMG20200713150406.jpg,unripe
38.08619747828898,22.043658311974802,0,139,38.0,21.0,55.0,50.00239685176308,24.162133663816043,0,139,51.0,31.0,67.0,22.75491912018818,11.232685409191276,0,119,24.0,15.0,30.0,IMG20200713150406.jpg,unripe
82.54447630982793,35.11089044889335,0,179,85.0,66.0,103.0,97.49513182628814,38.995557497256435,0,183,104.0,80.0,122.0,31.76608666313202,21.97208429994601,0,121,31.0,15.0,45.0,IMG20200713150430.jpg,unripe
90.56416590350412,28.489823454110343,37,188,87.0,70.0,107.0,107.77055718899118,29.24837340500367,42,192,107.0,87.0,127.0,32.18308671133176,22.629132282434767,0,130,28.0,15.0,45.0,IMG20200713150430.jpg,unripe
92.05115197377934,25.507101587702977,44,179,89.0,74.0,107.0,107.45933146961006,26.19306922635408,49,183,107.0,89.0,125.0,38.513218778618594,21.942270933323613,0,127,36.0,24.0,51.0,IMG20200713150430.jpg,unripe
125.35664192413361,29.848641220625755,69,227,122.0,104.0,143.0,143.39010459343518,30.650431342154324,75,232,143.0,122.0,164.0,62.72288764640671,25.647128952235693,18,166,60.0,46.0,77.0,IMG20200713150430.jpg,unripe
79.03618595459585,38.27161912630212,0,168,83.0,58.0,105.0,93.04318696679037,42.92086605011388,0,183,100.0,70.0,123.0,31.629163252518435,23.570379934887224,0,127,30.0,12.0,47.0,IMG20200713150430.jpg,unripe
82.7143845987454,34.52927286056734,0,170,85.0,65.0,107.0,100.15309322950465,39.94460878769492,0,187,104.0,82.0,128.0,33.33495565650011,22.83353182193021,0,143,33.0,17.0,46.0,IMG20200713150444.jpg,unripe
89.36217823923859,25.234981492116212,41,171,87.0,69.0,108.0,107.77342634652823,27.64815722952919,45,188,106.0,86.0,128.0,37.442472420506164,21.788470173925912,0,147,36.0,23.0,48.0,IMG20200713150444.jpg,unripe
60.12335063811378,45.74253770199309,0,164,66.0,0.0,98.0,73.09128271685053,54.815707163425415,0,188,82.0,0.0,119.0,24.33054293748648,24.226313707782367,0,143,21.0,0.0,41.0,IMG20200713150444.jpg,unripe
86.46735885788449,29.532506185172572,0,170,86.0,67.0,107.0,104.54528444732857,33.47114353653449,0,187,105.0,85.0,128.0,35.41245944192083,21.852889572809524,0,146,34.0,21.0,47.0,IMG20200713150444.jpg,unripe
130.85120051914342,27.027053369759965,79,218,128.0,109.0,151.0,150.5647415098421,29.608209106219757,83,236,149.0,127.0,172.0,75.21647198788665,23.361442151044994,35,193,74.0,60.0,87.0,IMG20200713150444.jpg,unripe
93.25015083138258,29.86986381263842,45,183,90.0,68.0,113.0,102.08516543186042,27.8105142670161,48,183,100.0,78.0,122.0,36.4747930593431,22.355816051193003,0,139,32.0,21.0,49.0,IMG20200713150450.jpg,unripe
46.94962231821802,24.194458073032397,8,120,44.0,26.0,63.0,54.102854936409486,22.532532667475824,10,120,52.0,35.0,70.0,13.865361874653088,11.707610692452976,0,84,12.0,6.0,18.0,IMG20200713150450.jpg,unripe
93.05635060453218,29.941332142208413,9,182,90.0,68.0,113.0,101.90256292685281,27.922671472415715,11,181,100.0,78.0,122.0,36.26361705721939,22.130759503076526,0,136,32.0,20.0,48.0,IMG20200713150450.jpg,unripe
63.756715013152494,44.49302804606099,0,183,66.0,34.0,99.0,70.64296401766538,47.575196912119104,0,183,75.0,41.0,109.0,23.975818712744648,22.96701208986454,0,139,21.0,1.0,37.0,IMG20200713150450.jpg,unripe
128.416354948476,25.06848179492832,88,204,126.0,107.0,145.0,135.83369935082172,23.34026843180213,90,204,134.0,116.0,153.0,80.75869392089196,18.772927069453008,50,167,77.0,68.0,91.0,IMG20200713150450.jpg,unripe
78.23500289333248,23.265846745696653,40,161,73.0,61.0,90.0,96.23085578345014,24.897715202676004,48,186,92.0,78.0,109.0,34.22315094622688,21.968692007995006,0,143,29.0,19.0,45.0,IMG20200713150506.jpg,unripe
76.04075312372747,25.801840040647683,0,161,73.0,59.0,89.0,93.79653443065646,28.578588841108168,0,185,92.0,77.0,108.0,32.517585031826655,21.807691663887343,0,141,28.0,17.0,43.0,IMG20200713150506.jpg,unripe
37.14714203047644,23.871440099471975,0,122,32.0,19.0,49.0,55.61468312651364,25.47755464198584,6,148,51.0,37.0,69.0,19.756949355965624,13.440507122353049,0,104,18.0,10.0,28.0,IMG20200713150506.jpg,unripe
76.32507126170728,24.97861790841237,0,161,73.0,59.0,89.0,94.3129514134465,27.40161848327044,0,185,91.0,76.0,108.0,32.536145223858206,21.6482545077417,0,136,28.0,17.0,43.0,IMG20200713150506.jpg,unripe
113.98409738742794,25.895780848362232,71,206,108.0,95.0,127.0,134.01405945262437,27.688598669128783,80,234,129.0,114.0,148.0,65.03295184208834,24.432358393381804,27,186,59.0,48.0,77.0,IMG20200713150506.jpg,unripe
78.12433541541496,31.117281725914783,0,166,81.0,60.0,98.0,94.20449366873363,35.63764691287041,0,174,99.0,74.0,118.0,26.53766451656785,18.450109483732763,0,129,25.0,13.0,37.0,IMG20200713150510.jpg,unripe
83.66724859147745,25.398737961517174,0,166,84.0,68.0,100.0,100.64125469035176,28.30319229667589,0,174,102.0,84.0,119.0,28.53826533504132,18.090751168879148,0,128,27.0,16.0,38.0,IMG20200713150510.jpg,unripe
88.39941958668223,26.846954539931296,38,185,86.0,68.0,105.0,108.86685635904006,29.206724639970133,41,194,108.0,88.0,129.0,23.65303299967125,19.636385295129426,0,140,18.0,10.0,32.0,IMG20200713150510.jpg,unripe
40.495335154682415,21.08161381030329,1,116,39.0,25.0,54.0,56.562672168501244,22.931432524144284,3,123,56.0,40.0,73.0,17.595603822565835,11.307071877964354,0,81,17.0,8.0,25.0,IMG20200713150510.jpg,unripe
85.72730776642898,22.436280487252212,44,166,84.0,69.0,100.0,102.83185018081235,24.399586307451777,46,174,102.0,85.0,120.0,29.956185596227314,18.284002801685293,0,129,27.0,18.0,39.0,IMG20200713150510.jpg,unripe
73.84981974852721,23.89728085406534,30,143,71.0,55.0,90.0,86.33888532991672,25.17627051434586,32,150,85.0,67.0,105.0,22.894486942759166,15.7536418939902,0,93,21.0,9.0,33.0,IMG20200713150521.jpg,unripe
94.86000678298225,27.67954976908367,44,175,92.0,73.0,114.0,109.3271532828378,29.170587801478753,46,183,108.0,87.0,131.0,34.70271696122395,19.76929949635405,0,117,34.0,20.0,48.0,IMG20200713150521.jpg,unripe
94.64630515883483,27.900162111873435,0,174,92.0,73.0,114.0,109.12806019268695,29.438942916951397,0,182,108.0,87.0,131.0,34.46905578374848,19.583683917294124,0,112,33.0,20.0,48.0,IMG20200713150521.jpg,unripe
90.80235143384708,34.00030017146581,0,174,91.0,72.0,113.0,104.88804310962053,36.95796782788816,0,182,107.0,85.0,130.0,32.04010752282976,20.168333230736884,0,108,31.0,16.0,47.0,IMG20200713150521.jpg,unripe
59.86000678298225,27.67954976908367,9,140,57.0,38.0,79.0,74.3271532828378,29.170587801478753,11,148,73.0,52.0,96.0,16.12424162490108,11.442133184135542,0,82,14.0,7.0,23.0,IMG20200713150521.jpg,unripe
26.73944886738034,17.361104935961475,0,89,26.0,12.0,39.0,41.50880926404027,21.285518415635202,0,107,42.0,26.0,57.0,22.190606332299915,12.092498040775322,0,73,22.0,12.0,31.0,IMG20200713150538.jpg,unripe
149.53794302874488,24.555923479477908,99,233,149.0,131.0,167.0,170.08364209866807,28.092925501572545,98,255,171.0,149.0,191.0,89.85864128849664,20.956741977134488,50,211,88.0,75.0,102.0,IMG20200713150538.jpg,unripe
87.04164281161894,21.539185936638855,43,160,87.0,71.0,102.0,105.06365787000529,24.649510533640512,42,181,106.0,87.0,123.0,34.69034167629871,18.38829177947262,0,141,33.0,22.0,45.0,IMG20200713150538.jpg,unripe
84.17444611279747,25.111645291333076,0,160,86.0,69.0,102.0,102.23476607650178,29.017447116193054,0,181,105.0,85.0,122.0,32.09490888271959,17.11023611362709,0,124,31.0,20.0,43.0,IMG20200713150538.jpg,unripe
63.77888801270349,42.34035855322854,0,160,72.0,32.0,99.0,77.57180819461398,50.874648614168514,0,181,90.0,39.0,119.0,25.452043252352198,21.66704651918375,0,141,25.0,2.0,41.0,IMG20200713150538.jpg,unripe
83.96719061744555,19.324708331115055,44,152,84.0,69.0,98.0,100.83489744428844,22.1550214777858,44,172,102.0,83.0,118.0,32.19848198545324,19.935107844128623,0,140,29.0,19.0,41.0,IMG20200713150542.jpg,unripe
51.8819157808063,41.606220072132594,0,152,61.0,0.0,88.0,62.491539021841255,49.82427051444521,0,172,74.0,0.0,106.0,19.531674566394663,20.833421968984474,0,140,16.0,0.0,32.0,IMG20200713150542.jpg,unripe
52.43178963147505,19.790369540871104,11,122,52.0,37.0,67.0,69.70490557273908,22.75790663706044,11,143,71.0,51.0,87.0,15.214548870989876,13.68591090188087,0,110,12.0,6.0,21.0,IMG20200713150542.jpg,unripe
81.57374193752705,22.99392468981434,0,147,84.0,67.0,98.0,98.25961426806997,26.872083697515038,0,170,102.0,82.0,118.0,30.38548913215594,19.125470328748914,0,139,28.0,18.0,39.0,IMG20200713150542.jpg,unripe
69.78194639445154,19.05871771632749,30,137,70.0,55.0,84.0,86.3384496827793,21.735382660687662,30,157,88.0,69.0,103.0,20.048411785197775,18.027600318664508,0,125,15.0,8.0,27.0,IMG20200713150542.jpg,unripe
78.97171071887607,32.48316770620392,0,161,81.0,63.0,100.0,92.13038775276466,37.615268018756616,0,174,96.0,75.0,117.0,22.489202224456292,16.925058128430035,0,97,22.0,8.0,34.0,IMG20200714165830.jpg,unripe
83.98923403876255,27.753799016903358,0,161,84.0,67.0,102.0,98.0540079663023,31.656648646009803,0,174,99.0,80.0,120.0,24.527443020577493,16.88318413937021,0,113,24.0,12.0,36.0,IMG20200714165830.jpg,unripe
76.50668736717527,36.74860688326203,0,162,81.0,60.0,102.0,90.04135859813441,41.97647954895099,0,174,96.0,73.0,119.0,21.162863796592053,17.159787293544024,0,98,21.0,4.0,33.0,IMG20200714165830.jpg,unripe
74.96205189549637,19.99114374829588,37,139,73.0,59.0,89.0,87.53916341100266,22.18482904670543,35,150,86.0,71.0,104.0,22.45420648757333,14.91059473256608,0,101,21.0,12.0,31.0,IMG20200714165830.jpg,unripe
87.73984805487332,23.11030699670624,44,162,85.0,69.0,104.0,102.28125119303648,25.64637678172681,41,174,100.0,83.0,121.0,26.873289981038674,17.465338655267384,0,118,25.0,15.0,37.0,IMG20200714165830.jpg,unripe
74.79703545374285,28.45962541632453,0,166,74.0,58.0,93.0,95.74362250824775,32.76050810895009,0,186,97.0,79.0,118.0,45.047325867757074,21.757171962084772,0,147,43.0,32.0,57.0,IMG20200714170119.jpg,unripe
80.4671019004693,24.55267611630488,0,180,77.0,62.0,96.0,101.63634357139539,26.678737573482294,0,192,99.0,83.0,120.0,50.11434180567817,21.60485326615939,0,147,46.0,36.0,61.0,IMG20200714170119.jpg,unripe
57.710306212536594,40.5728781999652,0,181,65.0,1.0,87.0,73.06276427675294,50.08332630684729,0,193,87.0,1.0,112.0,35.87149760698852,27.384732829602296,0,144,38.0,2.0,54.0,IMG20200714170119.jpg,unripe
108.0439686817527,23.896605423879297,66,207,104.0,89.0,124.0,129.27778681288044,25.568964526968283,74,219,126.0,110.0,147.0,77.93646903024953,21.362529547371295,28,174,74.0,64.0,88.0,IMG20200714170119.jpg,unripe
81.04868500534361,23.913234675267876,39,181,77.0,62.0,97.0,102.29362018493565,25.610123967090598,47,193,99.0,83.0,120.0,50.62628362994285,21.662165393558425,0,147,47.0,36.0,61.0,IMG20200714170119.jpg,unripe
