YCbCr_Y_Mean,YCbCr_Y_Std,YCbCr_Y_Min,YCbCr_Y_Max,YCbCr_Y_Median,YCbCr_Y_Q25,YCbCr_Y_Q75,YCbCr_Cb_Mean,YCbCr_Cb_Std,YCbCr_Cb_Min,YCbCr_Cb_Max,YCbCr_Cb_Median,YCbCr_Cb_Q25,YCbCr_Cb_Q75,YCbCr_Cr_Mean,YCbCr_Cr_Std,YCbCr_Cr_Min,YCbCr_Cr_Max,YCbCr_Cr_Median,YCbCr_Cr_Q25,YCbCr_Cr_Q75,Image_Name,Label
123.81660747245371,38.479048339701016,51,222,125.0,94.0,152.0,145.37681777504335,7.172949970830533,127,158,147.0,141.0,151.0,80.18037222439733,17.53149219830393,57,126,74.0,67.0,89.0,image_0_1014.jpg,overripe
112.2479434784237,35.358818346492185,51,223,110.0,84.0,136.0,143.5160964162225,5.413838313807852,128,158,144.0,140.0,147.0,80.6927263422002,12.32183999672895,60,127,78.0,71.0,88.0,image_0_107.jpg,overripe
126.85515952834321,41.133983162389576,51,217,128.0,95.0,157.0,149.17797981423374,8.513743538346505,127,162,152.0,144.0,156.0,77.41461277835886,18.16878805450948,54,126,71.0,63.0,88.0,image_0_1113.jpg,overripe
126.75310842411453,38.56339459702092,51,218,126.0,98.0,156.0,148.20503479153595,6.885879317363526,127,159,149.0,144.0,154.0,79.2134688872412,13.824876318846693,59,126,76.0,68.0,87.0,image_0_1156.jpg,overripe
103.58546106963828,34.88558199253454,51,209,97.0,75.0,130.0,143.9396119585993,9.027538060998348,127,164,143.0,137.0,150.0,94.9410094125284,17.736956225554316,57,125,98.0,80.0,111.0,image_0_116.jpg,overripe
125.67351494357406,41.35606324449207,51,226,125.0,92.0,159.0,149.76715169553415,6.663411610365737,128,161,152.0,146.0,155.0,81.81971945489369,14.508613047262447,58,125,79.0,71.0,91.0,image_0_1338.jpg,overripe
113.1028656084656,30.323751925444633,51,224,113.0,90.0,137.0,142.59747724867725,7.287138106545938,126,157,143.0,137.0,148.0,85.78119788359788,11.446293766008859,66,126,84.0,77.0,92.0,image_0_1358.jpg,overripe
115.60262035720908,39.90906261332609,51,229,110.0,85.0,142.0,147.0975629853944,8.833270978400122,127,163,148.0,140.0,154.0,87.70274807902273,19.314381348979595,56,126,85.0,70.0,107.0,image_0_1390.jpg,overripe
110.52595336219939,34.32272819472399,51,203,106.0,83.0,138.0,149.7000782513433,9.173583233576029,129,164,152.0,142.0,157.0,84.1892847827221,19.150519212205474,55,126,78.0,68.0,101.0,image_0_1450.jpg,overripe
114.60393401322642,42.25104585944655,51,221,104.0,82.0,146.0,144.5949226036191,9.831723236903667,127,161,146.0,135.0,153.0,87.7013395993314,22.70304133691335,48,127,83.0,68.0,114.0,image_0_1519.jpg,overripe
117.81885233306585,38.2621987291135,51,218,115.0,89.0,144.0,148.96489730412662,8.838136893943128,128,164,151.0,142.0,156.0,84.08502501237814,19.31094228956953,54,126,79.0,67.0,102.0,image_0_1524.jpg,overripe
107.25180770627662,31.73230766643817,51,229,104.0,84.0,125.0,149.70864562353486,6.969354655929062,128,160,152.0,146.0,154.0,84.85475616601182,13.552924538315144,63,127,80.0,75.0,90.0,image_0_1538.jpg,overripe
136.0066948937864,40.85586192196978,51,217,139.0,101.0,170.0,149.66236022147433,7.764139010685306,128,163,152.0,143.0,156.0,84.68761987478739,16.612341022139148,56,123,79.0,72.0,100.0,image_0_1542.jpg,overripe
120.06489342753666,36.93755577816151,51,218,120.0,91.0,147.0,144.88426200795584,6.369382631284472,126,158,147.0,142.0,149.0,81.16019266163985,15.354327805705672,61,126,76.0,70.0,87.0,image_0_1550.jpg,overripe
125.92646346145374,39.80391407440146,51,224,127.0,96.0,153.0,149.16618729033843,7.5054312761602135,128,161,152.0,144.0,155.0,81.58489366656806,14.93760915524035,60,126,76.0,70.0,91.0,image_0_156.jpg,overripe
116.18967460066425,36.35683433299911,51,205,117.0,86.0,146.0,147.64490748062627,9.254146657192075,127,165,149.0,141.0,155.0,82.14061758658865,14.570917467186904,61,126,78.0,70.0,92.0,image_0_1585.jpg,overripe
115.50298076923077,35.378956570793484,51,215,113.0,88.0,142.0,146.05502403846154,6.0544485591333075,127,159,147.0,142.0,151.0,78.50203125,13.920419275190685,60,127,74.0,68.0,86.0,image_0_1589.jpg,overripe
109.81623291421722,33.40302143250484,51,202,105.0,83.0,136.0,149.50117262968664,9.174341653260955,128,163,152.0,142.0,157.0,84.57660319657819,19.178994374233454,55,127,79.0,68.0,102.0,image_0_1592.jpg,overripe
110.85752553155868,28.047525361899485,51,190,113.0,89.0,133.0,149.0887661141805,6.116433145985395,128,159,151.0,145.0,154.0,82.50058597019923,9.699685676256,68,126,81.0,75.0,88.0,image_0_1787.jpg,overripe
123.13819679364613,27.43588954359229,51,188,126.0,107.0,143.0,149.1048448301221,4.942754251708022,129,158,151.0,146.0,153.0,83.41592587145169,10.039526614991926,67,125,80.0,76.0,88.0,image_0_1788.jpg,overripe
117.74255278166271,31.767845120674895,51,198,118.0,94.0,141.0,143.21624360380883,5.036649433197313,128,155,144.0,140.0,147.0,81.34459453800866,11.475762133972475,64,126,78.0,73.0,86.0,image_0_1796.jpg,overripe
126.86032191968907,43.568227719141554,51,219,125.0,88.0,165.0,147.67137365074672,8.588314705506537,127,160,150.0,143.0,155.0,79.3452926638643,19.449608221086176,51,127,74.0,64.0,89.0,image_0_1830.jpg,overripe
126.19671796268555,39.32040084586614,51,217,126.0,97.0,157.0,151.17937718462028,7.048176416167702,128,163,153.0,147.0,157.0,77.64849365230681,15.270346359986599,53,124,74.0,66.0,87.0,image_0_1839.jpg,overripe
117.88092919976087,38.319901613092085,51,219,115.0,89.0,144.0,149.00297207276455,8.83908439710045,128,164,151.0,142.0,156.0,83.95069604577675,19.41716044656384,53,126,79.0,67.0,102.0,image_0_1856.jpg,overripe
111.44608698988891,32.3851068399718,51,220,109.0,87.0,131.0,144.29136048809502,5.568361165227909,128,156,145.0,140.0,148.0,83.31680128930758,11.060788946166687,65,125,82.0,75.0,90.0,image_0_1863.jpg,overripe
126.34681767710416,41.19530859898603,51,221,125.0,94.0,157.0,149.09887630468577,8.491244544462125,127,163,152.0,144.0,156.0,77.47217410615146,18.314734656365875,53,127,71.0,63.0,88.0,image_0_1886.jpg,overripe
111.7770544211206,35.584405922847026,51,212,107.0,82.0,139.0,149.78074883292578,9.18829534211711,128,164,152.0,143.0,157.0,84.06409645696381,18.557282458216783,58,127,79.0,68.0,99.0,image_0_1895.jpg,overripe
109.83194965892866,33.88082765484232,51,204,107.0,82.0,136.0,149.60956057321135,8.917281404307754,128,164,152.0,142.0,157.0,84.79647824017768,18.3215312977009,59,126,78.0,70.0,100.0,image_0_1912.jpg,overripe
125.74181306799711,39.66157595260811,51,225,126.0,95.0,156.0,145.5284369567368,7.162204630598447,127,159,147.0,142.0,151.0,79.87398414201517,17.293419674419273,57,125,73.0,67.0,88.0,image_0_1934.jpg,overripe
111.30494547106937,37.7338652977073,51,211,109.0,79.0,139.0,139.8143996768656,6.018586082411084,127,156,140.0,136.0,144.0,91.51815106533374,17.99111438021637,62,126,90.0,75.0,108.0,image_0_1952.jpg,overripe
99.11814914645103,40.188280129632375,51,240,90.0,66.0,118.0,139.2097525116393,7.725127824049893,126,155,139.0,132.0,146.0,99.89636935391653,16.67395112055261,68,127,103.0,84.0,115.0,image_0_2070.jpg,overripe
118.37597795645496,34.1818408907918,51,195,122.0,91.0,145.0,142.64848676483874,5.639272206211337,128,156,142.0,138.0,147.0,78.97077423434818,12.863550868949991,59,126,77.0,70.0,84.0,image_0_2095.jpg,overripe
128.2016556213666,38.96546659121482,51,237,128.0,98.0,160.0,145.49302463871305,8.25144883498951,125,160,148.0,141.0,152.0,84.92224995501029,18.78333941556607,58,129,80.0,69.0,97.0,image_0_2116.jpg,overripe
122.93802754070649,27.49276266937404,51,187,126.0,107.0,143.0,149.0919432281089,4.992818411309553,129,157,151.0,146.0,153.0,83.43151802589719,10.192867493651729,69,125,80.0,76.0,89.0,image_0_214.jpg,overripe
115.42463708852995,38.69010047434553,51,223,111.0,86.0,143.0,147.0356471069311,8.796639696514676,127,163,148.0,140.0,154.0,87.94827233694541,19.287455298602065,55,126,86.0,71.0,107.0,image_0_2154.jpg,overripe
106.46605898288864,35.90932233853256,51,206,101.0,76.0,135.0,145.0244205521638,9.789098683011234,127,165,144.0,137.0,154.0,89.71137593294382,17.567787824460737,54,126,91.0,74.0,103.0,image_0_2156.jpg,overripe
121.78227548064261,39.05190313855174,51,222,120.0,92.0,148.0,148.1889737512071,7.251334128445781,127,160,150.0,143.0,154.0,83.39158985163726,13.573653113491062,64,125,79.0,73.0,91.0,image_0_216.jpg,overripe
107.8399156187955,32.00676958392871,51,233,106.0,85.0,126.0,149.8802531436135,7.053123832243881,128,160,152.0,146.0,155.0,84.7082892124421,13.56138448041185,65,127,80.0,75.0,90.0,image_0_2168.jpg,overripe
123.79056152530269,37.461403271681334,51,226,124.0,96.0,153.0,146.20588430685422,7.795951234079953,125,161,148.0,140.0,153.0,79.35095746624371,16.310488691623764,53,125,74.0,66.0,90.0,image_0_2178.jpg,overripe
106.46901556119633,34.45998584994762,51,246,102.0,80.0,126.0,139.90395651694072,5.420886780023234,125,154,139.0,136.0,144.0,88.2308106169297,10.595089544877313,68,127,86.0,81.0,95.0,image_0_2198.jpg,overripe
124.09086073805541,38.3328495372494,51,224,125.0,95.0,152.0,145.3884693713302,7.146271717719182,126,158,147.0,141.0,151.0,80.03385844956574,17.425486734597598,57,126,74.0,67.0,88.0,image_0_220.jpg,overripe
118.41436764426082,34.22048110558967,51,215,116.0,95.0,139.0,152.77378978554538,8.036912452570041,128,164,155.0,149.0,158.0,79.07663559022588,15.864134815638728,56,126,74.0,67.0,86.0,image_0_2210.jpg,overripe
119.0903117940073,33.603292431939195,51,216,118.0,96.0,140.0,152.97803002563163,7.95267385352859,128,164,156.0,149.0,159.0,78.65004870701864,15.904174947828528,54,126,74.0,67.0,85.0,image_0_2216.jpg,overripe
127.60751020408163,30.032317163500377,51,206,131.0,108.0,149.0,146.2517667638484,5.24723734873861,129,156,148.0,143.0,151.0,77.67061224489795,11.44044049125306,56,125,75.0,69.0,83.0,image_0_2273.jpg,overripe
116.54376689222514,35.49198582895318,51,207,118.0,88.0,146.0,147.60963917220698,9.281494746623931,127,165,149.0,141.0,155.0,82.15712481998067,14.587321079131842,60,126,78.0,70.0,93.0,image_0_2351.jpg,overripe
110.77062930038672,38.24826710346238,51,217,107.0,78.0,139.0,139.7629576615941,6.037784986460729,127,158,140.0,136.0,144.0,91.61327909195921,18.136909986061667,62,125,90.0,74.0,109.0,image_0_2402.jpg,overripe
127.31513915029956,39.20160662830236,51,218,129.0,97.0,157.0,148.3204192468499,6.849418713936017,127,160,149.0,144.0,154.0,79.11115501214063,13.476676813562824,60,126,76.0,68.0,86.0,image_0_2415.jpg,overripe
123.11715565304817,40.85828814639124,51,217,125.0,88.0,158.0,143.0242756603601,8.350556476827249,126,160,144.0,136.0,150.0,84.86491179965269,18.637314868208485,57,124,78.0,70.0,97.0,image_0_2457.jpg,overripe
120.75617843368009,41.62504955848797,51,221,121.0,84.0,155.0,142.94669839279118,8.152426881668374,126,160,144.0,137.0,149.0,86.59221908206128,19.363439123969552,57,126,80.0,70.0,103.0,image_0_2528.jpg,overripe
120.26319547624887,37.37897759434904,51,220,116.0,93.0,145.0,147.75619202861964,5.836449760257922,128,162,148.0,143.0,152.0,88.6977914977713,12.870896032727842,63,125,85.0,78.0,102.0,image_0_2537.jpg,overripe
119.94349938784667,33.13902362490634,51,209,119.0,97.0,141.0,153.90080834657763,7.675659715428118,128,164,156.0,151.0,159.0,76.8543455282389,15.118466644780131,53,126,72.0,66.0,81.0,image_0_2554.jpg,overripe
125.65426010891471,38.653660296015374,51,215,125.0,95.0,155.0,148.21230507553992,6.773195537388129,127,160,149.0,144.0,154.0,79.06203993539442,13.531743745169548,60,125,76.0,68.0,87.0,image_0_26.jpg,overripe
121.92866986022705,36.56358962997092,51,222,121.0,95.0,149.0,147.5440499886986,6.326039792951334,128,158,149.0,143.0,153.0,87.46822844893585,14.011382016253688,64,126,83.0,76.0,100.0,image_0_2600.jpg,overripe
111.52527857398002,29.043800157687166,51,220,111.0,90.0,134.0,141.90186529129386,6.96226614185597,126,157,142.0,137.0,147.0,86.76950017860099,10.404686678019203,67,126,85.0,79.0,93.0,image_0_2670.jpg,overripe
116.08594167078596,36.26036918995656,51,204,116.0,86.0,146.0,147.63099357390016,9.244448620819634,127,165,149.0,141.0,155.0,82.20712802768166,14.531113927678087,61,125,78.0,70.0,93.0,image_0_2678.jpg,overripe
111.04149091025,35.81951351950986,51,206,109.0,82.0,140.0,139.0010943825239,5.692635568809116,126,154,139.0,135.0,143.0,95.27006810671823,17.115106232254174,67,126,94.0,79.0,111.0,image_0_2722.jpg,overripe
125.56941753931213,40.63904491883507,51,228,127.0,93.0,159.0,149.72703144281215,6.701467510927269,127,162,152.0,146.0,155.0,81.96577207580468,14.513805075763644,59,125,79.0,71.0,91.0,image_0_2777.jpg,overripe
111.83347891576624,25.561823430575867,51,216,112.0,94.0,129.0,150.71431224336797,6.236628423112427,129,160,152.0,147.0,156.0,82.51241806689455,9.396252383008898,68,126,80.0,75.0,88.0,image_0_281.jpg,overripe
113.63872925042547,34.15465271500362,51,208,111.0,87.0,133.0,153.29387317169426,7.2848315112734054,128,164,155.0,150.0,158.0,78.3558074143502,13.642536684792995,60,126,74.0,69.0,83.0,image_0_2832.jpg,overripe
112.06127142257338,30.992933481691622,51,210,109.0,90.0,133.0,144.16514943318447,5.5921409606754935,128,156,145.0,140.0,148.0,83.6495858620558,11.296702279208562,65,127,82.0,75.0,90.0,image_0_2839.jpg,overripe
112.16015621418946,37.457543623257834,51,216,107.0,83.0,141.0,146.40784371247054,8.171083358296181,128,164,147.0,140.0,153.0,82.69765587040823,17.847027574256575,55,127,79.0,67.0,98.0,image_0_2858.jpg,overripe
99.19985610031864,41.909834496766514,51,236,89.0,66.0,117.0,139.2882927330661,7.756844043427757,126,157,139.0,132.0,146.0,99.62170829478877,16.762384824064988,67,126,103.0,84.0,115.0,image_0_2876.jpg,overripe
120.45719336747135,38.88876663663078,51,207,120.0,88.0,151.0,152.73369909778103,10.8501112489584,128,168,155.0,146.0,162.0,76.22000731528895,21.050580326093066,46,127,69.0,59.0,89.0,image_0_2886.jpg,overripe
114.04720475095361,38.83618298198064,51,224,109.0,84.0,143.0,146.6724206404182,8.15343303795744,127,164,147.0,140.0,153.0,82.24381886527574,17.60954397351073,55,127,79.0,67.0,98.0,image_0_2893.jpg,overripe
123.32581430065943,27.193636372265825,51,189,127.0,108.0,143.0,149.1100819296369,4.962640726244769,129,158,151.0,146.0,153.0,83.445123599732,10.080691954514872,68,124,80.0,76.0,88.0,image_0_2965.jpg,overripe
127.84680963130172,39.63994897236696,51,222,132.0,96.0,156.0,149.17654627539503,8.267091739511478,127,162,152.0,144.0,156.0,77.81240782543266,17.766720553148332,55,127,71.0,64.0,87.0,image_0_299.jpg,overripe
105.57313420417672,32.96816103602587,51,243,103.0,79.0,129.0,139.90760462600883,5.413102645529127,127,154,139.0,136.0,144.0,88.22955320742159,10.533534456489487,68,128,86.0,81.0,95.0,image_0_301.jpg,overripe
96.47261555448773,31.723593619440138,51,192,90.0,70.0,122.0,143.51609737146129,8.350845996213009,127,162,143.0,136.0,151.0,94.54812853360052,15.384541500292576,67,126,95.0,81.0,107.0,image_0_3066.jpg,overripe
103.25703256214771,34.97234999892449,51,211,97.0,74.0,130.0,143.77571424802807,8.951717734048549,127,163,143.0,137.0,150.0,94.79739889730129,17.635237730811287,58,127,98.0,80.0,111.0,image_0_3069.jpg,overripe
95.00619170470331,33.9496296203142,51,219,87.0,68.0,115.0,135.6349143348548,7.436366697538137,127,158,133.0,130.0,141.0,109.17593437851426,14.86076341039841,61,126,117.0,104.0,119.0,image_0_3083.jpg,overripe
111.09379411358884,35.88909279669713,51,206,109.0,82.0,140.0,139.00068989672778,5.682027484517225,126,154,139.0,135.0,143.0,95.27227570396,17.132341289226204,67,127,94.0,79.0,111.0,image_0_3102.jpg,overripe
115.94424549099128,34.621301597904264,51,211,111.0,89.0,143.0,146.51063651669193,6.613543830239896,125,160,147.0,143.0,152.0,76.44514310696047,12.197181463525668,56,126,73.0,67.0,84.0,image_0_3153.jpg,overripe
114.64565749811605,41.197491493660856,51,218,110.0,79.0,145.0,143.4906932931424,8.742422063043374,128,164,142.0,136.0,152.0,93.60461567445365,17.44561258423826,59,125,97.0,77.0,109.0,image_0_3157.jpg,overripe
112.21930354556876,31.33258948523395,51,214,110.0,89.0,131.0,144.33611454766904,5.536607155278162,128,156,145.0,140.0,148.0,83.30297014510266,10.996829861281705,65,126,82.0,75.0,90.0,image_0_3178.jpg,overripe
113.12240232248699,35.587085077317234,51,200,113.0,83.0,140.0,145.39696383210355,9.498850361716876,128,165,147.0,136.0,154.0,92.28521833797025,19.056868614840113,65,127,87.0,74.0,112.0,image_0_3180.jpg,overripe
114.7394887089902,29.965010828648023,51,225,114.0,92.0,137.0,142.77831273966765,7.2462980313479814,126,158,143.0,137.0,148.0,85.42600766936515,11.164557952673038,66,125,84.0,77.0,92.0,image_0_3190.jpg,overripe
126.55461202807817,39.13218251129674,51,219,127.0,97.0,157.0,151.19397457787895,6.954605672179412,128,163,153.0,147.0,156.0,77.74484538038323,14.940573851170301,53,127,74.0,67.0,86.0,image_0_3193.jpg,overripe
119.58211658177703,34.241506490964866,51,216,117.0,96.0,142.0,153.67930579136012,7.7100827696533285,129,164,156.0,151.0,159.0,77.367311827957,15.146575558193907,55,127,73.0,66.0,82.0,image_0_3295.jpg,overripe
126.0376760264676,43.94559929617984,51,220,124.0,87.0,165.0,147.61927383780116,8.519570182408282,127,160,149.0,143.0,155.0,79.58579699694604,19.260166091819585,49,127,74.0,64.0,89.0,image_0_3299.jpg,overripe
112.53225510725969,30.981363361387146,51,205,111.0,89.0,134.0,144.35414515522015,5.548992796429562,128,156,145.0,140.0,148.0,83.3291420189719,10.803821947549412,65,126,82.0,75.0,90.0,image_0_3315.jpg,overripe
121.17530769799966,38.592671710552004,51,207,122.0,88.0,151.0,152.71119552080506,10.534220177363016,128,169,155.0,146.0,162.0,76.52112571837309,20.232916407230157,46,127,70.0,60.0,88.0,image_0_3328.jpg,overripe
114.61920638873937,29.503706806167074,51,208,113.0,94.0,133.0,144.98576352344762,5.216209095182397,128,156,146.0,142.0,149.0,82.72476680940636,11.126882348471094,62,126,81.0,74.0,90.0,image_0_334.jpg,overripe
120.05345487085907,36.5720876190492,51,216,120.0,90.0,148.0,149.12849171813588,6.017377941890624,128,160,150.0,146.0,154.0,82.57394897529478,11.958471549328745,65,127,79.0,74.0,88.0,image_0_3342.jpg,overripe
111.89485819050529,37.742151075699105,51,216,106.0,82.0,140.0,146.56306193690565,8.113982716654013,128,165,147.0,140.0,153.0,82.21142253951498,17.81427580736732,55,126,79.0,67.0,98.0,image_0_3436.jpg,overripe
124.28424320236378,35.32692017266839,51,229,127.0,99.0,151.0,146.51980372155194,7.461151041249979,128,160,147.0,141.0,153.0,77.44728094551338,13.86472440264005,52,125,75.0,67.0,87.0,image_0_3503.jpg,overripe
119.53007973868768,37.170314020830254,51,217,115.0,90.0,148.0,147.98423479681045,7.19463507363948,126,163,149.0,144.0,153.0,75.79111345950619,13.495902738205016,55,127,72.0,66.0,84.0,image_0_3513.jpg,overripe
103.99718752197248,31.70942381364496,51,207,101.0,80.0,123.0,145.428246654323,6.968777279957732,128,157,147.0,140.0,151.0,88.23350598823447,14.309987487922486,69,127,84.0,76.0,98.0,image_0_3601.jpg,overripe
118.01693091877769,38.79810324574383,51,228,117.0,87.0,146.0,147.47541046592045,7.9933458021314925,127,160,150.0,142.0,154.0,86.85261007658616,16.90678608670779,60,127,81.0,73.0,101.0,image_0_3615.jpg,overripe
108.39033519899945,28.939920888045492,51,183,106.0,87.0,128.0,146.11368736639494,6.38587718562987,128,157,147.0,142.0,151.0,85.5641171200738,11.808137685049335,67,126,83.0,76.0,92.0,image_0_3622.jpg,overripe
115.8709890558739,36.30382722274253,51,224,111.0,88.0,143.0,146.0632140411576,6.0290293846522935,128,159,146.0,142.0,151.0,78.3871649787965,13.738745205495382,60,127,75.0,68.0,85.0,image_0_3660.jpg,overripe
129.0714584106944,36.67108940654665,51,208,130.0,100.0,159.0,153.1876508540661,7.231339303763005,128,165,155.0,150.0,158.0,72.26088470107686,14.87602124410393,50,127,68.0,62.0,78.0,image_0_3687.jpg,overripe
94.49954130270034,34.834846702716554,51,218,85.0,67.0,114.0,135.60617180540598,7.4158151954232086,127,158,133.0,130.0,141.0,109.2869317804103,14.805462397178408,62,126,117.0,104.0,119.0,image_0_3715.jpg,overripe
112.48931005785845,34.30135981425406,51,218,112.0,86.0,134.0,142.35304549417452,6.25473287060491,127,158,142.0,137.0,148.0,84.57472061504319,12.319579468991337,63,127,82.0,75.0,92.0,image_0_3759.jpg,overripe
108.18817839598913,29.17454484832022,51,206,107.0,86.0,130.0,149.07087391752054,6.042122905768708,129,159,151.0,145.0,154.0,82.35730684177653,9.545982828326542,68,126,81.0,75.0,88.0,image_0_3761.jpg,overripe
128.32959057706069,38.14600457811025,51,243,127.0,101.0,159.0,145.50007469786678,8.203946237844391,125,159,148.0,142.0,152.0,84.78781088072716,18.800680487849704,58,127,80.0,69.0,97.0,image_0_3763.jpg,overripe
118.17680344255074,34.78040771378611,51,215,115.0,94.0,139.0,152.7323213499136,8.091085458666525,129,165,155.0,149.0,159.0,79.06186426320605,16.011993658352797,55,126,74.0,67.0,87.0,image_0_3797.jpg,overripe
125.83409475093161,39.97094730648879,51,223,127.0,95.0,154.0,149.15575022151282,7.5917454879348885,128,160,152.0,144.0,155.0,81.58556679004354,15.07524109653896,60,126,76.0,70.0,91.0,image_0_3799.jpg,overripe
113.17708200348952,37.08215086684886,51,214,107.0,83.0,142.0,149.97329673603133,9.198008218843752,128,165,153.0,143.0,157.0,83.70688114387846,18.660140929182685,57,127,78.0,68.0,99.0,image_0_3857.jpg,overripe
113.16101862372179,34.314859630393904,51,210,109.0,88.0,133.0,153.1845699748061,7.2585171867139096,128,163,155.0,150.0,158.0,78.61166823099343,13.553300664324771,60,126,75.0,69.0,84.0,image_0_387 (2).jpg,overripe
114.16355888760734,35.45252247831098,51,210,112.0,85.0,141.0,147.99779999145628,5.414360649127556,128,158,149.0,145.0,152.0,83.4100666410355,10.133600513224051,66,125,81.0,76.0,89.0,image_0_3891.jpg,overripe
119.36438142950948,38.533680855233186,51,205,115.0,89.0,152.0,152.53951944356623,10.868767122346478,128,168,155.0,146.0,162.0,76.39388117415307,21.094724343629608,47,127,69.0,60.0,89.0,image_0_3905.jpg,overripe
117.61520589700943,38.57416892695097,51,223,117.0,87.0,143.0,147.5973893178185,7.906713537761611,128,160,150.0,143.0,154.0,86.48227078870559,16.762768955638368,57,126,81.0,73.0,100.0,image_0_3939.jpg,overripe
126.23132740803976,40.892891409910256,51,226,128.0,92.0,160.0,149.79256194364316,6.700406645031839,128,162,152.0,146.0,155.0,81.92743695483054,14.410452842741545,59,126,79.0,71.0,91.0,image_0_3989.jpg,overripe
112.21654091931599,33.71528709062717,51,211,111.0,87.0,134.0,142.3928592757749,6.199028801978216,126,158,142.0,137.0,148.0,84.40077240061315,12.11887750109004,62,125,82.0,75.0,92.0,image_0_4051.jpg,overripe
113.87109541370177,32.70617813858497,51,204,114.0,88.0,138.0,148.41712979795358,7.454752552221049,127,161,151.0,145.0,154.0,86.92219394380096,12.86660915105286,67,127,82.0,78.0,91.0,image_0_4057.jpg,overripe
115.36376940239425,36.00809930180746,51,223,111.0,89.0,140.0,146.09040855984455,6.066360457668675,128,158,147.0,142.0,151.0,78.0977496821246,14.05879335445314,59,127,74.0,68.0,85.0,image_0_410.jpg,overripe
130.4978849552477,35.89671598872208,51,219,126.0,104.0,158.0,147.5996579442449,6.294649477832811,128,162,147.0,142.0,153.0,89.7681660110598,14.2126524012558,58,122,89.0,78.0,104.0,image_0_4103.jpg,overripe
119.4937813237837,37.069908664259515,51,215,120.0,90.0,147.0,149.10997006960352,6.025130148070706,127,159,150.0,146.0,154.0,82.6066215516409,11.961666178491935,65,126,79.0,74.0,88.5,image_0_4106.jpg,overripe
102.3196505008605,35.11223745857595,51,205,95.0,74.0,128.0,143.79530470853007,8.94307564666763,127,164,143.0,137.0,150.0,95.3313269493844,17.623563947796807,57,127,99.0,81.0,111.0,image_0_4135.jpg,overripe
103.17655672485732,34.942561280287094,51,210,97.0,74.0,130.0,143.82305514144826,8.984459600016844,126,163,143.0,137.0,150.0,94.72491024408316,17.756125625535525,56,126,97.0,80.0,111.0,image_0_4152.jpg,overripe
114.57032487309645,37.47985717697084,51,223,111.0,86.0,140.0,146.96683248730963,8.857503997936572,127,162,148.0,140.0,154.0,87.91940101522843,19.494748772220138,53,127,86.0,71.0,107.0,image_0_4156.jpg,overripe
126.3167798438789,43.89485680606847,51,219,124.0,87.0,165.0,147.56049163334814,8.458839255157452,127,160,149.0,143.0,155.0,79.88007446425927,19.09931696612874,51,126,74.0,65.0,89.0,image_0_4231.jpg,overripe
125.93220698805838,41.77322048733778,51,221,124.0,94.0,157.0,148.96765148164528,8.583391541948417,127,162,152.0,143.0,156.0,77.64320212295445,18.633175865114076,53,128,71.0,63.0,89.0,image_0_4254 (2).jpg,overripe
120.32986545601207,35.870161599079026,51,219,120.0,93.0,147.0,143.43079930090903,5.38576987981101,129,157,144.0,140.0,148.0,82.20906543119229,12.193501743737645,61,125,80.0,73.0,90.0,image_0_4254.jpg,overripe
113.82843680475075,30.258206541450022,51,223,113.0,91.0,137.0,142.6742321064519,7.3452859559025825,126,157,143.0,137.0,148.0,85.65624762082004,11.475570065764703,66,126,84.0,77.0,92.0,image_0_4324.jpg,overripe
102.90873113445033,30.548635355389663,51,188,99.0,79.0,125.0,145.29895675998455,7.134605295820189,128,157,147.0,139.0,152.0,88.40276558127555,14.602820286073111,68,127,83.0,77.0,99.0,image_0_438.jpg,overripe
108.71283419841347,31.029670541229795,51,227,107.0,86.0,129.0,149.87750138739267,7.045838657729917,128,160,152.0,147.0,155.0,84.64649234485685,13.562931765009386,64,127,80.0,75.0,90.0,image_0_4405 (2).jpg,overripe
125.64113994360099,41.25187654554012,51,224,127.0,91.0,159.0,149.74512205543053,6.827205042395908,127,161,152.0,146.0,155.0,82.18908622212095,14.88187558718879,58,125,79.0,71.0,91.0,image_0_4408.jpg,overripe
121.64980630231486,37.605011987704025,51,213,121.0,94.0,149.0,147.56340029146193,6.341859161410756,129,158,149.0,143.0,153.0,87.378907823336,13.992127459453702,64,124,83.0,76.0,99.0,image_0_4427.jpg,overripe
110.54070716075964,28.0643206750102,51,190,112.0,89.0,132.0,149.16868240004038,6.038661421476805,129,159,151.0,145.0,154.0,82.3524365422463,9.47293562934873,68,124,80.0,75.0,88.0,image_0_4460.jpg,overripe
110.0509613407918,36.83050225106563,51,205,108.0,79.0,139.0,138.859255812947,5.587965400779417,126,156,139.0,135.0,143.0,95.58299341073109,17.0846035293137,67,125,95.0,79.0,111.0,image_0_4463.jpg,overripe
128.26749811848188,42.89040281404876,51,224,129.0,94.0,159.0,149.2576963050568,8.529710392795186,127,162,152.0,144.0,156.0,77.40260007884457,18.133782054071645,53,126,71.0,63.0,88.0,image_0_4520.jpg,overripe
112.00326549429019,31.750573150668632,51,212,110.0,88.0,132.0,144.28942844245526,5.5623970887483125,128,156,145.0,140.0,148.0,83.35758122917046,11.098506417504984,65,126,82.0,75.0,90.0,image_0_4526.jpg,overripe
127.98304945954798,39.047692909933204,51,237,128.0,96.0,159.0,149.39415124467737,5.655311855459149,127,162,150.0,147.0,154.0,82.72981493612839,11.603351943162002,57,126,82.0,75.0,89.0,image_0_4570.jpg,overripe
114.49083270079859,35.28788868607733,51,217,114.0,86.0,139.0,148.03508696907173,5.441912885557995,128,159,149.0,145.0,152.0,83.40041052395257,10.249603568009821,67,126,81.0,76.0,89.0,image_0_4602.jpg,overripe
104.89470192895173,35.60204918672118,51,220,99.0,76.0,127.0,141.6106135986733,6.171085508977883,128,159,141.0,137.0,146.0,98.31350266212796,11.885498505582689,69,128,97.0,90.0,108.0,image_0_4675.jpg,overripe
118.50978650944778,34.20763741216611,51,205,122.0,92.0,145.0,142.73758605536838,5.594442753301149,128,155,142.0,138.0,147.0,78.48472059469752,12.662360857142536,59,126,76.0,70.0,84.0,image_0_4687.jpg,overripe
118.78366988904061,32.92195332625899,51,199,122.0,93.0,145.0,142.59361915699805,5.745758179614,128,154,142.0,138.0,148.0,79.07783434767275,13.417180652152496,58,128,76.0,70.0,85.0,image_0_4698.jpg,overripe
111.83498848789148,25.003501338224204,51,220,114.0,95.0,129.0,150.73462509362258,6.151307900904864,129,160,153.0,147.0,155.0,82.48439623845321,9.13461495654232,69,125,81.0,75.0,87.0,image_0_4706.jpg,overripe
97.87647572795807,32.7033508380257,51,188,93.0,69.0,124.0,143.64662792351615,8.444616475268756,127,162,143.0,137.0,151.0,94.40539085201065,15.148484290753805,67,125,95.0,80.0,107.0,image_0_4710.jpg,overripe
126.57793281099066,38.139154022458015,51,218,127.0,98.0,156.0,148.22039283031017,6.839791377993694,127,160,149.0,144.0,154.0,79.26914958319917,13.556298847464175,58,125,76.0,68.0,87.0,image_0_4725.jpg,overripe
97.70462860030318,32.45920270312096,51,190,93.0,69.0,123.0,143.60608388074786,8.457457630131847,127,162,143.0,137.0,151.0,94.42468923698837,15.165556399334813,67,125,95.0,80.0,107.0,image_0_4730.jpg,overripe
117.95519906907157,39.44655640154361,51,228,116.0,86.0,146.0,147.44094422741253,8.011672558895064,128,160,150.0,142.0,154.0,86.92265493628639,16.92328790989572,60,126,81.0,73.0,101.0,image_0_474.jpg,overripe
119.98013398531545,36.86405173944578,51,222,120.0,90.0,147.0,144.9466750407489,6.305276065411546,127,158,147.0,142.0,149.0,80.93652894292165,15.16792051554737,60,126,76.0,70.0,86.0,image_0_4756.jpg,overripe
123.77706685334266,38.81345227496462,51,223,125.0,93.0,153.0,145.35354567728388,7.198905397054957,127,159,147.0,141.0,151.0,80.2042002100105,17.549016404287617,57,126,74.0,67.0,89.0,image_0_4783.jpg,overripe
112.0026022895261,36.16734038209077,51,211,110.0,82.0,138.0,145.07588178519504,9.358209213530575,128,166,146.0,136.0,154.0,92.90538906061013,18.605997138079154,66,127,87.0,75.0,112.0,image_0_4892.jpg,overripe
129.47553272714651,37.601885184314646,51,213,129.0,99.0,159.0,153.1467689317693,7.329205607454125,127,165,155.0,150.0,158.0,72.39336202309063,14.920612170276092,50,128,68.0,63.0,78.0,image_0_4937.jpg,overripe
106.45232569257917,37.90093942287451,51,219,100.0,76.0,129.0,141.71825696925444,6.351914415561472,128,159,142.0,137.0,146.0,98.24665119392216,12.031177452914795,68,128,97.0,90.0,108.0,image_0_4949.jpg,overripe
123.45809124351085,37.27692553586739,51,225,125.0,95.0,152.0,145.98379860418743,7.958119385172929,126,161,147.0,140.0,153.0,79.51326193832296,17.02105725096928,53,126,75.0,66.0,91.0,image_0_4953.jpg,overripe
99.42053965322664,40.49893914429131,51,238,90.0,66.0,119.0,139.28406689237715,7.745854609314797,126,156,139.0,132.0,146.0,99.76191648712424,16.676296705097695,67,126,103.0,84.0,115.0,image_0_4967.jpg,overripe
123.74098227308426,38.83106934681716,51,221,125.0,93.0,153.0,145.36572983282846,7.207714323007126,127,159,147.0,141.0,151.0,80.14754431728936,17.53269543549546,57,127,74.0,67.0,88.0,image_0_497.jpg,overripe
107.29136628409942,31.9690522547447,51,228,104.0,84.0,126.0,149.78000873340858,7.097971323921921,128,162,152.0,146.0,155.0,84.84888731431208,13.768502565958892,64,127,80.0,75.0,90.0,image_0_501.jpg,overripe
116.92668048947553,36.592125846867326,51,223,110.0,87.0,147.0,146.4086861543588,6.711960010053879,124,160,147.0,143.0,152.0,77.05837051298666,12.661446036795475,58,127,74.0,67.0,85.0,image_0_5013.jpg,overripe
117.73351034097261,35.13191906080489,51,216,116.0,90.0,144.0,148.96467998882056,5.954330545516692,128,159,150.0,146.0,154.0,82.66829408887646,12.05600994583261,66,126,79.0,74.0,89.0,image_0_5022.jpg,overripe
99.02534176698633,41.81694948635696,51,228,89.0,66.0,116.0,139.24576617016936,7.7492385926074245,126,156,139.0,132.0,146.0,99.73999183840033,16.726285088281045,67,126,103.0,84.0,115.0,image_0_506.jpg,overripe
127.99596147543583,44.37384186900088,51,220,129.0,87.0,167.0,147.80615082091998,8.506905305580187,127,161,149.0,143.0,155.0,79.38615483830044,19.121421641442563,50,127,74.0,64.0,89.0,image_0_5084.jpg,overripe
129.06212984183892,39.963915821683514,51,217,134.0,98.0,159.0,149.34958058196617,8.25510863079071,127,162,152.0,145.0,156.0,77.64212938800517,17.647618371348358,55,126,71.0,64.0,86.0,image_0_5085.jpg,overripe
120.17949234053872,37.719634910560494,51,219,115.0,93.0,146.0,147.73315170118397,5.88286808958896,128,162,148.0,143.0,152.0,88.6694246957422,12.973140267020915,63,126,84.0,78.0,102.0,image_0_5146.jpg,overripe
123.88165430892865,38.13940661804449,51,213,127.0,93.0,153.0,148.9072059672335,8.600012856283849,126,165,150.0,143.0,156.0,79.73626219124155,13.524941460277365,56,128,76.0,70.0,88.0,image_0_5180.jpg,overripe
120.28231972002344,33.95452033219904,51,213,118.0,97.0,142.0,153.7612613965784,7.901955520688042,128,164,156.0,151.0,159.0,77.2623278309326,15.410696776754175,55,127,72.0,66.0,82.0,image_0_5209.jpg,overripe
106.05854928647138,35.44300167635992,51,201,100.0,76.0,136.0,145.12229066498716,9.842088302874034,127,165,144.0,137.0,154.0,89.58139909983257,17.724479749385175,56,125,91.0,73.0,104.0,image_0_5228.jpg,overripe
115.68999261764554,37.765776445465804,51,224,113.0,87.0,141.0,148.91088811440932,8.619595259535108,127,164,151.0,142.0,156.0,83.98169862825553,19.372434007830314,52,126,80.0,67.0,102.0,image_0_5238.jpg,overripe
135.4409929690687,41.42731207632002,51,216,139.0,100.0,170.0,149.59986082115518,7.837431189543127,129,163,152.0,143.0,156.0,84.77024692246779,16.782880456232952,57,124,79.0,72.0,100.0,image_0_5323.jpg,overripe
111.02000357206644,36.209596966572434,51,203,110.0,80.0,141.0,143.76113866487148,9.039991685053668,128,160,144.0,135.0,153.0,99.57460810309533,16.20609278548358,70,126,104.0,82.0,114.0,image_0_5363.jpg,overripe
115.81379118099505,40.46308121672814,51,227,110.0,85.0,143.0,147.08454557655975,8.752056042772248,127,163,148.0,140.0,154.0,87.83011387687257,19.183026728808976,56,125,86.0,71.0,106.0,image_0_5376.jpg,overripe
116.10847605196244,36.10402450426095,51,204,116.0,87.0,146.0,147.75634442432698,9.348213727737392,126,165,149.0,141.0,156.0,81.75600803379736,14.682688154922648,61,126,77.0,70.0,93.0,image_0_538.jpg,overripe
111.23489768280069,36.15216659057509,51,208,105.0,82.0,139.0,149.85527368117982,9.128787424923443,129,164,152.0,143.0,157.0,83.80429103084978,18.553987069525853,57,125,78.0,68.0,98.0,image_0_5431.jpg,overripe
113.71542175170318,34.294101177312726,51,211,110.0,88.0,131.0,152.90877567024458,7.281885196681994,128,164,155.0,150.0,158.0,79.20194334166544,13.688612625742241,61,127,76.0,69.0,84.0,image_0_5507.jpg,overripe
120.44998113488992,38.87095722882245,51,221,119.0,90.0,149.0,148.10368790965805,7.246155934067494,128,159,150.0,143.0,154.0,83.44998113488992,13.703766223690845,63,126,79.0,73.0,92.0,image_0_5556.jpg,overripe
114.59026775207153,42.49217922185387,51,218,104.0,81.0,147.0,144.69425067029007,9.7588565406331,127,162,146.0,135.0,153.0,87.46785640627465,22.606216248742125,48,127,83.0,68.0,113.0,image_0_5560.jpg,overripe
111.0667107518555,28.526624189112244,51,221,111.0,90.0,133.0,141.87700232317343,6.986239045373297,126,157,142.0,137.0,147.0,86.83216594593183,10.488366251780823,68,125,85.0,79.0,93.0,image_0_557.jpg,overripe
118.93574582054323,39.7198727344787,51,212,114.0,87.0,152.0,152.5158434125402,10.778143318950887,128,168,154.0,146.0,162.0,76.56048135601512,20.867158637957008,46,126,70.0,60.0,89.0,image_0_561.jpg,overripe
105.96712536719042,31.772817177459473,51,192,104.0,80.0,130.0,146.5018630601502,8.08258168939746,128,162,147.0,139.0,154.0,92.15656605484692,15.84670176900941,63,127,88.0,78.0,107.0,image_0_5612.jpg,overripe
118.47641222673442,37.713898350355834,51,202,115.0,89.0,151.0,152.3647593803954,10.76704469650726,128,168,155.0,146.0,162.0,76.70028937577511,20.91062502429346,49,127,70.0,60.0,89.0,image_0_5640.jpg,overripe
122.07678106292556,40.760584989576685,51,217,123.0,87.0,156.0,143.0093314445003,8.300935989118114,126,160,144.0,136.0,150.0,84.8550655760179,18.676995885179686,58,125,78.0,70.0,97.0,image_0_568.jpg,overripe
116.55756945278011,37.11604897693753,51,210,114.0,85.0,147.0,152.96737753237574,8.541854938630786,127,165,155.0,147.0,160.0,78.39257658811134,17.038863924839504,53,127,73.0,64.0,90.0,image_0_5787.jpg,overripe
110.95077902948071,34.24952302827458,51,204,108.0,83.0,138.0,149.7088857077654,9.266762552399582,128,163,152.0,142.0,157.0,84.26826206925168,19.271404735049728,55,128,78.0,68.0,102.0,image_0_5789.jpg,overripe
118.30394372801875,33.56671239382866,51,225,121.0,94.0,143.0,144.83208440797188,6.985351706882228,127,157,145.0,139.0,151.0,84.71314419695193,14.377060087962235,61,125,81.0,73.0,95.0,image_0_5799.jpg,overripe
120.47372606038576,33.23111401878369,51,213,119.0,99.0,139.0,153.79836578291722,7.76439655443132,128,164,156.0,151.0,159.0,77.22113425873337,15.134235312070532,56,126,73.0,66.0,82.0,image_0_5818.jpg,overripe
114.01934936950302,35.43179994684517,51,216,111.0,85.0,140.0,147.88318321500478,5.548505094352138,128,158,149.0,144.0,152.0,83.62627953798876,10.466480012108542,68,127,81.0,76.0,89.0,image_0_5862.jpg,overripe
126.6336523014598,29.112630814843275,51,205,129.0,107.0,148.0,146.06450373681636,5.157998834603286,128,157,147.0,143.0,150.0,77.94298735768666,11.34117640027957,58,125,75.0,69.0,83.0,image_0_5906.jpg,overripe
125.170700888884,34.849221837462224,51,208,133.0,99.0,152.0,147.53926362168042,9.665368386326492,127,161,152.0,139.0,156.0,80.28320130091306,17.456805047963417,59,127,73.0,67.0,91.0,image_0_5915.jpg,overripe
106.16120794937271,34.34198648529752,51,243,103.0,78.0,130.0,139.9564644165649,5.410608210224241,126,154,139.0,136.0,144.0,88.09069334961697,10.379558667577216,68,126,86.0,81.0,95.0,image_0_5970.jpg,overripe
124.98645640277671,34.66626049104225,51,206,133.0,100.0,151.0,147.51657582769474,9.657569177186716,127,162,152.0,139.0,156.0,80.24443177207277,17.613618004011762,59,126,73.0,66.0,91.0,image_0_5976.jpg,overripe
116.0983858652988,39.67754811056207,51,233,114.0,84.0,143.0,140.8793646696992,5.719458507638141,129,156,140.0,137.0,144.0,89.88784936176619,13.373603056511838,62,125,89.0,79.0,99.0,image_0_6013.jpg,overripe
118.00495521907587,33.8233764808238,51,213,117.0,91.0,142.0,151.11828142425182,8.427046248988502,128,165,153.0,146.0,157.0,77.27769921475299,15.92069761584172,51,126,73.0,64.0,87.0,image_0_6016.jpg,overripe
124.50959985843527,34.28551663236084,51,207,132.0,98.0,151.0,147.58867703333408,9.580252219092085,127,161,152.0,139.0,156.0,79.98290163463027,17.429963869472928,59,127,73.0,66.0,90.0,image_0_6036.jpg,overripe
102.63341546403848,30.8744974669607,51,195,99.0,79.0,124.0,145.33898861903086,7.0625637614907335,128,157,147.0,140.0,151.0,88.38021823301655,14.455849694095491,69,126,84.0,76.0,98.0,image_0_604.jpg,overripe
108.32881477731141,31.796436522962402,51,227,106.0,85.0,126.0,149.83752796877297,7.085548423357144,128,161,152.0,146.0,155.0,84.66849042120563,13.680607671263603,65,127,80.0,75.0,90.0,image_0_6060.jpg,overripe
119.94304667070486,36.28919481800583,51,220,119.0,92.0,146.0,144.85533411142464,6.3917812637615885,127,158,147.0,142.0,149.0,81.11021318717036,15.516191851636243,61,127,76.0,70.0,87.0,image_0_6148.jpg,overripe
125.02097850075631,35.84945672490452,51,224,127.0,99.0,153.0,146.3236293302254,7.742662198523691,126,161,148.0,140.0,153.0,79.16766269083575,16.366464021275846,53,124,74.0,67.0,90.0,image_0_6160.jpg,overripe
117.96711707931179,31.980067381624604,51,198,118.0,94.0,142.0,143.26548887956358,5.066547317731239,127,155,144.0,140.0,147.0,80.91526647083508,11.649639304799559,63,126,78.0,73.0,86.0,image_0_6236.jpg,overripe
120.20497747008444,35.97529254601743,51,218,120.0,92.0,146.0,144.9261884157441,6.343990501479854,126,157,147.0,142.0,149.0,81.0026334636388,15.330044546938918,61,126,76.0,70.0,86.0,image_0_6249.jpg,overripe
111.93373047784314,36.30393104062189,51,214,107.0,81.0,140.0,149.8733546366445,9.229712590691646,128,164,152.0,143.0,157.0,83.86559867947688,18.737649064670876,58,127,79.0,68.0,99.0,image_0_6277.jpg,overripe
114.02430607095147,41.021901780525624,51,217,107.0,79.0,146.0,143.51193038444413,8.770905102900354,128,163,142.0,136.0,152.0,93.599654890901,17.511845666206135,60,125,98.0,77.0,109.0,image_0_6280.jpg,overripe
127.71387975614189,41.88111119394525,51,227,128.0,91.0,162.0,144.79876749219358,6.209193434280794,128,161,144.0,140.0,149.0,84.66064731442167,14.306426055726993,57,125,82.0,73.0,94.0,image_0_6304.jpg,overripe
120.76559438846907,39.193981165388465,51,223,119.0,92.0,148.0,148.0971085222502,7.2981686880032015,127,159,150.0,143.0,154.0,83.42707458718164,13.760844115774717,64,126,79.0,73.0,92.0,image_0_6337.jpg,overripe
127.82870464697125,37.93810724881702,51,238,127.0,101.0,159.0,145.43477000235092,8.23757968280956,125,159,147.0,141.0,152.0,84.89333124363294,18.87548109935584,59,128,80.0,69.0,97.0,image_0_6339.jpg,overripe
111.26772638486631,32.495431832299836,51,221,109.0,87.0,132.0,144.24369990474082,5.536430408087583,128,156,145.0,140.0,148.0,83.46599055105987,10.977979363365854,65,126,82.0,75.0,90.0,image_0_6382.jpg,overripe
116.99581566405224,33.82380800738563,51,221,119.0,92.0,142.0,144.76907344166324,6.902659936944529,126,156,145.0,139.0,151.0,84.66622884377229,14.340492779305727,63,125,81.0,73.0,95.0,image_0_6383.jpg,overripe
120.40096897679241,35.00868044092442,51,220,124.0,94.0,146.0,144.61297751016826,7.105163489487776,127,158,145.0,139.0,151.0,85.16207432809634,14.545994698028125,63,124,82.0,73.0,96.0,image_0_6414.jpg,overripe
115.84611174180992,33.76109121891297,51,195,114.0,89.0,142.0,147.3328738241972,6.608802716828296,128,157,148.0,143.0,153.0,79.44212212131042,11.977080162147875,64,126,76.0,70.0,86.0,image_0_6449.jpg,overripe
123.95504649981223,35.459295050881515,51,200,126.0,98.0,152.0,153.59747288431376,7.508251148936959,126,165,156.0,150.0,159.0,73.66563211027415,16.07269263260641,46,127,71.0,60.0,84.0,IMG20200717083337.jpg,fully_ripe
122.82838961875466,33.694795865758486,51,198,125.0,99.0,144.0,152.55431052672492,6.685899910559031,125,163,154.0,150.0,157.0,73.90357257876443,14.868575817997725,48,128,72.0,61.0,82.0,IMG20200717083346.jpg,fully_ripe
122.74531435479129,33.91587717711533,51,202,128.0,98.0,148.0,152.07330407414264,6.373019310099077,127,160,154.0,149.0,157.0,74.43526131797044,14.555044785858472,50,127,71.0,62.0,83.0,IMG20200717083356.jpg,fully_ripe
125.49155388609623,37.21432515467906,51,207,128.0,98.0,152.0,152.25121803016074,9.154361649900574,126,164,156.0,147.0,159.0,73.41176600563442,17.207415413587082,46,130,70.0,58.0,85.0,IMG20200717083401.jpg,fully_ripe
129.4827171655953,38.601421080716186,51,205,133.0,98.0,162.0,151.15264930600404,9.92266627798539,126,167,154.0,143.0,159.0,72.34690856342338,16.281069625650137,35,127,71.0,61.0,82.0,IMG20200717083408.jpg,fully_ripe
121.73478530100431,32.59501854950184,51,187,127.0,97.0,148.0,154.52534976875592,7.518138037771348,127,164,157.0,149.0,160.0,71.92752094742342,15.538755097915859,42,127,69.0,59.0,84.0,IMG20200717083420.jpg,fully_ripe
123.31062667273757,32.013734750076395,51,197,121.0,102.0,149.0,150.09950359256834,6.334274198024802,128,162,150.0,146.0,155.0,74.85578642264595,15.85228142909077,38,128,73.0,63.0,84.0,IMG20200717083440.jpg,fully_ripe
128.33692681087703,36.15767703487382,51,200,133.0,101.0,158.0,153.32796078985814,7.392985751217485,128,164,155.0,148.0,160.0,70.34039068759131,17.006860103976287,37,128,66.0,57.0,82.0,IMG20200717083454.jpg,fully_ripe
126.41939527595612,36.288017091607,51,190,132.0,99.0,159.0,153.0381289536301,7.557868173210604,128,164,156.0,148.0,159.0,73.82086936335673,16.31839293805021,43,129,70.0,60.0,84.0,IMG20200717083502.jpg,fully_ripe
123.69284138165153,33.07581459065139,51,195,126.0,101.0,149.0,155.35732623270815,6.864669435625127,127,166,157.0,152.0,161.0,74.93461979122465,15.685942067841747,39,128,74.0,62.0,85.0,IMG20200717083511.jpg,fully_ripe
122.33165877383847,33.56781049883234,51,199,123.0,98.0,149.0,146.97957464055634,7.079604629733789,126,159,147.0,142.0,154.0,77.15430479116003,14.17133923060306,51,129,74.0,67.0,85.0,IMG20200717083519.jpg,fully_ripe
140.64109506978974,40.196275271034466,51,211,150.0,115.0,171.0,156.2908883963338,6.165584436679182,128,165,158.0,154.0,161.0,68.21513209129576,16.626235021383106,39,127,63.0,56.0,77.0,IMG20200717083535.jpg,fully_ripe
131.43963001115975,34.097557510392896,51,208,132.0,108.0,156.0,153.19989913297277,4.782308288115569,128,161,154.0,152.0,156.0,71.37379818010129,12.77545319238076,48,127,68.0,63.0,77.0,IMG20200717083623.jpg,fully_ripe
126.91114186569519,31.158749008132798,51,195,129.0,106.0,150.0,157.8748130132595,6.807838143249892,128,169,160.0,156.0,162.0,70.96922732499567,13.840519230119567,44,126,69.0,61.0,77.0,IMG20200717083656.jpg,fully_ripe
126.14400067231128,36.49390430121053,51,197,132.0,95.0,156.0,157.33761581612288,7.542956633421626,128,168,160.0,153.0,163.0,73.26780049162763,14.08809796591408,40,126,70.0,63.0,82.0,IMG20200717083701.jpg,fully_ripe
128.79453754784078,36.37290195415534,51,197,132.0,102.0,158.0,155.12333795663827,6.072638316683707,128,164,157.0,153.0,159.0,71.48847128510496,16.334414281346294,40,129,68.0,59.0,82.0,IMG20200717083707.jpg,fully_ripe
125.58549616286506,34.32423260734885,51,199,130.0,101.0,153.0,150.02390215305905,6.9953725145383086,127,162,152.0,145.0,156.0,74.13823012150927,17.2295253933294,41,129,70.0,60.0,86.0,IMG20200717083744.jpg,fully_ripe
123.69858967535923,33.33146740951322,51,204,127.0,105.0,147.0,147.918214475785,6.355582654058859,127,159,149.0,144.0,153.0,73.81108302288452,17.715030529196717,40,128,70.0,60.0,85.0,IMG20200717083802.jpg,fully_ripe
131.82468536329773,32.99641015416442,51,214,134.0,111.0,155.0,156.6884759444289,6.744567342622223,129,167,159.0,153.0,162.0,69.7909961506936,16.46898038090784,31,125,68.0,58.0,78.0,IMG20200717083842.jpg,fully_ripe
125.24765922420002,30.133129659242865,51,188,131.0,109.0,146.0,156.61778989607984,6.110922955911025,128,165,159.0,154.0,161.0,71.52542442638132,15.016933432065308,43,126,70.0,60.0,80.0,IMG20200717083846.jpg,fully_ripe
119.50520287507807,37.96007874095757,51,212,115.0,89.0,149.0,152.54628600463653,8.731230874638705,127,167,155.0,146.0,159.0,74.90668699122445,16.339719191500546,41,127,73.0,62.0,86.0,IMG20200717083900.jpg,fully_ripe
120.48239892109102,31.065028128829685,51,188,124.0,99.0,143.0,152.92530206699143,7.7444800030364105,127,165,154.0,148.0,159.0,72.44240772851127,14.933673921076227,43,129,72.0,60.0,82.0,IMG20200717083943.jpg,fully_ripe
110.18352727966425,34.45125887944584,51,191,112.0,79.0,135.0,150.08293590232736,8.411386897168272,127,165,152.0,143.0,157.0,78.7470812666921,17.008634387068483,48,128,76.0,64.0,94.0,IMG20200717083947.jpg,fully_ripe
119.75167051505584,34.514785507199576,51,201,121.0,93.0,147.0,155.7253098345978,6.343899275107983,128,165,157.0,153.0,161.0,73.1687573629895,15.550136965027164,42,129,71.0,60.0,83.0,IMG20200717084008.jpg,fully_ripe
120.98571498363378,31.259126703257266,51,194,122.0,99.0,143.0,156.35990033709513,5.978796732347945,129,166,157.0,153.0,161.0,74.49358542185745,14.298773118201861,45,128,72.0,64.0,84.0,IMG20200717084015.jpg,fully_ripe
120.15524030888625,33.03610252708778,51,207,121.0,98.0,142.0,155.14747012947097,7.095364018368137,127,165,158.0,152.0,160.0,75.60579545891122,14.982235457310221,46,128,74.0,64.0,85.0,IMG20200717084021.jpg,fully_ripe
115.97262999463939,32.85068118417197,51,197,114.0,90.0,141.0,152.10972743392026,6.75945103950485,127,163,154.0,149.0,158.0,75.80224526823636,14.994879567732438,52,128,73.0,63.0,87.0,IMG20200717084028.jpg,fully_ripe
112.98482223233214,34.90066441364351,51,193,114.0,84.0,139.0,154.39154381515647,6.460163465176036,127,164,156.0,151.0,159.0,76.30476531570338,16.422913318040507,43,128,75.0,62.0,89.0,IMG20200717084032.jpg,fully_ripe
125.29196541975662,33.990694774814266,51,203,134.0,102.0,152.0,156.31556520670298,6.976731800026155,128,166,158.0,153.0,162.0,73.0555988036219,16.605271984064192,46,128,69.0,60.0,84.0,IMG20200717084053.jpg,fully_ripe
127.66875579857478,32.49280276191483,51,202,128.0,104.0,154.0,160.34748021082137,6.7248479046934895,128,170,162.0,157.0,165.0,71.2631812708502,14.319622645937676,47,127,67.0,60.0,80.0,IMG20200717084058.jpg,fully_ripe
128.34488650900983,32.35229122843047,51,240,135.0,109.0,153.0,158.49094447896488,6.753428345548696,128,169,160.0,156.0,163.0,72.22028400160825,14.367190949811455,48,129,67.0,63.0,79.0,IMG20200717084102.jpg,fully_ripe
125.99478847919217,31.946319365284722,51,194,129.0,103.0,150.0,155.5296722001224,6.228563242714634,128,165,157.0,153.0,160.0,73.6000516370869,13.55091532227196,41,127,72.0,66.0,80.0,IMG20200717084106.jpg,fully_ripe
125.97451044743464,39.02360693023696,51,213,132.0,98.0,156.0,155.66929219997812,6.66746370720963,128,164,158.0,153.0,160.0,70.07907430060368,17.9358380701725,40,127,66.0,55.0,83.0,IMG20200717084113.jpg,fully_ripe
121.89866896692185,30.967232246415193,51,188,128.0,99.0,145.0,152.95503719943932,7.179932404164218,127,164,155.0,148.0,159.0,71.85621008997353,16.092803673711646,48,128,68.0,59.0,82.0,IMG20200717084205.jpg,fully_ripe
120.701330480407,32.590790700214505,51,206,121.0,96.0,147.0,154.5082344103889,9.074781470980376,127,167,157.0,148.0,162.0,75.34434289746537,15.856788722957118,46,128,73.0,62.0,85.0,IMG20200717084209.jpg,fully_ripe
124.3134249529615,33.17019974660639,51,198,126.0,101.0,150.0,150.6568115049019,6.895224189298484,126,161,152.0,146.0,156.0,75.6186635564407,14.170138771185105,54,129,72.0,66.0,84.0,IMG20200717084214.jpg,fully_ripe
116.57412226440852,30.992408264232644,51,185,120.0,90.0,144.0,148.41595921675696,6.384786953639795,128,159,149.0,144.0,154.0,75.2616889211211,16.35080591040905,44,129,75.0,61.0,88.0,IMG20200717084220.jpg,fully_ripe
130.85144820368137,36.47205887206417,51,211,135.0,103.0,161.0,154.0222406771177,6.765688354660032,128,164,157.0,150.0,159.0,67.48753156924757,16.759784486658067,37,128,62.0,55.0,78.0,IMG20200717084242.jpg,fully_ripe
120.78043179802447,33.13080347153232,51,193,123.0,96.0,147.0,154.25486289137012,6.372585643110351,127,164,155.0,151.0,159.0,75.06767346641233,14.22492576400694,45,128,75.0,63.0,82.0,IMG20200717084253.jpg,fully_ripe
126.47067944915516,32.34931934503115,51,202,129.0,104.0,150.0,152.66031234232128,7.505860336643218,127,163,155.0,149.0,159.0,74.18276579248557,15.04971588286021,47,129,71.0,63.0,82.0,IMG20200717084319.jpg,fully_ripe
116.55980789638377,29.849777302027675,51,200,119.0,97.0,136.0,147.14311175206117,6.939606618269297,126,160,148.0,142.0,153.0,78.20146390574406,15.248703603449641,50,128,75.0,66.0,88.0,IMG20200717084327.jpg,fully_ripe
125.67773102069921,36.45631869242758,51,196,131.0,101.0,154.0,157.14618003595496,6.664513887618576,128,168,160.0,154.0,162.0,71.07992447448503,17.813779359768347,38,127,68.0,56.0,84.0,IMG20200717084342.jpg,fully_ripe
132.53123918391782,36.11725505786918,51,202,137.0,104.0,165.0,156.03037389734428,5.401126934156393,128,163,158.0,154.0,160.0,68.49406460182786,15.30509163985614,40,127,65.0,56.0,79.0,IMG20200717084347.jpg,fully_ripe
130.81946711699032,33.218905810026705,51,205,136.0,111.0,156.0,156.45349469931514,5.673668549227819,129,165,158.0,154.0,161.0,69.18892016136598,14.604935605950146,37,126,66.0,59.0,77.0,IMG20200717084352.jpg,fully_ripe
120.02045605016163,32.769163651787856,51,194,122.0,94.0,147.0,156.083372278693,6.132982785851873,127,166,157.0,153.0,161.0,72.5107002375667,14.490779185133077,39,128,72.0,62.0,81.0,IMG20200717084358.jpg,fully_ripe
126.64257946043095,29.8495189337133,51,197,129.0,107.0,147.0,157.50211959600696,6.999744667083291,127,167,160.0,154.0,163.0,66.47785657074762,15.447971011285807,37,128,63.0,56.0,75.0,IMG20200717084402.jpg,fully_ripe
128.29043102657877,35.43220043749272,51,201,128.0,104.0,156.0,156.33084422530334,8.070152868087474,127,168,159.0,152.0,163.0,68.21100029543301,17.943442623931652,39,128,63.0,53.0,80.0,IMG20200717084410.jpg,fully_ripe
124.03501831660634,30.31958866953,51,212,126.0,104.0,145.0,156.82220969804695,6.296119396717976,126,166,158.0,154.0,161.0,73.70372618299265,12.162868587699421,50,128,71.0,65.0,79.0,IMG20200717084423.jpg,fully_ripe
130.1243699395598,36.150011766022075,51,203,140.0,102.0,158.0,157.48380659140153,6.388506672842222,127,168,159.0,155.0,162.0,71.51247576690615,14.979502797676009,41,129,67.0,61.0,79.0,IMG20200717084433.jpg,fully_ripe
130.91665878147506,32.20320579185351,51,202,136.0,108.0,155.0,155.23937339010672,5.219299430404999,126,162,157.0,154.0,158.0,70.7926194606529,13.747908872203903,40,128,67.0,61.0,78.0,IMG20200717084442.jpg,fully_ripe
127.64674770449567,33.79620670814554,51,196,133.0,107.0,154.0,153.34374113294064,5.755955844409516,128,163,155.0,151.0,158.0,71.20564767839105,16.872158080513547,43,128,66.0,58.0,82.0,IMG20200717084451.jpg,fully_ripe
113.53049580533578,30.004742219729714,51,194,114.0,93.0,133.0,156.09312750984057,8.259580620381074,124,170,158.0,152.0,162.0,74.37822551787205,14.920648506915454,45,129,73.0,64.0,83.0,IMG20200717084524.jpg,fully_ripe
119.55244971316161,31.633835970961975,51,195,127.0,96.0,142.0,154.23276652281834,8.032896555464346,127,168,156.0,151.0,160.0,73.057779654558,14.753837876746935,48,130,68.0,63.0,82.0,IMG20200717084527.jpg,fully_ripe
123.04727462219907,32.56060682566891,51,197,125.0,99.0,149.0,152.08511724856697,6.8768409614803545,127,164,154.0,149.0,157.0,72.41378843147473,13.403243040439726,53,126,68.0,63.0,80.0,IMG20200717084536.jpg,fully_ripe
122.94399793121282,33.15294861096426,51,203,128.0,96.0,146.0,151.6068269976726,6.584156716761218,127,162,153.0,148.0,157.0,71.28013447116628,14.283966101718889,47,126,67.0,60.0,80.0,IMG20200717084540.jpg,fully_ripe
120.99833452529073,31.059073552718278,51,201,123.0,101.0,144.0,153.0535890979985,7.193121561054634,128,163,156.0,150.0,159.0,72.25779589117592,13.363712710336252,50,129,69.0,61.0,80.0,IMG20200717084543.jpg,fully_ripe
133.53657583366717,34.43441888975682,51,201,139.0,110.0,161.0,153.97274032965638,6.302949172607767,127,168,156.0,152.0,158.0,71.24431113152058,14.643393841132324,46,128,67.0,60.0,81.0,IMG20200717084601.jpg,fully_ripe
125.41185402485254,33.504367636083465,51,206,126.0,102.0,150.0,155.7086797987832,6.012811050613742,128,165,157.0,152.0,160.0,72.16062224334011,13.61523787908289,45,126,69.0,62.0,80.0,IMG20200717084608.jpg,fully_ripe
126.46047842976897,33.91793170105185,51,198,132.0,101.0,151.0,158.7392148844817,6.7694058504733565,128,167,161.0,156.0,164.0,69.75634839501124,16.451989222364386,39,128,64.0,57.0,81.0,IMG20200717084620.jpg,fully_ripe
130.60937383545746,38.30886996606179,51,209,135.0,99.0,163.0,153.75950000532362,6.597653015261131,127,163,156.0,151.0,159.0,73.13264339178671,14.621450537479026,48,129,70.0,62.0,82.0,IMG20200717084648.jpg,fully_ripe
126.68888733933012,36.44551665294458,51,201,132.0,100.0,154.0,154.7101782767357,7.62674664074844,127,165,157.0,151.0,160.0,72.99784998721614,15.942100061810201,43,128,71.0,60.0,83.0,IMG20200717084659.jpg,fully_ripe
125.8671405455386,40.68204660084155,51,216,128.0,90.0,162.0,150.0054553860379,8.460101503038958,126,164,152.0,143.0,157.0,76.43643088303283,17.46699561605617,44,130,74.0,63.0,88.0,IMG20200717084705.jpg,fully_ripe
126.48283903794963,41.05181103880024,51,213,128.0,93.0,161.0,147.7641869449483,6.6973950921452845,126,161,149.0,143.0,153.0,80.28571765093874,13.2491331281493,51,129,78.0,71.0,88.0,IMG20200717084709.jpg,fully_ripe
136.33543421940652,31.66248970039976,51,204,141.0,120.0,161.0,152.71066553458297,5.875718008143234,127,162,155.0,150.0,157.0,71.99153114318682,13.483460523779197,50,127,68.0,62.0,78.0,IMG20200717084715.jpg,fully_ripe
134.08929701007887,33.7069752833339,51,201,144.0,110.0,159.0,153.67562096740184,5.679274528802256,127,162,156.0,152.0,158.0,72.64498376417998,14.24664254933751,46,127,68.0,63.0,79.0,IMG20200717084719.jpg,fully_ripe
121.22649918962723,35.19732641930956,51,211,123.0,95.0,150.0,152.16809276384785,7.904614798795469,126,164,155.0,148.0,158.0,76.67241872437792,16.30185114991551,45,129,76.0,63.0,87.0,IMG20200717084723.jpg,fully_ripe
119.47029538665781,33.59171962820651,51,198,126.0,93.0,147.0,157.79224641936224,7.307906459960401,127,168,160.0,154.0,163.0,73.68551660752125,16.198728027076818,42,128,71.0,62.0,84.0,IMG20200717090609.jpg,fully_ripe
117.05141174385473,35.2584034530829,51,207,118.0,88.0,143.0,156.48308770399052,7.93515233819707,126,166,159.0,152.0,163.0,74.82247883406727,18.53836537293947,43,129,72.0,59.0,88.0,IMG20200717090617.jpg,fully_ripe
122.92610211249148,31.81260825444831,51,190,127.0,99.0,146.0,156.57714787440372,7.397873487631936,127,166,159.0,153.0,162.0,71.4490879069036,18.536004615007258,39,130,67.0,56.0,84.0,IMG20200717090624.jpg,fully_ripe
126.50439893676763,30.238485209869364,51,192,131.0,109.0,145.0,153.64819737186926,6.647935197743775,126,164,156.0,150.0,158.0,74.33078756567207,14.755842095377096,47,128,72.0,62.0,83.0,IMG20200717090635.jpg,fully_ripe
125.4213513891894,32.37217719697905,51,194,126.0,101.0,154.0,154.90571584935918,6.802530494983302,128,164,157.0,151.0,160.0,76.09887872115667,13.136229385667075,50,127,75.0,66.0,83.0,IMG20200717090643.jpg,fully_ripe
120.10929829016422,33.9448029939018,51,196,122.0,97.0,145.0,155.47469104452344,7.649664551600654,127,166,158.0,152.0,161.0,75.34720458777721,16.442091865018487,43,128,73.0,62.0,87.0,IMG20200717090654.jpg,fully_ripe
127.65038802309107,35.38032685691053,51,208,130.0,104.0,153.0,153.13187498678394,7.38363100673981,125,164,155.0,149.0,159.0,74.67830031084138,15.686958836720583,47,129,71.0,62.0,84.0,IMG20200717090706.jpg,fully_ripe
122.38968689477082,33.698861026820104,51,201,125.0,98.0,148.0,152.38882948676564,7.976981281670215,126,163,156.0,147.0,159.0,75.13197022272433,14.88910699529203,51,128,72.0,64.0,83.0,IMG20200717090711.jpg,fully_ripe
119.68987647505348,31.53980235521419,51,197,121.0,97.0,143.0,149.26400623046817,7.847254494968738,126,164,151.0,143.0,156.0,77.41584431716238,13.613700294229693,47,128,75.0,67.0,86.0,IMG20200717090721.jpg,fully_ripe
120.26129829834683,33.65626945277866,51,191,124.0,95.0,147.0,153.81781160614727,7.551391889284391,126,164,156.0,151.0,159.0,76.85642119552044,15.208074738690847,46,128,75.0,64.0,88.0,IMG20200717090728.jpg,fully_ripe
111.04617580470519,28.79752856128998,51,208,112.0,91.0,130.0,150.32826065557634,7.157363260309067,127,163,152.0,146.0,156.0,80.48483118417167,13.824076472320968,53,128,79.0,71.0,89.0,IMG20200717090742.jpg,fully_ripe
118.69512126339538,30.830886607078412,51,207,120.0,98.0,141.0,151.1728426395939,7.68069839702137,126,165,153.0,146.0,157.0,75.21971235194586,15.272200180616247,43,128,72.0,67.0,84.0,IMG20200717090752.jpg,fully_ripe
108.07181856362872,32.53876129435521,51,193,106.0,82.0,130.0,146.84356312873743,6.931599099380907,128,163,147.0,142.0,152.0,80.44642107157857,13.74396799719386,46,128,81.0,72.0,89.0,IMG20200717090759.jpg,fully_ripe
126.86931319163885,38.3207955348856,51,207,129.0,95.0,160.0,149.6267345863341,7.347530453739218,128,163,151.0,146.0,155.0,70.06994141412054,19.63268878004827,34,127,65.0,54.0,83.0,IMG20200717090812.jpg,fully_ripe
127.95135601400683,35.89267540263546,51,239,130.0,103.0,155.0,155.23757201096723,7.410498245577706,128,166,157.0,152.0,161.0,67.41464967498793,17.95349058893164,34,128,64.0,53.0,78.0,IMG20200717090824.jpg,fully_ripe
117.39063092747749,30.787143223645284,51,200,121.0,94.0,140.0,154.3540390847704,7.218184311255139,126,166,155.0,151.0,160.0,76.10472463988035,14.26649011758645,51,128,74.0,65.0,84.0,IMG20200717090830.jpg,fully_ripe
117.55511593278025,35.18799291893488,51,211,116.0,89.0,146.0,155.70864709636248,7.9535705779495265,126,168,157.0,151.0,163.0,77.34478834290576,14.709369819253231,53,129,75.0,65.0,87.0,IMG20200717090837.jpg,fully_ripe
120.33049771457593,32.09442944702137,51,209,120.0,100.0,141.0,158.45065176908753,7.504569343254217,127,169,161.0,156.0,164.0,77.15219231420349,13.622055777580153,51,128,74.0,67.0,85.0,IMG20200717090840.jpg,fully_ripe
123.51956059852628,30.117187289239606,51,232,127.0,105.0,144.0,157.54913430676731,7.317507616785325,126,167,160.0,155.0,163.0,77.66529542064102,12.966915938981062,46,129,75.0,70.0,83.0,IMG20200717090844.jpg,fully_ripe
119.80628460767427,31.275662887103266,51,228,121.0,98.0,144.0,152.75576835119065,7.107629191772737,126,164,155.0,149.0,158.0,73.56657810994658,14.150994565835175,39,126,72.0,66.0,80.0,IMG20200717090849.jpg,fully_ripe
130.525232845939,35.27090536504032,51,229,134.0,107.0,157.0,156.09458962456387,7.3244741710498085,127,166,159.0,153.0,162.0,67.34659006192658,17.689634936216812,33,128,64.0,53.0,78.0,IMG20200717090904.jpg,fully_ripe
119.22937403650343,33.610633117340505,51,201,118.0,94.0,145.0,148.5900881183031,6.488815013867056,126,160,150.0,145.0,154.0,77.71009458919362,15.38464909387462,47,131,79.0,63.0,88.0,IMG20200717090939.jpg,fully_ripe
119.5905818144942,33.88752884427368,51,195,122.0,95.0,146.0,153.62072812088024,6.58193246041121,126,164,156.0,149.0,159.0,72.10245134644283,17.002456282364005,42,128,69.0,58.0,83.0,IMG20200717090948.jpg,fully_ripe
122.01543512008939,33.54991235995143,51,205,123.0,100.0,143.0,149.35817191223438,6.0143113731646265,124,161,150.0,146.0,154.0,74.81417539279958,15.511651159906629,46,129,72.0,63.0,84.0,IMG20200717091002.jpg,fully_ripe
127.37229634242736,30.179266859385564,51,198,133.0,107.0,149.0,156.99362858990634,5.425896533018338,127,165,158.0,155.0,161.0,66.82433112170351,14.889788608185142,41,128,64.0,55.0,76.0,IMG20200717091035.jpg,fully_ripe
125.36365699873896,34.671134637368034,51,202,131.0,100.0,153.0,153.8519419924338,6.03825410380418,128,164,155.0,150.0,158.0,72.81940731399747,16.335340166720393,39,127,70.0,61.0,84.0,IMG20200717091047.jpg,fully_ripe
121.09693602117267,34.93764562691721,51,195,126.0,96.0,146.0,155.2899390364333,8.235459395332306,126,167,158.0,151.0,162.0,75.81250082294231,16.080460034926602,50,130,73.0,63.0,85.0,IMG20200717091112.jpg,fully_ripe
122.73403661185232,36.38048806627433,51,206,127.0,93.0,152.0,156.9067328575861,8.484223900633907,126,168,160.0,151.0,164.0,73.56094322060193,17.58183224732307,42,130,69.0,59.0,86.0,IMG20200717091115.jpg,fully_ripe
122.42584164651862,32.85703014943002,51,205,125.0,97.0,147.0,158.34996647636075,7.024822731453953,127,169,161.0,155.0,163.0,72.98965846522684,14.72270751264699,44,128,69.0,62.0,82.0,IMG20200717091135.jpg,fully_ripe
122.48589414135438,29.005861810339635,51,193,126.0,102.0,145.0,148.98011684013977,8.320845750868921,122,162,151.0,146.0,155.0,73.55560999057144,12.572998087896023,53,127,70.0,64.0,81.0,IMG20200717091159.jpg,fully_ripe
122.87473599883475,34.362894720510596,51,202,128.0,97.0,149.0,154.49739380130467,8.250873437594029,125,166,157.0,151.0,161.0,73.58635829249768,16.4473288806515,45,128,70.0,60.0,85.0,IMG20200717091212.jpg,fully_ripe
124.97399429166506,33.320505589027576,51,208,130.0,100.0,150.0,157.15507964670036,7.526777421390921,126,170,160.0,154.0,163.0,71.95010028155977,15.089701948037215,46,130,68.0,61.0,81.0,IMG20200717091217.jpg,fully_ripe
120.78039400200478,39.53121355217245,51,213,117.0,89.0,150.0,145.09341693431253,6.87172961876919,127,159,144.0,140.0,152.0,77.62091115520734,15.904643882976849,43,128,78.0,65.0,88.0,IMG20200717091236.jpg,fully_ripe
111.2171186605036,36.06896548580891,51,203,105.0,83.0,137.0,144.4018273696006,7.021394299777118,127,158,146.0,138.0,150.0,82.69325834222236,14.969487439774735,56,129,82.0,71.0,93.0,IMG20200717091245.jpg,fully_ripe
120.32940489462229,35.57631973387815,51,202,123.0,91.0,152.0,148.76340181557572,7.443919721438468,126,162,150.0,144.0,155.0,76.3019270584488,16.27198521353816,51,129,73.0,63.0,88.0,IMG20200717091251.jpg,fully_ripe
123.50438021516116,35.385796796088655,51,200,128.0,95.0,150.0,153.0864598289531,7.216470376078711,126,167,154.0,150.0,158.0,73.86050939509333,15.415772226865725,47,129,71.0,61.0,85.0,IMG20200717091256.jpg,fully_ripe
123.13864218698826,35.14265360614344,51,199,130.0,94.0,151.0,154.95430288785712,9.04668549659967,126,167,158.0,149.0,162.0,72.16799275627565,15.902042971942713,41,129,70.0,59.0,84.0,IMG20200717091304.jpg,fully_ripe
116.50948641107782,32.26749597972288,51,203,120.0,92.0,140.0,148.72193861734007,8.12990270636984,126,163,151.0,143.0,155.0,77.80193241707141,15.878328790839973,44,129,77.0,69.0,87.0,IMG20200717091309.jpg,fully_ripe
124.95094114307528,31.76583409364929,51,207,129.0,103.0,149.0,154.01485860830243,11.124267899601811,126,171,156.0,145.0,164.0,72.7014183217016,15.766937008157246,45,129,69.0,61.0,81.0,IMG20200717091335.jpg,fully_ripe
120.28917775252954,29.318191966145875,51,198,123.0,98.0,143.0,152.9323486522513,12.628288858634718,125,172,155.0,142.0,165.0,72.90232512368155,13.431249425183863,47,129,69.0,64.0,78.0,IMG20200717091351.jpg,fully_ripe
124.23548735093738,35.11713463718762,51,202,129.0,100.0,149.0,150.11036708036505,8.809078424376976,126,165,152.0,145.0,157.0,71.93572934990719,19.776827700196677,40,128,67.0,55.0,86.0,IMG20200717091402.jpg,fully_ripe
124.13418836364485,35.54736189716036,51,206,126.0,98.0,149.0,154.47268458492482,7.181763572603663,128,164,157.0,151.0,160.0,72.18047914403523,17.466249379462205,43,129,70.0,57.0,84.0,IMG20200717091414.jpg,fully_ripe
116.97418396131373,37.94083505940593,51,208,118.0,86.0,145.0,150.8425725367721,6.8924729413364805,127,161,153.0,147.0,156.0,76.3322209349184,17.040737079821508,50,128,73.0,61.0,89.0,IMG20200717091422.jpg,fully_ripe
121.7811128292099,33.41789150715463,51,194,124.0,94.0,150.0,151.2988577414206,6.627074483752407,126,160,154.0,148.0,156.0,76.02030127693536,15.121572279143141,54,128,73.0,63.0,85.0,IMG20200717091428.jpg,fully_ripe
123.42492865187583,31.724996297328268,51,197,129.0,100.0,148.0,155.74308114550644,8.073810590109838,126,167,158.0,151.0,163.0,74.14604222934184,15.133397867273759,50,128,70.0,62.0,84.0,IMG20200717091432.jpg,fully_ripe
123.11056431333316,37.019570254785954,51,202,127.0,93.0,153.0,153.59174485574454,7.335403226066979,128,164,156.0,150.0,159.0,75.01633182813725,16.880645715019043,46,128,72.0,61.0,86.0,IMG20200717091452.jpg,fully_ripe
125.55414243715437,34.685227601403646,51,201,129.0,99.0,154.0,150.40485410487872,5.861328921650142,127,161,152.0,147.0,155.0,70.72693717379198,15.90667384206909,42,128,67.0,59.0,79.0,IMG20200717091524.jpg,fully_ripe
121.43786088655948,34.2813673554499,51,202,121.0,94.0,145.0,156.64980981530684,9.48103824446481,128,169,160.0,151.0,164.0,70.99223917239374,17.072395015956968,41,127,70.0,56.0,83.0,IMG20200717091549.jpg,fully_ripe
114.0479321282296,29.53135080502773,51,195,115.0,92.0,134.0,151.30848705078066,6.863011126220165,128,165,153.0,146.0,156.0,75.05640070212176,13.79290430258619,37,125,77.0,68.0,82.0,IMG20200717091600.jpg,fully_ripe
123.67830763198118,33.43115640656501,51,208,123.0,98.0,150.0,148.70087467289795,6.508543356989682,128,163,150.0,145.0,154.0,72.8327878298029,17.03809535664022,29,127,75.0,63.0,82.0,IMG20200717091605.jpg,fully_ripe
124.12789747659842,35.86203582036243,51,215,127.0,95.0,152.0,148.2466755370885,8.0388837572485,127,161,150.0,143.0,155.0,70.92426682851296,17.583244586823735,36,127,68.0,57.0,83.0,IMG20200717091613.jpg,fully_ripe
130.7748664192193,33.702370961193566,51,227,135.0,109.0,156.0,149.71826079862953,8.545233203877187,127,168,150.0,143.0,157.0,66.57947546600319,17.953317838432483,28,128,63.0,54.0,77.0,IMG20200717091626.jpg,fully_ripe
134.0495078566816,39.5813439956238,51,223,138.0,104.0,166.0,156.64800500949065,7.087806297017381,128,167,159.0,154.0,162.0,66.33239731522612,18.548503134599112,34,127,61.0,52.0,78.0,IMG20200717091647.jpg,fully_ripe
139.29817604293055,39.08317489685875,51,221,140.0,115.0,172.0,155.7781361901098,7.63629705236327,128,167,158.0,152.0,162.0,64.50708768607025,19.240311293219094,28,128,59.0,49.0,76.0,IMG20200717091702.jpg,fully_ripe
136.33885594362508,39.05499819377574,51,219,141.0,106.0,166.0,153.48037082675498,7.833659123153528,128,166,156.0,150.0,159.0,67.06679117409219,18.435754704154267,37,127,61.0,53.0,79.0,IMG20200717091707.jpg,fully_ripe
135.64314388337206,34.022843554879564,51,226,139.0,113.0,162.0,152.24029248844835,7.717003316788352,127,164,155.0,148.0,158.0,66.55276091090309,16.40968887551923,35,126,63.0,54.0,75.0,IMG20200717091712.jpg,fully_ripe
130.44623770634905,33.653439788213696,51,211,133.0,106.0,157.0,152.94145603383058,8.399757234481546,124,166,156.0,147.0,160.0,69.28413609823282,15.5353451826085,38,126,64.0,58.0,79.0,IMG20200717091718.jpg,fully_ripe
135.98955528431802,35.34212239358235,51,230,141.0,113.0,163.0,159.00888872324765,6.933322164591838,128,169,161.0,156.0,164.0,64.16473021700038,17.420598642755394,33,128,60.0,50.5,75.0,IMG20200717091725.jpg,fully_ripe
134.57652257147552,40.42106676597855,51,219,142.0,101.0,165.0,156.67107235054675,6.7909519402912375,128,166,158.0,154.0,162.0,66.4364430951299,18.157214113511667,33,128,62.0,52.0,78.0,IMG20200717091728.jpg,fully_ripe
128.8777949966792,32.65548438406999,51,190,130.0,108.0,158.0,157.40418419304848,6.2900042450243605,127,166,159.0,155.0,162.0,68.90915430595528,16.155364727875703,42,127,65.0,56.0,77.0,IMG20200717091739.jpg,fully_ripe
133.73856124432922,30.006295540263924,51,190,141.0,115.0,156.0,156.5546230287319,5.778632928635565,127,164,158.0,155.0,160.0,66.88410023763232,14.609717198964528,44,129,63.0,57.0,74.0,IMG20200717091745.jpg,fully_ripe
122.34417932805478,30.633979493181126,51,197,126.0,99.0,146.0,155.28121121335332,5.9871386576131025,127,163,157.0,153.0,159.0,72.790081318211,14.367120503644868,46,128,71.0,62.0,80.0,IMG20200717091748.jpg,fully_ripe
121.69203902746794,30.585992222605665,51,200,122.0,99.0,145.0,154.57061898645756,5.456023124446274,127,163,156.0,153.0,158.0,73.69134049888461,13.538923977718923,42,128,72.0,65.0,80.0,IMG20200717091754.jpg,fully_ripe
127.07537051048111,35.34945604822454,51,194,133.0,102.0,156.0,154.79231385464416,5.980706636103865,127,164,157.0,152.0,159.0,72.05362944501313,16.363114582095086,37,127,69.0,59.0,82.0,IMG20200717091801.jpg,fully_ripe
119.99814213120456,31.48292529792268,51,194,123.0,100.0,143.0,157.3245671335375,5.876542738552934,128,166,159.0,155.0,162.0,70.4911899692052,15.723953700023824,37,127,68.0,59.0,81.0,IMG20200717092037.jpg,fully_ripe
124.32193474706477,30.95226719268626,51,229,129.0,103.0,144.0,157.67961811175653,6.015905326465198,128,166,159.0,155.0,162.0,68.85941287147423,14.179547620933171,37,128,66.0,59.0,77.0,IMG20200717092040.jpg,fully_ripe
122.02915611352793,30.005395986547253,51,199,125.0,102.0,144.0,155.15438014859942,6.698167605284096,128,165,157.0,151.0,160.0,72.86621845628265,13.896989831995496,46,127,71.0,63.0,81.0,IMG20200717092046.jpg,fully_ripe
121.64336316826208,33.50867612020865,51,208,126.0,96.0,145.0,152.55257974219856,6.249645253566484,128,163,154.0,150.0,157.0,74.39496146801673,12.547757179213251,50,125,72.0,65.0,81.0,IMG20200717092052.jpg,fully_ripe
122.1681242758443,35.29536938674,51,196,127.0,94.0,150.0,153.89203106896107,6.685223836752149,127,163,156.0,151.0,159.0,72.59346865210487,15.744684613864017,45,128,71.0,59.0,83.0,IMG20200717092106.jpg,fully_ripe
120.66887165088279,41.29762306732256,51,212,120.0,85.0,153.0,150.56127159377527,7.590236243584755,127,162,152.0,146.0,157.0,77.893625374768,15.21302278486564,50,129,76.0,64.0,88.0,IMG20200717092152.jpg,fully_ripe
120.03623378325253,34.40141273913462,51,197,120.0,93.0,146.0,152.714074171144,7.04074703303023,125,166,154.0,150.0,158.0,78.4339798191587,16.379975249677297,41,128,79.0,65.0,89.0,IMG20200717092159.jpg,fully_ripe
130.19754895279632,30.071142349240237,51,196,134.0,112.0,151.0,159.26310708282222,6.874923539396994,127,169,161.0,157.0,164.0,68.31846576711644,14.872058036612678,37,128,65.0,58.0,75.0,IMG20200717092206.jpg,fully_ripe
115.41341479612166,39.8660394707345,51,209,109.0,82.0,148.0,149.2797449860539,7.11481462940775,127,161,151.0,146.0,154.0,82.5774073582149,15.082604871705103,52,127,81.0,71.0,94.0,IMG20200717092228.jpg,fully_ripe
131.2478601496726,43.71209451169907,51,219,127.0,97.0,170.0,150.9940247895229,7.776466581387341,127,165,153.0,147.0,158.0,72.45311038353601,16.820257054759587,40,129,69.0,58.0,84.0,IMG20200717092238.jpg,fully_ripe
117.95720425857768,32.357860832886615,51,203,120.0,93.0,140.0,156.98756268063138,6.889148855548058,128,166,159.0,154.0,162.0,73.5496504705679,15.998361846265793,39,128,71.0,60.0,83.0,IMG20200717092255.jpg,fully_ripe
125.79919274628178,30.848566907698597,51,195,129.0,108.0,147.0,156.92631785904285,5.707090186113346,128,164,159.0,154.0,161.0,69.80319431915434,14.906080715995225,35,127,67.0,59.0,78.0,IMG20200717092258.jpg,fully_ripe
124.25866039552085,33.06247769409844,51,199,128.0,103.0,150.0,154.70222617553523,5.494901873291644,126,163,157.0,152.0,158.0,73.49554643044267,15.149474621860879,41,128,70.0,62.0,83.0,IMG20200717092304.jpg,fully_ripe
121.27103258621109,32.418876241880085,51,195,126.0,94.0,146.0,154.70942542162518,6.095946131259251,126,163,157.0,152.0,159.0,73.45298240490618,16.19160473388659,42,130,70.0,62.0,83.0,IMG20200717092310.jpg,fully_ripe
128.2830885428493,37.311490599961054,51,205,133.0,97.0,159.0,159.0790300799503,8.212024165522406,127,170,162.0,155.0,165.0,70.58674426664436,17.67514811847644,37,130,65.0,57.0,82.0,IMG20200717092316.jpg,fully_ripe
132.04715676133745,36.404061659111605,51,207,134.0,108.0,160.0,157.6785015515372,7.672804331641743,128,168,160.0,154.0,163.0,69.13911493837469,17.39389082139603,39,128,65.0,56.0,78.0,IMG20200717092323.jpg,fully_ripe
126.82160360020734,32.872097629953004,51,200,131.0,107.0,150.0,156.82420715329155,6.633617934006045,128,166,159.0,154.0,162.0,69.06289760143254,17.272167073182086,33,129,66.0,56.0,78.0,IMG20200717092329.jpg,fully_ripe
127.12341499663832,34.26734531504267,51,194,135.0,101.0,155.0,155.49736373394356,5.417723520962957,128,163,158.0,153.0,159.0,71.17493718963422,15.560447100459573,40,128,67.0,60.0,81.0,IMG20200717092335.jpg,fully_ripe
120.40467133800468,37.49524812335898,51,200,122.0,91.0,152.0,153.8471137804471,6.624591639675567,128,163,156.0,150.0,159.0,76.58146146146146,15.451321324197375,46,128,73.0,64.0,86.0,IMG20200717092348.jpg,fully_ripe
122.7639662541902,34.39681788297129,51,199,130.0,95.0,148.0,154.2936558376014,6.950211827176202,127,164,156.0,151.0,159.0,74.29543783568234,16.02558710220353,46,128,71.0,62.0,84.0,IMG20200717092355.jpg,fully_ripe
133.53429153731307,34.06159920597403,51,204,138.0,111.0,160.0,152.7651728795886,7.241959810435325,128,163,155.0,147.0,159.0,70.47957200748868,15.036207409527444,43,128,65.0,60.0,77.0,IMG20200717092414.jpg,fully_ripe
115.40564057941342,35.08440804830432,51,204,114.0,90.0,142.0,149.06268874443364,6.650802321424834,125,161,150.0,145.0,154.0,79.83803808158878,15.64593800497983,53,129,77.0,68.0,90.0,IMG20200717092418.jpg,fully_ripe
127.16540214374825,37.450536826352,51,206,132.0,96.0,156.0,153.78708913613565,6.827418429323579,127,164,156.0,150.0,159.0,73.71602973750541,16.6700701890203,43,129,70.0,61.0,85.0,IMG20200717092424.jpg,fully_ripe
126.67423547210993,32.1107890594794,51,194,129.0,107.0,151.0,150.31325181676132,7.620153117811019,126,163,153.0,145.0,157.0,73.98597435452268,16.81655617638197,40,130,70.0,63.0,81.0,IMG20200717092429.jpg,fully_ripe
132.243273365788,37.97533865482471,51,216,135.0,106.0,162.0,153.03246869315612,7.8097466616928255,127,165,155.0,149.0,159.0,70.70709832083864,19.446954016051446,33,130,68.0,55.0,83.0,IMG20200717092448.jpg,fully_ripe
129.63693119455436,36.7453304152395,51,215,138.0,101.0,158.0,155.02321038375172,7.570298746705763,126,166,158.0,150.0,161.0,72.58798296226928,17.511727203883822,40,129,69.0,59.0,84.0,IMG20200717092454.jpg,fully_ripe
129.5132228345809,32.76509643402235,51,212,134.0,107.0,153.0,156.56665912642922,6.531211132262732,127,166,159.0,153.0,162.0,71.06438677305256,14.783504146130031,45,129,67.0,60.0,79.0,IMG20200717092458.jpg,fully_ripe
128.53365365365366,35.844695573612135,51,224,128.0,101.0,157.0,154.30383383383383,7.847310851751729,127,168,156.0,149.0,161.0,73.97769769769769,14.448632672014176,41,128,72.0,63.0,81.0,IMG20200717092504.jpg,fully_ripe
126.88043385591816,36.056067744313005,51,219,130.0,101.0,153.0,152.92737176147398,7.845562167759494,127,167,155.0,148.0,159.0,70.53394591010279,18.79365716942392,31,128,68.0,56.0,83.0,IMG20200717092509.jpg,fully_ripe
134.1444730023621,40.25285013853876,51,222,138.0,103.0,167.0,150.23905058219998,7.812763545074672,128,163,152.0,145.0,157.0,68.11719961290726,21.026783092847033,29,128,63.0,51.0,82.0,IMG20200717092518.jpg,fully_ripe
136.06223483172388,39.6983208191432,51,218,138.0,108.0,168.0,150.1231595477932,7.072661976891487,128,162,151.0,146.0,156.0,65.09773809833676,20.307267280991216,26,128,62.0,48.0,77.0,IMG20200717092542.jpg,fully_ripe
124.6777370533822,32.16661331248526,51,201,127.0,102.0,149.0,150.9406587378762,6.798871346425555,127,166,152.0,147.0,156.0,73.72236766649213,14.30858093364019,43,128,72.0,64.0,82.0,IMG20200717092548.jpg,fully_ripe
119.6863304457065,31.307035140581128,51,200,123.0,96.0,145.0,152.42839819588752,6.548784002303314,128,163,154.0,148.0,158.0,71.84356216249226,14.767560485895403,40,126,69.0,61.0,79.0,IMG20200717092555.jpg,fully_ripe
124.92061473332207,37.181165386043624,51,220,123.0,97.0,154.0,150.61455544784283,8.455978522254316,128,166,151.0,143.0,158.0,68.41875150081377,18.373540954747543,32,128,66.0,54.0,79.0,IMG20200717092609.jpg,fully_ripe
133.43529069357228,40.76014859000899,51,217,132.0,105.0,166.0,149.4212410922176,7.185588903022627,127,162,151.0,145.0,155.0,67.56301594581247,20.52772546576489,26,128,65.0,50.0,81.0,IMG20200717092613.jpg,fully_ripe
126.87407927789842,34.42288652699478,51,207,130.0,99.0,154.0,154.9815536254098,8.51284223453273,127,167,157.0,150.0,162.0,67.13732064546345,16.09996705797965,34,127,63.0,55.0,77.0,IMG20200717092630.jpg,fully_ripe
129.68473986774626,32.74178509084599,51,205,132.0,106.0,153.0,152.4165992844563,4.993996555713604,128,160,153.0,150.0,156.0,69.85081024800346,12.968209223861937,46,127,66.0,61.0,76.0,IMG20200717092703.jpg,fully_ripe
123.88994607626817,30.862746801145438,51,191,129.0,100.0,148.0,155.50238405321335,8.248305048907573,127,166,158.0,151.0,162.0,71.58608961456909,14.245265228163431,45,127,68.0,61.0,80.0,IMG20200717092708.jpg,fully_ripe
131.2772769380239,36.97971524072406,51,210,135.0,104.0,162.0,150.88628301588378,7.0148136940334815,128,165,152.0,146.0,157.0,66.72056530875076,19.10077410524263,35,128,63.0,51.0,79.0,IMG20200717092723.jpg,fully_ripe
121.72381995703134,32.46442058747012,51,202,126.0,100.0,144.0,152.35616132394546,6.4609151173295,128,163,154.0,149.0,157.0,71.53448129161261,15.86254925091372,45,128,67.0,60.0,81.0,IMG20200717092728.jpg,fully_ripe
119.5801961258801,33.57002089738582,51,191,123.0,95.0,146.0,148.92296700890748,6.44315519816552,127,161,150.0,144.0,154.0,73.42555398071006,16.418510569761608,45,129,70.0,60.0,85.0,IMG20200717092746.jpg,fully_ripe
121.63445080091533,27.174193587372738,51,183,124.0,104.0,141.0,150.11402745995423,5.983135722193185,127,159,152.0,147.0,154.0,74.53652173913044,13.400153446391096,47,127,74.0,66.0,81.0,IMG20200717092801.jpg,fully_ripe
126.56842429325152,28.866186254772003,51,194,130.0,108.0,148.0,151.8986294971284,5.450764690410999,126,161,153.0,149.0,156.0,71.81889404346119,13.466819997506734,48,130,68.0,64.0,77.0,IMG20200717092805.jpg,fully_ripe
127.77806672517852,31.97638073020101,51,205,131.0,105.0,151.0,152.07465678466556,7.4148195652495765,127,162,155.0,147.0,158.0,72.97953168850026,13.666686488542481,48,130,69.0,64.0,79.0,IMG20200717092809.jpg,fully_ripe
131.69539830524832,31.009998821144908,51,198,138.0,112.0,155.0,155.7337135908275,5.939064832858169,127,164,158.0,154.0,160.0,71.43366726504141,14.370668180506458,44,128,67.0,61.0,79.0,IMG20200717092830.jpg,fully_ripe
123.53342259447923,33.38901207550475,51,190,127.0,98.0,152.0,151.03948295649022,6.803730436987392,128,161,153.0,147.0,156.0,74.43626552841927,14.788611910245955,45,126,74.0,62.0,84.0,IMG20200717092838.jpg,fully_ripe
129.40715124385412,33.98360263271663,51,200,132.0,105.0,156.0,148.54916709473838,7.584899274348995,127,162,150.0,142.0,155.0,70.27733543700008,14.911023452119135,40,129,68.0,59.0,78.0,IMG20200717092844.jpg,fully_ripe
125.87358916478556,37.10301551378723,51,212,132.0,97.0,155.0,154.53611738148985,7.063351695044506,127,164,157.0,151.0,160.0,73.84734517617038,16.596962903249434,45,128,69.0,61.0,84.0,IMG20200717092856.jpg,fully_ripe
130.52683843005056,32.63265932701241,51,197,138.0,109.0,154.0,156.80691548278352,5.908150194091936,127,164,159.0,155.0,161.0,70.20495063809294,14.619188843776778,45,128,66.0,59.0,78.0,IMG20200717092859.jpg,fully_ripe
127.11703526470082,33.09070541425024,51,209,129.0,105.0,151.0,152.9152547853078,7.898519089998057,126,163,155.0,150.0,159.0,71.92539662010691,15.045462517128957,46,129,68.0,60.0,81.0,IMG20200717092916.jpg,fully_ripe
126.72329208324147,32.135773054115816,51,206,129.0,104.0,148.0,155.41778898229538,7.222807822499536,126,165,158.0,153.0,161.0,71.86806361013392,14.64982168687662,44,129,70.0,62.0,81.0,IMG20200717092923.jpg,fully_ripe
120.96702589223233,33.50455852193108,51,195,126.0,95.0,148.0,150.2758759038955,6.9404344794952335,127,163,152.0,146.0,156.0,75.47248891999067,14.447804638159626,50,128,74.0,64.0,85.0,IMG20200717092937.jpg,fully_ripe
110.62255922873095,34.55917235808931,51,203,110.0,81.0,135.0,149.7688735052262,7.685038496058103,127,166,151.0,144.0,156.0,79.73226560284728,13.927860676698014,52,128,78.0,70.0,89.0,IMG20200717092941.jpg,fully_ripe
118.661377084454,35.640995836841604,51,200,123.0,88.0,146.0,149.87868788016718,8.60719562303906,127,163,152.0,142.0,158.0,76.38063268092854,16.407997626470017,45,129,75.0,63.0,87.0,IMG20200717092951.jpg,fully_ripe
116.06876862195246,36.336260652687855,51,203,116.0,89.0,140.0,154.16581955039803,6.431371802757648,128,165,156.0,150.0,159.0,78.63461769073953,13.412092500817797,52,128,76.0,68.0,87.0,IMG20200717093009.jpg,fully_ripe
117.39306353028338,38.093790801337676,51,234,111.0,88.0,148.0,152.0851824411928,6.060285894435969,127,162,153.0,149.0,157.0,81.90590850157436,12.641740936811884,56,128,81.0,72.0,89.0,IMG20200717093015.jpg,fully_ripe
123.2702743417639,33.073614590181734,51,214,125.0,100.0,147.0,150.96237216075522,6.619584414646429,126,164,152.0,146.0,156.0,73.3716167584487,14.174829793837711,40,127,70.0,65.0,81.0,IMG20200717093036.jpg,fully_ripe
123.22912300965267,33.4989834061903,51,216,126.0,101.0,144.0,155.06253609438164,6.533377824164866,127,164,157.0,152.0,160.0,76.32327365728901,12.861112223092867,54,128,73.0,67.0,83.0,IMG20200717093050.jpg,fully_ripe
124.18042686307119,31.643896719776468,51,205,126.0,104.0,146.0,148.54554724004117,5.679729710375591,127,160,150.0,146.0,153.0,74.30312029777461,13.555348400794044,45,128,71.0,65.0,81.0,IMG20200717093116.jpg,fully_ripe
96.19167966195482,25.212388455023987,51,173,95.0,77.0,114.0,127.75812666633131,2.497784365917396,122,146,127.0,126.0,129.0,92.156245283968,10.961360830962663,70,127,91.0,84.0,100.0,IMG20200713141604.jpg,unripe
112.0676898312611,30.38054535116069,51,232,114.0,88.0,134.0,126.9354832741267,2.8331756156807573,122,147,127.0,125.0,128.0,87.7216918294849,12.510542984620605,62,129,86.0,78.0,96.0,IMG20200713141623.jpg,unripe
100.73142491769849,26.653682980403207,51,179,97.0,83.0,115.0,124.64452662594074,2.538299895002547,118,142,124.0,123.0,126.0,91.18136572974001,11.210416161366517,62,129,93.0,82.0,98.0,IMG20200713141640.jpg,unripe
106.68634524980868,29.726222904687845,51,198,104.0,83.0,128.0,125.51628584964105,4.180511041118495,118,156,124.0,123.0,127.0,88.60233956488466,13.952301323138476,49,128,89.0,80.0,98.0,IMG20200713141737.jpg,unripe
88.65733082706767,24.399906822783382,51,168,85.0,69.0,106.0,125.29086302713306,2.9213121932175232,119,148,125.0,124.0,126.0,98.4365478914678,9.437321560170215,69,128,99.0,92.0,105.0,IMG20200713141824.jpg,unripe
101.99748851941925,30.842758946652356,51,201,98.0,77.0,123.0,125.90341733650527,2.7844296753958324,119,149,126.0,124.0,127.0,88.89683049825389,12.657130448171683,51,127,89.0,78.0,98.0,IMG20200713141846.jpg,unripe
107.40959894806049,29.581110828365098,51,189,106.0,86.0,128.0,129.24823354266326,2.798750576251378,122,154,129.0,127.0,131.0,85.98354833102843,13.474850668577146,56,127,84.0,76.0,97.0,IMG20200713142056.jpg,unripe
110.96782836014906,25.186145105563337,51,184,113.0,96.0,128.0,128.2484112770444,2.3277760035088946,122,144,128.0,127.0,129.0,86.96409486120339,12.961671795197052,58,128,86.0,77.0,96.0,IMG20200713142139.jpg,unripe
97.42004763873305,26.466727556355874,51,176,97.0,77.0,115.0,127.01303175259355,2.2658909844865645,122,147,127.0,126.0,128.0,92.83952440008662,11.091426445834125,62,126,93.0,84.0,101.0,IMG20200713142211.jpg,unripe
101.4674389574075,26.13263708418826,51,170,103.0,81.0,121.0,126.19658461077546,1.8363876736109768,121,146,126.0,125.0,127.0,92.59592550057422,11.400802282336235,61,127,91.0,84.0,101.0,IMG20200713142220.jpg,unripe
104.42056562588972,25.363441462082783,51,192,104.0,87.0,122.0,126.9938787131062,2.380034340067966,122,144,127.0,126.0,128.0,89.84916959286325,11.721966431991513,62,128,88.0,81.0,99.0,IMG20200713142228.jpg,unripe
104.57764155168931,29.664901322295673,51,188,103.0,81.0,127.0,128.0880707516928,2.769171427515114,121,144,128.0,126.0,129.0,88.48646180058492,11.242589414130606,55,129,89.0,80.0,96.0,IMG20200713142241.jpg,unripe
106.94988573294157,28.76277909151706,51,188,108.0,85.0,127.0,128.2553739883499,3.1949736495345396,122,152,128.0,126.0,130.0,84.57422203893671,12.698415896281796,56,128,86.0,74.0,92.0,IMG20200713142258.jpg,unripe
95.54692804540468,24.00508937295975,51,183,93.0,78.0,111.0,128.4672086909591,2.6979057513800995,123,148,128.0,127.0,129.0,91.66523616358224,10.588223345208894,70,127,90.0,84.0,99.0,IMG20200713142856.jpg,unripe
92.12278384605744,24.278239983545117,51,163,88.0,74.0,109.0,128.40037791510406,1.831176931412311,123,144,128.0,127.0,129.0,93.30617871913773,11.025117782248756,70,128,94.0,85.0,100.0,IMG20200713142909.jpg,unripe
92.61334298581274,22.22477410620529,51,165,92.0,76.0,108.0,127.64943636414918,1.392694752451223,123,134,128.0,127.0,128.0,95.68416648646615,9.342309429329054,71,127,96.0,89.0,101.0,IMG20200713142917.jpg,unripe
93.45285990685736,22.678168941855947,51,159,94.0,77.0,110.0,125.00511409487326,1.9950433703327077,120,145,125.0,124.0,126.0,96.54069400017501,9.62318395863542,72,128,95.0,90.0,103.0,IMG20200713142946.jpg,unripe
92.61621341509495,24.120498262359988,51,171,90.0,75.0,107.0,124.50903084413832,2.2846285774805497,119,145,124.0,123.0,126.0,98.14723568721863,9.383216941105987,74,128,98.0,92.0,104.0,IMG20200713143028.jpg,unripe
89.59082613104148,21.219040047016033,51,163,88.0,74.0,105.0,123.88975906523103,1.9872839186354647,119,143,124.0,123.0,125.0,99.71423881029405,8.504178056674528,77,128,99.0,94.0,105.0,IMG20200713143043.jpg,unripe
87.73384638975676,21.775954434304104,51,158,85.0,71.0,102.0,125.4599106783462,1.5583253496797722,121,145,125.0,124.0,126.0,98.49061739280444,8.432403309033049,77,128,99.0,93.0,103.0,IMG20200713143050.jpg,unripe
93.16855371343847,23.821809711525532,51,165,93.0,74.0,112.0,126.94711455144127,1.539399379601305,123,139,127.0,126.0,128.0,103.74339052240387,8.35131112279716,85,128,103.0,97.0,109.0,IMG20200713143109.jpg,unripe
90.52237681923447,22.505022024573044,51,179,90.0,73.0,106.0,126.95100069662794,1.6949000403451753,122,140,127.0,126.0,128.0,94.55243537363734,11.869387857471498,65,128,95.0,85.0,103.0,IMG20200713143206.jpg,unripe
94.58289427633632,23.310458900858034,51,167,93.0,77.0,110.0,128.11891902117878,1.6506103463613377,123,135,128.0,127.0,129.0,94.46718186891665,9.910399812185627,64,126,95.0,89.0,100.0,IMG20200713143223.jpg,unripe
101.32177727596643,24.1978181987084,51,171,102.0,84.0,118.0,128.90265888036427,1.8758644084939768,123,139,129.0,128.0,130.0,92.25320907332512,10.009177486443704,65,127,92.0,86.0,99.0,IMG20200713143259.jpg,unripe
96.57816491735664,25.39966544696615,51,173,95.0,77.0,114.0,127.43728646618855,2.636257562422576,119,145,127.0,126.0,128.0,96.71361589050653,9.875625307580862,77,127,96.0,89.0,104.0,IMG20200713143317.jpg,unripe
93.16132778377268,24.959327374428984,51,164,92.0,73.0,112.0,124.9132315913879,2.702079265164967,118,136,125.0,123.0,127.0,102.47878320744053,6.846061053955855,83,128,102.0,98.0,107.0,IMG20200713143325.jpg,unripe
94.35628963153384,27.185795227550933,51,181,91.0,73.0,113.0,129.62002570694088,2.4070764710120316,125,142,129.0,128.0,131.0,98.4116795201371,10.169406831825267,71,127,98.0,92.0,105.0,IMG20200713143333.jpg,unripe
90.82848255730488,25.146346071232042,51,179,88.0,71.0,108.0,128.49313298559602,2.5492879312611594,122,144,128.0,127.0,130.0,99.94261377231182,9.25136365384583,79,128,99.0,92.0,107.0,IMG20200713143359.jpg,unripe
82.23219465198987,21.032814035798474,51,152,79.0,65.0,97.0,125.74641535733686,1.9454263670637042,120,148,126.0,125.0,127.0,103.04418411585647,8.233162062086283,86,128,103.0,97.0,108.0,IMG20200713143438.jpg,unripe
92.76955209540817,22.30107078457713,51,168,92.0,76.0,108.0,123.74824816984659,2.4357916176994516,118,148,123.0,122.0,125.0,98.38476560460332,9.857862670846732,77,128,98.0,91.0,105.0,IMG20200713143447.jpg,unripe
85.24091318126688,20.184921711060568,51,158,84.0,69.0,99.0,125.0514593685199,1.8802584420694726,121,136,125.0,124.0,126.0,100.61718963965727,9.23404283913007,75,128,103.0,94.0,107.0,IMG20200713143503.jpg,unripe
80.23475457718885,19.4523526782475,51,146,77.0,65.0,92.0,125.36628196908171,1.4028591911137605,122,148,125.0,125.0,126.0,103.44816378143479,7.248111739772318,88,129,104.0,98.0,108.0,IMG20200713143508.jpg,unripe
89.41803705567177,23.105868986191457,51,175,86.0,72.0,105.0,126.4165629496244,1.6627585139172207,122,143,126.0,125.0,127.0,94.35598336996532,10.323989398300018,75,129,93.0,86.0,101.0,IMG20200713143524.jpg,unripe
85.89755577499497,18.501271040337016,51,152,85.0,72.0,98.0,126.9051846932266,1.8952478275375404,122,140,127.0,126.0,128.0,97.50779058488374,8.35639015734687,78,128,97.0,91.0,102.0,IMG20200713143542.jpg,unripe
87.25680528307174,21.655565233281994,51,165,86.0,70.0,102.0,125.97455682455157,2.574719116266983,119,150,126.0,124.0,127.0,98.89284963565022,7.674979734353577,78,127,99.0,94.0,103.0,IMG20200713143556.jpg,unripe
87.73067849633314,20.893058199394922,51,196,86.0,72.0,101.0,126.96591278185205,2.3876932805807045,122,143,127.0,125.0,128.0,97.26671453236918,10.186928141681157,75,128,98.0,89.0,104.0,IMG20200713143602.jpg,unripe
96.40846075023609,24.871382678516373,51,168,99.0,76.0,113.0,129.4267043057202,2.864150612157946,124,148,129.0,127.0,131.0,92.95052339715899,11.137139560798499,66,129,92.0,85.0,100.0,IMG20200713143616.jpg,unripe
92.35152210292763,22.64620283563739,51,167,92.0,75.0,108.0,126.48280465562304,2.181100024302852,122,138,126.0,125.0,128.0,95.5895116860651,11.095028965433098,64,127,96.0,88.0,104.0,IMG20200713143625.jpg,unripe
100.95432128991641,24.892301576027517,51,171,103.0,82.0,120.0,129.00446527462023,2.631914399104959,121,146,129.0,127.0,130.0,92.33199258507922,11.36934098113834,68,128,91.0,84.0,99.0,IMG20200713143701.jpg,unripe
97.19724387290434,27.196710758726606,51,176,93.0,76.0,116.0,127.96057680828203,2.6541194388357154,123,144,128.0,126.0,129.0,93.04325209353095,11.11638198041066,68,129,92.0,85.0,100.0,IMG20200713143721.jpg,unripe
91.13489407203275,22.801436792556718,51,158,90.0,72.0,108.0,127.97210317218837,3.131596988326419,122,144,127.0,126.0,129.0,93.66325599186307,11.762773495799692,62,128,94.0,85.0,102.0,IMG20200713143750.jpg,unripe
96.08078351778808,26.28552696121456,51,178,96.0,75.0,115.0,125.0323593612377,2.1016572171116383,120,147,125.0,124.0,126.0,93.10363611994026,11.935159207296081,68,128,93.0,84.0,101.0,IMG20200713143812.jpg,unripe
93.3241718631727,24.725925162351682,51,171,90.0,75.0,109.0,124.24990087589663,1.9971859345743463,119,143,124.0,123.0,125.0,96.08104747143423,10.18776213080744,73,128,96.0,89.0,103.0,IMG20200713143821.jpg,unripe
86.5280567913249,19.58710396423265,51,147,85.0,71.0,101.0,124.06985089670513,1.8635866508087384,119,131,124.0,123.0,125.0,100.9900858473516,7.7947947577765735,82,128,102.0,96.0,105.0,IMG20200713143830.jpg,unripe
93.96994426058178,26.622853375898963,51,185,90.0,73.0,112.0,128.13770249085525,2.187388807569574,122,147,128.0,127.0,129.0,92.4110520815189,11.258739304217515,66,127,91.0,84.0,101.0,IMG20200713143842.jpg,unripe
95.60886513157895,25.806901368656163,51,179,95.0,75.0,113.0,129.01893092105263,2.9447774090156886,123,146,128.0,127.0,130.0,91.28834703947368,11.874494687224887,66,127,90.0,82.0,99.0,IMG20200713143852.jpg,unripe
99.1277816012847,26.104426374331307,51,170,101.0,79.0,119.0,127.58510627686844,3.0852063571796293,122,144,127.0,126.0,128.0,92.85339677030032,11.12683376944606,69,129,91.0,84.0,100.0,IMG20200713143859.jpg,unripe
95.53971023417321,22.043087593541188,51,173,95.0,79.0,112.0,126.30267186671456,2.499170669148827,120,142,126.0,125.0,127.0,95.60988522262706,8.52352272030984,74,127,96.0,90.0,100.0,IMG20200713143908.jpg,unripe
89.700115377565,23.015900739953366,51,158,88.0,72.0,106.0,124.52179773342391,1.9605350679439202,120,149,124.0,123.0,125.0,97.13088344709345,9.519895041855486,79,128,96.0,90.0,103.0,IMG20200713143919.jpg,unripe
93.10832439061781,24.644221537039478,51,164,90.0,73.0,113.0,127.01013848433747,2.7163443588958756,120,147,126.0,126.0,128.0,94.86677908937605,9.658651797997459,76,128,94.0,87.0,101.0,IMG20200713143938.jpg,unripe
81.07671390156207,23.232955853427715,51,175,74.0,63.0,94.0,124.33389733208448,2.0940061334327145,120,146,124.0,123.0,125.0,101.00774491142198,8.611525608647264,82,129,102.0,95.0,106.0,IMG20200713143943.jpg,unripe
83.41781331723999,22.398381234394936,51,156,80.0,65.0,99.0,123.84112854556427,1.8050746137115938,118,139,124.0,123.0,125.0,102.39627841480588,8.570058369273852,78,128,103.0,96.0,108.0,IMG20200713143947.jpg,unripe
96.94629827558637,23.055295986578905,51,168,98.0,80.0,112.0,127.82082593437298,1.7951094911572278,123,141,128.0,127.0,129.0,91.33339504977992,10.846626506638353,71,127,90.0,82.0,99.0,IMG20200713143957.jpg,unripe
95.00235983332645,21.402854389995248,51,163,96.0,80.0,111.0,128.06239531333802,1.3301188956568903,123,135,128.0,127.0,129.0,92.01097405008457,9.73749578927561,71,129,91.0,85.0,98.0,IMG20200713144008.jpg,unripe
94.0681257760445,22.929527035853923,51,164,95.0,77.0,109.0,129.28067889683635,2.252508881622155,125,143,129.0,128.0,131.0,91.78274251936833,11.136126292250147,70,127,91.0,83.0,100.0,IMG20200713144013.jpg,unripe
90.93031390730678,25.128856239641365,51,162,88.0,70.0,111.0,126.39771008857204,1.5973570888540491,122,138,126.0,125.0,127.0,98.03586087707929,9.7259878039596,70,127,99.0,90.0,104.0,IMG20200713144109.jpg,unripe
95.7502738568433,23.62815563071067,51,168,95.0,78.0,113.0,126.67026071171482,1.4462129077484558,122,133,126.0,126.0,128.0,94.48234014584833,9.902586918299658,68,125,94.0,87.0,102.0,IMG20200713144113.jpg,unripe
92.03424854108869,23.14057700915609,51,173,90.0,77.0,103.0,127.48485602219459,1.7258273729822664,123,142,127.0,126.0,128.0,93.45347747058261,10.5425426169672,70,127,94.0,85.0,101.0,IMG20200713144123.jpg,unripe
90.99941788469883,22.690126813433352,51,168,88.0,75.0,105.0,125.56783760041489,1.9399719745196382,121,138,125.0,124.0,127.0,96.89627763724691,10.174440092378031,72,128,96.0,90.0,103.0,IMG20200713144137.jpg,unripe
93.63203357868484,24.558595903479876,51,162,93.0,73.0,113.0,126.07461929963299,2.4713267421945524,121,141,126.0,124.0,128.0,95.46861122939352,11.03940287166767,65,129,96.0,87.0,103.0,IMG20200713144142.jpg,unripe
93.6760547129041,28.077043552670467,51,166,90.0,70.0,114.0,127.13892210543982,2.6649814957923814,123,137,126.0,125.0,128.0,94.99856294711226,11.489753778467856,62,127,97.0,86.0,103.0,IMG20200713144151.jpg,unripe
88.70584859854337,21.508295274552413,51,171,87.0,73.0,103.0,122.94679982343854,2.1045728028002357,118,143,123.0,122.0,124.0,101.50065107040389,8.693464746845418,81,128,102.0,95.0,107.0,IMG20200713144202.jpg,unripe
91.88997236389781,24.916953396784432,51,170,90.0,72.0,109.0,125.30510930864808,3.3058877197295353,120,146,124.0,123.0,126.0,98.16476059945626,9.754928112275339,75,127,98.0,91.0,104.0,IMG20200713144211.jpg,unripe
99.03680693677788,28.048171443297417,51,181,97.0,78.0,116.0,129.02361052137573,4.1463428914477065,122,147,128.0,126.0,131.0,93.99183185464948,12.967681354256024,63,128,96.0,83.0,103.0,IMG20200713144221.jpg,unripe
92.09830970556162,22.729179535948166,51,171,91.0,75.0,107.0,125.91323882224646,2.4530614884208974,121,143,126.0,124.0,127.0,99.53351145038168,9.220209193482006,76,129,101.0,93.0,105.0,IMG20200713144228.jpg,unripe
88.19565529187216,21.839553544424415,51,159,86.0,72.0,102.0,123.49452222553205,1.856991270520766,120,145,123.0,122.0,124.0,102.04416421187348,8.74658470316227,81,128,102.0,95.0,108.0,IMG20200713144234.jpg,unripe
90.67104380051941,20.902884930211215,51,156,90.0,75.0,105.0,122.78009279523768,1.7135568509595642,118,133,123.0,122.0,123.0,98.78035542326884,7.852365308429429,78,129,98.0,94.0,103.0,IMG20200713144248.jpg,unripe
87.7742698469775,22.5183900055192,51,159,85.0,69.0,104.0,124.44203124375724,1.693205265211909,120,138,124.0,123.0,125.0,99.9886531623317,7.275620859803318,82,128,99.0,95.0,105.0,IMG20200713144253.jpg,unripe
90.97458390476268,23.555416410025774,51,162,90.0,72.0,108.0,123.70512622840403,2.3385594252009065,118,141,123.0,122.0,125.0,99.72542177571837,8.66036478134247,80,129,98.0,93.0,104.0,IMG20200713144302.jpg,unripe
95.21354842441923,24.540623629330106,51,187,95.0,76.0,113.0,127.96338107319653,1.9660783324803734,123,146,128.0,127.0,129.0,94.33305785806964,10.99918384993525,69,128,94.0,86.0,102.0,IMG20200713144324.jpg,unripe
96.38521269696894,26.00004304215868,51,189,93.0,77.0,112.0,127.91508965191979,2.2768904536206884,122,147,128.0,127.0,128.0,93.78619975239394,10.488781638518729,71,128,94.0,86.0,101.0,IMG20200713144332.jpg,unripe
94.24161108931607,25.572617118013376,51,172,91.0,74.0,112.0,125.19361841244933,2.2846686437841734,119,141,125.0,124.0,127.0,99.1426703282333,8.086423578111019,74,127,99.0,93.0,104.0,IMG20200713144338.jpg,unripe
86.38880236992739,21.668082731522833,51,166,83.0,70.0,100.0,122.25397122033264,1.6563960919007081,117,132,122.0,121.0,123.0,100.78773784062516,9.821129686424886,76,129,101.0,93.0,108.0,IMG20200713144423.jpg,unripe
83.93486452932154,24.090202100964124,51,187,78.0,66.0,96.0,126.02266851676039,1.9932472668470098,120,145,126.0,125.0,127.0,98.18054480391442,10.42624497012263,76,128,98.0,89.0,106.0,IMG20200713144429.jpg,unripe
87.85256088680313,21.62449946186328,51,169,86.0,71.0,103.0,125.19678776600048,1.8462789749730344,120,145,125.0,124.0,126.0,98.58496642123148,9.837892822438187,78,130,98.0,91.0,104.0,IMG20200713144442.jpg,unripe
86.80951165910793,22.460856844679505,51,165,83.0,69.0,102.0,124.2020774859457,1.9073029678882807,119,131,124.0,123.0,126.0,102.65136262994575,9.646072184655173,75,129,105.0,96.0,109.0,IMG20200713144457.jpg,unripe
93.26902151067127,24.86155011577838,51,160,94.0,73.0,111.0,126.27439017066814,2.1721286181586823,122,140,126.0,125.0,127.0,95.45514706765472,10.249071308479689,77,128,94.0,88.0,102.0,IMG20200713144509.jpg,unripe
91.3365286838888,23.251762221850022,51,165,90.0,72.0,108.0,125.01919495446911,2.0218004307502357,122,140,125.0,124.0,126.0,96.72329559087325,9.5354529449831,79,127,95.0,90.0,103.0,IMG20200713144515.jpg,unripe
92.31385197987649,24.565825078285503,51,164,91.0,72.0,110.0,125.58242605048493,2.0136659912521218,121,140,125.0,124.0,126.0,96.08336727616992,10.052418050427992,77,127,95.0,89.0,103.0,IMG20200713144534.jpg,unripe
92.79268437115657,21.672113889397608,51,161,93.0,76.0,109.0,124.51395253496105,1.7281458966954084,120,146,124.0,123.0,125.0,97.2216189131326,8.631812367228221,76,128,96.0,91.0,103.0,IMG20200713144550.jpg,unripe
94.97718461591245,21.830941814516063,51,163,96.0,79.0,111.0,124.0689950938347,1.3713109545424214,121,130,124.0,123.0,125.0,95.69274710947954,8.36821967011808,76,128,95.0,90.0,100.0,IMG20200713144556.jpg,unripe
89.3862126640501,24.27978974534078,51,173,88.0,69.0,106.0,125.35495642753285,1.8762675619517164,121,141,125.0,124.0,126.0,98.37507483820693,8.793032680751455,68,128,98.0,93.0,103.0,IMG20200713144605.jpg,unripe
83.48635310885444,22.40766792419158,51,179,78.0,66.0,98.0,125.97868341350437,2.0878658823566787,120,138,126.0,125.0,127.0,100.12750757170853,8.910869127274164,79,128,101.0,94.0,106.0,IMG20200713144630.jpg,unripe
92.22545893719807,24.119161888423996,51,166,91.0,73.0,110.0,125.22924637681159,1.8195388044879934,120,139,125.0,124.0,126.0,96.12695652173913,9.85207979284001,78,128,95.0,87.0,102.0,IMG20200713144639.jpg,unripe
99.66955748928149,25.03455689394544,51,183,98.0,82.0,117.0,125.24616917172072,2.0592700656356246,122,140,125.0,124.0,126.0,93.96124735089313,10.965954947775334,73,128,91.0,85.0,102.0,IMG20200713144657.jpg,unripe
86.09064815375172,22.42932971945979,51,176,81.0,69.0,100.0,125.31574260592909,2.1447077772605536,119,138,125.0,124.0,126.0,99.20431929590981,9.189145100746286,79,128,100.0,93.0,105.0,IMG20200713144704.jpg,unripe
89.48001593654358,24.544392486871477,51,170,86.0,70.0,107.0,125.36747315235698,1.7114610762024645,120,139,125.0,124.0,126.0,97.80701389014651,10.179754010899313,78,127,97.0,89.0,105.0,IMG20200713144717.jpg,unripe
87.39686921011835,21.570162718847786,51,164,86.0,70.0,102.0,124.89051688282225,1.993030466471797,119,139,125.0,123.0,126.0,99.34616402616554,8.938986813252008,80,128,98.0,92.0,105.0,IMG20200713144725.jpg,unripe
89.37028506394971,21.613114064824593,51,166,88.0,73.0,103.0,126.88030204494544,1.833235852681434,120,140,127.0,126.0,128.0,98.90208830117783,8.970628058350282,80,129,99.0,92.0,104.0,IMG20200713144739.jpg,unripe
94.61136890951276,24.563145914922767,51,164,94.0,75.0,113.0,126.65122638382499,2.264465618973672,121,146,126.0,125.0,128.0,93.90801200603985,11.737793957222758,71,128,93.0,84.0,103.0,IMG20200713144806.jpg,unripe
92.82068718024219,23.475811008000505,51,162,92.0,75.0,110.0,126.49776399573042,2.0156196916731366,122,138,126.0,125.0,128.0,97.8467094850749,9.398127163922531,71,127,100.0,92.0,104.0,IMG20200713144816.jpg,unripe
96.11197836292457,24.3482005979245,51,173,94.0,78.0,112.0,123.50226604506099,2.186563882406312,117,137,123.0,122.0,125.0,94.08994330826334,10.711198052153184,72,130,95.0,85.0,101.0,IMG20200713144823.jpg,unripe
93.75558458523841,23.32554134023918,51,173,94.0,76.0,110.0,127.87641130913502,2.0360474230219627,123,144,128.0,127.0,129.0,91.9746104320239,11.268743694180772,71,127,90.0,83.0,100.0,IMG20200713144832.jpg,unripe
88.79312194540469,24.022326916573995,51,178,86.0,71.0,102.0,122.77018374401852,1.6988503708152727,117,137,123.0,122.0,124.0,99.18298622345588,9.405385216905392,75,130,99.0,93.0,106.0,IMG20200713144845.jpg,unripe
90.96733318285479,25.321325574541717,51,160,89.0,69.0,111.0,125.17013675386639,2.058598698139865,120,142,125.0,124.0,126.0,96.86353411841624,10.315944040697715,71,127,96.0,89.0,104.0,IMG20200713144855.jpg,unripe
89.85585963872285,23.143281956844934,51,167,88.0,72.0,105.0,124.78412290668379,2.037035654299945,120,144,124.0,124.0,126.0,95.03016680663275,10.999631542041172,72,127,95.0,87.0,103.0,IMG20200713144905.jpg,unripe
87.85822368421053,22.146334371278428,51,166,85.0,70.0,104.0,124.34289108187134,2.18195238331388,119,141,124.0,123.0,125.0,95.61231725146199,10.270674038987947,64,128,96.0,88.0,102.0,IMG20200713144909.jpg,unripe
89.05516888724752,21.713608562721213,51,154,89.0,72.0,105.0,126.36958230353305,2.3825151100125415,122,146,126.0,125.0,127.0,94.43746863251991,11.491728598442796,68,128,95.0,86.0,102.0,IMG20200713144918.jpg,unripe
93.64606215410814,22.44740761715334,51,168,94.0,76.0,110.0,125.40528830235088,2.284909856794695,121,148,125.0,124.0,127.0,92.65347902180596,11.0170554135933,73,128,91.0,84.0,100.0,IMG20200713144926.jpg,unripe
92.9477772024558,20.24624610514429,51,162,94.0,78.0,108.0,125.92716423798605,2.195184607689265,121,149,126.0,125.0,127.0,93.47544608000263,9.991306556106451,74,128,92.0,86.0,100.0,IMG20200713144933.jpg,unripe
91.77227022429153,23.684990771556638,51,168,90.0,72.0,111.0,125.75881273223798,1.6760151027358319,118,142,126.0,125.0,127.0,96.84263777588754,8.604067144541386,76,128,97.0,91.0,101.0,IMG20200713144941.jpg,unripe
92.37410848176731,22.917149636534333,51,165,93.0,74.0,108.0,127.23393438425808,2.0685621588099052,122,148,127.0,126.0,128.0,95.98056033063897,10.81640980339223,73,128,96.0,87.0,104.0,IMG20200713144956.jpg,unripe
98.88195620273169,24.45818518680892,51,168,100.0,80.0,116.0,127.91005380592242,2.939689797925608,121,146,127.0,126.0,129.0,93.48478947962523,11.154167697199023,67,128,92.0,85.0,102.0,IMG20200713145006.jpg,unripe
96.95448590247491,25.791820351135126,51,176,97.0,77.0,114.0,127.40617204185287,3.074130964447614,121,147,127.0,126.0,128.0,94.20101760620256,11.153072833103868,70,129,94.0,86.0,101.0,IMG20200713145011.jpg,unripe
90.0057447464646,23.503776506371466,51,160,88.0,71.0,107.0,127.5799462531389,2.236602539974775,122,143,127.0,126.0,128.0,97.82333142429182,9.19356470320228,75,128,99.0,91.0,103.0,IMG20200713145018.jpg,unripe
91.88523489932886,22.039123467140335,51,164,92.0,75.0,108.0,127.11684116331097,1.8558412648376643,122,147,127.0,126.0,128.0,96.53557941834453,10.340614322891504,72,128,97.0,88.0,104.0,IMG20200713145026.jpg,unripe
95.79364380931428,26.260937864169613,51,169,97.0,72.0,117.0,124.14492434773044,1.9673468624361137,119,142,124.0,123.0,125.0,97.67730031900957,10.591001988463358,69,127,97.0,90.0,104.0,IMG20200713145036.jpg,unripe
98.21645432098765,24.929261736698148,51,176,98.0,78.0,117.0,124.23247407407408,1.9949170600524575,120,131,124.0,123.0,125.0,95.71535802469135,8.959607915953733,71,127,95.0,89.0,102.0,IMG20200713145100.jpg,unripe
99.36888305055614,28.299674880419843,51,171,98.0,77.0,120.0,127.33316964176099,1.8994555471301473,122,147,127.0,126.0,128.0,91.11004984408378,12.120840235167408,67,127,91.0,81.0,100.0,IMG20200713145109.jpg,unripe
94.86255080190534,27.028318440547206,51,186,91.0,73.0,115.0,126.19714416815977,1.5113430513836277,122,143,126.0,125.0,127.0,94.32874841585456,11.77871425155814,68,128,95.0,84.0,103.0,IMG20200713145136.jpg,unripe
96.6011302575505,26.145607702476898,51,176,93.0,77.0,113.0,126.21488790068557,1.6407772665380205,122,144,126.0,125.0,127.0,93.0763201778766,11.452733452060484,68,128,93.0,84.0,100.0,IMG20200713145141.jpg,unripe
95.95456311381358,22.731054295647386,51,175,98.0,79.0,112.0,125.2923265962541,2.0109582539801734,120,148,125.0,124.0,126.0,95.48941552750698,10.173836150891846,75,128,94.0,88.0,101.0,IMG20200713145148.jpg,unripe
98.50766449680913,23.28316950097374,51,168,98.0,82.0,114.0,127.15937040655157,2.903596688061144,120,139,126.0,125.0,128.0,92.95581159671691,9.964128505889017,69,127,91.0,86.0,98.0,IMG20200713145208.jpg,unripe
92.26541546559719,23.295848505618793,51,168,90.0,74.0,109.0,126.43594644274555,4.027058082945263,120,151,125.0,124.0,127.0,97.71516898525296,8.898925607882054,76,127,98.0,91.0,103.0,IMG20200713145224.jpg,unripe
93.05998783315553,24.4133101904751,51,170,91.0,74.0,109.0,125.81726810258942,1.6639210721841167,120,142,126.0,125.0,127.0,92.99680840746586,12.192055839193944,66,127,93.0,83.0,103.0,IMG20200713145237.jpg,unripe
93.72447602941456,25.704018007798616,51,178,92.0,73.0,112.0,128.00565299181028,2.4663152155185624,122,143,128.0,126.0,129.0,92.3073327379482,13.083818823838795,59,128,91.0,81.0,102.0,IMG20200713145248.jpg,unripe
101.02726947196386,28.405818386533735,51,188,99.0,79.0,120.0,128.9501987825145,2.964847004486669,123,145,128.0,127.0,130.0,92.37570354319503,12.043664795000865,65,129,91.0,83.0,101.0,IMG20200713145253.jpg,unripe
92.08258737798569,22.911965741769972,51,159,90.0,73.0,111.0,125.13858126040215,1.4836044691580137,120,133,125.0,124.0,126.0,97.05181953128515,7.747399493180272,75,127,97.0,92.0,101.0,IMG20200713145258.jpg,unripe
86.06816972093377,20.511034187639584,51,152,85.0,70.0,100.0,124.87574138848757,1.7746455015746132,121,141,124.0,124.0,126.0,99.50215763059843,9.287572668154384,78,127,100.0,92.0,106.0,IMG20200713145308.jpg,unripe
88.84602898880884,22.245739034807713,51,172,88.0,71.0,105.0,124.04709969530427,1.791895164676884,119,144,124.0,123.0,125.0,98.69263699442816,9.334848355584745,78,128,98.0,91.0,105.0,IMG20200713145312.jpg,unripe
84.96845281638625,19.72255928971041,51,153,83.0,70.0,98.0,122.92968178493051,2.4251774136380067,117,144,123.0,121.0,124.0,101.19843635698611,6.277772772718924,84,128,101.0,97.0,104.0,IMG20200713145316.jpg,unripe
81.30926156241333,20.745234204695745,51,153,77.0,65.0,94.0,122.11988761933735,1.6144834970968578,118,135,122.0,121.0,123.0,103.02786253053335,7.9683724933806515,83,128,103.0,97.0,108.0,IMG20200713145330.jpg,unripe
98.52557893725377,22.166931215669376,51,159,100.0,83.0,116.0,129.53209378303066,2.6982591691870206,124,144,129.0,128.0,131.0,90.1544825598155,10.18285372961122,70,128,88.0,82.0,97.0,IMG20200713145338.jpg,unripe
100.03199213700037,25.418544232248873,51,173,100.0,81.0,118.0,128.66620326916606,2.3738654305098468,123,142,128.0,127.0,130.0,91.19702658189739,10.122428245904297,69,128,90.0,85.0,97.0,IMG20200713145343.jpg,unripe
91.18477505486467,23.099172195791322,51,165,90.0,73.0,106.0,126.40133504023409,3.1320799901627727,121,143,126.0,124.0,128.0,96.1129937820044,10.062132660529208,71,128,97.0,90.0,102.0,IMG20200713145350.jpg,unripe
91.93315477974228,24.270649320550362,51,173,90.0,74.0,107.0,126.40536971830986,3.482677606636174,121,142,125.0,124.0,128.0,95.39540567875338,11.298935368409197,68,128,95.0,87.0,102.0,IMG20200713145355.jpg,unripe
93.09380260845435,25.336756185834453,51,195,90.0,72.0,113.0,125.70092498381278,2.55038398900369,118,142,126.0,124.0,127.0,94.24330774211451,12.288968995744456,72,128,93.0,84.0,103.0,IMG20200713145423.jpg,unripe
84.97585942416615,21.194606227501108,51,156,82.0,68.0,100.0,123.98687264002517,2.4676666881639093,118,137,123.0,122.0,125.0,101.22767857142857,8.418479353582958,83,127,100.0,95.0,107.0,IMG20200713145428.jpg,unripe
89.37939248486585,22.78001495535218,51,162,87.0,71.0,105.0,130.91480101730127,3.362406311198142,122,142,131.0,128.0,133.0,94.95349607765877,10.565523769320238,73,128,93.0,87.0,101.0,IMG20200713145435.jpg,unripe
80.74240823597647,19.20015998308278,51,143,79.0,65.0,95.0,125.91116703952274,2.033002727006191,121,137,126.0,125.0,127.0,101.11360717540806,6.51275608533967,85,127,102.0,97.0,105.0,IMG20200713145443.jpg,unripe
101.83694951475172,28.049376259573872,51,200,101.0,81.0,121.0,115.98783126252859,3.616895561120796,107,136,116.0,114.0,118.0,96.09497443505444,12.058388557023768,67,130,96.0,87.0,104.0,IMG20200713145452.jpg,unripe
100.7750905991187,24.136268413585665,51,179,101.0,84.0,119.0,126.3453386869882,1.7102501058073658,121,143,126.0,125.0,127.0,93.50360999059073,10.528407898109524,70,128,92.0,86.0,100.0,IMG20200713145505.jpg,unripe
103.95416502097086,29.599960687591384,51,184,103.0,81.0,126.0,127.38617427448325,2.3736335005284745,122,144,127.0,126.0,129.0,92.40838646579773,11.886906975282232,68,128,92.0,82.0,101.0,IMG20200713145512.jpg,unripe
102.57761384619624,27.89962097181377,51,179,102.0,81.0,125.0,127.1408688782119,2.410699016739479,121,145,127.0,126.0,128.0,94.30444728211441,11.925384301814633,71,129,93.0,85.0,101.0,IMG20200713145518.jpg,unripe
99.11841983958698,23.72161536378809,51,166,101.0,81.0,117.0,124.70430533788144,1.738828980373068,120,144,124.0,124.0,126.0,94.24897206600903,10.574766518538107,73,127,94.0,86.0,101.0,IMG20200713145532.jpg,unripe
91.67842119241611,26.50370932644594,51,189,86.0,71.0,111.0,126.40698760291636,2.7326231376628094,121,146,126.0,125.0,128.0,94.25065755091201,11.390003410401548,68,128,96.0,85.0,102.0,IMG20200713145541.jpg,unripe
94.76644358057506,24.273474090450772,51,169,93.0,78.0,108.0,127.88803560142337,2.8507217128015663,122,141,127.0,126.0,129.0,93.5608263131921,10.8639010199538,68,128,94.0,85.0,100.0,IMG20200713145548.jpg,unripe
96.61630558722919,25.971675285358184,51,183,96.0,76.0,113.0,125.11355498209606,2.6927408509930117,121,146,124.0,123.0,126.0,96.31813999079797,10.837753444836606,72,127,95.0,89.0,103.0,IMG20200713145553.jpg,unripe
94.87851254461418,25.950408212242777,51,182,93.0,74.0,115.0,129.4028911045367,3.511559641607624,123,144,129.0,127.0,131.0,95.20997883787284,12.256313650874985,66,129,96.0,87.0,103.0,IMG20200713145601.jpg,unripe
93.68479647920581,24.649616422548476,51,172,91.0,75.0,110.0,125.83783648000964,2.775858994051648,120,147,125.0,124.0,128.0,97.1797473950745,9.788113976362718,71,129,97.0,91.0,103.0,IMG20200713145605.jpg,unripe
84.32577125930207,17.77749217366124,51,150,83.0,72.0,96.0,122.83209305686006,1.8851565358247666,118,141,123.0,122.0,124.0,103.24614241332687,7.057190411242377,88,128,102.0,98.0,108.0,IMG20200713145615.jpg,unripe
88.05345847974847,22.97380806092293,51,170,84.0,70.0,104.0,126.2545958942112,2.4131606706601043,121,145,126.0,125.0,128.0,99.82296097651192,9.062623295792244,73,127,100.0,95.0,105.0,IMG20200713145630.jpg,unripe
89.9271025461638,25.254432913419226,51,172,84.0,70.0,107.0,125.91953401598508,2.275447426892501,121,143,125.0,125.0,126.0,98.81024613623354,10.457340848098667,75,129,99.0,91.0,107.0,IMG20200713145642.jpg,unripe
89.83827171370119,24.84624552741599,51,171,87.0,69.0,108.0,124.83992599770946,1.7533511489083333,120,132,125.0,124.0,126.0,100.20505290772228,10.163343820226235,69,128,103.0,94.0,106.0,IMG20200713145648.jpg,unripe
99.6756273865191,25.095744489006663,51,217,100.0,81.0,118.0,129.15401343597492,2.121081387116978,123,148,129.0,128.0,130.0,90.04894533722664,12.204321922500714,65,128,88.0,80.0,98.0,IMG20200713145702.jpg,unripe
101.76679158258864,26.32310016512774,51,195,100.0,82.0,120.0,128.45307004900548,2.5246669964692074,123,149,128.0,127.0,129.0,90.6073123858941,11.108913814194588,66,128,90.0,82.0,98.0,IMG20200713145706.jpg,unripe
86.72062044875969,24.01416420703768,51,170,83.0,67.0,104.0,123.07483275116927,2.023036640396812,118,134,123.0,122.0,124.0,99.97555897618061,9.040032300783588,77,128,100.0,93.0,106.0,IMG20200713145721.jpg,unripe
86.68308874912648,23.93338410748026,51,178,82.0,69.0,101.0,126.73199560746731,2.6102048105886633,120,146,126.0,125.0,128.0,99.03780573025855,8.960593813273098,72,129,99.0,92.0,104.0,IMG20200713145729.jpg,unripe
89.68796251608751,26.850700649503565,51,177,85.0,69.0,104.0,127.89607464607465,3.18573828902586,122,145,128.0,126.0,129.0,97.83429858429858,11.215236239004971,61,128,100.0,92.0,105.0,IMG20200713145734.jpg,unripe
89.09842554228614,25.159952994086385,51,160,87.0,68.0,107.0,123.7244357786985,1.7187951890731235,118,129,123.0,123.0,125.0,96.69738240311968,9.985887896277383,70,127,97.0,89.0,103.0,IMG20200713145845.jpg,unripe
87.50381550655592,24.66620998691409,51,179,84.0,67.0,105.0,124.08825203423416,2.420862780554507,119,135,123.0,123.0,125.0,97.28734347991062,9.822899734047684,71,127,98.0,92.0,103.0,IMG20200713145901.jpg,unripe
81.35992974364476,24.65970660981079,51,177,74.0,62.0,95.0,126.76600879545211,3.306390150972703,121,143,126.0,125.0,128.0,102.15093049447603,12.626365441034839,69,128,107.0,95.0,110.0,IMG20200713145921.jpg,unripe
91.41355338771264,24.41720921904808,51,184,89.0,72.0,109.0,127.4301082089079,3.6524126609039116,121,152,127.0,125.0,128.0,95.06396123254132,10.769842866755996,72,127,94.0,87.0,102.0,IMG20200713145929.jpg,unripe
93.791542831726,24.819825135286393,51,176,91.0,75.0,110.0,124.66078324336345,2.8442148053305627,120,151,124.0,123.0,125.0,98.40269100907786,9.091220387973898,73,128,97.0,92.0,104.0,IMG20200713145941.jpg,unripe
91.39214286511026,23.885073251858053,51,172,89.0,73.0,108.0,123.72231207683127,2.736521439425279,118,149,123.0,122.0,124.0,99.74989682212134,9.105360408276638,77,128,99.0,93.0,106.0,IMG20200713145947.jpg,unripe
97.91232368485527,26.063238620040682,51,183,97.0,78.0,116.0,124.43153313966376,3.4516320751896146,118,151,124.0,123.0,125.0,96.60645409681145,10.669400865105539,72,129,96.0,89.0,103.0,IMG20200713145951.jpg,unripe
100.51766258841145,25.815745089282924,51,174,99.0,82.0,118.0,125.02107098528282,2.946893414156274,118,151,125.0,123.0,126.0,93.42293673778987,10.346299874622316,67,128,92.0,86.0,99.0,IMG20200713145957.jpg,unripe
91.63399209486165,22.826331139565095,51,159,90.0,74.0,107.0,129.58330365286886,2.3444028511533537,125,140,129.0,128.0,131.0,91.52977457325284,12.767830392099823,63,128,92.0,81.0,101.0,IMG20200713150008.jpg,unripe
93.08147649411858,22.580241124957244,51,163,91.0,76.0,109.0,128.74185908352806,2.3283114194811967,123,140,128.0,127.0,129.0,92.1585171689968,11.531952917520814,62,127,93.0,84.0,100.0,IMG20200713150018.jpg,unripe
95.89390820749303,26.960130402591943,51,173,95.0,74.0,115.0,129.02859857106102,3.718057164436027,122,150,128.0,127.0,130.0,90.32534090684189,14.939762267048843,57,128,90.0,79.0,100.0,IMG20200713150024.jpg,unripe
97.22285014360534,21.44180547553534,51,157,98.0,83.0,113.0,125.87127893225207,1.7896724346357233,121,133,126.0,125.0,127.0,92.41089711099848,9.2716712995371,71,127,90.0,86.0,98.0,IMG20200713150048.jpg,unripe
98.57397857346531,28.427556568291052,51,202,96.0,78.0,115.0,128.76209214224613,3.0194403385303517,122,148,128.0,127.0,130.0,89.65356633671432,12.450353272151665,62,128,90.0,80.0,99.0,IMG20200713150059.jpg,unripe
97.40642620603239,25.83837123965295,51,170,94.0,78.0,117.0,130.07816163966706,2.354595291520462,125,140,129.0,128.0,131.0,91.6075807750828,12.669931260307086,63,128,92.0,82.0,100.0,IMG20200713150105.jpg,unripe
90.66928726340694,23.113747457192595,51,175,90.0,72.0,107.0,124.46229298107255,1.8056735928570453,120,145,124.0,123.0,125.0,96.33025680205047,10.622847125695547,73,129,96.0,88.0,103.0,IMG20200713150120.jpg,unripe
91.50412810855305,22.765973358495295,51,173,91.0,75.0,106.0,123.79743583347883,1.887133412114825,120,145,123.0,123.0,124.0,97.57374473073757,10.933192655685891,77,129,97.0,89.0,105.0,IMG20200713150129.jpg,unripe
93.30395795368683,23.955013300589044,51,171,92.0,74.0,110.0,123.65070669807547,2.5893323541496676,118,138,123.0,122.0,125.0,98.17162985021557,9.534637814368418,76,130,96.0,91.0,105.0,IMG20200713150134.jpg,unripe
108.98006651934195,27.652299798233454,51,172,112.0,89.0,131.0,123.73038460679926,2.142441763095892,118,142,123.0,122.0,125.0,91.7730752918592,10.564633866139193,69,128,89.0,83.0,98.0,IMG20200713150138.jpg,unripe
98.8678551442961,24.71637035700747,51,174,99.0,81.0,116.0,122.75414273151902,1.6085066196614097,118,131,123.0,122.0,123.0,94.62399643685119,9.841304691769048,71,128,92.0,88.0,100.0,IMG20200713150142.jpg,unripe
90.413529452901,26.921011857832045,51,225,87.0,70.0,105.0,125.24985430895825,1.652342878751513,119,144,125.0,124.0,126.0,96.26275670761557,11.693632785659984,63,128,98.0,87.0,104.0,IMG20200713150150.jpg,unripe
106.91278659750192,25.91670452258951,51,197,107.0,89.0,124.0,127.26247864721277,3.284220136312747,122,146,127.0,125.0,128.0,87.17549248538607,11.798148909247931,51,127,86.0,80.0,95.0,IMG20200713150224.jpg,unripe
90.45358482547829,27.015516472509688,51,195,85.0,70.0,106.0,126.59325122790386,3.536778671449898,120,144,126.0,124.0,128.0,97.3087044286263,11.998732869428329,67,128,101.0,88.0,106.0,IMG20200713150231.jpg,unripe
102.16918987231446,32.03372026110132,51,190,101.0,74.0,126.0,129.787283740794,5.022368101616117,122,152,128.0,126.0,131.0,94.58129602998213,11.359290905647049,66,128,94.0,87.0,102.0,IMG20200713150242.jpg,unripe
100.35523649526317,28.29078622552913,51,194,99.0,77.0,121.0,130.0547723375881,4.783664483860766,122,148,128.0,127.0,132.0,95.76663953307123,10.558531159694509,71,128,97.0,87.0,103.0,IMG20200713150301.jpg,unripe
91.38296737040281,22.519598431408756,51,164,90.0,75.0,106.0,124.37669515841614,2.6982538803019027,119,148,123.0,123.0,126.0,98.79444662579158,9.874764351741982,74,128,97.0,91.0,106.0,IMG20200713150319.jpg,unripe
91.10470674574053,21.48282885281991,51,167,90.0,75.0,105.0,124.38287680742607,1.8988788460783483,119,133,124.0,123.0,126.0,98.30762441240059,8.175990793731842,76,127,98.0,94.0,103.0,IMG20200713150330.jpg,unripe
90.11776142202471,22.49825054249861,51,161,88.0,73.0,106.0,124.51857113862391,2.646812893644834,120,146,124.0,123.0,126.0,98.69512781344471,9.518575578196783,76,128,97.0,92.0,105.0,IMG20200713150335.jpg,unripe
102.34269551665648,24.124300941884517,51,178,102.0,86.0,119.0,128.44148922430495,2.405571308201685,122,143,128.0,127.0,130.0,90.09485022515736,10.366511328911391,64,128,88.0,82.0,97.0,IMG20200713150343.jpg,unripe
101.62630131170451,26.179856730310462,51,179,102.0,82.0,119.0,126.77157944082293,2.4894119253082345,122,147,126.0,125.0,128.0,90.91598192094393,10.961371419642225,62,128,90.0,83.0,99.0,IMG20200713150353.jpg,unripe
98.70300052762232,23.941084991688115,51,171,99.0,80.0,116.0,124.40800774999352,2.4577332590883003,119,134,124.0,123.0,126.0,94.53780284224092,8.016318043503274,74,127,94.0,89.0,98.0,IMG20200713150357.jpg,unripe
94.4827816858229,23.604395951525742,51,200,95.0,76.0,112.0,127.63966956890113,1.7970996397698562,123,144,127.0,127.0,128.0,92.15889454967058,11.382797513829834,72,128,91.0,82.0,100.0,IMG20200713150406.jpg,unripe
95.00395237865716,24.341322568395967,51,168,93.0,78.0,111.0,125.9324721646503,3.1059471459648993,122,146,125.0,124.0,127.0,96.11099195064347,10.775117415292044,69,128,96.0,88.0,103.0,IMG20200713150430.jpg,unripe
94.25748431754272,25.385093559517188,51,172,92.0,74.0,113.0,124.5209279688514,2.2003394434125374,118,143,124.0,123.0,126.0,95.93837335063812,9.90844790799259,73,129,96.0,87.0,102.0,IMG20200713150444.jpg,unripe
91.96929073050656,26.733016739626,51,170,90.0,69.0,111.0,128.90840311798635,3.7612324845958054,123,147,128.0,126.0,130.0,96.69135072519728,11.590339971188426,62,128,99.0,91.0,104.0,IMG20200713150450.jpg,unripe
83.7720268329797,23.372146436140447,51,168,79.0,66.0,96.0,124.04060309908056,2.1168099189645444,118,140,123.0,123.0,125.0,100.03862063053217,8.125467349602237,81,128,100.0,96.0,104.0,IMG20200713150506.jpg,unripe
89.41069910330677,22.2019119722072,51,161,88.0,73.0,104.0,125.37487671885096,2.3707092482715235,119,140,125.0,124.0,127.0,94.44928751998005,9.58881570347351,73,128,94.0,88.0,100.0,IMG20200713150510.jpg,unripe
96.49182901860296,26.717401453924115,51,168,94.0,76.0,116.0,126.84551129868989,2.4670135235741144,121,140,127.0,125.0,128.0,93.13083619097863,11.377061576616963,72,128,92.0,84.0,101.0,IMG20200713150521.jpg,unripe
91.66981733334774,22.0048304572843,51,164,91.0,75.0,107.0,124.74284078511013,1.8791380803250457,121,147,124.0,124.0,126.0,95.85596232162726,10.194671853844113,74,128,95.0,88.0,103.0,IMG20200713150538.jpg,unripe
87.98698392255804,19.743326778605535,51,155,89.0,72.0,103.0,125.15131585892388,1.5667204722016168,120,143,125.0,124.0,126.0,96.52873987902332,10.947064091484608,74,128,96.0,88.0,104.0,IMG20200713150542.jpg,unripe
89.31701047326962,22.93640157257205,51,158,87.0,71.0,106.0,126.84883114238811,2.1631783603012407,122,149,127.0,125.0,128.0,92.76869726778737,10.756746084750798,74,128,92.0,83.0,101.0,IMG20200714165830.jpg,unripe
90.04948654802286,23.98741576899601,51,182,87.0,71.0,106.0,121.57550764369685,2.299014503303315,117,137,121.0,120.0,123.0,105.7562032433437,8.095614061084046,85,130,105.0,100.0,111.0,IMG20200714170119.jpg,unripe
